# https://github.com/mikedh/trimesh
v 0.06790449 -1.05337501 0.00545137
v 0.07177619 -1.05214453 0.00390022
v 0.07239971 -1.05354059 0.00352364
v 0.06825501 -1.05452776 0.00483041
v 0.08195220 -1.05674922 0.01135077
v 0.08074613 -1.05918586 0.00717253
v 0.08012682 -1.06195700 0.00670598
v 0.08057238 -1.06241643 0.00943121
v 0.04824872 -1.02521706 0.07870755
v 0.03455927 -1.02603912 0.08542882
v 0.03429038 -1.01324642 0.08451471
v 0.04594737 -1.00921845 0.07701412
v 0.06036261 -0.97907144 0.05884239
v 0.05548250 -0.98936266 0.06306009
v 0.05602467 -0.97570872 0.06909619
v 0.06369223 -0.96944320 0.05788324
v 0.02629475 -1.09247136 -0.08604294
v 0.03430565 -1.09231961 -0.08154276
v 0.03298515 -1.08530664 -0.08373500
v -0.05242476 -1.05208373 0.03086535
v -0.05648692 -1.05080521 0.03074247
v -0.05707009 -1.05221534 0.03044678
v -0.05277195 -1.05339658 0.03045195
v -0.06303386 -1.05489552 0.04194954
v -0.06362450 -1.05752516 0.03772409
v -0.06316791 -1.06020176 0.03663276
v -0.06277955 -1.06063175 0.03963235
v 0.02553407 -1.08491516 -0.08700585
v 0.10064331 -1.08194721 0.01420122
v 0.10104539 -1.07947421 0.01577757
v 0.10090910 -1.07758403 0.01412921
v 0.10040815 -1.07978880 0.01292761
v 0.09771547 -1.06300259 0.01677712
v 0.09738473 -1.07073629 0.01699355
v 0.09856176 -1.07362747 0.01702122
v 0.09876730 -1.07126880 0.01650895
v 0.09782337 -1.05190575 0.01572938
v 0.09665972 -1.05246472 0.01528645
v 0.09825185 -1.05741572 0.01587391
v 0.09940809 -1.05725980 0.01664598
v 0.07917090 -1.02865124 0.00172604
v 0.08237571 -1.03092659 0.00228494
v 0.08290836 -1.02908707 0.00391372
v 0.07808489 -1.02740598 0.00358518
v 0.07509870 -1.02837420 0.00485847
v 0.08055013 -1.02864730 0.00765707
v 0.08016604 -1.03168869 0.00772391
v 0.07573590 -1.03086650 0.00570688
v 0.09216665 -1.08842421 -0.00022151
v 0.09264690 -1.08510828 -0.00008038
v 0.09064411 -1.08363557 -0.00191179
v 0.09003272 -1.08703160 -0.00241571
v 0.08189064 -1.05654025 0.01771770
v 0.08023748 -1.04976797 0.01737434
v 0.08700746 -1.05521083 0.01833606
v 0.08735763 -1.05812907 0.01806407
v 0.09276497 -1.07963073 0.00882555
v 0.09418982 -1.08129454 0.01190004
v 0.09500084 -1.07935834 0.01312421
v 0.09349478 -1.07719064 0.01106635
v 0.09731285 -1.08376217 0.01560574
v 0.09792042 -1.08097637 0.01730396
v 0.07722031 -1.03597784 -0.00099485
v 0.07591382 -1.03915048 -0.00230511
v 0.07672953 -1.04101706 -0.00169697
v 0.07756946 -1.04034901 -0.00037945
v 0.08003139 -1.05561185 0.00838707
v 0.08093421 -1.05945134 0.00570748
v 0.09332515 -1.04058301 0.01383316
v 0.09314336 -1.04231811 0.01238199
v 0.09565552 -1.04694641 0.01433834
v 0.09595918 -1.04576218 0.01594713
v 0.08972935 -1.04430389 0.01080984
v 0.09236668 -1.04757285 0.01324168
v 0.09369698 -1.04853845 0.01454145
v 0.09246875 -1.04602218 0.01316054
v 0.09513044 -1.08299148 0.00752333
v 0.09216774 -1.08401716 0.00300520
v 0.09305034 -1.08362305 0.00282647
v 0.09603144 -1.08243179 0.00738013
v 0.08888983 -1.07035542 0.01484928
v 0.08694734 -1.07498455 0.01249838
v 0.08606316 -1.07419074 0.01279274
v 0.08784924 -1.07014632 0.01504992
v 0.09704025 -1.08088636 0.01422109
v 0.09766325 -1.07847595 0.01560771
v 0.09581305 -1.07698357 0.01471109
v 0.08065180 -1.07433760 0.00081250
v 0.08142522 -1.07554615 0.00150082
v 0.08199964 -1.07404113 0.00215609
v 0.08160751 -1.07258046 0.00167694
v 0.08328769 -1.02844822 0.00729655
v 0.07777621 -1.03993058 0.01380020
v 0.08000739 -1.04103196 0.01460532
v 0.08323064 -1.04562128 0.01595794
v 0.08176203 -1.04661334 0.01644284
v 0.07433884 -1.02914929 0.00082130
v 0.07735062 -1.02961111 -0.00002088
v 0.07845733 -1.02882659 0.00092534
v 0.07548671 -1.02820957 0.00204245
v 0.08372411 -1.07918406 0.00035438
v 0.08650936 -1.07911313 0.00224625
v 0.08451642 -1.07792592 0.00216518
v 0.08263461 -1.07782006 0.00061716
v 0.09603281 -1.06838775 0.01586508
v 0.09428169 -1.07467544 0.01300528
v 0.09520913 -1.05799592 0.01249946
v 0.09568213 -1.05881310 0.01537725
v 0.09507200 -1.05451655 0.01488581
v -0.00650004 -1.02477884 0.08802635
v 0.00904342 -1.02617836 0.08919713
v 0.00911326 -1.01363146 0.08932400
v -0.00537891 -1.00905108 0.08536997
v 0.09462081 -1.05379152 0.01207752
v 0.09445898 -1.06597543 0.01085299
v 0.09520607 -1.06678367 0.01415755
v 0.09832777 -1.07655573 0.01358768
v 0.09898520 -1.07046711 0.01499735
v 0.09809310 -1.07722139 0.01445056
v 0.08404370 -1.07768917 0.01046021
v 0.08446003 -1.08142436 0.01383926
v 0.08440956 -1.07494044 0.01651438
v 0.08474818 -1.07535851 0.01206008
v 0.07716021 -1.04493856 -0.00248436
v 0.07883687 -1.04719973 -0.00201908
v 0.07826328 -1.04521990 0.00000136
v 0.07753657 -1.04305935 0.00035158
v 0.08375520 -1.04354084 0.01495475
v 0.08069332 -1.03998375 0.01387039
v 0.08107930 -1.03949165 0.01307302
v 0.08411145 -1.04163384 0.01382984
v 0.08932824 -1.08091855 0.00352167
v 0.08987097 -1.07593393 0.00530463
v 0.08790214 -1.07551420 0.00427546
v 0.08438291 -1.04380524 0.00368812
v 0.08549771 -1.04543555 0.00493193
v 0.08704703 -1.04293573 0.00703704
v 0.08613943 -1.04070246 0.00610149
v 0.08848527 -1.03300405 0.01057082
v 0.08638075 -1.03268373 0.01180867
v 0.08350862 -1.03026175 0.00965468
v 0.08590770 -1.03019750 0.00889083
v 0.07754110 -1.04192793 -0.00019988
v 0.07689960 -1.04241562 -0.00178324
v 0.09114503 -1.07115793 0.01614896
v 0.08930321 -1.07673705 0.01332983
v 0.09257844 -1.07499838 0.00939347
v 0.09329241 -1.07282162 0.01088736
v 0.08036673 -1.05840611 -0.00024765
v 0.07818940 -1.05918121 0.00119252
v 0.07822513 -1.05831325 0.00140323
v 0.08102392 -1.05674398 -0.00009990
v 0.08046596 -1.05807984 -0.00161540
v 0.08109009 -1.05641842 -0.00146946
v 0.08046732 -1.05599546 -0.00247388
v 0.08002637 -1.05688488 -0.00275062
v 0.07744578 -1.05959904 0.00169677
v 0.07770982 -1.05918217 0.00148409
v 0.07802437 -1.05981803 0.00155582
v 0.08370046 -1.06565583 0.01146541
v 0.08555909 -1.05813277 0.01408944
v 0.08361807 -1.05751443 0.01352221
v 0.08166103 -1.06392121 0.01085585
v 0.09669986 -1.06028867 0.01643278
v 0.08622821 -1.08240414 -0.00519459
v 0.08453495 -1.08457184 -0.00535244
v 0.08785045 -1.08892572 -0.00234675
v 0.08061957 -1.04652441 0.00834681
v 0.08255710 -1.04712415 0.00482579
v 0.08074778 -1.04645538 0.00359183
v 0.07983271 -1.04585755 0.00690506
v 0.07807609 -1.04973197 0.00178090
v 0.07622214 -1.04632211 0.00206971
v 0.08000540 -1.04794300 0.00043921
v 0.07960626 -1.06416380 -0.00300720
v 0.07919687 -1.06075263 0.00033869
v 0.07986318 -1.05938089 -0.00066078
v 0.07985351 -1.05953681 -0.00200401
v 0.09800166 -1.05134153 0.01731060
v 0.09957290 -1.05704594 0.01828635
v 0.09826073 -1.05708194 0.02016810
v 0.09666944 -1.05103457 0.01928473
v 0.07475416 -1.03217983 -0.00132374
v 0.07192127 -1.02995312 0.00257396
v 0.07407726 -1.03470337 -0.00231252
v 0.09829669 -1.08735991 0.00818163
v 0.09493670 -1.08945537 0.00885338
v 0.09597713 -1.08791554 0.01140887
v 0.09940280 -1.08592725 0.01057738
v 0.07839506 -1.06732213 0.00523002
v 0.07860412 -1.06505227 0.00516766
v 0.07851316 -1.06627059 0.00355973
v 0.07811019 -1.06830251 0.00344500
v 0.06819172 -1.03742528 0.05533322
v 0.07289606 -1.03413022 0.03598484
v 0.07715319 -1.05048180 0.04092491
v 0.07252543 -1.05328715 0.05705810
v 0.08946215 -1.03573167 0.00899495
v 0.08795487 -1.03317642 0.00734176
v 0.08018716 -1.07161021 -0.00584479
v 0.07914595 -1.07315230 -0.00761474
v 0.08022211 -1.07899380 -0.00754685
v 0.08112160 -1.07576489 -0.00701936
v 0.09916691 -1.07320571 0.01986713
v 0.10162534 -1.07223666 0.01784316
v 0.08292383 -1.07927251 -0.00113619
v 0.08672687 -1.08343995 0.00052807
v 0.08457596 -1.08072805 0.00047939
v 0.08261427 -1.07882333 -0.00067406
v 0.08272649 -1.07024252 -0.00075103
v 0.08320276 -1.07154953 -0.00149861
v 0.08134995 -1.07249784 -0.00124662
v 0.08051632 -1.07108188 -0.00059415
v 0.07818487 -1.07766926 -0.00950251
v 0.08017023 -1.08330584 -0.00747661
v 0.07546358 -1.03904986 0.01333376
v 0.08228327 -1.07108366 -0.00363178
v 0.08296529 -1.07361579 -0.00470021
v 0.08391142 -1.07317221 -0.00229070
v -0.02568154 -0.97875226 0.07189449
v -0.01987352 -0.98899579 0.07544468
v -0.01887775 -0.97562307 0.08045134
v -0.02860390 -0.96874803 0.07149225
v 0.07451867 -1.03953707 -0.00407651
v 0.07588113 -1.04171538 -0.00286508
v 0.08196004 -1.07786024 -0.00053641
v 0.08131309 -1.07660770 -0.00016240
v 0.08004530 -1.07261395 0.00041680
v 0.08106725 -1.07095337 0.00196758
v 0.08944841 -1.06613040 0.00837287
v 0.09212335 -1.05812848 0.01088512
v 0.07761885 -1.04899287 0.02650426
v 0.07161907 -1.03144956 0.01650606
v 0.08014763 -1.07292151 -0.00097738
v 0.08005114 -1.07337260 -0.00080883
v 0.07944720 -1.07244229 -0.00008690
v 0.07946143 -1.07181001 -0.00032236
v 0.08622882 -1.03109527 0.00590911
v 0.08700186 -1.07194495 0.00522073
v 0.08377562 -1.06971323 0.00451477
v 0.08405528 -1.07163382 0.00306849
v 0.09930576 -1.06215537 0.01555242
v 0.09996747 -1.07031178 0.01460712
v 0.10151857 -1.07103157 0.01583441
v 0.10074407 -1.06230152 0.01666265
v 0.07307640 -1.02916145 0.00357832
v 0.07894585 -1.06448317 0.00606848
v 0.08018768 -1.06263232 0.00544743
v 0.07893705 -1.06972814 0.00317220
v 0.07865109 -1.07090819 0.00113897
v 0.07595538 -1.04458833 -0.00406397
v 0.09539639 -1.08426464 0.01101824
v 0.09624779 -1.08272791 0.01262814
v 0.09374762 -1.08262527 0.01025406
v 0.09305400 -1.08345425 0.00852350
v 0.09147056 -1.08449447 0.00535790
v 0.09139536 -1.08583581 0.00470208
v 0.09415784 -1.08548284 0.00891744
v 0.08228845 -1.07022536 0.00318268
v 0.08281414 -1.07180786 0.00213858
v 0.08343341 -1.04238141 0.00296266
v 0.08473726 -1.03699541 0.00474032
v 0.09372422 -1.05066812 0.01361874
v 0.09301539 -1.05064797 0.01072378
v 0.09534580 -1.06294203 0.02018943
v 0.09469763 -1.07233894 0.01908207
v 0.09288234 -1.07155037 0.01742335
v 0.09393977 -1.06277633 0.01907808
v 0.08711884 -1.06406879 0.01723263
v 0.08374231 -1.06465805 0.01732507
v 0.07930961 -1.05787051 -0.00325803
v 0.07773499 -1.06131566 -0.00573506
v 0.07851870 -1.06902981 0.00347342
v 0.07842235 -1.07020700 0.00141793
v 0.08825758 -1.04663730 0.01620816
v 0.08314121 -1.03819740 0.01129476
v 0.08812152 -1.04425657 0.01486376
v 0.07849036 -1.03708303 0.01022507
v 0.07770377 -1.03565979 0.00834829
v 0.08077797 -1.03599572 0.00936142
v 0.08975508 -1.04593980 0.00950358
v 0.09188691 -1.04775238 0.01152556
v 0.07716163 -1.05946565 0.00233845
v 0.07598116 -1.05819225 0.00395133
v 0.07621241 -1.05912495 0.00211090
v 0.09279463 -1.06571889 0.00898692
v 0.09414469 -1.05796003 0.01089912
v 0.08277839 -1.07393670 -0.00165778
v 0.08171939 -1.06382990 0.00110078
v 0.08198039 -1.06702042 -0.00144091
v 0.08575203 -1.07727277 -0.00360772
v 0.08421510 -1.07583165 -0.00234575
v 0.08369334 -1.07486022 -0.00201590
v 0.08462453 -1.07515216 -0.00301187
v 0.07088549 -1.04967713 0.00522895
v 0.07394630 -1.04780126 0.00351973
v 0.07529668 -1.05090570 0.00246798
v 0.09015469 -1.08502972 0.00338156
v 0.09090609 -1.08331287 0.00478294
v 0.09104007 -1.07783222 0.01427295
v 0.08241236 -1.07607317 0.00224310
v 0.08317451 -1.07476091 0.00323591
v 0.08444028 -1.08876061 0.00670988
v 0.08347698 -1.08625507 0.00373320
v 0.08330573 -1.08636558 0.00239956
v 0.08363910 -1.09033442 0.00184192
v 0.07637151 -1.03243518 0.00615504
v 0.07978835 -1.03339481 0.00807373
v 0.07959335 -1.03459704 0.00827993
v 0.07701964 -1.03403831 0.00684059
v 0.08000471 -1.04590583 0.00322571
v 0.07939139 -1.04546523 0.00611586
v 0.09533889 -1.05247545 0.01578370
v 0.09443380 -1.05144048 0.01510045
v 0.09582538 -1.05578303 0.01607575
v 0.09681512 -1.05726326 0.01650430
v 0.07987525 -1.06888461 0.00716399
v 0.07915836 -1.06756592 0.00721812
v 0.08449557 -1.08094049 0.00587130
v 0.08687188 -1.08356905 0.00614280
v 0.08504525 -1.08563483 0.00247914
v 0.08341871 -1.08352113 0.00300583
v 0.09282117 -1.07914853 0.01583922
v 0.08333488 -1.07325137 0.00304331
v 0.08422248 -1.07367778 0.00386292
v 0.08270928 -1.07354784 0.00263218
v 0.07998362 -1.07017779 -0.00003716
v 0.08223668 -1.06911254 0.00012454
v 0.08523352 -1.07787502 -0.00217514
v 0.08927050 -1.08205736 -0.00038996
v 0.08841276 -1.08213151 -0.00009055
v 0.08467724 -1.07863545 -0.00195373
v 0.08056305 -1.07503521 -0.00043396
v 0.03704676 -1.04056203 0.08875783
v 0.03964941 -1.05312371 0.09281662
v -0.04991190 -1.09113050 -0.07054906
v -0.05616198 -1.09081864 -0.06326219
v -0.05519771 -1.08400571 -0.06581985
v -0.04921207 -1.08380795 -0.07186222
v 0.08258618 -1.08449197 -0.00495292
v 0.08405169 -1.08704686 -0.00158394
v 0.08504534 -1.08806229 -0.00169058
v 0.08322863 -1.08555460 -0.00434315
v 0.09280881 -1.08211994 0.00828202
v 0.09759938 -1.07960653 0.01320633
v 0.08118844 -1.06074059 0.00399039
v 0.07817709 -1.05777359 0.00501261
v 0.06825076 -1.05614531 0.00604896
v 0.06853196 -1.05735683 0.00574496
v 0.06931157 -1.05725586 0.00690544
v 0.06906371 -1.05600119 0.00744794
v 0.07220301 -1.05147266 0.00800717
v 0.07476975 -1.05022132 0.00642552
v 0.07381468 -1.04801166 0.00580345
v 0.07147343 -1.04924393 0.00812326
v 0.06794892 -1.05313683 0.00720182
v 0.06808744 -1.05467296 0.00652530
v 0.06904328 -1.05436742 0.00801994
v 0.06910909 -1.05266798 0.00891910
v 0.08909340 -1.08447242 0.00148642
v 0.09121639 -1.08486581 0.00282186
v 0.09869681 -1.07856560 0.01208580
v 0.09917803 -1.07646966 0.01305103
v 0.09625512 -1.08291745 0.00989889
v 0.09694722 -1.08143187 0.01153676
v 0.07899714 -1.04984367 -0.00270201
v 0.08046533 -1.05030334 -0.00127910
v 0.08012508 -1.04868591 -0.00087532
v 0.09966922 -1.08161020 0.01140912
v 0.10005325 -1.08398795 0.01247212
v 0.07763693 -1.03286624 -0.00078484
v 0.07632086 -1.03138244 -0.00092214
v 0.05127096 -0.95430213 0.00204277
v 0.06194805 -0.96138316 0.01074468
v 0.06199008 -0.94998300 0.01255945
v 0.05174484 -0.94312400 0.00431318
v 0.08486439 -1.07953691 -0.00559416
v 0.08331348 -1.08202982 -0.00610677
v 0.06792039 -1.05138063 0.00655261
v 0.06809425 -1.05084562 0.00825971
v 0.07070085 -1.04897332 0.00694709
v 0.07269385 -1.05507779 0.00325009
v 0.06869218 -1.05592906 0.00462129
v 0.07232980 -1.05310273 0.00749800
v 0.07271861 -1.05804062 0.00547037
v 0.07281828 -1.05890596 0.00392426
v 0.07589152 -1.04423821 0.00400419
v 0.07779969 -1.04422450 0.00567844
v 0.07859462 -1.04366565 0.00236096
v 0.06917281 -1.05065382 0.00935672
v 0.07926705 -1.06946874 0.00490721
v 0.07530543 -1.05389643 0.00614658
v 0.07867093 -1.05190277 0.00764271
v 0.07825822 -1.04960942 0.00744821
v 0.07516400 -1.05191207 0.00642911
v 0.08787515 -1.04284239 0.00865897
v 0.08806122 -1.04455996 0.00806685
v 0.08164136 -1.04774189 0.00972046
v 0.08444716 -1.04762304 0.00709685
v 0.08053587 -1.06399167 0.00413158
v 0.08146140 -1.06679893 0.00184257
v 0.07765362 -1.05961490 0.00233971
v 0.07557894 -1.05602276 0.00533731
v 0.07853749 -1.05419135 0.00690582
v 0.07289454 -1.05651140 0.00323652
v 0.07644948 -1.05638695 0.00186925
v 0.07620557 -1.05757272 0.00187821
v 0.07287874 -1.05761158 0.00328716
v 0.08598421 -1.07519674 0.00383554
v 0.08217713 -1.07934093 -0.00689209
v 0.08391219 -1.07655311 -0.00558092
v 0.08756218 -1.09541583 0.01729984
v 0.08665031 -1.08794487 0.02367368
v 0.08490302 -1.08647215 0.01114342
v 0.07232793 -1.05492079 0.00691438
v 0.06906084 -1.05828619 0.00523546
v 0.06949249 -1.05763197 0.00442113
v 0.09472457 -1.04808557 0.01402918
v 0.07923505 -1.04330444 0.00196265
v 0.07895922 -1.06842530 0.00123476
v 0.09478430 -1.05726576 0.02003676
v 0.09342578 -1.05164576 0.01934396
v 0.07831042 -1.06976604 0.00147288
v 0.07886413 -1.07074308 0.00054911
v 0.07878585 -1.04473770 0.00602343
v 0.07942803 -1.04482579 0.00269085
v 0.07903311 -1.07111800 0.00022395
v 0.08057828 -1.04998386 0.00021084
v 0.09217945 -1.07633340 0.00796539
v 0.08482879 -1.03520203 0.01189475
v 0.08239673 -1.03325891 0.00970003
v 0.06909915 -1.05694318 0.00438069
v 0.07299913 -1.04799139 0.00528259
v 0.07259782 -1.05661333 0.00627241
v 0.07904755 -1.05396938 0.00136094
v 0.07857038 -1.05181575 0.00134523
v 0.08084528 -1.05217814 -0.00009358
v 0.08609287 -1.04855335 0.00833801
v 0.08272324 -1.04988956 0.01149477
v 0.08410537 -1.05142438 0.01304080
v 0.08810799 -1.04977500 0.00952481
v 0.09181082 -1.04641938 0.01813234
v 0.08977717 -1.04147816 0.01599605
v 0.09212774 -1.03974223 0.01594385
v 0.09473591 -1.04506040 0.01800489
v 0.08974315 -1.11227417 0.02220555
v 0.08665052 -1.09975433 0.00954431
v 0.08760665 -1.11659217 0.01004806
v 0.09052075 -1.08616161 0.01007990
v 0.09126574 -1.08413231 0.01204266
v 0.09668864 -1.08601964 0.01380417
v 0.08197539 -1.08749580 -0.00323006
v 0.08309834 -1.08601201 0.00071634
v 0.08325535 -1.08645821 -0.00157722
v 0.09894400 -1.06310666 0.02050748
v 0.07966626 -1.06796873 -0.00459836
v 0.08199195 -1.06895065 -0.00270072
v 0.08736651 -1.04785538 0.01700083
v 0.08817703 -1.04779494 0.00758865
v 0.09071525 -1.04880261 0.00897909
v 0.09460197 -1.08567595 0.00226722
v 0.09125173 -1.08322310 0.00086603
v 0.01700841 -0.94008303 -0.01927255
v 0.01730373 -0.93181908 -0.01414678
v -0.00501986 -1.03132427 -0.08778507
v -0.00333787 -1.03149390 -0.08663551
v -0.00446531 -1.03358340 -0.08578160
v -0.00523172 -1.03342903 -0.08634897
v -0.00370834 -1.02267861 -0.08467698
v -0.00427594 -1.02447152 -0.08377361
v -0.00318709 -1.02441895 -0.08293125
v -0.00242738 -1.02289534 -0.08395948
v -0.00740930 -1.03324080 -0.08501206
v -0.00921002 -1.03004599 -0.08675776
v -0.00793952 -1.03067791 -0.08858187
v -0.00650600 -1.03359938 -0.08602849
v 0.09454775 -1.08891094 0.00241516
v -0.00055123 -1.02257442 -0.08485321
v -0.00139562 -1.02460670 -0.08395249
v -0.00114747 -1.02463007 -0.08592881
v 0.00030578 -1.02312934 -0.08684522
v -0.00889584 -1.02162075 -0.09184179
v -0.00807969 -1.02367818 -0.09260119
v -0.00863604 -1.02330041 -0.08995369
v -0.00832512 -1.02144325 -0.08923251
v -0.00634709 -1.02426827 -0.09236238
v -0.00486032 -1.02355742 -0.09430780
v -0.00299508 -1.02388477 -0.09288018
v -0.00478139 -1.02443302 -0.09104279
v -0.00832558 -1.02660644 -0.08556284
v -0.00703808 -1.02441621 -0.08676864
v -0.00974207 -1.02595782 -0.08892906
v -0.00066449 -1.02734911 -0.08472785
v -0.00160285 -1.02665329 -0.08287789
v -0.00280748 -1.03046381 -0.08295362
v -0.00179201 -1.03107166 -0.08419470
v 0.05300716 -0.97206175 -0.00173486
v 0.06289034 -0.97640538 0.00968873
v 0.02467992 -1.04999316 -0.07369190
v 0.02384218 -1.04691064 -0.07398049
v 0.01958222 -1.04782784 -0.07410746
v 0.02061011 -1.05056322 -0.07386867
v 0.08118469 -1.05429435 -0.00146321
v 0.08033154 -1.05493546 -0.00263701
v 0.09176420 -1.08183086 0.01421276
v 0.09494708 -1.08396113 0.00775158
v 0.08984379 -1.08750427 0.00776044
v 0.08757339 -1.08857548 0.00291220
v 0.08615089 -1.08699584 0.00276048
v 0.08807740 -1.08543074 0.00685422
v 0.09793995 -1.08429456 0.00762741
v 0.08033030 -1.04209256 0.00169095
v 0.08973487 -1.07158267 0.00639524
v 0.08628698 -1.08859062 0.00053497
v 0.08967926 -1.09023547 0.00015378
v 0.09825934 -1.06226742 0.01575914
v 0.09879522 -1.08324158 0.00968470
v 0.09699824 -1.08162141 0.00922231
v 0.08690675 -1.07969987 -0.00374901
v 0.08545651 -1.05463910 0.01441627
v 0.09146684 -1.05437350 0.01096927
v 0.09012542 -1.05142605 0.01053150
v -0.07932244 -1.07883930 0.05165068
v -0.07925400 -1.07633328 0.05325361
v -0.07984339 -1.07448137 0.05172205
v -0.07992033 -1.07670271 0.05033094
v -0.07549316 -1.06023264 0.05267306
v -0.07544177 -1.06799710 0.05294577
v -0.07637174 -1.07081175 0.05341834
v -0.07682742 -1.06839836 0.05298918
v 0.08495651 -1.05251420 0.01389603
v 0.07887306 -1.06621802 0.00690803
v 0.07492211 -1.04479361 -0.00630679
v 0.08722210 -1.03803170 0.00722719
v -0.07548432 -1.04908562 0.05139278
v -0.07467715 -1.04969966 0.05054831
v -0.07596648 -1.05457973 0.05179564
v -0.07681901 -1.05433822 0.05292683
v 0.08862330 -1.03957510 0.00893295
v 0.05160111 -1.04010952 0.08035234
v 0.05577271 -1.05324137 0.08331889
v 0.10082190 -1.06271207 0.01865251
v 0.08911663 -1.08433199 0.00244053
v 0.08227278 -1.04213560 0.00254574
v 0.08182034 -1.03667736 0.00295046
v 0.08003830 -1.03654385 0.00158600
v 0.08379564 -1.07406712 0.00362425
v 0.08661469 -1.04886806 0.01714302
v 0.08670861 -1.05127060 0.01788941
v 0.06952861 -1.05788136 0.00629126
v 0.08875536 -1.04291964 0.01518665
v 0.08414537 -1.03667903 0.01155913
v 0.06931452 -0.98138559 0.02110340
v 0.06860048 -0.98577040 0.03504186
v -0.06315864 -1.02632499 0.03007580
v -0.06611249 -1.02851832 0.03196144
v -0.06592491 -1.02648008 0.03360335
v -0.06136326 -1.02482581 0.03143837
v 0.06980704 -0.97261196 0.03491379
v 0.06893201 -0.96756250 0.02193227
v 0.07596014 -1.05874634 -0.00835337
v 0.07756136 -1.05222416 -0.00471597
v 0.07645314 -1.05072498 -0.00610335
v 0.02946230 -0.95063996 -0.01727786
v 0.02808054 -0.93701535 -0.01153591
v 0.07388648 -1.04451942 -0.01008864
v 0.07176854 -1.04174757 -0.02010769
v 0.07264352 -1.05727494 -0.02368597
v 0.07420561 -1.05414009 -0.01270011
v 0.05189089 -1.08072817 -0.06280854
v 0.05417032 -1.08229172 -0.05868687
v 0.05526391 -1.07298958 -0.05684225
v 0.05270860 -1.07329571 -0.06061816
v 0.00675627 -1.13395226 -0.08251107
v -0.00401076 -1.13393855 -0.08300151
v -0.00301486 -1.14297199 -0.07930037
v 0.00797288 -1.14235997 -0.07782628
v 0.05787734 -1.06241953 0.08562069
v 0.06009372 -1.07412148 0.08810799
v 0.04294280 -1.07219243 0.09969922
v 0.04055489 -1.06125474 0.09525242
v 0.01118505 -1.16377211 -0.05838812
v 0.00018609 -1.16494274 -0.05949770
v 0.00193839 -1.17175841 -0.05050686
v -0.05812955 -1.02621830 0.03136996
v -0.06190979 -1.02637231 0.03609362
v -0.06149653 -1.02940202 0.03622227
v -0.05862464 -1.02881646 0.03245956
v 0.01310324 -1.17008889 -0.04966161
v 0.04448834 -1.04992890 -0.06767298
v 0.04684662 -1.04371548 -0.06667658
v 0.04230896 -1.04230356 -0.06934562
v 0.04068343 -1.04870176 -0.06972423
v 0.08106076 -1.03192902 0.00141189
v 0.07973024 -1.03234124 0.00048627
v -0.07779323 -1.08599102 0.03469776
v -0.07798268 -1.08274484 0.03495232
v -0.07660721 -1.08151615 0.03243362
v -0.07633100 -1.08483040 0.03177186
v -0.06065076 -1.05401802 0.04706753
v -0.05949841 -1.04714251 0.04601766
v -0.06483431 -1.05240011 0.04963313
v -0.06518404 -1.05533624 0.04959229
v 0.00419211 -1.17825198 -0.03988964
v 0.01552877 -1.17637610 -0.03957991
v 0.00117330 -1.05511451 -0.07840898
v -0.07434094 -1.07714176 0.04363632
v -0.07451570 -1.07868552 0.04692808
v -0.07469607 -1.07674313 0.04854136
v -0.07421034 -1.07461846 0.04610542
v -0.07556663 -1.08077562 0.05160163
v -0.07548490 -1.07800186 0.05339124
v -0.06280426 -1.03393495 0.02662894
v -0.06254791 -1.03710103 0.02497038
v -0.06324256 -1.03895426 0.02602562
v -0.06330740 -1.03826737 0.02753626
v -0.06219745 -1.05402541 0.03858082
v -0.06410763 -1.05776155 0.03609255
v -0.07223977 -1.03780270 0.04746128
v -0.07255442 -1.03958142 0.04620178
v -0.07393675 -1.04419076 0.04922091
v -0.07373191 -1.04299140 0.05057351
v 0.00203514 -1.05758727 -0.07611424
v 0.00609106 -1.05470836 -0.07473830
v 0.00526878 -1.05223286 -0.07645028
v -0.00657160 -1.10372996 -0.08838403
v -0.00549574 -1.11212921 -0.08719330
v 0.00359015 -1.11259556 -0.08738518
v 0.00196137 -1.10430264 -0.08878992
v 0.01071242 -1.05254436 -0.07381582
v 0.00958477 -1.05019832 -0.07476752
v -0.00226204 -1.15108740 -0.07354888
v 0.00888471 -1.15011895 -0.07191223
v 0.02416813 -1.19239295 0.00713235
v -0.07014711 -1.04178190 0.04364053
v -0.07184893 -1.04494429 0.04703856
v -0.07240407 -1.04594362 0.04874221
v -0.07184206 -1.04341412 0.04690761
v 0.02304609 -1.19125009 -0.00116615
v 0.01172486 -1.19386339 0.00101706
v -0.07729337 -1.08030725 0.04305973
v -0.07636726 -1.08149171 0.03772400
v -0.07725833 -1.08110428 0.03781108
v -0.07816991 -1.07973266 0.04321756
v 0.01522662 -1.19556558 0.01301555
v 0.08230235 -1.07123590 0.04436728
v 0.08272952 -1.06752193 0.02886245
v 0.08533198 -1.07935381 0.02790874
v 0.08663097 -1.08856893 0.04274049
v 0.03975750 -0.95830929 -0.00997887
v 0.03912241 -0.94502223 -0.00507918
v -0.06754005 -1.06746531 0.04721351
v -0.06662810 -1.07228303 0.04421525
v -0.06594411 -1.07138193 0.04392312
v -0.06685517 -1.06720626 0.04676623
v -0.07623208 -1.07819664 0.05030496
v -0.07619500 -1.07573438 0.05185304
v -0.07483439 -1.07431734 0.05031119
v -0.06641994 -1.07232344 0.03129563
v -0.06723148 -1.07333326 0.03228012
v -0.06747356 -1.07194483 0.03306749
v -0.06704980 -1.07056260 0.03231603
v -0.06493877 -1.02589405 0.03681877
v -0.05767398 -1.03747761 0.04136436
v -0.05927598 -1.03838921 0.04318850
v -0.06191648 -1.04294896 0.04577114
v -0.06050185 -1.04395866 0.04575744
v 0.04300926 -1.10095680 -0.07285915
v 0.04575367 -1.10735023 -0.06979164
v 0.04979527 -1.10082734 -0.06563582
v 0.04685115 -1.09539032 -0.06915286
v -0.00800058 -1.09032106 -0.08965842
v -0.00067448 -1.09050930 -0.09077683
v -0.00227148 -1.08409047 -0.08981030
v -0.00836766 -1.08390737 -0.08900584
v -0.05894302 -1.02738404 0.02707599
v -0.06214185 -1.02769208 0.02773559
v -0.06275529 -1.02675760 0.02909640
v -0.05945460 -1.02620125 0.02886088
v 0.05273775 -1.06607521 -0.05967947
v 0.05577034 -1.06390810 -0.05670343
v 0.05437039 -1.05464458 -0.05944121
v 0.05108406 -1.05829012 -0.06160438
v 0.04749506 -1.05198729 -0.06551938
v -0.06991116 -1.07675219 0.03226477
v -0.07150931 -1.07674432 0.03494169
v -0.06967352 -1.07563627 0.03414565
v -0.06877625 -1.07545483 0.03207031
v 0.05026144 -1.04622757 -0.06420941
v -0.07474639 -1.06573319 0.05146288
v -0.07415329 -1.07208085 0.04820419
v 0.00501925 -1.12301421 -0.08562803
v -0.00488314 -1.12277174 -0.08563896
v 0.05258042 -1.09206402 -0.06161670
v 0.04989023 -1.08829999 -0.06573848
v -0.00226296 -1.05762756 -0.08125448
v -0.00095820 -1.05986786 -0.07809246
v -0.00415349 -1.06368697 -0.08129720
v -0.07500498 -1.05544448 0.04769034
v -0.07441151 -1.05623579 0.05059577
v -0.07390778 -1.05192733 0.04988675
v -0.07452519 -1.05123198 0.04703483
v -0.00874674 -1.06213260 -0.08644434
v -0.00881037 -1.06630349 -0.08593407
v -0.00506779 -1.06698310 -0.08272852
v 0.02091467 -1.10573161 -0.08548389
v 0.02284963 -1.11359513 -0.08346007
v 0.03151124 -1.11357272 -0.07928917
v 0.02940912 -1.10614240 -0.08156346
v 0.00993328 -1.15724576 -0.06554748
v -0.07532262 -1.06344950 0.04624695
v -0.07486336 -1.06417370 0.04958188
v -0.00114451 -1.15803397 -0.06678307
v -0.00874178 -1.07564235 -0.08704587
v -0.00428747 -1.07613182 -0.08612929
v -0.00484852 -1.07283401 -0.08418058
v -0.07758880 -1.07362437 0.05014049
v -0.07767230 -1.06751418 0.05168865
v -0.07700510 -1.07436287 0.05089534
v -0.06489483 -1.07502031 0.04085300
v -0.06427403 -1.07878065 0.04409377
v -0.06308207 -1.07231319 0.04686537
v -0.06492214 -1.07268882 0.04272410
v -0.00858374 -1.07239842 -0.08611115
v 0.01462138 -1.04880762 -0.07430836
v 0.01564192 -1.05129492 -0.07386746
v 0.07243522 -1.03117967 0.00604050
v 0.07412390 -1.03100216 0.00555980
v 0.07538734 -1.07552719 -0.01506661
v 0.07438401 -1.06460238 -0.01437464
v 0.07233816 -1.07045400 -0.02589759
v 0.07272248 -1.08356249 -0.02659726
v 0.07475831 -1.09616375 -0.02543236
v 0.07667557 -1.10662043 -0.02163399
v 0.07989009 -1.09243870 -0.01210476
v 0.07782090 -1.08502698 -0.01491717
v 0.06597345 -0.97668183 0.04716236
v 0.06269906 -0.98898768 0.04890347
v -0.00916967 -1.05847263 -0.08842298
v -0.00958718 -1.05508733 -0.09029783
v 0.04444535 -1.11628246 0.10129025
v -0.06408571 -1.04288816 0.02608810
v -0.06514667 -1.04535031 0.02735372
v -0.06386175 -1.04339886 0.02884354
v -0.06340867 -1.04102731 0.02848434
v 0.04502500 -1.10228360 0.10363820
v 0.06380979 -1.10541713 0.09057520
v 0.06219596 -1.11781120 0.08867753
v 0.07887561 -1.05994129 0.04255308
v -0.06272232 -1.04078817 0.04501200
v -0.06016065 -1.03728390 0.04264341
v -0.06079604 -1.03682470 0.04196880
v -0.06334281 -1.03898954 0.04377669
v 0.08004878 -1.05771697 0.02805093
v -0.00273852 -1.02792454 -0.08790570
v -0.00524429 -1.03348732 -0.08372086
v -0.00475307 -1.03012216 -0.08247644
v -0.00541545 -1.03272438 -0.08335725
v -0.00306672 -1.02446318 -0.08897096
v -0.00092821 -1.02383935 -0.09055859
v -0.00377081 -1.02635813 -0.08197514
v -0.00474723 -1.02641904 -0.08242583
v -0.00557680 -1.03032553 -0.08269390
v -0.00427160 -1.03375781 -0.08461134
v -0.01175765 -1.01947033 -0.09317770
v -0.01187545 -1.02037406 -0.09638062
v -0.00812965 -1.02190912 -0.09627642
v -0.00906308 -1.02087045 -0.09371644
v -0.00757518 -1.03251982 -0.08443218
v -0.00848830 -1.03008699 -0.08459978
v -0.00882104 -1.02648640 -0.09133982
v -0.00653988 -1.03102052 -0.08852367
v -0.00586422 -1.03358376 -0.08632425
v -0.00696222 -1.02726972 -0.09100789
v -0.00664777 -1.02199173 -0.08699453
v -0.00500969 -1.02771556 -0.08976255
v -0.07341278 -1.07842052 0.03731557
v -0.07310026 -1.07355118 0.03910483
v -0.07178935 -1.07318509 0.03733852
v -0.06829590 -1.04143190 0.03484566
v -0.06872784 -1.04299808 0.03661657
v -0.06905068 -1.04055011 0.03907868
v -0.06858476 -1.03832257 0.03767104
v 0.08646929 -1.04668903 0.00630369
v 0.06211476 -0.99237090 0.00150334
v 0.06705081 -1.00949645 0.00504060
v 0.06750354 -1.00974739 0.01099426
v -0.06893303 -1.03048527 0.04224123
v -0.06607053 -1.03044260 0.04238779
v -0.06407225 -1.02787292 0.03939847
v -0.06694593 -1.02768302 0.03963867
v -0.06367406 -1.03985429 0.02789037
v -0.06352939 -1.04035175 0.02613321
v -0.06915651 -1.06824160 0.04937598
v -0.06883332 -1.07396698 0.04586270
v 0.06495328 -0.99271065 0.01047930
v 0.08656244 -1.07368672 0.00452013
v 0.06129536 -1.11125898 -0.05100080
v 0.06351146 -1.12534356 -0.04302935
v 0.07194351 -1.11636376 -0.03153133
v -0.07400580 -1.07254088 0.04406049
v -0.07427147 -1.07028949 0.04592903
v 0.07070467 -1.10410714 -0.03522440
v 0.06528704 -1.13645303 -0.03726371
v 0.07325004 -1.12860823 -0.02641197
v 0.07919195 -1.11867702 -0.01573481
v 0.08405618 -1.10130990 0.00107014
v 0.03313214 -1.06442618 -0.07313810
v 0.03337617 -1.06419313 -0.07335054
v 0.03162012 -1.06356823 -0.07424340
v -0.06592295 -1.05675125 0.02984396
v -0.06338149 -1.05760157 0.03042572
v -0.06330854 -1.05675697 0.03061606
v -0.06637572 -1.05507851 0.03017973
v 0.03164621 -1.06377172 -0.07409319
v 0.03279924 -1.06462860 -0.07243211
v 0.03128373 -1.06388116 -0.07316470
v -0.06646556 -1.05638123 0.02850686
v -0.06685942 -1.05471635 0.02884150
v -0.06662741 -1.05428958 0.02765222
v -0.06635356 -1.05516505 0.02724413
v 0.03380815 -1.06526673 -0.07177462
v 0.03424802 -1.06499720 -0.07235420
v 0.03448566 -1.06471157 -0.07251126
v 0.01541910 -1.06403911 -0.07289413
v 0.01622104 -1.06452191 -0.07240844
v 0.01882103 -1.06366074 -0.07309402
v 0.01795100 -1.06336212 -0.07402936
v 0.01510249 -1.06366122 -0.07320955
v 0.01780279 -1.06296396 -0.07435302
v -0.06254530 -1.05797601 0.03071067
v -0.06283820 -1.05761182 0.03055181
v -0.06313683 -1.05821586 0.03077045
v -0.06477004 -1.06358957 0.04236966
v -0.06577156 -1.05595720 0.04568094
v -0.06433932 -1.05548358 0.04442323
v -0.06341225 -1.06200588 0.04111517
v 0.02029027 -1.06745648 -0.06796023
v 0.01981142 -1.06773639 -0.06782578
v -0.07481910 -1.05760288 0.05205216
v 0.02107131 -1.06712937 -0.06818576
v 0.01397534 -1.06638384 -0.07073273
v 0.01391391 -1.06727314 -0.07103814
v -0.07408509 -1.08012438 0.02768978
v -0.07269008 -1.08226168 0.02681200
v -0.07468595 -1.08652103 0.03087418
v 0.01944070 -1.06836581 -0.06800769
v 0.01951861 -1.06797290 -0.06779355
v 0.01428438 -1.06589127 -0.07085083
v -0.06300467 -1.04457378 0.03762414
v -0.06627135 -1.04498756 0.03519772
v -0.06491187 -1.04459846 0.03347440
v -0.06285106 -1.04402041 0.03596324
v -0.06295563 -1.04816341 0.03080602
v -0.06104258 -1.04474163 0.03013531
v -0.06522316 -1.04624391 0.03009298
v -0.06641623 -1.06238651 0.02694689
v -0.06455703 -1.05923033 0.03008752
v -0.06564046 -1.05772161 0.02920352
v -0.06624832 -1.05781054 0.02786134
v -0.07508382 -1.04850495 0.05275233
v -0.07623591 -1.05418396 0.05441321
v -0.07418722 -1.05418491 0.05549189
v -0.07307424 -1.04821634 0.05375528
v 0.01274054 -1.06561816 -0.07063542
v 0.01187535 -1.06597996 -0.07014643
v -0.06038240 -1.03040016 0.02515955
v -0.05600339 -1.02853262 0.02779207
v -0.06025132 -1.03289282 0.02404486
v -0.08002265 -1.08454502 0.04491032
v -0.07663764 -1.08699739 0.04424218
v -0.07644291 -1.08526719 0.04702800
v -0.07992887 -1.08299375 0.04759059
v -0.06230360 -1.06549776 0.03448427
v -0.06252937 -1.06333578 0.03440801
v -0.06306307 -1.06454444 0.03291655
v -0.06268202 -1.06650543 0.03275802
v 0.01177913 -1.06719422 -0.07062186
v 0.02297458 -1.06199360 -0.07527018
v 0.02318551 -1.06116498 -0.07523400
v 0.01846960 -1.06135213 -0.07454006
v 0.01805267 -1.06227481 -0.07455314
v 0.02281266 -1.06253493 -0.07514802
v 0.02633958 -1.06288576 -0.07497448
v 0.02641374 -1.06232166 -0.07504924
v 0.02654837 -1.06154144 -0.07494910
v -0.03306770 -1.03608179 0.07447045
v -0.04493019 -1.03225076 0.05870077
v -0.04755696 -1.04856372 0.06577318
v -0.03714483 -1.05131996 0.07896551
v -0.07048959 -1.03313136 0.04129606
v -0.06958962 -1.03061914 0.03912460
v -0.06819291 -1.06978130 0.02450025
v -0.06789169 -1.07131028 0.02272371
v -0.06907739 -1.07697189 0.02314487
v -0.06947303 -1.07380772 0.02410510
v 0.01522794 -1.06224513 -0.07377545
v 0.01513573 -1.06320572 -0.07360516
v 0.02658105 -1.06085360 -0.07485026
v 0.02342967 -1.06049705 -0.07507915
v -0.07571384 -1.07024813 0.05613837
v -0.07878372 -1.06916237 0.05533917
v 0.01868565 -1.06064856 -0.07445400
v 0.01520342 -1.06174362 -0.07379165
v 0.01250231 -1.06296372 -0.07281814
v 0.01360027 -1.06330669 -0.07307066
v 0.02353915 -1.05976701 -0.07473329
v 0.02349158 -1.05881357 -0.07443577
v 0.01856730 -1.05885530 -0.07404175
v 0.01870678 -1.05983496 -0.07425921
v -0.06966142 -1.07693982 0.03056996
v -0.07233413 -1.08101869 0.03359368
v -0.07040714 -1.07841957 0.03264762
v -0.06925363 -1.07644999 0.03089894
v -0.06855178 -1.06833386 0.03042139
v -0.06929478 -1.06957352 0.02993523
v -0.06759708 -1.07054341 0.02953371
v -0.06655663 -1.06921196 0.02981413
v 0.02672623 -1.06012595 -0.07441452
v 0.02669252 -1.05920005 -0.07409480
v -0.06794041 -1.07576668 0.02053403
v -0.06904036 -1.08114457 0.02301456
v 0.03586595 -1.06511712 -0.07119327
v 0.03648506 -1.06577206 -0.07047492
v 0.03646445 -1.06519687 -0.07051669
v -0.05602070 -1.03671813 0.04002769
v 0.03614365 -1.06469154 -0.07085961
v 0.03944954 -1.06310761 -0.06810438
v 0.04041337 -1.06459284 -0.06747551
v 0.04225324 -1.06414950 -0.06648714
v -0.06926007 -1.06917524 0.02741417
v -0.07023240 -1.07169795 0.02673523
v -0.07030655 -1.07113016 0.02946264
v -0.06200031 -1.03739333 0.02278184
v -0.06297403 -1.03956926 0.02457141
v -0.06851108 -1.07553458 0.03076899
v -0.06764616 -1.07438374 0.03090756
v -0.06590299 -1.07067859 0.03066708
v -0.06627867 -1.06898928 0.03249270
v 0.04106762 -1.06245267 -0.06715119
v -0.07184343 -1.06385255 0.04192284
v -0.07271003 -1.05578959 0.04520281
v 0.04965342 -1.05458355 -0.06342433
v 0.04333498 -1.05967689 -0.06656783
v 0.04490566 -1.06158781 -0.06530973
v 0.03528542 -1.06472397 -0.07181466
v 0.03452358 -1.06423688 -0.07249092
v 0.03518170 -1.06511760 -0.07179340
v 0.03576120 -1.06561649 -0.07104027
v 0.03555578 -1.06413293 -0.07140213
v 0.03470880 -1.06355846 -0.07227394
v 0.03343240 -1.06378627 -0.07338568
v 0.03360417 -1.06300199 -0.07318786
v 0.03175727 -1.06234908 -0.07408472
v 0.03161781 -1.06315160 -0.07423080
v 0.02938370 -1.06269050 -0.07468683
v -0.05299141 -1.04697108 0.05323964
v -0.05203723 -1.02956963 0.04092982
v 0.02967377 -1.06326842 -0.07466241
v 0.02951366 -1.06190348 -0.07454843
v 0.03194688 -1.06172729 -0.07380595
v 0.02966543 -1.06123769 -0.07436372
v 0.03372946 -1.06237602 -0.07279990
v 0.03488895 -1.06305754 -0.07187363
v 0.03581266 -1.06375146 -0.07095340
v 0.03653993 -1.06434584 -0.07039552
v 0.03698877 -1.06507874 -0.07004122
v 0.03626577 -1.06330729 -0.07038717
v 0.03707537 -1.06272674 -0.06959560
v 0.03566675 -1.06186295 -0.07060392
v 0.03518461 -1.06254554 -0.07138160
v 0.03720673 -1.06404650 -0.06976974
v 0.03820490 -1.06361043 -0.06892575
v -0.06646510 -1.07096374 0.02938893
v -0.06638353 -1.07141089 0.02953093
v -0.06547606 -1.07054090 0.02997247
v -0.06552982 -1.06993520 0.02971241
v 0.03394367 -1.06187320 -0.07230862
v 0.03410693 -1.06117082 -0.07176092
v 0.03215717 -1.06041372 -0.07284329
v 0.03209418 -1.06110680 -0.07337713
v -0.06836756 -1.02853596 0.03701573
v -0.07074513 -1.06966710 0.03782317
v -0.06791293 -1.06736517 0.03591309
v -0.06895727 -1.06936443 0.03473200
v 0.02979174 -1.06059980 -0.07398523
v 0.02997506 -1.05977190 -0.07350088
v -0.07726771 -1.05920327 0.05213967
v -0.07867920 -1.06731665 0.05175782
v -0.07973731 -1.06799245 0.05346182
v -0.07813485 -1.05933952 0.05368851
v 0.02278691 -1.06272650 -0.07488294
v 0.02269996 -1.06303942 -0.07372389
v 0.02629104 -1.06300068 -0.07379307
v 0.02639401 -1.06305897 -0.07472645
v 0.02970633 -1.06338322 -0.07452111
v -0.05679929 -1.02732444 0.02931442
v -0.06248835 -1.06274199 0.03545777
v -0.06370633 -1.06092417 0.03532722
v 0.02933639 -1.06326234 -0.07359266
v 0.02636466 -1.06317949 -0.07265750
v 0.02534018 -1.06630754 -0.06877062
v 0.02676031 -1.06640983 -0.06862795
v 0.02913832 -1.06341410 -0.07246853
v -0.06373098 -1.06790662 0.03279626
v -0.06425703 -1.06906664 0.03078202
v 0.02312765 -1.06334949 -0.07259443
v 0.02379083 -1.06641805 -0.06867220
v 0.01981199 -1.06411195 -0.07212882
v -0.06372495 -1.04240131 0.02381123
v 0.02224563 -1.06672585 -0.06849868
v 0.01710039 -1.06476045 -0.07184853
v 0.02340966 -1.07455504 -0.07766125
v 0.02337353 -1.07464194 -0.07809759
v 0.02797833 -1.07427442 -0.07829440
v 0.02769610 -1.07412767 -0.07763858
v 0.07108118 -1.07597268 0.07523167
v 0.07353687 -1.09206271 0.07792264
v 0.06326649 -1.08883739 0.09048562
v 0.03081030 -1.07209480 -0.07672925
v 0.03080091 -1.07308710 -0.07657205
v 0.03347398 -1.07216787 -0.07546062
v 0.03336670 -1.07131863 -0.07530427
v 0.03084392 -1.07105589 -0.07687210
v -0.07613637 -1.08150625 0.04655914
v -0.07615963 -1.08003330 0.04850135
v -0.07484584 -1.07991648 0.04524113
v -0.07485089 -1.08074713 0.04337666
v -0.07465954 -1.08173609 0.03989943
v -0.07487854 -1.08316755 0.03914722
v -0.07580468 -1.08272672 0.04415417
v -0.06689455 -1.06806433 0.03412719
v -0.06815989 -1.06962216 0.03338249
v 0.03319639 -1.07022929 -0.07519902
v 0.02777880 -1.07180357 -0.07821767
v -0.06785803 -1.04000986 0.03361294
v -0.06762757 -1.03457749 0.03553827
v -0.07305622 -1.04803669 0.04807636
v -0.07377238 -1.04794633 0.04521383
v -0.07161449 -1.06003737 0.05460694
v -0.07176727 -1.06945181 0.05361876
v -0.07051528 -1.06863070 0.05129327
v -0.07065839 -1.05984676 0.05296771
v 0.02774557 -1.07296956 -0.07794983
v 0.02768595 -1.07387209 -0.07764019
v 0.03351156 -1.06973708 -0.07070182
v 0.03254295 -1.07050204 -0.07140777
v -0.06535228 -1.06121397 0.04854015
v -0.06244418 -1.06187773 0.04726502
v -0.06605485 -1.05611002 0.02638951
v -0.06570251 -1.05952120 0.02344423
v -0.06318552 -1.06721246 0.03283877
v -0.06388978 -1.06846786 0.03094511
v -0.06653142 -1.04383683 0.04775636
v -0.06340744 -1.03563869 0.04090891
v -0.06684437 -1.04148710 0.04633823
v -0.05951625 -1.03463018 0.03826712
v -0.05949443 -1.03334582 0.03616523
v -0.06192855 -1.03358305 0.03821789
v 0.03275679 -1.07001281 -0.07290482
v 0.03412024 -1.06957734 -0.07174413
v 0.03431030 -1.06922567 -0.07012573
v 0.03500946 -1.06906903 -0.07085649
v 0.02947094 -1.06935155 -0.06748027
v 0.02904148 -1.06963599 -0.06777156
v 0.02840935 -1.06998181 -0.06813212
v -0.07073279 -1.04342914 0.04247316
v -0.07204416 -1.04513073 0.04522496
v 0.02970256 -1.06909370 -0.06726930
v -0.06200752 -1.05789173 0.03128079
v -0.06022451 -1.05675399 0.03254925
v -0.06119018 -1.05759823 0.03066482
v -0.07451263 -1.06333673 0.04386577
v -0.07473764 -1.05545902 0.04586314
v -0.06910452 -1.07191026 0.02966585
v 0.02980400 -1.06884325 -0.06714181
v -0.06688957 -1.06202936 0.03165897
v -0.06814359 -1.06514442 0.02932400
v -0.07278336 -1.07502484 0.02897427
v -0.07097489 -1.07358897 0.02970849
v -0.07009802 -1.07276881 0.02966750
v -0.07134709 -1.07302177 0.02893634
v -0.05517625 -1.04848576 0.03163778
v -0.05850739 -1.04648423 0.03105063
v -0.06018750 -1.04949522 0.03071308
v 0.02979114 -1.06859064 -0.06710199
v 0.02967970 -1.06830776 -0.06721015
v 0.05319587 -1.03828311 -0.06022127
v 0.05265561 -1.04975975 -0.06182169
v -0.07418882 -1.08252096 0.03751109
v -0.07423961 -1.08075833 0.03914354
v -0.06993052 -1.07504654 0.04774652
v 0.05607200 -1.04243612 -0.05748438
v 0.03491714 -1.06547773 -0.07157577
v -0.06797186 -1.07376957 0.03330678
v -0.06817964 -1.07251394 0.03449382
v 0.03552330 -1.06599951 -0.07085840
v -0.06767054 -1.08585167 0.03753290
v -0.06796377 -1.08345032 0.03450553
v -0.06840622 -1.08356810 0.03320474
v -0.06917798 -1.08734298 0.03267777
v 0.03441903 -1.06580675 -0.07109585
v -0.05903530 -1.03029227 0.03330525
v -0.06134319 -1.03107500 0.03663458
v -0.06121662 -1.03228366 0.03675733
v -0.05945131 -1.03179395 0.03427326
v -0.06430766 -1.04413307 0.03286289
v -0.06275762 -1.04365134 0.03500056
v 0.03498122 -1.06633413 -0.07050330
v -0.07352547 -1.04981840 0.05055598
v -0.07304296 -1.04881966 0.04966544
v -0.07402605 -1.05316007 0.05125210
v -0.07464324 -1.05454934 0.05182436
v 0.03614882 -1.06667018 -0.07022967
v 0.03653548 -1.06644225 -0.07028136
v 0.03234801 -1.06472492 -0.07155538
v 0.02848810 -1.06698549 -0.06815445
v 0.02895510 -1.06736350 -0.06787596
v -0.06288393 -1.06681538 0.03681286
v -0.06234823 -1.06559598 0.03656761
v -0.06742529 -1.07841420 0.03681191
v -0.06966034 -1.08106625 0.03820186
v -0.06957154 -1.08316016 0.03403455
v -0.06803288 -1.08083606 0.03395820
v -0.07112333 -1.07636738 0.04999407
v 0.03315376 -1.06554019 -0.07096877
v 0.03095777 -1.06399882 -0.07210881
v 0.02774777 -1.06665754 -0.06846685
v 0.02925444 -1.06766272 -0.06759477
v 0.02950639 -1.06797528 -0.06731938
v -0.06832375 -1.07101226 0.03441201
v -0.06889316 -1.07138205 0.03549374
v 0.03358746 -1.06604230 -0.07040642
v -0.06791604 -1.07135677 0.03379368
v 0.03413929 -1.06658471 -0.06986420
v 0.03542483 -1.06702220 -0.07012635
v -0.06585912 -1.06838524 0.03015259
v -0.06783776 -1.06727171 0.03109176
v -0.07198103 -1.07558560 0.03023106
v -0.07484065 -1.07985473 0.03328149
v -0.07398697 -1.07990623 0.03329951
v -0.07146193 -1.07633066 0.03026898
v 0.03476299 -1.06778526 -0.06935392
v 0.03481538 -1.06826878 -0.06947542
v 0.03561435 -1.06759453 -0.07012139
v -0.06675079 -1.07301903 0.03006569
v 0.03566454 -1.06808972 -0.07012862
v 0.03455644 -1.06723166 -0.06950060
v 0.00897887 -1.03969824 0.09313317
v 0.00801160 -1.05275142 0.09809339
v 0.03466811 -1.06875348 -0.06970101
v 0.03544464 -1.06854594 -0.07039370
v 0.03680933 -1.06595922 -0.07016606
v 0.03681017 -1.06680357 -0.07004968
v 0.03734106 -1.06794238 -0.06984910
v 0.03732500 -1.06604600 -0.06977305
v -0.07077733 -1.08213556 0.02633667
v -0.07080626 -1.08454156 0.02998419
v -0.07180170 -1.08561373 0.03036597
v -0.07111940 -1.08317435 0.02717112
v -0.07447715 -1.07958031 0.04309469
v 0.03809067 -1.06617343 -0.06920517
v 0.03774916 -1.06492817 -0.06931797
v 0.03825935 -1.06861472 -0.06987806
v 0.03964609 -1.06922579 -0.06946994
v -0.07706244 -1.07677329 0.04953380
v -0.06495497 -1.05913305 0.03436403
v -0.06185448 -1.05629253 0.03447566
v 0.03947827 -1.06634092 -0.06855229
v 0.03886926 -1.06485188 -0.06854127
v 0.03643288 -1.06725788 -0.07001255
v -0.05229851 -1.05498171 0.03162840
v -0.05264641 -1.05622840 0.03143716
v -0.05292308 -1.05607009 0.03290764
v -0.05247483 -1.05478144 0.03336864
v 0.03661890 -1.06796479 -0.06997558
v 0.03737015 -1.06933916 -0.07113768
v -0.05507305 -1.05018520 0.03507459
v -0.05807742 -1.04887116 0.03429663
v -0.05750891 -1.04677343 0.03314849
v -0.05452013 -1.04801857 0.03452481
v 0.03803797 -1.07020366 -0.07138056
v 0.03680985 -1.06876278 -0.07091905
v 0.03598168 -1.06920779 -0.07213475
v 0.03633520 -1.06993067 -0.07247356
v -0.05169698 -1.05189133 0.03271497
v -0.05200107 -1.05345571 0.03206930
v -0.05213424 -1.05303538 0.03399568
v -0.05177678 -1.05142176 0.03465904
v 0.03680895 -1.07071805 -0.07276198
v 0.03506861 -1.07051444 -0.07382037
v -0.07405315 -1.08202338 0.03531894
v -0.07535988 -1.08240271 0.03735192
v 0.03538667 -1.07136953 -0.07412747
v 0.03483557 -1.06960797 -0.07356119
v 0.03627253 -1.06855536 -0.07065661
v -0.07863123 -1.07556689 0.04883107
v -0.07863128 -1.07342076 0.05009440
v -0.07728998 -1.08008337 0.04584793
v -0.07712944 -1.07862151 0.04772654
v 0.03555148 -1.06896961 -0.07161739
v 0.03448715 -1.06939435 -0.07284231
v 0.03301455 -1.06953621 -0.07451943
v -0.06551110 -1.04799652 0.02687617
v -0.06626109 -1.04855227 0.02878237
v -0.06583087 -1.04690289 0.02899081
v -0.07982478 -1.07863283 0.04855102
v -0.07947490 -1.08096766 0.04974839
v -0.06298776 -1.03090441 0.02684776
v -0.06176301 -1.02946341 0.02619380
v -0.03202477 -0.95226365 0.01476053
v -0.04075778 -0.95901453 0.02689197
v -0.04013560 -0.94772780 0.02771885
v -0.03139193 -0.94125545 0.01644690
v -0.07289119 -1.07728255 0.02672540
v -0.07183321 -1.07975078 0.02558697
v 0.03077370 -1.07016706 -0.07625157
v 0.03031176 -1.07053292 -0.07431988
v 0.02771847 -1.07100964 -0.07759975
v -0.05203909 -1.05022335 0.03183374
v -0.05170780 -1.04957306 0.03349697
v -0.05439793 -1.04793882 0.03318198
v -0.05744562 -1.05377197 0.03035802
v -0.05324084 -1.05467319 0.03011083
v 0.02735525 -1.07107139 -0.07533241
v 0.02367253 -1.07487202 -0.07964240
v 0.02874105 -1.07483923 -0.07989283
v 0.02715408 -1.07136941 -0.07366423
v 0.02564716 -1.07036400 -0.06914262
v 0.02407858 -1.07031906 -0.06929402
v 0.02387851 -1.07120514 -0.07389534
v -0.05528501 -1.05182421 0.03465073
v 0.01435295 -1.06786656 -0.07172111
v 0.01503867 -1.06858981 -0.07241229
v -0.05654623 -1.05675364 0.03290134
v -0.05728529 -1.05748820 0.03108114
v -0.06015502 -1.04240692 0.03131578
v -0.06131607 -1.04243970 0.03372363
v -0.06352575 -1.04173684 0.03087614
v -0.05178257 -1.04949272 0.03481255
v -0.06327739 -1.06746078 0.03455347
v 0.01991709 -1.06901336 -0.06851744
v 0.01960924 -1.06865644 -0.06823499
v 0.01277833 -1.06774414 -0.07204817
v 0.01393471 -1.06840932 -0.07305095
v -0.05848230 -1.05255580 0.03460502
v -0.06090557 -1.05026913 0.03728575
v -0.06073194 -1.04802442 0.03663376
v -0.05824276 -1.05059326 0.03469880
v -0.06923583 -1.04037929 0.04085107
v -0.06964413 -1.04209805 0.04048230
v -0.06305172 -1.04579580 0.03976860
v -0.06682217 -1.04559052 0.03821024
v -0.06461035 -1.06221175 0.03418553
v -0.06645408 -1.06493199 0.03224340
v -0.06246834 -1.05802023 0.03144574
v -0.05918570 -1.05462444 0.03388931
v -0.06113501 -1.05276823 0.03663928
v -0.05763597 -1.05515099 0.03042400
v -0.06145791 -1.05492425 0.03047284
v -0.06125959 -1.05608380 0.03043716
v -0.05759772 -1.05622876 0.03050060
v -0.07060072 -1.07280028 0.03610418
v -0.07049078 -1.07728171 0.02456696
v -0.07142051 -1.07454073 0.02643137
v -0.06646506 -1.09224248 0.04836921
v -0.06320767 -1.08510923 0.05428153
v -0.06614452 -1.08359385 0.04171441
v -0.05554362 -1.05366862 0.03430596
v -0.05334674 -1.05716586 0.03117482
v -0.05402175 -1.05636764 0.03029372
v -0.07323804 -1.04535067 0.04858088
v -0.06439569 -1.04133821 0.03068736
v -0.06449055 -1.06664050 0.03088744
v -0.07112343 -1.05440736 0.05395609
v -0.07011666 -1.04888177 0.05250905
v -0.06379534 -1.06802368 0.03094675
v -0.06463227 -1.06897807 0.03028584
v -0.06218974 -1.04297507 0.03453020
v -0.06398857 -1.04299045 0.03199343
v -0.06492376 -1.06931698 0.03004006
v -0.06585702 -1.04826152 0.03021402
v -0.07411484 -1.07391214 0.04251272
v 0.01815589 -1.07027936 -0.07354679
v 0.02127076 -1.06982708 -0.06915616
v -0.06461255 -1.03282547 0.04198941
v -0.06299390 -1.03084731 0.03915809
v 0.02042801 -1.06942880 -0.06883817
v -0.05369747 -1.05568564 0.03006370
v 0.01657324 -1.06946492 -0.07285666
v -0.05701713 -1.04680920 0.03241799
v -0.05613483 -1.05536997 0.03370331
v 0.01717502 -1.07028627 -0.07527053
v 0.01522857 -1.06919265 -0.07394790
v 0.02370930 -1.07123160 -0.07585101
v -0.06393805 -1.05241930 0.03071958
v -0.06363167 -1.05020976 0.03065544
v -0.06608443 -1.05053234 0.02992128
v 0.04255487 -1.14945936 0.09009632
v 0.04344291 -1.13470221 0.09612066
v -0.06788673 -1.04640424 0.04022234
v -0.06353587 -1.04790020 0.04185607
v -0.06439741 -1.04918540 0.04394902
v -0.06940883 -1.04751182 0.04204511
v -0.06896909 -1.04377389 0.05065398
v -0.06794805 -1.03894734 0.04774238
v -0.06999607 -1.03740692 0.04839437
v -0.07177335 -1.04248214 0.05149659
v 0.06176749 -1.13585043 0.08463021
v 0.06030869 -1.14831638 0.07934012
v -0.06725054 -1.10892999 0.05387538
v -0.06911139 -1.09661627 0.04120496
v -0.07023890 -1.11325860 0.04197762
v -0.07174653 -1.08361900 0.04352818
v -0.07148014 -1.08151221 0.04569676
v -0.07584967 -1.08318782 0.04947268
v -0.06962459 -1.08475327 0.02751493
v -0.06892324 -1.08326864 0.03152917
v -0.07006987 -1.08384371 0.02957208
v -0.07487112 -1.06011796 0.05644971
v 0.03009918 -1.07108331 -0.07266574
v 0.02725391 -1.07025075 -0.06864824
v 0.06915238 -1.14877486 0.07040644
v 0.06726921 -1.15676391 0.06623920
v 0.05946347 -1.15913916 0.07258115
v 0.05379558 -1.00526321 0.06674332
v 0.04605329 -0.99358058 0.07661100
v -0.06727071 -1.06609619 0.02539970
v -0.06859009 -1.06708539 0.02822307
v 0.01050525 -1.06722713 -0.07263212
v -0.06536596 -1.04508412 0.04836490
v 0.01203705 -1.06851149 -0.07356160
v -0.07006776 -1.04532719 0.04017930
v -0.07193182 -1.04625225 0.04256126
v -0.07891703 -1.08310819 0.03790668
v -0.07619361 -1.08098912 0.03531404
v 0.00951538 -1.06610513 -0.07194915
v 0.00883025 -1.06586587 -0.07200535
v 0.00977629 -1.06726670 -0.07262052
v 0.01107800 -1.06861234 -0.07350145
v 0.01395489 -1.06962371 -0.07463558
v 0.01316831 -1.06976867 -0.07496506
v 0.01622175 -1.07104111 -0.07691877
v 0.01645780 -1.07047772 -0.07647964
v 0.02354137 -1.07147884 -0.07795200
v 0.02344177 -1.07215047 -0.07858443
v 0.01582656 -1.07188964 -0.07647591
v 0.01265572 -1.07033420 -0.07452161
v 0.01541398 -1.07278740 -0.07592278
v 0.01253301 -1.07132101 -0.07433669
v 0.02334394 -1.07416415 -0.07778159
v 0.02343747 -1.07327807 -0.07833023
v 0.01241043 -1.06403565 -0.07245921
v 0.01023056 -1.06421494 -0.07197730
v 0.01295375 -1.06449652 -0.07244930
v 0.01059286 -1.06466937 -0.07179065
v 0.01426343 -1.06506968 -0.07167826
v 0.00980916 -1.06507289 -0.07162675
v 0.00906278 -1.06472313 -0.07175770
v -0.00155182 -0.93939316 -0.01604871
v -0.00080295 -0.93136871 -0.01131858
v 0.01516721 -1.06533587 -0.07138143
v 0.00909667 -1.06737220 -0.07223742
v 0.00791234 -1.06566262 -0.07187402
v 0.00793243 -1.06796682 -0.07144040
v 0.00718852 -1.06585872 -0.07148317
v 0.01003427 -1.07016695 -0.07261077
v 0.01046356 -1.06900859 -0.07287181
v 0.00806064 -1.06448066 -0.07160085
v 0.00863592 -1.06396592 -0.07168549
v 0.00734942 -1.06432009 -0.07154189
v 0.00792638 -1.06364977 -0.07161751
v 0.01497200 -1.06099057 -0.07370744
v 0.01468198 -1.06018949 -0.07352921
v 0.01177382 -1.06227171 -0.07273942
v 0.01112779 -1.06171441 -0.07254829
v 0.02327309 -1.05774534 -0.07410847
v 0.02655514 -1.05814099 -0.07371147
v 0.02288967 -1.05646968 -0.07372261
v -0.02042462 -1.03104448 -0.08507313
v -0.02155792 -1.03116131 -0.08331364
v -0.02022626 -1.03327823 -0.08300567
v -0.01972885 -1.03314745 -0.08383672
v 0.02639152 -1.05678046 -0.07333257
v 0.01777632 -1.05669165 -0.07355352
v 0.01833131 -1.05775142 -0.07385292
v 0.03983320 -0.93609864 -0.00167427
v 0.03802582 -1.06190240 -0.06901410
v 0.03926039 -1.06089520 -0.06829596
v 0.03729202 -1.05966949 -0.06962204
v 0.03635524 -1.06100893 -0.07001887
v 0.03445260 -1.06016803 -0.07120477
v -0.02001925 -1.02229929 -0.08167060
v -0.01926668 -1.02416217 -0.08106841
v -0.01998102 -1.02407825 -0.07985677
v -0.02097400 -1.02249742 -0.08050440
v 0.03494790 -1.05870545 -0.07078416
v 0.03229240 -1.05787885 -0.07190270
v 0.03219832 -1.05935764 -0.07228697
v 0.02996314 -1.05874562 -0.07301169
v 0.02976132 -1.05719709 -0.07267231
v 0.04134391 -1.06626320 -0.06736182
v 0.04242304 -1.06954515 -0.06803307
v 0.04335355 -1.06611204 -0.06628910
v 0.04498258 -1.06974530 -0.06649180
v 0.00619114 -1.06878376 -0.07159483
v -0.01717312 -1.03306830 -0.08342340
v -0.01606565 -1.02991223 -0.08573057
v -0.01795977 -1.03050268 -0.08688312
v -0.01844340 -1.03338861 -0.08401687
v 0.00597398 -1.06627154 -0.07112675
v 0.00404258 -1.06919396 -0.07280138
v 0.00425913 -1.06635714 -0.07192008
v 0.00512414 -1.07199407 -0.07490893
v 0.00738883 -1.07149792 -0.07319395
v 0.00647970 -1.06418455 -0.07140601
v 0.00715757 -1.06327748 -0.07149422
v 0.00515130 -1.06401634 -0.07151952
v 0.00617523 -1.06260538 -0.07147657
v 0.01413330 -1.05924225 -0.07337820
v 0.01357507 -1.05821943 -0.07307192
v 0.01048356 -1.06100225 -0.07245570
v 0.00955474 -1.06009817 -0.07219852
v 0.06796992 -1.06351042 0.07258404
v 0.07367386 -1.10814929 0.07719231
v 0.03616524 -1.07944083 -0.08045292
v 0.03409867 -1.07664943 -0.07991795
v 0.03016854 -1.07716525 -0.08163290
v 0.03176290 -1.08044887 -0.08324565
v 0.03887045 -1.08386946 -0.07973742
v 0.04199609 -1.08093250 -0.07703716
v 0.03936062 -1.07784367 -0.07776041
v 0.03701358 -1.07561159 -0.07783554
v 0.04268927 -1.07212472 -0.06979617
v 0.04044910 -1.07163954 -0.07107265
v 0.04011603 -1.07302225 -0.07298410
v 0.04217183 -1.07392383 -0.07231722
v 0.04538327 -1.07256365 -0.06846572
v 0.04503667 -1.07525063 -0.07118398
v 0.04099677 -1.07570803 -0.07502330
v 0.03874215 -1.07424390 -0.07530550
v 0.04383102 -1.07771611 -0.07422686
v 0.01253294 -1.07586586 -0.07945953
v 0.01372849 -1.07467830 -0.07755577
v 0.01087091 -1.07321048 -0.07518985
v 0.00919486 -1.07385874 -0.07590305
v 0.01095358 -1.07691193 -0.08138664
v 0.00676432 -1.07440388 -0.07740349
v 0.02477500 -1.08028495 -0.08471150
v 0.02429465 -1.07738197 -0.08228032
v 0.01515242 -1.07334006 -0.07575966
v 0.01316573 -1.07230949 -0.07480942
v 0.01496656 -1.07356131 -0.07582362
v 0.01257026 -1.07226896 -0.07448712
v 0.07252408 -1.16526711 0.04616135
v 0.07212542 -1.16889131 0.03260594
v 0.05596250 -1.18006766 0.03980259
v 0.05769373 -1.17481339 0.05283663
v 0.03086892 -1.07343197 -0.07673620
v 0.03132187 -1.07374966 -0.07742182
v 0.03408666 -1.07297659 -0.07625940
v 0.03361405 -1.07253695 -0.07576327
v 0.03570281 -1.07188070 -0.07447409
v 0.03629315 -1.07237911 -0.07484081
v 0.03775462 -1.07171834 -0.07322022
v 0.03717805 -1.07134831 -0.07317729
v 0.03806315 -1.07087171 -0.07198436
v 0.03872466 -1.07098329 -0.07169969
v 0.01272121 -1.07304513 -0.07533398
v 0.01475813 -1.07378078 -0.07642305
v 0.07105190 -1.13705134 0.07354259
v 0.03411860 -1.12191689 -0.07601270
v 0.04239352 -1.11979902 -0.07065694
v 0.03953371 -1.11216915 -0.07449007
v 0.03226481 -1.07455289 -0.07872050
v 0.03519659 -1.07383156 -0.07715244
v 0.03729624 -1.07314396 -0.07518861
v 0.03860602 -1.07238734 -0.07336047
v 0.03932033 -1.07172060 -0.07204114
v 0.07604164 -1.04785037 -0.00547020
v 0.07711472 -1.04818356 -0.00391526
v 0.08902673 -1.06351817 0.01692609
v 0.08681202 -1.06983411 0.01518036
v 0.08520860 -1.07302392 0.01346052
v 0.08334175 -1.07922351 -0.00159650
v 0.08714907 -1.08301163 -0.00003769
v 0.09249979 -1.04433906 0.01217974
v 0.08867868 -1.04170084 0.00968429
v -0.07894534 -1.08643544 0.03805512
v 0.09244020 -1.04525554 0.01264957
v 0.09635612 -1.08188200 0.00949690
v 0.09706029 -1.08046877 0.01100039
v 0.09785564 -1.08018184 0.01061655
v 0.06030893 -1.03891981 0.06804200
v 0.06482029 -1.05420291 0.07037785
v 0.09783661 -1.07874727 0.01249216
v 0.07958306 -1.05322373 -0.00282841
v 0.09038884 -1.06301141 0.01699922
v 0.09243673 -1.06279564 0.01841242
v 0.09354012 -1.05752051 0.01911443
v 0.09257159 -1.05791080 0.01843064
v 0.09245552 -1.05231500 0.01838698
v 0.09175013 -1.05302763 0.01781957
v 0.09426673 -1.04840755 0.01432772
v 0.09576787 -1.05264819 0.01557284
v 0.08861110 -1.08375692 0.00080989
v 0.08775547 -1.08261943 -0.00010321
v 0.08941966 -1.08369720 0.00092088
v 0.08077794 -1.05218816 -0.00148078
v 0.08161734 -1.07723081 -0.00099593
v 0.08108276 -1.07482600 -0.00143678
v 0.08082632 -1.07524800 -0.00101997
v 0.07753830 -1.05784702 0.00149810
v 0.07751630 -1.05883598 0.00152741
v 0.07893974 -1.05621374 0.00150432
v 0.08126646 -1.05449772 -0.00000625
v 0.07533116 -1.04697013 0.00253215
v 0.07522529 -1.04616129 0.00458237
v 0.07565831 -1.04513025 0.00419112
v 0.09169392 -1.09075522 0.00303592
v 0.08127512 -1.07377267 -0.00153062
v 0.08256322 -1.07494378 -0.00193716
v 0.08288996 -1.07624817 -0.00225080
v 0.09030870 -1.08335042 0.00115809
v 0.08315209 -1.07725620 -0.00221983
v 0.08236767 -1.07716191 -0.00200677
v 0.08403467 -1.07902813 -0.00183058
v 0.08184998 -1.07718825 -0.00157955
v 0.08384430 -1.05408692 0.01351105
v 0.08230095 -1.05330515 0.01174873
v 0.07659218 -1.06871533 -0.00941774
v 0.07789889 -1.06709981 -0.00681027
v 0.08735684 -1.04067028 0.00793338
v 0.08336850 -1.07935190 0.00880522
v 0.08373510 -1.08231485 0.00962377
v 0.09742214 -1.05740130 0.01603132
v 0.08947369 -1.04962468 0.00882328
v 0.08702260 -1.04849303 0.00757545
v 0.09171310 -1.05114019 0.01000315
v 0.09324704 -1.05404329 0.01067395
v 0.07885452 -1.06840706 0.00514685
v 0.09048826 -1.07387996 0.00646653
v 0.09158540 -1.07175517 0.00775454
v 0.08854002 -1.07367778 0.00541312
v 0.08371469 -1.08562291 0.00688972
v 0.08315498 -1.08519816 0.00460455
v 0.08370161 -1.08029270 0.00649016
v 0.08286229 -1.08332598 0.00441022
v 0.07703575 -1.05045116 0.00180949
v 0.07777371 -1.04522860 0.00630153
v 0.07750556 -1.04734266 0.00644509
v 0.07897912 -1.04548800 0.00686195
v 0.07918924 -1.04672730 0.00769981
v 0.07990983 -1.04854560 0.00879270
v 0.08060418 -1.05074322 0.00943709
v 0.08062580 -1.05311763 0.00927632
v 0.07651864 -1.05471659 0.00195237
v 0.08165640 -1.08279800 -0.00573881
v 0.07611690 -1.05283630 0.00215559
v 0.07789995 -1.05636513 0.00157715
v 0.07806818 -1.05449796 0.00155800
v 0.07776967 -1.05247307 0.00157235
v 0.08290292 -1.04457223 0.00311693
v 0.08411189 -1.04660058 0.00471076
v 0.08133524 -1.04492521 0.00246529
v 0.08535555 -1.04746485 0.00629622
v 0.08013397 -1.04489517 0.00243603
v 0.08353942 -1.08028066 0.00740229
v 0.08319651 -1.08350730 0.00643070
v 0.07542768 -1.05088627 -0.00798164
v 0.05851835 -1.04886758 -0.05444233
v 0.06011767 -1.05941916 -0.05150566
v 0.02009593 -0.99367839 -0.05640357
v 0.01935783 -0.99059534 -0.05604581
v 0.04927420 -1.03440630 -0.06311616
v 0.04375670 -1.03074217 -0.06672596
v 0.01670072 -0.99657643 -0.06855731
v 0.01593360 -0.99570763 -0.06836880
v 0.01501092 -0.99619454 -0.06848111
v 0.01579814 -0.99670005 -0.06842355
v 0.01389116 -0.99721313 -0.06676951
v 0.01479648 -0.99733591 -0.06627303
v 0.01484937 -0.99710345 -0.06714581
v 0.01404112 -0.99696457 -0.06761813
v 0.01878930 -1.01213145 -0.07441686
v 0.02215769 -1.01669419 -0.07390991
v 0.02547562 -1.01255167 -0.07228120
v 0.02209225 -1.00849736 -0.07311630
v 0.01788961 -0.99771249 -0.05932657
v 0.01744890 -0.99914730 -0.06006983
v 0.01572866 -0.99820948 -0.06364004
v 0.01612369 -0.99769032 -0.06314270
v 0.01794817 -0.99523157 -0.05884254
v 0.01615361 -0.99655294 -0.06241064
v 0.01997011 -0.99755561 -0.05713399
v 0.01921619 -0.99990737 -0.05788174
v 0.02634599 -0.99124205 -0.06516365
v 0.02254193 -0.99293268 -0.06667538
v 0.02332003 -0.99599314 -0.06822449
v 0.02702351 -0.99577653 -0.06700356
v 0.01495273 -1.02379048 -0.07491226
v 0.01881862 -1.02022302 -0.07456190
v 0.01578340 -1.01575899 -0.07481642
v 0.01185175 -1.01980245 -0.07511775
v 0.00762877 -1.02424490 -0.07622756
v 0.01072542 -1.02748609 -0.07552461
v 0.00494732 -1.03121495 -0.08121003
v 0.00535002 -1.02731407 -0.08185890
v 0.00426221 -1.02570772 -0.08487752
v 0.00472287 -1.02812600 -0.08411333
v 0.00319228 -1.02199888 -0.08226657
v 0.00581368 -1.02541816 -0.08000891
v -0.00048070 -1.02064502 -0.08187382
v -0.02306125 -1.02210712 -0.08058912
v -0.02204883 -1.02420592 -0.08006956
v -0.02309215 -1.02424860 -0.08182196
v -0.02463556 -1.02259541 -0.08208514
v -0.00099481 -1.02120054 -0.08292167
v 0.00359474 -1.02165997 -0.08064744
v -0.01784511 -1.02151024 -0.09019980
v -0.01904679 -1.02355886 -0.09056438
v -0.01751999 -1.02316415 -0.08842111
v -0.01741323 -1.02126968 -0.08762288
v 0.00421568 -1.02120996 -0.07867215
v 0.00009887 -1.02011168 -0.08061557
v -0.00187574 -1.02201462 -0.08394380
v 0.00075732 -1.02195060 -0.08444854
v -0.02064849 -1.02411592 -0.08972514
v -0.02271221 -1.02332735 -0.09091556
v -0.02400579 -1.02349770 -0.08892577
v -0.02172769 -1.02422881 -0.08793183
v -0.01631133 -1.02641416 -0.08427233
v -0.01783508 -1.02418232 -0.08484883
v -0.01633146 -1.02585149 -0.08793133
v -0.02314214 -1.02695525 -0.08052757
v -0.02152359 -1.02627420 -0.07919881
v -0.02056929 -1.03011155 -0.07980821
v -0.02197186 -1.03070664 -0.08052993
v 0.00178787 -1.02364755 -0.08653927
v -0.00916067 -1.02058172 -0.09128371
v -0.00855101 -1.02146339 -0.09365793
v -0.00276826 -1.05493033 -0.08392037
v 0.00068071 -1.05218256 -0.08047662
v -0.00315096 -1.05184317 -0.08548939
v 0.00016899 -1.04941857 -0.08216266
v 0.00020113 -1.02492714 -0.09043182
v 0.00183448 -1.02722132 -0.08945746
v -0.00275393 -1.02515829 -0.09402769
v -0.00170337 -1.02800560 -0.09433106
v -0.00873147 -1.06948376 -0.08573835
v -0.01014202 -1.01797354 -0.08612085
v -0.00976702 -1.01725340 -0.08554210
v -0.01081122 -1.01862621 -0.08817933
v 0.04029026 -1.16998816 0.07495177
v 0.03808864 -1.18065643 0.06211151
v 0.03200838 -1.18977296 0.03844159
v 0.02714886 -1.19250762 0.02643643
v -0.00530152 -1.00124168 -0.08191536
v -0.00599966 -1.00365520 -0.08253303
v 0.00490270 -1.00082183 -0.06598158
v -0.00069189 -1.00065374 -0.06649846
v -0.00165990 -0.99785602 -0.07035193
v 0.00363499 -0.99811560 -0.07014869
v 0.00776346 -0.99846327 -0.06887805
v 0.00938436 -1.00099480 -0.06490497
v 0.00547198 -1.00260067 -0.06394759
v -0.00025662 -1.00256670 -0.06420667
v 0.00241565 -0.99627686 -0.07402266
v -0.00295907 -0.99597406 -0.07508968
v -0.00378188 -0.99713218 -0.07806598
v 0.00196015 -0.99737525 -0.07644458
v 0.00749779 -1.01709080 -0.07670928
v 0.00302852 -1.01707292 -0.07865982
v -0.00151069 -1.01632714 -0.08159924
v -0.00508904 -1.01550651 -0.08352318
v -0.00591885 -1.01749289 -0.08429562
v -0.00314615 -1.01872563 -0.08268382
v -0.00632096 -1.01835048 -0.08485024
v -0.00364046 -1.01947117 -0.08340651
v -0.00389786 -1.02024698 -0.08417885
v -0.00364853 -1.02164257 -0.08482286
v -0.00562552 -1.02113926 -0.08565867
v -0.00525093 -1.02240598 -0.08555283
v -0.00646118 -1.01924789 -0.08535688
v -0.01054886 -1.04342175 -0.09570750
v -0.01034405 -1.04759347 -0.09373100
v -0.00130068 -1.00572085 -0.08206043
v -0.00631255 -1.00575340 -0.08261459
v -0.00715375 -1.00962019 -0.08298773
v -0.00266446 -1.01012957 -0.08244186
v 0.00217375 -1.01003945 -0.08065518
v 0.00413415 -1.00474977 -0.08019398
v -0.00929906 -1.01643920 -0.08502268
v -0.00075766 -1.00359249 -0.08168095
v -0.00015067 -1.00128651 -0.08075232
v 0.00494232 -1.00253654 -0.07958243
v 0.00541289 -1.00052142 -0.07849681
v 0.00949936 -1.00306737 -0.07740536
v 0.00798741 -1.00890744 -0.07838880
v 0.01441447 -1.00772929 -0.07588849
v 0.01423544 -1.00117445 -0.07422455
v 0.02295204 -0.99898690 -0.06991348
v 0.01802217 -0.99639928 -0.06864428
v 0.01813376 -0.99765563 -0.06958966
v 0.01758955 -0.99871731 -0.07076281
v 0.02163197 -1.00185430 -0.07171611
v 0.02645187 -1.00017393 -0.06915201
v 0.02471718 -1.00449204 -0.07129547
v 0.01914905 -1.00471568 -0.07370548
v 0.01654014 -0.99984050 -0.07216458
v 0.01677145 -0.99730611 -0.06929871
v 0.01581991 -0.99706471 -0.06883921
v 0.01639090 -0.99793255 -0.07028429
v 0.01547486 -0.99737263 -0.06961508
v 0.01559335 -0.99844646 -0.07140223
v 0.01486382 -0.99759579 -0.07049180
v 0.01367181 -0.99800283 -0.07177226
v 0.01404668 -0.99926913 -0.07302792
v 0.01403951 -0.99740773 -0.06707971
v 0.01293484 -0.99724567 -0.06794582
v 0.01281898 -0.99701929 -0.06920759
v 0.01390406 -0.99711478 -0.06821758
v 0.01474273 -0.99744910 -0.06651949
v 0.01450668 -0.99714863 -0.06764737
v 0.01509533 -0.99856508 -0.06442347
v 0.01402517 -0.99864459 -0.06505341
v -0.03618325 -0.96971983 0.01299300
v -0.04222706 -0.97411680 0.02741537
v 0.01537148 -0.99742061 -0.06593666
v 0.01523014 -0.99723852 -0.06687979
v 0.01502389 -0.99691653 -0.06817311
v 0.01482963 -0.99711734 -0.06866861
v 0.01424394 -0.99720025 -0.06937667
v 0.01318935 -0.99727583 -0.07036971
v 0.00577128 -0.99882555 -0.07681842
v 0.00955676 -0.99933159 -0.07544862
v 0.00962541 -0.99799061 -0.07360932
v 0.00609356 -0.99718785 -0.07435688
v 0.00961387 -0.99706542 -0.07181312
v 0.01026919 -1.00264692 -0.06295882
v 0.00621446 -0.99652278 -0.07240720
v 0.01350325 -1.00064731 -0.06294622
v 0.01483366 -1.00223947 -0.06098098
v 0.01179967 -0.99861789 -0.06652273
v 0.01672842 -1.00001633 -0.06113391
v 0.01568089 -1.00009084 -0.06153154
v 0.01804231 -1.00141978 -0.05912368
v 0.01666621 -1.00175452 -0.05992624
v 0.00991132 -0.99681228 -0.06992928
v 0.00965985 -1.00098467 -0.07658770
v 0.00073760 -0.99929857 -0.07891089
v -0.00468481 -0.99922347 -0.08022849
v -0.04246197 -1.04857588 -0.06055450
v -0.04167156 -1.04556990 -0.06119972
v -0.03763235 -1.04667354 -0.06297676
v -0.03856374 -1.04932368 -0.06237006
v -0.01066230 -1.03448009 -0.10050232
v -0.01054460 -1.03927040 -0.09794196
v 0.01434002 -0.99659777 -0.06836043
v 0.01864786 -0.92550153 -0.00959320
v -0.06690113 -1.05262184 0.02879905
v -0.06655211 -1.05324030 0.02742120
v -0.07086793 -1.07912433 0.04789180
v 0.01736649 -0.99513125 -0.06809035
v 0.01750742 -0.99290103 -0.05836594
v 0.01541738 -0.99551916 -0.06237014
v 0.02360410 -0.98662245 -0.06398650
v 0.01914240 -0.98184609 -0.06435265
v 0.01652002 -0.98553383 -0.06659368
v 0.02030918 -0.98943412 -0.06601070
v 0.01313982 -0.99111587 -0.06954512
v 0.01586394 -0.99338996 -0.06851386
v -0.07692694 -1.08121228 0.04334255
v 0.01450737 -0.99449068 -0.06912170
v 0.01193295 -0.99301243 -0.07043424
v 0.01092301 -0.99450660 -0.07098840
v 0.01352908 -0.99550581 -0.06929891
v 0.00916101 -0.99655831 -0.06981636
v 0.00446962 -0.99634778 -0.07168745
v 0.00504564 -0.99383754 -0.06620067
v 0.00996363 -0.99404573 -0.06477951
v 0.01421143 -0.99484199 -0.06320539
v 0.01286135 -0.99702775 -0.06745341
v -0.07218839 -1.08501077 0.04104912
v -0.07224925 -1.08615351 0.03572775
v -0.07053497 -1.08463478 0.03484095
v -0.07057765 -1.08304131 0.03941680
v 0.00964796 -0.99637949 -0.07064869
v 0.01296325 -0.99676222 -0.06835604
v 0.00468558 -0.99606109 -0.07274544
v 0.02874508 -0.92961204 -0.00691574
v 0.01308662 -0.99631441 -0.06908589
v 0.01005631 -0.99587071 -0.07094845
v 0.00535826 -0.99515045 -0.07331017
v 0.00633443 -0.99319780 -0.07350533
v 0.00731361 -0.99100685 -0.07322346
v 0.00837742 -0.98840332 -0.07191678
v 0.01075733 -0.98186171 -0.06778719
v 0.01248788 -0.97714001 -0.06566401
v 0.00461864 -0.97939962 -0.06869636
v 0.00573229 -0.97452646 -0.06728280
v 0.00286658 -0.98620039 -0.07377020
v 0.00188720 -0.98933566 -0.07588010
v 0.00119591 -0.99208272 -0.07593680
v 0.00059315 -0.99440837 -0.07543252
v -0.00858976 -1.01478457 -0.08427503
v -0.00697813 -1.02072620 -0.08673152
v -0.00847965 -1.02040529 -0.08878384
v -0.00674218 -1.02272654 -0.09517261
v -0.01139579 -1.01902914 -0.09045397
v -0.00439925 -1.02457237 -0.09546001
v -0.00616846 -1.02365935 -0.09648383
v -0.00577933 -1.02521455 -0.09783489
v -0.00445025 -1.02621305 -0.09691440
v -0.00771057 -1.02277732 -0.09731323
v -0.00675522 -1.02476215 -0.09864684
v -0.01182599 -1.02137160 -0.09800097
v -0.01159245 -1.02446032 -0.10080753
v -0.01091578 -1.03029811 -0.10202919
v -0.01140884 -1.02660322 -0.10183714
v -0.00548905 -1.02686715 -0.09876545
v -0.00396648 -1.02921367 -0.09764248
v -0.07975704 -1.08148086 0.04420436
v -0.00353422 -1.03275728 -0.09602866
v -0.00084805 -1.03127718 -0.09241454
v 0.00927849 -1.18971300 -0.01413048
v -0.00001633 -0.99566901 -0.07468134
v -0.00052071 -0.99613369 -0.07282133
v -0.06535923 -1.03996634 0.03082004
v -0.07268319 -1.06925893 0.04011023
v 0.00651919 -0.98535579 -0.05763199
v 0.00597447 -0.98904920 -0.06085579
v 0.00115812 -0.98851305 -0.06128257
v -0.07205945 -1.08611250 0.03293921
v -0.07547449 -1.08777595 0.03402998
v 0.00165153 -0.98498273 -0.05821915
v -0.00440253 -0.99591255 -0.07289308
v -0.07628578 -1.05936670 0.05175860
v -0.07967202 -1.08032703 0.04655660
v -0.07832294 -1.07875550 0.04533029
v -0.07407290 -1.07742918 0.02930702
v -0.06545515 -1.05240881 0.04589816
v -0.07224513 -1.05196595 0.04489792
v -0.07101119 -1.04904234 0.04371919
v -0.06507950 -1.05031824 0.04514456
v -0.06218208 -1.06441677 0.03628427
v -0.00358416 -0.99331331 -0.06698988
v 0.00017912 -0.99361545 -0.06699353
v -0.00460365 -0.99547338 -0.07500412
v -0.00427199 -0.99395537 -0.07599446
v -0.00384273 -0.99151993 -0.07681267
v -0.00256867 -0.98815113 -0.06125254
v -0.00194623 -0.98443687 -0.05814522
v -0.06369236 -1.04253876 0.02126201
v 0.01579278 -0.99119389 -0.05876945
v -0.06887825 -1.03560877 0.03889376
v -0.06950466 -1.03706336 0.04111663
v -0.00807579 -1.03898120 0.09048613
v -0.01063544 -1.05175447 0.09619756
v -0.07736361 -1.05968511 0.05547631
v 0.01697274 -0.98804504 -0.05614552
v 0.01101410 -0.98951793 -0.05995934
v 0.01189716 -0.98631406 -0.05715502
v -0.00075863 -0.97334468 -0.06873513
v -0.00154619 -0.97823632 -0.06948614
v -0.00343784 -0.98829895 -0.07646737
v -0.00279999 -0.98483455 -0.07404594
v 0.03553746 -1.18674839 0.05067675
v 0.05650553 -1.13097954 -0.05030534
v 0.05406886 -1.12241602 -0.05724581
v -0.07364877 -1.08174944 0.03633379
v 0.04583838 -1.12829804 -0.06376681
v 0.04868019 -1.13555980 -0.05813218
v 0.05840715 -1.14008760 -0.04412238
v 0.05027083 -1.14352870 -0.05204491
v 0.04330477 -1.18511617 -0.00007229
v 0.04104790 -1.18191957 -0.01352667
v 0.02078769 -1.18764353 -0.01470008
v 0.04087650 -1.18749154 0.01404240
v 0.05557206 -1.18107080 0.02187330
v 0.05394054 -1.18024933 0.00257798
v 0.05075215 -1.17728043 -0.01174365
v -0.06687577 -1.03989339 0.03248019
v -0.06609933 -1.03431904 0.03256784
v -0.06451167 -1.03438592 0.03037724
v -0.06859206 -1.07175910 0.03508172
v 0.04592247 -0.97636980 0.08046210
v 0.07288904 -1.12049603 0.07644379
v 0.04662123 -1.17360950 -0.02437503
v 0.03767329 -1.17745113 -0.02614054
v 0.03488573 -1.17209446 -0.03730727
v 0.04315018 -1.16918421 -0.03478728
v 0.01811297 -1.18220925 -0.02778246
v 0.00659898 -1.18404436 -0.02786157
v 0.04474988 -1.08572686 0.10236352
v -0.01006113 -1.05165315 -0.09193440
v 0.06347261 -1.01842928 0.05431751
v 0.06942803 -1.01502693 0.03583714
v 0.06899560 -0.95626318 0.02353030
v 0.07756636 -1.03779554 0.01120042
v 0.07738592 -1.03848231 0.01198401
v 0.06919242 -0.99606240 0.02092382
v 0.07006733 -1.01118088 0.01955371
v 0.05640712 -1.02118659 0.06707592
v 0.08850439 -1.05105543 0.01774782
v 0.08923583 -1.05504823 0.01800803
v 0.08976795 -1.05025244 0.01725011
v 0.09068260 -1.05445170 0.01776145
v 0.09078519 -1.05874693 0.01764062
v 0.09033550 -1.04846704 0.01661597
v 0.08302917 -1.08480513 0.00195402
v 0.08419548 -1.08625972 0.00048248
v -0.06446154 -1.04623842 0.04826691
v -0.06441774 -1.04861939 0.04902877
v 0.07625194 -1.03532887 0.00768031
v 0.07638371 -1.03631139 0.00909961
v -0.05333270 -1.05674028 0.03242828
v 0.07557628 -1.03567064 0.00853878
v 0.07511139 -1.03494012 0.00748052
v 0.07563202 -1.03405380 0.00642547
v 0.07474013 -1.03404474 0.00652266
v 0.08151037 -1.09904385 -0.00713976
v 0.07375625 -1.03461635 0.00989826
v 0.07640541 -1.03771448 0.01173163
v 0.07618123 -1.03688347 0.01035503
v 0.07502607 -1.03568971 0.00949833
v 0.07419135 -1.03421938 0.00760757
v 0.07387220 -1.03298056 0.00628412
v 0.07490376 -1.03254116 0.00596157
v -0.06719631 -1.04024315 0.04680182
v -0.06415832 -1.03422916 0.04145800
v -0.04557515 -0.97929269 0.04051231
v -0.04135994 -0.98424709 0.05338324
v -0.04213767 -0.97094750 0.05233307
v -0.04501718 -0.96528864 0.04008858
v -0.06525259 -1.05693090 0.01997356
v -0.06508706 -1.05033731 0.02405472
v -0.06509300 -1.04862881 0.02222310
v 0.09081251 -1.04751182 0.01714731
v 0.08172205 -1.03484833 0.00962704
v -0.01416324 -0.94936734 -0.01044157
v -0.01109237 -0.93634605 -0.00516169
v 0.08546869 -1.07839620 0.00920415
v 0.08606614 -1.07688582 0.01079628
v 0.08854027 -1.07883143 0.01142320
v 0.08786036 -1.08077741 0.00970611
v 0.07483268 -1.06258380 0.05918759
v 0.07870111 -1.07462561 0.06231755
v 0.03390864 -0.98232305 0.08617175
v 0.03334165 -0.99915040 0.08419354
v 0.08883776 -1.10515118 0.03898706
v 0.08488861 -1.07972753 0.00752847
v 0.08733979 -1.08224511 0.00801993
v 0.08953972 -1.05929291 0.01771840
v 0.08406981 -1.07909024 0.00787369
v 0.08467896 -1.07773888 0.00952266
v 0.08865935 -1.08424032 0.00890112
v 0.08934435 -1.08245540 0.01080537
v 0.08982854 -1.08037591 0.01279019
v 0.08524770 -1.07611728 0.01111501
v -0.06371678 -1.04222941 0.01725482
v -0.06493055 -1.03965914 0.00711482
v -0.06777991 -1.05526459 0.00444829
v -0.06515279 -1.05214143 0.01508465
v 0.08416811 -1.08453608 0.00898050
v 0.08730823 -1.13086545 0.00991776
v 0.08943959 -1.12746477 0.02465884
v 0.08457825 -1.14819705 0.01040453
v 0.08647589 -1.14575791 0.02611119
v 0.08541030 -1.14247477 0.04329318
v 0.08873031 -1.12326550 0.04198486
v 0.08291642 -1.08481622 0.00327951
v 0.08509558 -1.08731961 0.00048047
v 0.06036139 -1.14786220 -0.03808147
v 0.06755545 -1.14444911 -0.03129459
v 0.05149236 -1.15042162 -0.04585635
v 0.05243939 -1.15656209 -0.04035211
v 0.06084625 -1.15496075 -0.03252702
v 0.07135369 -1.15095794 -0.02123234
v 0.08385877 -1.11909759 -0.00238071
v 0.08315311 -1.13340795 -0.00434266
v 0.07739842 -1.13486362 -0.01739632
v -0.06470414 -1.07879591 -0.03870903
v -0.06539431 -1.08029342 -0.03400475
v -0.06526951 -1.07088900 -0.03216346
v -0.06411928 -1.07131147 -0.03659784
v 0.07924657 -1.14981306 -0.00480575
v 0.06796324 -1.16071713 -0.01608026
v 0.07474951 -1.16016054 -0.00209324
v 0.06096137 -1.16911352 -0.01255181
v 0.06635894 -1.17047095 0.00121906
v 0.06936166 -1.17102289 0.01698242
v 0.07979962 -1.15964973 0.01265182
v 0.06013992 -1.16135931 -0.02742622
v 0.05178943 -1.16197896 -0.03578846
v 0.05523701 -1.16758907 -0.02420089
v 0.05016984 -1.16637456 -0.03174406
v 0.07387654 -1.13521457 -0.02402100
v 0.06960208 -1.02667749 0.00811171
v 0.07003241 -1.02572548 0.00282831
v -0.03297547 -1.13324690 -0.07540384
v -0.02277019 -1.13334918 -0.07972118
v -0.02263989 -1.14252746 -0.07531506
v -0.03232419 -1.14193654 -0.07021938
v 0.07338068 -1.03615463 -0.00645471
v -0.01227404 -1.06041539 0.09981003
v -0.01344203 -1.07191133 0.10313874
v 0.00729498 -1.07107282 0.10520227
v 0.00762117 -1.06081319 0.10087235
v 0.06485506 -1.05366099 -0.04390823
v 0.06391164 -1.06727862 -0.04427376
v 0.07000468 -1.06117249 -0.03331761
v 0.06921081 -1.04600060 -0.03165752
v -0.02905923 -1.16328824 -0.05026816
v -0.01935523 -1.16477776 -0.05562644
v -0.01793645 -1.17168260 -0.04665383
v -0.02783832 -1.16979480 -0.04163925
v -0.05868393 -1.04820561 -0.04706303
v -0.06011765 -1.04187179 -0.04534717
v -0.05687990 -1.04054654 -0.04964029
v -0.05579627 -1.04703617 -0.05048466
v 0.06247197 -1.08060491 -0.04524177
v 0.06861433 -1.07526600 -0.03499997
v 0.06880635 -1.08960903 -0.03616666
v 0.06217028 -1.09530413 -0.04766955
v 0.08012912 -1.13936198 0.06052122
v 0.08271525 -1.12218714 0.06161093
v -0.06524113 -1.02979279 0.03061756
v -0.06435905 -1.03034425 0.02905741
v 0.08300854 -1.10994291 0.06234360
v 0.03723655 -1.10534096 -0.07697772
v -0.01612193 -1.17814374 -0.03588727
v -0.02646109 -1.17617607 -0.03126536
v 0.04139156 -1.16215324 0.08211473
v 0.03710195 -1.13102889 -0.07061970
v 0.07097349 -1.15927184 0.05828297
v 0.02154062 -1.00167084 0.08822940
v 0.05873309 -1.16581655 0.06564751
v 0.08185874 -1.15754175 0.02813076
v 0.08136195 -1.15439439 0.04264516
v 0.07638329 -1.15026355 0.05934843
v 0.08240776 -1.09401345 0.06341146
v 0.04240895 -1.16415107 -0.04140035
v 0.04830001 -1.07317650 -0.06623016
v 0.04786287 -1.06902623 -0.06429482
v 0.04791431 -1.07760477 -0.06882213
v 0.04618164 -1.06407022 -0.06453551
v 0.00456220 -1.04960585 -0.07792564
v 0.00382180 -1.04711163 -0.07942317
v 0.00318822 -1.04408717 -0.08070470
v 0.00754212 -1.04496312 -0.07716292
v 0.00672399 -1.04150927 -0.07821045
v -0.00101077 -1.04314613 -0.08561941
v -0.00031826 -1.04633093 -0.08375087
v 0.00235528 -1.04110730 -0.08208970
v 0.00172559 -1.03749931 -0.08325063
v -0.00130901 -1.03954518 -0.08721533
v 0.00682314 -1.02559614 -0.07780170
v 0.00804679 -1.03088701 -0.07703580
v 0.00507270 -1.03466940 -0.07971787
v 0.01076647 -1.03900349 -0.07669707
v 0.00959566 -1.03525591 -0.07714663
v 0.00589831 -1.03838623 -0.07911458
v 0.01211189 -1.04285789 -0.07585922
v 0.00219044 -1.03337502 -0.08503102
v 0.00268204 -1.02958083 -0.08759166
v -0.00114227 -1.03537321 -0.08976357
v -0.00355443 -1.03676879 -0.09324867
v -0.00384447 -1.04107308 -0.09072960
v 0.00850299 -1.04762614 -0.07599755
v 0.01347982 -1.04579163 -0.07514624
v 0.01332118 -1.03194571 -0.07611166
v 0.01792096 -1.02871180 -0.07573000
v 0.01549363 -1.03675818 -0.07602587
v 0.01983440 -1.03416967 -0.07578868
v 0.01684574 -1.04083538 -0.07540606
v 0.02139170 -1.03854680 -0.07509641
v 0.02211838 -1.02524400 -0.07522124
v 0.02575448 -1.02152920 -0.07399058
v 0.02924338 -1.01693916 -0.07185163
v 0.02865623 -1.02701569 -0.07396632
v 0.03263927 -1.02202058 -0.07157608
v 0.03077155 -1.03256142 -0.07355762
v 0.03540132 -1.02803373 -0.07130874
v -0.02251137 -1.05445039 -0.07389148
v -0.02242360 -1.05691743 -0.07142387
v -0.02572263 -1.05405390 -0.06865051
v -0.02550414 -1.05152524 -0.07049941
v -0.02119033 -1.10328078 -0.08595808
v -0.02227454 -1.11166561 -0.08452215
v -0.03099156 -1.11188412 -0.08142248
v -0.02947816 -1.10361767 -0.08332022
v 0.02455224 -1.03086734 -0.07520320
v 0.02636652 -1.03572381 -0.07457618
v 0.02285868 -1.04278898 -0.07443602
v 0.01833481 -1.04451621 -0.07477967
v 0.03231142 -1.04468977 -0.07282698
v 0.03190555 -1.03863907 -0.07314286
v 0.02744776 -1.04084980 -0.07391544
v 0.02819350 -1.04585266 -0.07347360
v 0.03723504 -1.03531086 -0.07121131
v 0.03699295 -1.04333568 -0.07156367
v 0.03638285 -1.04877508 -0.07136633
v 0.02210692 -1.05436826 -0.07370054
v 0.01711949 -1.05475926 -0.07352746
v 0.02576343 -1.05437851 -0.07337946
v 0.03222063 -1.04913044 -0.07254783
v 0.02861032 -1.04953766 -0.07329782
v 0.04119028 -1.05803609 -0.06785417
v 0.03856116 -1.05659783 -0.06946548
v 0.03233611 -1.05495214 -0.07211456
v 0.02930827 -1.05459559 -0.07286634
v 0.03559299 -1.05567741 -0.07092939
v 0.01256819 -1.05623555 -0.07303115
v 0.00792465 -1.05812585 -0.07263733
v 0.06807822 -0.99995452 0.03556463
v -0.00386075 -1.04493082 -0.08913196
v -0.00355215 -1.04844642 -0.08728191
v 0.00355309 -1.07411993 -0.07913552
v 0.00184127 -1.07156181 -0.07706548
v -0.00517053 -1.06996787 -0.08344815
v 0.00705883 -1.07715094 -0.08350702
v 0.00465864 -1.06046391 -0.07281131
v -0.02961908 -1.05175388 -0.06604801
v -0.02883079 -1.04947615 -0.06737074
v 0.00269264 -1.06296968 -0.07313062
v 0.00146993 -1.06560409 -0.07401454
v 0.00100169 -1.06868887 -0.07524655
v -0.02171207 -1.15056574 -0.06947685
v -0.03127456 -1.14961708 -0.06384203
v -0.01691580 -1.19174099 0.01543601
v -0.01898454 -1.19039989 0.00742899
v -0.00792145 -1.19343400 0.00500773
v -0.00649917 -1.19518209 0.01744078
v 0.01693158 -1.09146738 -0.08949690
v 0.01373537 -1.08422804 -0.08972911
v 0.04992903 -1.11390007 -0.06452394
v 0.05440218 -1.10602736 -0.05989601
v 0.03980195 -1.08998239 -0.07764456
v 0.04374611 -1.08630097 -0.07476397
v 0.04651985 -1.08198106 -0.07171494
v 0.05678651 -1.09474325 -0.05547423
v 0.05807618 -1.08239698 -0.05277018
v 0.05929759 -1.07088327 -0.05110095
v -0.05183524 -1.06880140 0.07150346
v -0.05791216 -1.06460571 0.05769636
v -0.06061458 -1.07668638 0.05763438
v -0.05579339 -1.08565307 0.07167499
v 0.04053691 -1.14593172 -0.05929196
v -0.02418660 -0.95662212 -0.00004691
v -0.02117958 -0.94378269 0.00427780
v 0.02089636 -0.98678774 0.08892740
v 0.04127303 -1.15258527 -0.05338757
v 0.03897490 -1.13859963 -0.06474745
v 0.03289047 -1.16636169 -0.04541580
v 0.03169630 -1.16071916 -0.05285062
v 0.04202190 -1.15855992 -0.04748897
v 0.03096613 -1.15450251 -0.05924462
v 0.03050390 -1.14775944 -0.06495740
v 0.02911423 -1.14046800 -0.07055481
v 0.02753716 -1.13257921 -0.07603852
v 0.02516762 -1.12310410 -0.08059847
v 0.06088623 -1.00321722 0.05332896
v -0.00506507 -1.03383923 -0.08488786
v -0.00589770 -1.03379416 -0.08545246
v -0.06114615 -1.09920573 -0.05174896
v -0.06251366 -1.10547733 -0.04759851
v -0.06445591 -1.09893847 -0.04217608
v -0.06304345 -1.09363556 -0.04676885
v -0.00599194 -1.03360498 -0.08407433
v -0.00681045 -1.03354013 -0.08461098
v -0.00694932 -1.03227937 -0.08391613
v -0.00563189 -1.02446270 -0.08500092
v -0.00702745 -1.02658141 -0.08385157
v -0.00745784 -1.03023505 -0.08351672
v 0.07278250 -1.02948344 -0.00299379
v -0.01961062 -1.09006715 -0.08765603
v -0.02688859 -1.09016514 -0.08585230
v -0.02477263 -1.08371603 -0.08565658
v -0.01864817 -1.08362472 -0.08725591
v -0.06369257 -1.06398237 -0.03580686
v -0.06550076 -1.06155825 -0.03193439
v -0.06488971 -1.05259955 -0.03515302
v -0.06273872 -1.05630922 -0.03830073
v -0.06060332 -1.05024719 -0.04375566
v -0.06236737 -1.04438591 -0.04165559
v -0.03249796 -1.12219369 -0.07933995
v -0.02286704 -1.12241745 -0.08283892
v -0.06522693 -1.09008038 -0.03735917
v -0.06410681 -1.08649337 -0.04230910
v -0.02051198 -1.05710340 -0.07785302
v -0.02041757 -1.05925262 -0.07441898
v -0.01880936 -1.06326199 -0.07849791
v -0.01655345 -1.06191146 -0.08502866
v -0.01630993 -1.06610298 -0.08458111
v -0.01853568 -1.06660748 -0.08020709
v -0.04584143 -1.10451078 -0.07238232
v -0.04749742 -1.11241317 -0.06983138
v -0.05394310 -1.11192131 -0.06275002
v -0.05240719 -1.10445368 -0.06558244
v -0.03031587 -1.15667725 -0.05755755
v -0.02052110 -1.15749514 -0.06293602
v -0.01700421 -1.07550943 -0.08554889
v -0.02089788 -1.07584500 -0.08307155
v -0.01954388 -1.07252848 -0.08163170
v -0.01669382 -1.07226098 -0.08471669
v -0.03324700 -1.04782367 -0.06505558
v -0.03411816 -1.05021894 -0.06427696
v -0.05531254 -1.02976978 0.03162323
v -0.05718610 -1.02925253 0.03166689
v -0.06725732 -1.07383037 0.01409655
v -0.06576120 -1.06287205 0.01429098
v -0.06855406 -1.06856322 0.00294523
v -0.06913954 -1.08203530 0.00275576
v -0.07219192 -1.09379625 0.00462431
v -0.07307155 -1.10400176 0.00873360
v -0.07111227 -1.08993542 0.01848633
v -0.06994192 -1.08295190 0.01508654
v -0.03393347 -0.97547710 0.06250646
v -0.03079186 -0.98818499 0.06410329
v -0.01694536 -1.05832648 -0.08697300
v -0.01726986 -1.05486274 -0.08881655
v 0.00500612 -1.11498833 0.10899729
v 0.00579306 -1.10092628 0.11004826
v -0.01580266 -1.10340726 0.10545237
v -0.01683141 -1.11659145 0.10493929
v -0.04906576 -1.05752575 0.06880194
v -0.05522602 -1.05542958 0.05570799
v -0.02252495 -1.02760959 -0.08426167
v -0.01872540 -1.03318620 -0.08143769
v -0.01860532 -1.02983165 -0.08012473
v -0.01847656 -1.03247118 -0.08118334
v -0.02263723 -1.02424967 -0.08540373
v -0.02498971 -1.02336240 -0.08598529
v -0.01916226 -1.02604830 -0.07924420
v -0.01843243 -1.02614498 -0.08004393
v -0.01790977 -1.03006649 -0.08063838
v -0.01995411 -1.03343117 -0.08186319
v -0.01543315 -1.01948535 -0.09245494
v -0.01661378 -1.02037406 -0.09543669
v -0.02020741 -1.02181745 -0.09391867
v -0.01830871 -1.02078903 -0.09193847
v -0.01679992 -1.03231335 -0.08299099
v -0.01590149 -1.02990794 -0.08351618
v -0.01808218 -1.02636266 -0.08971918
v -0.01927538 -1.03079879 -0.08632256
v -0.01913984 -1.03333473 -0.08405685
v -0.01977361 -1.02709782 -0.08872245
v -0.01806879 -1.02168930 -0.08494005
v -0.02114996 -1.02748799 -0.08683137
v -0.06890870 -1.04428244 0.03832715
v -0.04702961 -0.99128872 0.02164447
v -0.05036442 -1.00815988 0.02756989
v -0.04891485 -1.00845230 0.03301691
v -0.04630373 -0.99173009 0.03052749
v -0.07078043 -1.07133675 0.03702740
v -0.06938827 -1.10923028 -0.02391975
v -0.07023661 -1.12310052 -0.01631738
v -0.07232715 -1.11368358 -0.00221981
v -0.07244205 -1.10164738 -0.00590735
v -0.06967228 -1.13418663 -0.01003577
v -0.07207759 -1.12589836 0.00317568
v -0.07259272 -1.11567581 0.01496245
v -0.07030153 -1.09808576 0.03237702
v -0.05035391 -1.06269157 -0.05624381
v -0.05058507 -1.06243038 -0.05633622
v -0.04930683 -1.06188273 -0.05781578
v -0.04927781 -1.06208384 -0.05766578
v -0.04979152 -1.06290233 -0.05570563
v -0.04859262 -1.06220913 -0.05693441
v -0.05048273 -1.06353033 -0.05470920
v -0.05111049 -1.06322587 -0.05508152
v -0.05138497 -1.06293404 -0.05511521
v -0.03398015 -1.06300616 -0.06306708
v -0.03453667 -1.06345809 -0.06227458
v -0.03717398 -1.06245661 -0.06183369
v -0.03671220 -1.06218672 -0.06304437
v -0.03377657 -1.06261635 -0.06349702
v -0.03668125 -1.06180453 -0.06344253
v -0.03667337 -1.06632113 -0.05658972
v -0.03611459 -1.06662726 -0.05664509
v -0.03746005 -1.06592631 -0.05643056
v -0.03166201 -1.06541395 -0.06157893
v -0.03174131 -1.06634557 -0.06187923
v -0.03569141 -1.06726372 -0.05689501
v -0.03567407 -1.06682563 -0.05667483
v -0.03215925 -1.06495476 -0.06162845
v -0.03059520 -1.06473053 -0.06203949
v -0.02946357 -1.06507444 -0.06187937
v -0.02956181 -1.06635785 -0.06233718
v -0.04174719 -1.06065977 -0.06227101
v -0.04188047 -1.05981708 -0.06216697
v -0.03729221 -1.06016552 -0.06341394
v -0.03695299 -1.06110954 -0.06353836
v -0.04157835 -1.06119299 -0.06220297
v -0.04474545 -1.06142139 -0.06063820
v -0.04481189 -1.06085169 -0.06070933
v -0.04486092 -1.06004608 -0.06056255
v -0.03401991 -1.06114602 -0.06400223
v -0.03391501 -1.06213522 -0.06386273
v -0.04482202 -1.05934858 -0.06041752
v -0.04201592 -1.05910432 -0.06194528
v -0.03741822 -1.05943334 -0.06327832
v -0.03398344 -1.06064296 -0.06404227
v -0.03101091 -1.06205392 -0.06421625
v -0.03218730 -1.06233776 -0.06400669
v -0.04193440 -1.05829215 -0.06164125
v -0.04175662 -1.05734098 -0.06142063
v -0.03707436 -1.05758059 -0.06300829
v -0.03730097 -1.05857885 -0.06307906
v -0.04476380 -1.05860531 -0.06000545
v -0.04460570 -1.05768824 -0.05976123
v -0.05215841 -1.06332755 -0.05335124
v -0.05247192 -1.06399572 -0.05243345
v -0.05247459 -1.06342149 -0.05249997
v -0.05226328 -1.06288671 -0.05297180
v -0.05411179 -1.06132746 -0.04905690
v -0.05469994 -1.06284761 -0.04808144
v -0.05598314 -1.06239796 -0.04640160
v -0.05510606 -1.06071055 -0.04756828
v -0.06191693 -1.05278611 -0.04070746
v -0.05715007 -1.05795312 -0.04605042
v -0.05819982 -1.05982006 -0.04413948
v -0.05185628 -1.06293535 -0.05417126
v -0.05138462 -1.06247342 -0.05509373
v -0.05175927 -1.06332076 -0.05418085
v -0.05200898 -1.06382287 -0.05324521
v -0.05193954 -1.06231356 -0.05375316
v -0.05143024 -1.06180477 -0.05482534
v -0.05064619 -1.06204772 -0.05630253
v -0.05065791 -1.06124353 -0.05610877
v -0.04930636 -1.06065977 -0.05765101
v -0.04927005 -1.06145763 -0.05782484
v -0.04742447 -1.06110692 -0.05920106
v -0.04770457 -1.06165957 -0.05902439
v -0.04744385 -1.06030011 -0.05902515
v -0.04935357 -1.06003058 -0.05732486
v -0.04748988 -1.05962229 -0.05880507
v -0.05062089 -1.06062102 -0.05569816
v -0.05144867 -1.06130290 -0.05439071
v -0.05199515 -1.06194687 -0.05324030
v -0.05245608 -1.06254435 -0.05240430
v -0.05276407 -1.06332362 -0.05184244
v -0.05217734 -1.06152606 -0.05253498
v -0.05261675 -1.06093490 -0.05152058
v -0.05168093 -1.06010699 -0.05299611
v -0.05152838 -1.06080794 -0.05383443
v -0.05280294 -1.06227350 -0.05153027
v -0.05337435 -1.06185567 -0.05033219
v -0.05069394 -1.06015027 -0.05517244
v -0.05063065 -1.05947793 -0.05461533
v -0.04916697 -1.05877864 -0.05636486
v -0.04931033 -1.05946541 -0.05687024
v -0.04744490 -1.05900097 -0.05838944
v -0.04742458 -1.05815864 -0.05793553
v -0.04147738 -1.06135178 -0.06195913
v -0.04099062 -1.06170845 -0.06090347
v -0.04428440 -1.06153417 -0.05952293
v -0.04472070 -1.06157422 -0.06035820
v -0.04768024 -1.06178689 -0.05886138
v -0.04698605 -1.06171012 -0.05814160
v -0.04391922 -1.06169319 -0.05842187
v -0.04157610 -1.06490135 -0.05519131
v -0.04281005 -1.06493986 -0.05457443
v -0.04640027 -1.06185758 -0.05717994
v -0.04096377 -1.06199956 -0.05966166
v -0.04008770 -1.06503117 -0.05577505
v -0.03774034 -1.06285095 -0.06055415
v -0.03862862 -1.06541026 -0.05621818
v -0.03514216 -1.06365895 -0.06139285
v -0.04327897 -1.07316661 -0.06397204
v -0.04336936 -1.07326925 -0.06433064
v -0.04764650 -1.07283020 -0.06262313
v -0.04718711 -1.07264102 -0.06223223
v -0.02802795 -1.07323694 0.09577217
v -0.02914239 -1.08955336 0.09816933
v -0.01526950 -1.08668458 0.10562594
v -0.04969772 -1.07065499 -0.06019524
v -0.04960502 -1.07162380 -0.06003065
v -0.05163323 -1.07067156 -0.05798612
v -0.05144970 -1.06983447 -0.05795033
v -0.04981110 -1.06962657 -0.06035976
v -0.05112645 -1.06881344 -0.05792524
v -0.04755405 -1.07043481 -0.06282743
v -0.04744904 -1.07157016 -0.06261057
v -0.04720148 -1.07242990 -0.06226107
v -0.04991310 -1.06820095 -0.05369167
v -0.04939603 -1.06908393 -0.05468731
v -0.05015751 -1.06867480 -0.05596604
v -0.05086535 -1.06807590 -0.05440144
v -0.05040051 -1.06760895 -0.05283129
v -0.05130897 -1.06747484 -0.05326746
v -0.04493584 -1.06787944 -0.05232401
v -0.04467004 -1.06820679 -0.05274731
v -0.04425706 -1.06860673 -0.05332900
v -0.04505333 -1.06759202 -0.05206198
v -0.04508111 -1.06731892 -0.05193900
v -0.04507323 -1.06704211 -0.05191072
v -0.04500276 -1.06675577 -0.05201015
v -0.06314062 -1.03649902 -0.03688769
v -0.06372075 -1.04782987 -0.03832699
v -0.06487009 -1.04050195 -0.03320723
v -0.05143500 -1.06367660 -0.05407063
v -0.05173410 -1.06420720 -0.05316534
v -0.05080862 -1.06403327 -0.05380628
v -0.05113106 -1.06458569 -0.05304686
v -0.05209150 -1.06492198 -0.05233622
v -0.05245102 -1.06466222 -0.05223036
v -0.04904588 -1.06301868 -0.05505502
v -0.04427469 -1.06544769 -0.05343430
v -0.04461763 -1.06580544 -0.05300036
v -0.04960572 -1.06382406 -0.05419679
v -0.04791212 -1.06233895 -0.05606823
v -0.04366275 -1.06513691 -0.05397858
v -0.04480361 -1.06611490 -0.05261381
v -0.04492780 -1.06644583 -0.05226096
v -0.04981438 -1.06433153 -0.05349200
v -0.05013590 -1.06488717 -0.05278936
v -0.05142198 -1.06531084 -0.05254135
v -0.05047951 -1.06607509 -0.05202682
v -0.05055801 -1.06658864 -0.05209054
v -0.05153748 -1.06586409 -0.05241058
v -0.05158886 -1.06638551 -0.05238859
v -0.05034911 -1.06552720 -0.05221243
v -0.05053830 -1.06710052 -0.05233535
v -0.05150314 -1.06688261 -0.05268762
v -0.05267300 -1.06420016 -0.05202678
v -0.05261650 -1.06506133 -0.05187938
v -0.05301798 -1.06621647 -0.05144637
v -0.05298924 -1.06433773 -0.05143312
v -0.05350910 -1.06448400 -0.05061612
v -0.05316722 -1.06320775 -0.05085417
v -0.05387127 -1.06695485 -0.05100878
v -0.05488991 -1.06759584 -0.05013826
v -0.05448375 -1.06467140 -0.04931974
v -0.05388885 -1.06312561 -0.04962865
v -0.05228491 -1.06554413 -0.05202472
v -0.05239831 -1.06624818 -0.05185704
v -0.05352230 -1.06774032 -0.05252081
v -0.05427336 -1.06863463 -0.05246539
v -0.05293232 -1.06713748 -0.05263422
v -0.05266539 -1.06767344 -0.05401654
v -0.05297386 -1.06840968 -0.05414087
v -0.05361735 -1.06914926 -0.05416197
v -0.05236723 -1.06900454 -0.05594008
v -0.05286914 -1.06981790 -0.05604343
v -0.05207562 -1.06818795 -0.05575501
v -0.05235799 -1.06690586 -0.05261834
v -0.05207183 -1.06739950 -0.05376503
v -0.05160794 -1.06794739 -0.05524288
v -0.05084100 -1.06820488 -0.05735537
v -0.04931787 -1.06887794 -0.05984885
v -0.04840712 -1.06930447 -0.05815973
v -0.04709065 -1.06979215 -0.06229134
v -0.04592375 -1.06983542 -0.06040260
v -0.04409449 -1.07363129 -0.06551255
v -0.04881021 -1.07349813 -0.06369403
v -0.04543965 -1.07020462 -0.05872434
v -0.04229758 -1.06913447 -0.05522434
v -0.04081051 -1.06911385 -0.05609927
v -0.04244979 -1.07007575 -0.06036356
v -0.03244173 -1.06692684 -0.06232549
v -0.03337478 -1.06763065 -0.06268737
v -0.03637296 -1.06789494 -0.05717391
v -0.03595106 -1.06755185 -0.05703611
v -0.03108446 -1.06685698 -0.06326575
v -0.03255300 -1.06749582 -0.06369948
v -0.03695005 -1.06925952 -0.06242807
v -0.03809813 -1.06866395 -0.05716115
v -0.03699420 -1.06828976 -0.05726548
v -0.03500786 -1.06847286 -0.06248365
v -0.03666244 -1.06932855 -0.06440865
v -0.03409576 -1.06827736 -0.06401580
v -0.04287560 -1.07007182 -0.06228442
v 0.00044636 -1.14942873 0.09949457
v 0.00261313 -1.13479340 0.10530334
v -0.01822940 -1.13460302 0.10111211
v -0.01963609 -1.14743781 0.09623113
v -0.04768763 -1.06972778 -0.05678654
v -0.04346786 -1.06894529 -0.05426008
v -0.03075906 -1.14702916 0.09073454
v -0.03113055 -1.15498018 0.08638465
v -0.02175277 -1.15791845 0.08935872
v -0.01617840 -1.00557685 0.07804952
v -0.00578621 -0.99341524 0.08531189
v -0.02918654 -1.06641555 -0.06468711
v -0.03101428 -1.06761301 -0.06495912
v -0.02797795 -1.06529415 -0.06449670
v -0.02731695 -1.06504977 -0.06483141
v -0.02847903 -1.06643462 -0.06496382
v -0.03007534 -1.06774485 -0.06519066
v -0.03329201 -1.06871474 -0.06514192
v -0.03266490 -1.06888795 -0.06572449
v -0.03634278 -1.07010341 -0.06626765
v -0.03641739 -1.06956780 -0.06578689
v -0.04348649 -1.07025874 -0.06424550
v -0.04372614 -1.07094455 -0.06486579
v -0.03580882 -1.07088852 -0.06598049
v -0.03206436 -1.06938958 -0.06543197
v -0.03523638 -1.07173681 -0.06570816
v -0.03184715 -1.07031929 -0.06539789
v -0.04329671 -1.07283568 -0.06413812
v -0.04359281 -1.07198322 -0.06453712
v -0.03079143 -1.06310654 -0.06388044
v -0.02871136 -1.06336868 -0.06434249
v -0.03130424 -1.06356120 -0.06362909
v -0.02901312 -1.06382918 -0.06398112
v -0.03236359 -1.06412959 -0.06240894
v -0.02809534 -1.06420648 -0.06408118
v -0.02754727 -1.06389487 -0.06456668
v -0.03324024 -1.06436133 -0.06179666
v -0.02768320 -1.06652594 -0.06491201
v -0.02640257 -1.06483996 -0.06509786
v -0.02630360 -1.06709743 -0.06464241
v -0.02559432 -1.06502318 -0.06505679
v -0.02876822 -1.06918681 -0.06486372
v -0.02927437 -1.06812823 -0.06485717
v -0.02656241 -1.06368589 -0.06482768
v -0.02716623 -1.06317079 -0.06471672
v -0.02586310 -1.06354356 -0.06505191
v -0.02648044 -1.06288397 -0.06491293
v -0.03368963 -1.05987358 -0.06406808
v -0.03333244 -1.05907631 -0.06405143
v -0.03039539 -1.06137896 -0.06450030
v -0.02972982 -1.06082153 -0.06456913
v -0.04140021 -1.05632412 -0.06119953
v -0.04431585 -1.05664742 -0.05948157
v -0.04073811 -1.05516887 -0.06111074
v -0.04400271 -1.05533898 -0.05925310
v -0.03603221 -1.05554307 -0.06301133
v -0.03665430 -1.05654216 -0.06292158
v -0.02043488 -0.93491697 0.00691940
v -0.05320902 -1.06011236 -0.05051302
v -0.05387371 -1.05914164 -0.04944503
v -0.05272467 -1.05791759 -0.05139097
v -0.05203943 -1.05925846 -0.05211581
v -0.05073414 -1.05852163 -0.05388986
v -0.05096864 -1.05702448 -0.05342139
v -0.04890140 -1.05625641 -0.05553871
v -0.04901151 -1.05773664 -0.05587346
v -0.04722342 -1.05715394 -0.05750655
v -0.04682274 -1.05561399 -0.05729754
v -0.05553230 -1.06457067 -0.04753070
v -0.05679635 -1.06793046 -0.04770643
v -0.05707370 -1.06434631 -0.04568566
v -0.05865996 -1.06803870 -0.04526957
v -0.02480219 -1.06789291 -0.06556884
v -0.02434041 -1.06543589 -0.06522503
v -0.02325008 -1.06835723 -0.06753655
v -0.02317217 -1.06561363 -0.06666642
v -0.02510059 -1.07104945 -0.06896475
v -0.02657202 -1.07051122 -0.06656306
v -0.02502456 -1.06343865 -0.06528427
v -0.02570431 -1.06255007 -0.06510872
v -0.02381157 -1.06332815 -0.06592862
v -0.02471895 -1.06189251 -0.06551415
v -0.03268225 -1.05818665 -0.06412388
v -0.03204826 -1.05725622 -0.06414760
v -0.02907316 -1.06013632 -0.06473566
v -0.02807423 -1.05921531 -0.06485629
v -0.02661730 -1.06133699 0.09205109
v -0.03035384 -1.10568595 0.09809719
v -0.05633570 -1.07819414 -0.06126578
v -0.05376428 -1.07538056 -0.06144621
v -0.05074659 -1.07594752 -0.06459705
v -0.05332864 -1.07934856 -0.06545390
v -0.05920583 -1.08241677 -0.05969955
v -0.06069435 -1.07946444 -0.05572829
v -0.05819016 -1.07642722 -0.05738034
v -0.05583820 -1.07414937 -0.05837601
v -0.05772870 -1.07060027 -0.04914670
v -0.05631313 -1.07018280 -0.05108223
v -0.05671153 -1.07159781 -0.05287805
v -0.05840909 -1.07245290 -0.05131795
v -0.05975128 -1.07097721 -0.04683512
v -0.06072188 -1.07363713 -0.04921580
v -0.05847437 -1.07427931 -0.05423269
v -0.05648518 -1.07273102 -0.05545688
v -0.06100700 -1.07619298 -0.05240543
v -0.03379885 -1.07475543 -0.07014022
v -0.03422199 -1.07342696 -0.06791546
v -0.03069285 -1.07203794 -0.06695168
v -0.02934724 -1.07276452 -0.06829307
v -0.03305872 -1.07602978 -0.07258098
v -0.02762381 -1.07351148 -0.07062887
v -0.04728662 -1.07905209 -0.06980682
v -0.04566506 -1.07615376 -0.06773841
v -0.03492062 -1.07222724 -0.06564173
v -0.03270091 -1.07124662 -0.06558684
v -0.03477208 -1.07240522 -0.06577501
v -0.03197853 -1.07116842 -0.06553424
v -0.04369907 -1.16254413 0.06936190
v -0.04856289 -1.16638994 0.05666162
v -0.03185041 -1.17835093 0.05702788
v -0.02801548 -1.17271876 0.06995353
v -0.04968722 -1.07193589 -0.06011413
v -0.05031722 -1.07232523 -0.06045931
v -0.05242396 -1.07152450 -0.05836274
v -0.05182530 -1.07103670 -0.05815248
v -0.05323098 -1.07036114 -0.05614775
v -0.05390416 -1.07088804 -0.05622606
v -0.05463304 -1.07021952 -0.05414633
v -0.05407550 -1.06980944 -0.05433963
v -0.05446178 -1.06934774 -0.05294217
v -0.05498902 -1.06946445 -0.05241042
v -0.03249081 -1.07186508 -0.06624942
v -0.03479054 -1.07257724 -0.06638779
v -0.03100341 -1.13551271 0.09415833
v -0.05532308 -1.12035108 -0.05861775
v -0.06001191 -1.11811066 -0.04972676
v -0.05893636 -1.11046505 -0.05492429
v -0.05168087 -1.07314503 -0.06118966
v -0.05376362 -1.07245767 -0.05864006
v -0.05495965 -1.07167792 -0.05611240
v -0.05546425 -1.07092822 -0.05388556
v -0.05562080 -1.07026350 -0.05241337
v -0.06442975 -1.04570448 0.02256722
v -0.06460345 -1.04611290 0.02459707
v -0.06699828 -1.06068373 0.04896228
v -0.06606403 -1.06689084 0.04650377
v -0.06517747 -1.07022810 0.04427372
v -0.07020889 -1.07693946 0.03024585
v -0.07291338 -1.08073735 0.03314247
v -0.07198301 -1.04159522 0.04590863
v -0.06952840 -1.03913355 0.04203749
v -0.07187795 -1.04259264 0.04634674
v -0.07758269 -1.07910502 0.04538995
v -0.07749981 -1.07769871 0.04717991
v -0.07844613 -1.07732821 0.04708254
v -0.02157755 -1.03713179 0.08394955
v -0.02452506 -1.05194020 0.08861250
v -0.07760289 -1.07588172 0.04888390
v -0.06600107 -1.05147910 0.02681124
v -0.06812258 -1.06017447 0.04953219
v -0.06953435 -1.05989623 0.05168421
v -0.07024348 -1.05469155 0.05265399
v -0.06962411 -1.05505908 0.05166528
v -0.06956049 -1.04951739 0.05131454
v -0.06910318 -1.05021763 0.05058727
v -0.07288978 -1.04576397 0.04867814
v -0.07398885 -1.04989755 0.05041834
v -0.07391169 -1.08141637 0.03446960
v -0.07345721 -1.08035958 0.03314127
v -0.07449950 -1.08137310 0.03481776
v -0.06649244 -1.05050087 0.02854967
v -0.06835033 -1.07498932 0.03019353
v -0.06760693 -1.07280505 0.02931151
v -0.06727978 -1.07321930 0.02962703
v -0.06263942 -1.05631590 0.03048665
v -0.06263611 -1.05727994 0.03052947
v -0.06384585 -1.05466735 0.03086051
v -0.06645045 -1.05287313 0.03022340
v -0.06008601 -1.04552817 0.03055012
v -0.05918540 -1.04474711 0.03246267
v -0.05964758 -1.04356503 0.03203991
v -0.07604145 -1.08845067 0.03749106
v -0.06772633 -1.07178140 0.02926840
v -0.06907502 -1.07291114 0.02935972
v -0.06982097 -1.07404709 0.02939560
v -0.07519957 -1.08105159 0.03528999
v -0.07012986 -1.07502520 0.02948254
v -0.06934103 -1.07493949 0.02946771
v -0.07089617 -1.07674336 0.03020058
v -0.06879215 -1.07494688 0.02970983
v -0.06415047 -1.05199695 0.04454476
v -0.06307011 -1.05134332 0.04224892
v -0.06609029 -1.06704760 0.01983466
v -0.06641862 -1.06533813 0.02263998
v -0.06893284 -1.03818703 0.03987081
v -0.06502311 -1.07666147 0.03899168
v -0.06503802 -1.07982123 0.03984326
v -0.07527356 -1.05465531 0.05156862
v -0.07091209 -1.04716992 0.04195606
v -0.06901194 -1.04616332 0.03986236
v -0.07282642 -1.04854012 0.04393924
v -0.07403944 -1.05154288 0.04536710
v -0.06265841 -1.06652474 0.03453109
v -0.07319744 -1.07150543 0.04046379
v -0.07375217 -1.06942725 0.04217070
v -0.07197440 -1.07129240 0.03860211
v -0.06669478 -1.08285630 0.03747582
v -0.06722724 -1.08247375 0.03522160
v -0.06633464 -1.07772827 0.03704571
v -0.06694997 -1.08063745 0.03497248
v -0.06201159 -1.04895616 0.03065674
v -0.06107241 -1.04357541 0.03447410
v -0.06050347 -1.04586196 0.03508327
v -0.06201109 -1.04375291 0.03559503
v -0.06167834 -1.04505718 0.03680943
v -0.06188568 -1.04679489 0.03831955
v -0.06212347 -1.04895461 0.03946298
v -0.06210660 -1.05158067 0.03968904
v -0.06145534 -1.05325925 0.03047386
v -0.07023261 -1.08050942 0.02526664
v -0.06097034 -1.05141449 0.03052501
v -0.06290707 -1.05485392 0.03061605
v -0.06301484 -1.05298448 0.03059183
v -0.06269380 -1.05097866 0.03045732
v -0.06716892 -1.04229414 0.03370502
v -0.06766787 -1.04425836 0.03582233
v -0.06585257 -1.04287040 0.03264560
v -0.06789533 -1.04522371 0.03804703
v -0.06476138 -1.04300404 0.03207323
v -0.06581978 -1.07769489 0.03764617
v -0.06639597 -1.08078992 0.03693329
v -0.06490156 -1.04871690 0.02004273
v -0.06658519 -1.04667342 -0.02920493
v -0.06747705 -1.05724466 -0.02559562
v -0.03000558 -0.99299699 -0.04640893
v -0.02926125 -0.98990476 -0.04631183
v -0.06059141 -1.03264022 -0.04113381
v -0.05676621 -1.02901828 -0.04670246
v -0.03165133 -0.99566102 -0.05915255
v -0.03086158 -0.99491584 -0.05918583
v -0.03003563 -0.99542749 -0.05958822
v -0.03072807 -0.99587375 -0.05929727
v -0.02834478 -0.99655843 -0.05841169
v -0.02895101 -0.99662095 -0.05760216
v -0.02933150 -0.99636984 -0.05838931
v -0.02880392 -0.99629676 -0.05913623
v -0.03609648 -1.01101613 -0.06340152
v -0.03915741 -1.01546800 -0.06163282
v -0.04147467 -1.01130331 -0.05904041
v -0.03847238 -1.00737596 -0.06097481
v -0.02911798 -0.99694127 -0.05001144
v -0.02909857 -0.99837989 -0.05081122
v -0.02889095 -0.99744260 -0.05476306
v -0.02907131 -0.99696428 -0.05421991
v -0.02879594 -0.99443960 -0.04957451
v -0.02871799 -0.99582839 -0.05355121
v -0.03025452 -0.99681652 -0.04713091
v -0.02985569 -0.99914795 -0.04811265
v -0.03936044 -0.99021327 -0.05226409
v -0.03641814 -0.99191231 -0.05520675
v -0.03764190 -0.99491715 -0.05616618
v -0.04062519 -0.99462563 -0.05357926
v -0.03311246 -1.02277422 -0.06542566
v -0.03646965 -1.01907969 -0.06360664
v -0.03364749 -1.01470733 -0.06500693
v -0.03017778 -1.01889205 -0.06672256
v -0.02676337 -1.02348137 -0.06923005
v -0.02949588 -1.02660334 -0.06758755
v -0.02654030 -1.03059816 -0.07489528
v -0.02698571 -1.02666593 -0.07531179
v -0.02716706 -1.02510953 -0.07850984
v -0.02731114 -1.02749193 -0.07762546
v -0.02513527 -1.02146506 -0.07660410
v -0.02666505 -1.02477193 -0.07341968
v -0.02157736 -1.02019227 -0.07773175
v -0.02161645 -1.02079177 -0.07892640
v -0.02483053 -1.02109385 -0.07491378
v -0.02454444 -1.02058744 -0.07277537
v -0.02154386 -1.01964903 -0.07628702
v -0.02138248 -1.02157116 -0.08026118
v -0.02394040 -1.02141976 -0.07969779
v -0.02567414 -1.02307057 -0.08113131
v -0.01727198 -1.02049112 -0.08975080
v -0.01883703 -1.02137291 -0.09171265
v -0.02103034 -1.05450356 -0.08047152
v -0.02283898 -1.05160248 -0.07600803
v -0.02129862 -1.05147660 -0.08208466
v -0.02306550 -1.04894555 -0.07777710
v -0.02580495 -1.02435660 -0.08533268
v -0.02661293 -1.02666235 -0.08362348
v -0.02442216 -1.02477348 -0.08976164
v -0.02525803 -1.02761149 -0.08949984
v -0.01633376 -1.06933069 -0.08445238
v -0.01419851 -1.01786017 -0.08539395
v -0.01429792 -1.01711857 -0.08469496
v -0.01432885 -1.01859581 -0.08749922
v -0.00381203 -1.16949713 0.08428394
v -0.00705270 -1.17972124 0.07136026
v -0.01198449 -1.19037533 0.04713301
v -0.01219641 -1.19253516 0.03440896
v -0.01633944 -1.00094140 -0.07970880
v -0.01613553 -1.00345957 -0.08051243
v -0.01984564 -1.00022721 -0.06119229
v -0.01473672 -1.00033391 -0.06367697
v -0.01524243 -0.99755907 -0.06776641
v -0.02014339 -0.99757802 -0.06553330
v -0.02353024 -0.99776340 -0.06271869
v -0.02337977 -1.00027800 -0.05830336
v -0.01943547 -1.00198686 -0.05893899
v -0.01430143 -1.00220811 -0.06139197
v -0.02041409 -0.99568695 -0.06962904
v -0.01567918 -0.99557829 -0.07260161
v -0.01620513 -0.99668276 -0.07576013
v -0.02099164 -0.99669576 -0.07211274
v -0.02673942 -1.01631129 -0.06980609
v -0.02345551 -1.01649845 -0.07336579
v -0.02031503 -1.01589167 -0.07777692
v -0.01774527 -1.01519489 -0.08101103
v -0.01738561 -1.01721072 -0.08210211
v -0.01933409 -1.01835299 -0.07951728
v -0.01729277 -1.01806688 -0.08277824
v -0.01929897 -1.01906276 -0.08047214
v -0.01940477 -1.01984668 -0.08128878
v -0.02002734 -1.02121603 -0.08181181
v -0.01854192 -1.02073741 -0.08337739
v -0.01889922 -1.02201867 -0.08311562
v -0.01740918 -1.01894760 -0.08330687
v -0.01841770 -1.04341555 -0.09434514
v -0.01788386 -1.04757905 -0.09246570
v -0.02047913 -1.00532150 -0.07829227
v -0.01602527 -1.00561333 -0.08073294
v -0.01553327 -1.00946736 -0.08141340
v -0.01946476 -1.00978231 -0.07911497
v -0.02331561 -1.00956416 -0.07563983
v -0.02458073 -1.00415492 -0.07430920
v -0.01448294 -1.01629245 -0.08402885
v -0.02052854 -1.00314474 -0.07767294
v -0.02067280 -1.00073588 -0.07676937
v -0.02496823 -1.00182366 -0.07361561
v -0.02506044 -0.99973279 -0.07254560
v -0.02831673 -1.00227666 -0.06969859
v -0.02775768 -1.00822997 -0.07130407
v -0.03244773 -1.00683832 -0.06640251
v -0.03150493 -1.00019073 -0.06502625
v -0.03794205 -0.99789727 -0.05776254
v -0.03299186 -0.99542201 -0.05873336
v -0.03339656 -0.99662793 -0.05948172
v -0.03337819 -0.99763405 -0.06075512
v -0.03746019 -1.00079823 -0.05992769
v -0.04087233 -0.99899703 -0.05573125
v -0.04015321 -1.00335264 -0.05832761
v -0.03586537 -1.00369239 -0.06266345
v -0.03295840 -0.99878824 -0.06235090
v -0.03197572 -0.99629891 -0.05981666
v -0.03090992 -0.99617547 -0.05969166
v -0.03198010 -0.99686825 -0.06083196
v -0.03086021 -0.99639285 -0.06054644
v -0.03166125 -0.99735290 -0.06215018
v -0.03062030 -0.99657011 -0.06157473
v -0.02998227 -0.99697876 -0.06319597
v -0.03079132 -0.99823743 -0.06414716
v -0.02848708 -0.99655282 -0.05866795
v -0.02777178 -0.99639928 -0.05989233
v -0.02815343 -0.99614179 -0.06111798
v -0.02879366 -0.99624300 -0.05978785
v -0.02893688 -0.99664235 -0.05787598
v -0.02914885 -0.99632251 -0.05901957
v -0.02861271 -0.99777615 -0.05572613
v -0.02779142 -0.99784076 -0.05674705
v -0.02935916 -0.99665183 -0.05705663
v -0.02954999 -0.99645221 -0.05800973
v -0.02987182 -0.99612856 -0.05930618
v -0.02987335 -0.99624038 -0.05987349
v -0.02958304 -0.99625403 -0.06075924
v -0.02898822 -0.99631310 -0.06207917
v -0.02473712 -0.99799550 -0.07091857
v -0.02777751 -0.99842477 -0.06811626
v -0.02713329 -0.99710310 -0.06644449
v -0.02408441 -0.99643159 -0.06851788
v -0.02636975 -0.99625218 -0.06475894
v -0.02344281 -1.00188935 -0.05611450
v -0.02340964 -0.99578732 -0.06659247
v -0.02658501 -0.99986970 -0.05494845
v -0.02708442 -1.00143826 -0.05262251
v -0.02622923 -0.99781597 -0.05899436
v -0.02886276 -0.99924517 -0.05206352
v -0.02803893 -0.99929869 -0.05281677
v -0.02927824 -1.00064421 -0.04970554
v -0.02827614 -1.00097728 -0.05102804
v -0.02579628 -0.99601746 -0.06287546
v -0.02830788 -1.00008488 -0.06903703
v -0.02093403 -0.99864447 -0.07481001
v -0.01623108 -0.99882889 -0.07804194
v -0.01992028 -1.03446221 -0.09881116
v -0.01917414 -1.03928840 -0.09640884
v -0.02936906 -0.99592108 -0.05970647
v -0.00124732 -0.92518222 -0.00653461
v -0.03211884 -0.99424314 -0.05853455
v -0.02815660 -0.99216306 -0.04928408
v -0.02799941 -0.99484617 -0.05380241
v -0.03643632 -0.98575854 -0.05238489
v -0.03216348 -0.98114741 -0.05420169
v -0.03067693 -0.98483175 -0.05724561
v -0.03406722 -0.98861229 -0.05546531
v -0.02871967 -0.99047786 -0.06142092
v -0.03084873 -0.99259806 -0.05941161
v -0.02982041 -0.99380803 -0.06040478
v -0.02787437 -0.99243748 -0.06265000
v -0.02720448 -0.99394739 -0.06354488
v -0.02896328 -0.99484420 -0.06085056
v -0.02538154 -0.99610996 -0.06305178
v -0.02170717 -0.99597049 -0.06664895
v -0.01981674 -0.99344289 -0.06141601
v -0.02400865 -0.99360365 -0.05817653
v -0.02727197 -0.99423420 -0.05502689
v -0.02768730 -0.99646676 -0.05942633
v -0.02607582 -0.99588913 -0.06360568
v -0.02810973 -0.99616975 -0.06020747
v -0.02224240 -0.99572808 -0.06759748
v -0.01056135 -0.92906398 -0.00106237
v -0.02848912 -0.99569637 -0.06081796
v -0.02652088 -0.99535394 -0.06374727
v -0.02293372 -0.99472618 -0.06783752
v -0.02390437 -0.99273980 -0.06771875
v -0.02471608 -0.99053216 -0.06701821
v -0.02514095 -0.98789316 -0.06538892
v -0.02592846 -0.98123860 -0.06057195
v -0.02660219 -0.97650862 -0.05792845
v -0.02062335 -0.97895932 -0.06386273
v -0.02098853 -0.97393584 -0.06213962
v -0.02050784 -0.98588228 -0.06928504
v -0.02062595 -0.98909599 -0.07153106
v -0.02010474 -0.99178243 -0.07192855
v -0.01945695 -0.99415177 -0.07170582
v -0.01477037 -1.01460040 -0.08306422
v -0.01760095 -1.02041888 -0.08482939
v -0.01690402 -1.02022672 -0.08722146
v -0.02118310 -1.02261293 -0.09241450
v -0.01469842 -1.01902366 -0.08981498
v -0.02344494 -1.02431643 -0.09172003
v -0.02218298 -1.02350402 -0.09335127
v -0.02296964 -1.02498591 -0.09437651
v -0.02380532 -1.02590632 -0.09300999
v -0.02101285 -1.02267194 -0.09470374
v -0.02237574 -1.02459371 -0.09549739
v -0.01732764 -1.02134597 -0.09689049
v -0.01876589 -1.02436280 -0.09941284
v -0.01994530 -1.03021598 -0.10012689
v -0.01932055 -1.02652681 -0.10019239
v -0.02354480 -1.02665854 -0.09507300
v -0.02458268 -1.02891755 -0.09346749
v -0.02444177 -1.03244567 -0.09182467
v -0.02536633 -1.03082871 -0.08734837
v -0.01152914 -1.18971646 -0.01005232
v -0.01870795 -0.99546444 -0.07122504
v -0.01751819 -0.99589247 -0.06962929
v -0.01795125 -0.98495001 -0.05291320
v -0.01863710 -0.98867619 -0.05618831
v -0.01424771 -0.98825306 -0.05844136
v -0.01357524 -0.98466337 -0.05543831
v -0.01386458 -0.99574625 -0.07105440
v -0.01251720 -0.99308109 -0.06525889
v -0.01590027 -0.99326682 -0.06392498
v -0.01448698 -0.99533772 -0.07314673
v -0.01512223 -0.99384099 -0.07402156
v -0.01572141 -0.99140441 -0.07464489
v -0.01109705 -0.98796934 -0.05973548
v -0.01028732 -0.98425680 -0.05662044
v -0.02683629 -0.99055511 -0.05031095
v -0.02697698 -0.98740888 -0.04742673
v -0.02309771 -0.98904777 -0.05332331
v -0.02272449 -0.98579019 -0.05033984
v -0.01543910 -0.97299385 -0.06585754
v -0.01496647 -0.97800606 -0.06689863
v -0.01582634 -0.98814082 -0.07411990
v -0.01564312 -0.98458797 -0.07169050
v -0.00947580 -1.18615210 0.05979735
v -0.06686170 -1.12883687 -0.02563927
v -0.06628093 -1.12021863 -0.03293962
v -0.06166080 -1.12662530 -0.04230897
v -0.06256340 -1.13369346 -0.03597802
v -0.06638509 -1.13813341 -0.01901516
v -0.06197067 -1.14173460 -0.02926183
v -0.03687158 -1.18422103 0.01597445
v -0.03988531 -1.18080556 0.00275431
v -0.02215712 -1.18694901 -0.00599155
v -0.02905052 -1.18684280 0.02802488
v -0.03877537 -1.17981458 0.04069015
v -0.04531298 -1.17920995 0.02241211
v -0.04778461 -1.17598605 0.00806235
v -0.00625159 -0.97629040 0.08873653
v -0.03079019 -1.11832893 0.09678534
v -0.04881643 -1.17242396 -0.00506071
v -0.04166569 -1.17667556 -0.01019330
v -0.04334127 -1.17155766 -0.02160940
v -0.04969489 -1.16828549 -0.01609951
v -0.02443610 -1.18183732 -0.01922652
v -0.01393784 -1.18401313 -0.02375021
v 0.00645540 -1.08480430 0.10898021
v -0.01747966 -1.05156565 -0.09058068
v -0.02977468 -1.01731050 0.07094650
v -0.04250386 -1.01323295 0.05622895
v -0.04407211 -0.95384717 0.04063332
v -0.05831153 -1.03526473 0.03890954
v -0.05789253 -1.03591168 0.03961229
v -0.04699437 -0.99524230 0.04212585
v -0.04881465 -1.00963318 0.04210538
v -0.01815867 -1.02058327 0.08020625
v -0.06603648 -1.04834521 0.04954498
v -0.06680864 -1.05222797 0.05020210
v -0.06737748 -1.04750633 0.04940201
v -0.06820886 -1.05161202 0.05033873
v -0.06824594 -1.05593061 0.05028908
v -0.06816670 -1.04570925 0.04889191
v -0.06823946 -1.08213389 0.03276582
v -0.07002218 -1.08362818 0.03187808
v -0.05853540 -1.03297520 0.03481034
v -0.05814231 -1.03389144 0.03642973
v -0.05762167 -1.03337061 0.03539744
v -0.05760819 -1.03267097 0.03420547
v -0.05836768 -1.03189945 0.03333078
v -0.05751009 -1.03199160 0.03309223
v -0.07098523 -1.09624422 0.02357898
v -0.05518687 -1.03270268 0.03631816
v -0.05711235 -1.03533697 0.03894408
v -0.05737818 -1.03457129 0.03757729
v -0.05679918 -1.03341293 0.03607204
v -0.05636122 -1.03222919 0.03399855
v -0.05655347 -1.03117144 0.03249258
v -0.05785453 -1.03057516 0.03249156
v -0.06841309 -1.04477501 0.04946879
v -0.06262530 -1.03245199 0.03879703
v -0.06679756 -1.07570648 0.04041056
v -0.06655841 -1.07423520 0.04219180
v -0.06880298 -1.07618022 0.04373157
v -0.06890964 -1.07816529 0.04202545
v -0.03895275 -1.06042123 0.08222604
v -0.04039554 -1.07238126 0.08595619
v 0.00782573 -0.98231822 0.09041452
v 0.00842350 -0.99921012 0.08887467
v -0.05956873 -1.10192811 0.06900820
v -0.06706769 -1.07709444 0.03861910
v -0.06928112 -1.07966232 0.04020252
v -0.06714737 -1.05648947 0.04991347
v -0.06601476 -1.07640839 0.03856606
v -0.06586293 -1.07503080 0.04035043
v -0.07028864 -1.08178163 0.04163739
v -0.06998955 -1.07991362 0.04371605
v -0.06973629 -1.07766986 0.04558938
v -0.06563528 -1.07336688 0.04205824
v -0.06624329 -1.08174443 0.03956793
v -0.07038946 -1.12758350 0.04169689
v -0.06648713 -1.12427473 0.05589028
v -0.06763424 -1.14494383 0.04115714
v -0.06312853 -1.14250076 0.05621190
v -0.05551179 -1.13941836 0.07155967
v -0.05838318 -1.11998129 0.07133134
v -0.06760804 -1.08210170 0.03393212
v -0.07093015 -1.08477306 0.03233210
v -0.06566785 -1.14582860 -0.01242425
v -0.06964964 -1.14231229 -0.00363484
v -0.06098244 -1.14870167 -0.02327177
v -0.05953593 -1.15476632 -0.01744854
v -0.06428285 -1.15316153 -0.00691703
v -0.06911462 -1.14869535 0.00709295
v -0.07190040 -1.11586356 0.02886125
v -0.07231107 -1.13045537 0.02691033
v -0.07220452 -1.13218355 0.01285801
v -0.06939695 -1.14717889 0.02517033
v -0.06409167 -1.15859962 0.01064609
v -0.06447886 -1.15769446 0.02600255
v -0.05703348 -1.16754258 0.01130185
v -0.05623351 -1.16859519 0.02597237
v -0.05266969 -1.16897488 0.04152197
v -0.06300975 -1.15683365 0.04137543
v -0.06166772 -1.15939593 -0.00254299
v -0.05747179 -1.16035235 -0.01343904
v -0.05641410 -1.16604769 -0.00143480
v -0.05469783 -1.16495538 -0.01037311
v -0.07193470 -1.13281536 0.00553645
v -0.05140157 -1.02516770 0.03238967
v -0.05396026 -1.02451205 0.02779553
v -0.06141075 -1.03416562 0.02005798
v -0.06833281 -1.05193019 -0.01741910
v -0.06873427 -1.06486094 -0.01753582
v -0.06946757 -1.05906916 -0.00532546
v -0.06731785 -1.04397392 -0.00448400
v -0.06802683 -1.07863116 -0.01865938
v -0.06898801 -1.07339740 -0.00686881
v -0.07019408 -1.08775842 -0.00711562
v -0.06878204 -1.09314930 -0.02061779
v -0.04372597 -1.13678920 0.08501571
v -0.04524153 -1.11983061 0.08699384
v -0.04524121 -1.10714173 0.08801965
v -0.05786301 -1.10345542 -0.05818325
v -0.00205827 -1.16195977 0.09172335
v -0.05617999 -1.12961006 -0.05181382
v -0.03779626 -1.15720999 0.08044301
v -0.02406523 -1.16447210 0.08277983
v -0.05855593 -1.15450644 0.05618823
v -0.05240062 -1.15133786 0.06936248
v -0.04156124 -1.14777446 0.08303411
v -0.04345483 -1.09101582 0.08875817
v -0.05130437 -1.16309977 -0.02247041
v -0.06177015 -1.07152581 -0.04351260
v -0.06059772 -1.06723392 -0.04195674
v -0.06291689 -1.07581508 -0.04591740
v -0.05907566 -1.06220913 -0.04284913
v -0.02543339 -1.04896593 -0.07213433
v -0.02527228 -1.04652286 -0.07380091
v -0.02521862 -1.04357433 -0.07526583
v -0.02780693 -1.04431129 -0.07032072
v -0.02740214 -1.04088712 -0.07161387
v -0.02319068 -1.04282737 -0.08136962
v -0.02323328 -1.04597425 -0.07941414
v -0.02492406 -1.04067230 -0.07687882
v -0.02455214 -1.03703904 -0.07811153
v -0.02333731 -1.03913212 -0.08294792
v -0.02668452 -1.02492940 -0.07099741
v -0.02764844 -1.03015888 -0.06994244
v -0.02610509 -1.03409517 -0.07353066
v -0.03039158 -1.03822529 -0.06871055
v -0.02927140 -1.03450704 -0.06950496
v -0.02686468 -1.03778422 -0.07277505
v -0.03135330 -1.04204202 -0.06736139
v -0.02550013 -1.03283787 -0.07946365
v -0.02676195 -1.02901232 -0.08155059
v -0.02423163 -1.03493333 -0.08511443
v -0.02338806 -1.03642166 -0.08924435
v -0.02240845 -1.04076397 -0.08712220
v -0.02827993 -1.04691398 -0.06889475
v -0.03244783 -1.04489958 -0.06617696
v -0.03219934 -1.03098595 -0.06717084
v -0.03639884 -1.02760386 -0.06506595
v -0.03435282 -1.03577447 -0.06620085
v -0.03825251 -1.03299177 -0.06434610
v -0.03548646 -1.03985620 -0.06515960
v -0.03955527 -1.03734553 -0.06314105
v -0.04001066 -1.02402222 -0.06297734
v -0.04277836 -1.02019680 -0.06040397
v -0.04496262 -1.01561069 -0.05709126
v -0.04557635 -1.02562404 -0.05921887
v -0.04816429 -1.02060688 -0.05548023
v -0.04758693 -1.03109527 -0.05803451
v -0.05084967 -1.02653873 -0.05415578
v -0.04236976 -1.02957296 -0.06199503
v -0.04396882 -1.03437400 -0.06068186
v -0.04073099 -1.04153562 -0.06195547
v -0.03667507 -1.04340851 -0.06398359
v -0.04905792 -1.04318452 -0.05663848
v -0.04859407 -1.03720176 -0.05721302
v -0.04476428 -1.03949094 -0.05966043
v -0.04553492 -1.04441428 -0.05894199
v -0.05268678 -1.03378510 -0.05334542
v -0.05282237 -1.04181802 -0.05370741
v -0.05238611 -1.04719222 -0.05361280
v -0.04000975 -1.05308425 -0.06154954
v -0.03548227 -1.05362296 -0.06340802
v -0.04346857 -1.05296862 -0.05971117
v -0.04898135 -1.04755497 -0.05633812
v -0.04594526 -1.04805136 -0.05857372
v -0.05552304 -1.05627275 -0.04829924
v -0.05387892 -1.05483961 -0.05078880
v -0.04904741 -1.05332947 -0.05580365
v -0.04652531 -1.05304980 -0.05781160
v -0.05165298 -1.05397534 -0.05340032
v -0.03114062 -1.05533671 -0.06464379
v -0.02673060 -1.05731428 -0.06595718
v -0.04151057 -0.99901623 0.05526723
v -0.02195008 -1.04470229 -0.08571281
v -0.02164241 -1.04818225 -0.08389623
v -0.02531156 -1.07333565 -0.07356825
v -0.02287646 -1.07084191 -0.07226736
v -0.01881130 -1.06967199 -0.08103720
v -0.03036798 -1.07644725 -0.07623393
v -0.02382898 -1.05979550 -0.06739788
v -0.02194756 -1.06224990 -0.06838387
v -0.02112627 -1.06490612 -0.06954853
v -0.02129745 -1.06798196 -0.07091538
v -0.04258933 -1.09047675 -0.07754523
v -0.03929053 -1.08351874 -0.07915846
v -0.06446922 -1.11175728 -0.04077492
v -0.06651108 -1.10386133 -0.03498161
v -0.05984648 -1.08837342 -0.05747624
v -0.06192730 -1.08476591 -0.05317615
v -0.06303491 -1.08035231 -0.04922080
v -0.06703957 -1.09254718 -0.03004527
v -0.06667320 -1.08041632 -0.02688515
v -0.06703333 -1.06856799 -0.02538665
v -0.05548553 -1.14437783 -0.03980679
v -0.05424939 -1.15100884 -0.03401385
v -0.05617949 -1.13715577 -0.04589247
v -0.04439127 -1.16570354 -0.02995718
v -0.04548274 -1.15951180 -0.03723665
v -0.05309263 -1.15742004 -0.02833102
v -0.04675808 -1.15307498 -0.04322363
v -0.04830846 -1.14657891 -0.04892687
v -0.04925146 -1.13952112 -0.05510418
v -0.04971712 -1.13153279 -0.06116329
v -0.04904584 -1.12145567 -0.06681021
v -0.02739779 -1.00292027 0.06858367
v -0.01935474 -1.03355491 -0.08241143
v -0.01880119 -1.03355312 -0.08325288
v -0.01817421 -1.03335667 -0.08202504
v -0.01760890 -1.03334093 -0.08282594
v -0.01720957 -1.03207946 -0.08227838
v -0.01848988 -1.02418876 -0.08269918
v -0.01686877 -1.02635920 -0.08221016
v -0.01648677 -1.03004956 -0.08209533
v -0.05849751 -1.02836263 0.02273947
v -0.04133148 -0.95994371 0.05325696
v -0.03532271 -0.96566051 0.06280965
v 0.07124253 -0.96181178 0.03656481
v 0.06876551 -0.96702582 0.04674491
v 0.03042919 -0.92189312 -0.00321273
v 0.04139708 -0.92739868 0.00084071
v 0.04400179 -0.91835666 0.00427665
v 0.03268222 -0.91315019 0.00096061
v 0.07615572 -0.94052798 0.04457447
v 0.07267749 -0.95019948 0.03632240
v 0.07156020 -0.95622104 0.05078041
v 0.07641685 -0.94554025 0.05877660
v 0.06623407 -0.95957911 0.06454296
v 0.07105935 -0.94823897 0.07161096
v 0.06154526 -0.94882178 0.08304505
v 0.05800702 -0.96200407 0.07587328
v 0.04811209 -0.96087897 0.08508986
v 0.05167502 -0.94704884 0.09114435
v 0.05279171 -0.93346411 0.00610498
v 0.06278295 -0.93981814 0.01447709
v 0.06238402 -0.92850089 0.01583268
v 0.05318236 -0.92459369 0.00826273
v 0.06945246 -0.94665188 0.02415866
v 0.07110444 -0.93563151 0.02894264
v 0.03778594 -0.94904739 0.09601995
v 0.03522287 -0.96612740 0.08986450
v 0.03793745 -0.89406538 0.00815226
v 0.02550653 -0.89185607 0.00799977
v 0.02384189 -0.90057999 0.00467128
v 0.03552031 -0.90347230 0.00495204
v 0.07389762 -0.89467096 0.02438061
v 0.09093729 -0.90107012 0.03789557
v 0.09885149 -0.88958102 0.03234572
v 0.08075599 -0.88272130 0.02022822
v 0.09067305 -0.86313474 0.00099126
v 0.12024064 -0.86431909 0.01338103
v 0.11013977 -0.84583318 -0.00382798
v 0.08793797 -0.84552181 -0.00782403
v 0.10428832 -0.82952946 -0.01679508
v 0.08516015 -0.82817626 -0.01857693
v 0.09363885 -0.77974176 -0.04507898
v 0.07704190 -0.77917933 -0.04695774
v 0.07969902 -0.79556799 -0.03795310
v 0.09672983 -0.79648209 -0.03618109
v 0.09716706 -0.67860037 -0.06721210
v 0.08535690 -0.68277079 -0.07125839
v 0.09235099 -0.69906378 -0.07340427
v 0.10322575 -0.69660348 -0.07073250
v 0.15956573 -0.77967626 -0.02119074
v 0.16524407 -0.79055983 -0.01553489
v 0.17124403 -0.77656794 -0.01430842
v 0.16561949 -0.76681620 -0.01811312
v 0.15043479 -0.89042586 0.05277243
v 0.13790433 -0.87856674 0.03266759
v 0.12424899 -0.88796669 0.04132980
v 0.13539636 -0.89959061 0.05826633
v 0.14894456 -0.70837289 -0.03077074
v 0.14215834 -0.69600391 -0.03871071
v 0.13916168 -0.70590949 -0.04517558
v 0.14489870 -0.71786314 -0.03896713
v 0.11919844 -0.58355224 -0.04045095
v 0.10351302 -0.58293289 -0.05290349
v 0.10523580 -0.60651952 -0.05377676
v 0.12079629 -0.60748506 -0.04257768
v 0.16247159 -0.63335097 0.01608931
v 0.16737568 -0.63160205 0.04051215
v 0.16598916 -0.61215442 0.03840697
v 0.16202629 -0.61141086 0.01406742
v 0.12244546 -0.77701050 -0.04034579
v 0.10884693 -0.77914512 -0.04285158
v 0.11239568 -0.79512769 -0.03391428
v 0.12599857 -0.79175758 -0.03169361
v 0.21311623 -0.62098968 0.00837440
v 0.19906579 -0.61443669 0.01374635
v 0.19518961 -0.63893414 0.01296134
v 0.20916647 -0.64572310 0.00775385
v 0.15023577 -0.50495785 0.00511978
v 0.15216309 -0.50838494 0.02726553
v 0.15650536 -0.48920462 0.02417450
v 0.15270099 -0.48555616 0.00047863
v 0.22006622 -0.79609036 -0.00241541
v 0.23708503 -0.80707729 0.01182157
v 0.23931153 -0.78882778 0.01056772
v 0.22125323 -0.77810478 -0.00130991
v 0.15168890 -0.76050657 -0.03063721
v 0.15548742 -0.77045578 -0.02651422
v 0.16239835 -0.75999051 -0.02141250
v 0.15871298 -0.75234586 -0.02391649
v 0.17286165 -0.66638583 0.04613455
v 0.16871065 -0.66833419 0.02679864
v 0.17206961 -0.68569309 0.03367364
v 0.17632183 -0.68336254 0.05092509
v 0.16472657 -0.65102267 0.02099236
v 0.16944574 -0.64904064 0.04286361
v 0.14379145 -0.76807320 -0.03462477
v 0.13403428 -0.77339399 -0.03768203
v 0.13755524 -0.78665662 -0.03026348
v 0.14675078 -0.77980584 -0.02877241
v 0.09109694 -0.66294444 -0.06220340
v 0.07664707 -0.66804588 -0.06685252
v 0.14270920 -0.48149607 -0.02146439
v 0.12755220 -0.47694671 -0.03940190
v 0.12860782 -0.49780202 -0.03449786
v 0.14221533 -0.50144494 -0.01627775
v 0.08871082 -0.62791312 -0.06035708
v 0.08814943 -0.64712662 -0.05957005
v 0.10254250 -0.64610291 -0.05369364
v 0.10464624 -0.62747771 -0.05333205
v 0.10894607 -0.47298196 -0.05348573
v 0.08968337 -0.46968809 -0.06446905
v 0.09177431 -0.49221128 -0.05959523
v 0.11112905 -0.49453658 -0.04877057
v 0.10012388 -0.81294584 -0.02687243
v 0.08249186 -0.81181914 -0.02844576
v 0.11805584 -0.67825532 -0.05731990
v 0.10845685 -0.67759609 -0.06258899
v 0.11360259 -0.69543731 -0.06653281
v 0.12196760 -0.69557679 -0.06074012
v 0.16967031 -0.75377887 -0.00978581
v 0.17493807 -0.75944459 -0.00766733
v 0.17055485 -0.74532288 0.00799762
v 0.17151475 -0.74417907 0.00445142
v 0.15872948 -0.46985671 0.01851570
v 0.15374435 -0.46609566 -0.00525578
v 0.10710115 -0.45099467 -0.05766226
v 0.08792046 -0.44697809 -0.06864446
v 0.17297617 -0.72737652 0.05658961
v 0.16915549 -0.72729141 0.06013957
v 0.17239687 -0.72466695 0.07176165
v 0.17786328 -0.72458398 0.06916708
v 0.05583720 -0.70177162 -0.07218174
v 0.07035680 -0.71120679 -0.07369203
v 0.07463688 -0.69353807 -0.07386091
v 0.06277381 -0.68035352 -0.07041870
v 0.11364926 -0.66208512 -0.05156063
v 0.11465853 -0.64728802 -0.04673324
v 0.10284223 -0.66149843 -0.05728842
v 0.04109152 -0.69088858 -0.06719857
v 0.04966679 -0.66281414 -0.06597825
v 0.06400024 -0.80943257 -0.02982204
v 0.06182527 -0.79406989 -0.03905882
v 0.06547904 -0.82586747 -0.02091178
v 0.04629410 -0.82249635 -0.02349503
v 0.04613828 -0.83881575 -0.01547419
v 0.06606151 -0.84218425 -0.01251861
v 0.04491641 -0.85398668 -0.00900594
v 0.06559333 -0.85843486 -0.00574350
v 0.05634093 -0.88764870 0.01536338
v 0.06104802 -0.87875974 0.01075852
v 0.16699304 -0.74917275 -0.01206227
v 0.16402075 -0.74328142 -0.01390495
v 0.12628424 -0.45601085 -0.04443055
v 0.15722197 -0.81258965 0.14045046
v 0.14927205 -0.79764152 0.14666049
v 0.16744711 -0.79278433 0.13602810
v 0.17540638 -0.80700940 0.13011914
v 0.16640423 -0.88414735 0.04819009
v 0.15682304 -0.87079024 0.02652090
v 0.18260783 -0.73202270 0.10988273
v 0.18368785 -0.73203355 0.10488922
v 0.18587053 -0.73663920 0.10762977
v 0.18260442 -0.73674440 0.11368108
v 0.18158323 -0.72794735 0.09101211
v 0.17808595 -0.72584617 0.08745906
v 0.18219629 -0.71468514 0.08829193
v 0.18610770 -0.71722126 0.09261777
v 0.15300339 -0.49227032 0.04594180
v 0.14740302 -0.51178300 0.04873601
v 0.15388031 -0.64647943 0.10396236
v 0.02184435 -0.94042605 0.10529806
v 0.02176171 -0.95480019 0.09743546
v 0.16272375 -0.63820052 0.08471242
v 0.16797823 -0.65672719 0.08385606
v 0.16130601 -0.66481924 0.10214978
v 0.04468679 -0.80064029 0.15166484
v 0.04438836 -0.78448051 0.15345998
v 0.06509879 -0.78892690 0.15691637
v 0.06629989 -0.80611116 0.15484419
v 0.11684828 -0.83132625 0.15199362
v 0.12123038 -0.84749722 0.14660493
v 0.09452210 -0.84328771 0.15064169
v 0.09167857 -0.82794833 0.15433861
v 0.13534237 -0.81579876 0.15032877
v 0.12897874 -0.79937172 0.15527095
v 0.17746401 -0.68467867 0.06867047
v 0.17498934 -0.66866291 0.06519506
v 0.18219368 -0.71320224 0.06209148
v 0.18449493 -0.71334392 0.07625665
v 0.18414605 -0.70620430 0.07459274
v 0.18132909 -0.70597565 0.05949292
v 0.12381188 -0.90828085 0.06348367
v 0.12161763 -0.91294962 0.08099391
v 0.13707200 -0.90523028 0.07795017
v 0.08380450 -0.89602900 0.12616688
v 0.08425520 -0.88882619 0.13202012
v 0.10197504 -0.89277005 0.12528934
v 0.09428393 -0.89923185 0.12061547
v 0.07017616 -0.71615666 0.15478869
v 0.04910667 -0.71487111 0.15331754
v 0.05045343 -0.69316810 0.14870329
v 0.07307715 -0.69206750 0.14970779
v 0.18282783 -0.72586393 0.09633368
v 0.18422866 -0.72385466 0.09823470
v 0.18487845 -0.72047365 0.08924522
v 0.18199830 -0.72252136 0.08886902
v 0.18430132 -0.70844328 0.08788674
v 0.18537924 -0.71571773 0.08851551
v 0.18376513 -0.71985245 0.09912248
v 0.18243530 -0.71319950 0.09962022
v 0.16774347 -0.68079573 0.10077310
v 0.17350790 -0.67356426 0.08323985
v 0.17737195 -0.68861079 0.08526623
v 0.17436293 -0.69442922 0.10083569
v 0.04678120 -0.61814314 0.13119774
v 0.06634448 -0.61293387 0.13378206
v 0.06988129 -0.64034706 0.13970117
v 0.04888599 -0.64439410 0.13821499
v 0.17013223 -0.72415888 0.04000204
v 0.17067239 -0.72666687 0.02614656
v 0.17015797 -0.71299118 0.03078198
v 0.17134635 -0.70878291 0.04518103
v 0.21671396 -0.71392059 0.10019217
v 0.21100606 -0.72234708 0.10157377
v 0.20572761 -0.71852762 0.10153128
v 0.21204519 -0.71069396 0.10093924
v 0.17423055 -0.68481708 0.06080492
v 0.17231838 -0.69043791 0.04843809
v 0.17459753 -0.66877514 0.05018969
v 0.17575130 -0.66396320 0.06282897
v 0.18625873 -0.87687331 0.07124106
v 0.18249395 -0.87733775 0.04368705
v 0.17263435 -0.88660783 0.07244497
v 0.17792553 -0.68015087 0.08115362
v 0.18252456 -0.68188441 0.08884467
v 0.17962897 -0.69862276 0.08591208
v 0.17660588 -0.69826609 0.07778889
v 0.22606725 -0.65167385 0.01117929
v 0.23020397 -0.62685001 0.01129160
v 0.18327664 -0.64063668 0.07435195
v 0.18821764 -0.64023852 0.08427157
v 0.18255180 -0.65975380 0.08319180
v 0.17847200 -0.65997189 0.07391592
v 0.14773685 -0.62696862 0.10449220
v 0.15792467 -0.61869287 0.08513925
v 0.12893072 -0.49700508 0.08266387
v 0.14310481 -0.49489850 0.06615988
v 0.13676351 -0.51541972 0.06760649
v 0.12396874 -0.51872367 0.08400618
v 0.15563089 -0.47219330 0.04207680
v 0.13256545 -0.47499201 0.07992160
v 0.14651608 -0.47405466 0.06298203
v 0.09407692 -0.92783493 0.07735350
v 0.08159867 -0.92854565 0.09209248
v 0.09624602 -0.91966599 0.09564505
v 0.10872328 -0.91933602 0.08292849
v 0.16391912 -0.35435018 0.03264055
v 0.16158339 -0.32484466 0.03690419
v 0.16470493 -0.32347104 0.01177398
v 0.16588086 -0.35278016 0.00549325
v 0.06535080 -0.91209608 0.11467775
v 0.08180463 -0.91795933 0.10422376
v 0.06931156 -0.92522591 0.10074678
v 0.05582733 -0.92116660 0.10880512
v 0.16389507 -0.37879276 0.00426299
v 0.16304830 -0.38228232 0.03065195
v 0.11132623 -0.91545141 0.06399585
v 0.09632134 -0.92248988 0.05868538
v 0.09959223 -0.90954173 0.05021838
v 0.08724839 -0.91581428 0.04507683
v 0.07742681 -0.90962404 0.03151841
v 0.16407949 -0.31752095 -0.01709079
v 0.16173111 -0.34579158 -0.01993715
v 0.07733098 -0.93826598 0.08114929
v 0.06529420 -0.93718475 0.09197013
v 0.05014015 -0.93383658 0.10136962
v 0.03523636 -0.93473315 0.10602259
v 0.15555516 -0.45300099 0.03740209
v 0.15711373 -0.45093030 0.01302568
v 0.11904671 -0.21704733 0.10670605
v 0.09396009 -0.21452153 0.11578344
v 0.09071825 -0.20119804 0.10638005
v 0.11918774 -0.20138580 0.09801316
v 0.03279729 -0.23153400 0.11754686
v 0.02802096 -0.21883696 0.10355156
v 0.06006072 -0.20771688 0.10783179
v 0.06390736 -0.21968114 0.11993467
v 0.07409057 -0.34693047 0.13821395
v 0.07334662 -0.36971715 0.13071001
v 0.04702123 -0.37065047 0.13427046
v 0.04658861 -0.34779233 0.14106143
v 0.13355514 -0.45448452 0.07644124
v 0.14705193 -0.45429906 0.05885797
v 0.15107034 -0.44728717 -0.01062999
v 0.17173487 -0.18082935 0.01283243
v 0.16968806 -0.14418644 0.01587960
v 0.16506672 -0.13612509 -0.01935762
v 0.16621038 -0.17343599 -0.02350155
v 0.14113545 -0.15223652 0.07415977
v 0.14438823 -0.18241400 0.07437033
v 0.11646204 -0.17989326 0.09200049
v 0.11371492 -0.15455151 0.08996171
v 0.06916812 -0.44351858 -0.07906273
v 0.08536324 -0.42549855 -0.06983536
v 0.06615533 -0.42113775 -0.07918797
v 0.01431619 -0.43692473 -0.09342551
v 0.03348775 -0.43871975 -0.09211904
v 0.02839728 -0.41569489 -0.09005775
v 0.01000729 -0.41384891 -0.09104002
v 0.00881462 -0.29525205 -0.08444922
v -0.00432140 -0.29557544 -0.08478218
v -0.00113044 -0.32062298 -0.08372068
v 0.01401485 -0.32162946 -0.08270857
v 0.15163922 -0.33813909 -0.04326763
v 0.13290073 -0.33053851 -0.05948287
v 0.12858775 -0.35491166 -0.05680151
v 0.14665076 -0.36272898 -0.04135019
v 0.02510953 -0.20889181 0.08528650
v 0.05419465 -0.19676864 0.09446438
v 0.14957547 -0.13023967 -0.04940537
v 0.14836712 -0.16716909 -0.05401335
v 0.12538451 -0.12775755 -0.06929304
v 0.09431142 -0.12900519 -0.07637145
v 0.09483579 -0.16168714 -0.07946523
v 0.12360740 -0.16146278 -0.07351515
v 0.01482951 -0.21153963 -0.06563982
v 0.00272467 -0.19715720 -0.04062819
v -0.00263649 -0.20324320 -0.04821289
v 0.00625071 -0.22474080 -0.07401924
v 0.03680348 -0.24488997 0.12830181
v 0.06732836 -0.23479772 0.13032407
v 0.06927949 -0.25348112 0.13760418
v 0.03948716 -0.26085103 0.13682729
v 0.11544078 -0.47553337 0.09247335
v 0.11670323 -0.45396423 0.08972409
v 0.09698624 -0.47618282 0.10129071
v 0.11291634 -0.49940240 0.09508597
v 0.09490037 -0.50086975 0.10251713
v 0.11524817 -0.64926672 0.13088985
v 0.13329217 -0.63725138 0.11953427
v 0.14130333 -0.65624070 0.12063679
v 0.12452985 -0.67014861 0.13317071
v 0.08612055 -0.79378027 0.16031988
v 0.08815978 -0.81096500 0.15772429
v 0.08118873 -0.16299587 0.09440453
v 0.04349150 -0.17874110 0.08470073
v 0.05154986 -0.13933265 0.08593577
v 0.08358526 -0.13168037 0.09387849
v 0.15689526 -0.11649507 0.05003550
v 0.16082484 -0.15030801 0.04870914
v 0.13908701 -0.12064523 0.07450915
v 0.16525991 -0.10931981 0.01938088
v 0.16305907 -0.10104144 -0.01506059
v 0.12327632 -0.09307629 -0.06515793
v 0.09267578 -0.09598267 -0.07099491
v 0.01814345 -0.13944566 -0.03089160
v 0.03736941 -0.13579381 -0.05072698
v 0.03778428 -0.10907394 -0.04345859
v 0.01880340 -0.11447847 -0.02181058
v 0.04616926 -0.28731740 -0.08059186
v 0.07979523 -0.30709955 -0.07505982
v 0.08341303 -0.27838990 -0.07832074
v 0.05578469 -0.25794661 -0.08161704
v 0.02198724 -0.46106529 -0.09199066
v 0.03764838 -0.46359721 -0.09070136
v 0.05066637 -0.44088942 -0.08743965
v 0.05367474 -0.46564135 -0.08522722
v 0.07124364 -0.46726799 -0.07557603
v 0.04440709 -0.56151032 -0.07889975
v 0.06442712 -0.56041282 -0.07367680
v 0.06044719 -0.53737795 -0.07515633
v 0.04151627 -0.53808010 -0.08072521
v 0.04730682 -0.58548224 -0.07621998
v 0.06778850 -0.58443815 -0.07180805
v 0.05012951 -0.63554603 -0.06758662
v 0.07063857 -0.65171325 -0.06395915
v 0.07034744 -0.63087744 -0.06540102
v 0.04547164 -0.80658263 -0.03122624
v 0.04400920 -0.79119366 -0.03923022
v 0.15284105 -0.31012949 -0.04145501
v 0.01585378 -0.17156529 0.06105438
v 0.00269199 -0.16115373 0.03745312
v 0.00849412 -0.13393688 0.04627048
v 0.02430946 -0.13900840 0.06866918
v 0.15810345 -0.37084374 -0.02010367
v 0.14236246 -0.46139413 -0.02708108
v 0.13928726 -0.44231826 -0.03107435
v 0.15153465 -0.61225563 -0.00960409
v 0.14999035 -0.63997906 -0.01095146
v 0.08488726 -0.71677703 -0.07286496
v 0.08462453 -0.70341235 -0.07418860
v 0.16528189 -0.18507075 0.04716009
v 0.11516190 -0.03073049 -0.05369029
v 0.08409960 -0.03342515 -0.05756691
v 0.08840478 -0.06440699 -0.06471260
v 0.12000009 -0.06092292 -0.05975016
v 0.01274214 -0.09171319 0.00926508
v 0.02135235 -0.08670092 -0.01195883
v 0.02497639 -0.05698204 -0.00380905
v 0.01936451 -0.06125671 0.01844843
v 0.02468879 -0.03006196 0.02435585
v 0.02816353 -0.02572095 0.00282052
v 0.02866874 0.00646299 0.00987846
v 0.02773533 0.00036395 0.03109753
v 0.14893815 -0.09576654 -0.04356849
v 0.15441146 -0.03783900 -0.00838267
v 0.14056800 -0.03184152 -0.03541992
v 0.14490435 -0.06309342 -0.03958526
v 0.15935624 -0.06906861 -0.01089071
v 0.11514062 -0.12469733 0.08851928
v 0.00783671 -0.11969304 -0.00023795
v 0.00533090 -0.14328706 -0.01007137
v 0.02752946 -0.06745982 0.05888833
v 0.04296317 -0.06915760 0.07738049
v 0.03377132 -0.10330838 0.07401196
v 0.01749367 -0.10077423 0.05329772
v 0.13708021 -0.05954081 0.07364067
v 0.15045534 -0.05488908 0.05144518
v 0.15337500 -0.08427483 0.05072170
v 0.13867959 -0.08953935 0.07384854
v 0.15494509 -0.04628038 0.02183161
v 0.15992452 -0.07655358 0.02045798
v 0.14421074 0.02274305 -0.00416764
v 0.12871842 0.02787137 -0.02809018
v 0.13466470 -0.00128692 -0.03160706
v 0.14939979 -0.00721490 -0.00596384
v 0.14731346 0.01349807 0.02479018
v 0.15068395 -0.01602358 0.02347931
v 0.14742778 -0.02422112 0.05117622
v 0.14511235 0.00559735 0.05026145
v 0.13299675 -0.00163740 0.06985313
v 0.13527027 -0.03059769 0.07225443
v 0.11639906 -0.03469330 0.08706589
v 0.11606902 -0.00631124 0.08403981
v 0.09427366 -0.03735524 0.09253079
v 0.07137631 -0.03914076 0.08926432
v 0.07621333 -0.01022106 0.08765642
v 0.09647320 -0.00895673 0.08978039
v 0.04189323 -0.00735021 0.06701508
v 0.05694005 -0.00964302 0.08027295
v 0.05063153 -0.03858167 0.07937285
v 0.03545269 -0.03648281 0.06326338
v 0.06157164 0.10549587 0.08578516
v 0.07681150 0.10313755 0.08891346
v 0.07194853 0.07390296 0.08581503
v 0.05542396 0.07621837 0.08154431
v 0.09282709 0.10187227 0.09166067
v 0.10674670 0.10111290 0.09022675
v 0.10385513 0.07413203 0.08641567
v 0.08812701 0.07341719 0.08724160
v 0.13214624 0.08275080 0.06616712
v 0.11876238 0.07694483 0.07991211
v 0.12264623 0.10421193 0.08345672
v 0.13663867 0.11100578 0.06920525
v 0.14658177 0.11777771 0.05112794
v 0.14597526 0.09039801 0.04961042
v 0.14162011 0.12635666 0.03010027
v 0.14439377 0.09881639 0.02896001
v 0.12948921 0.10758710 0.00399277
v 0.12960517 0.13481438 0.00521633
v 0.03528003 0.12044144 0.04769743
v 0.03802448 0.11457473 0.06533325
v 0.03321826 0.08593220 0.05703870
v 0.03332481 0.09197158 0.03954364
v 0.05287968 0.10574883 -0.00055047
v 0.06651710 0.11098778 -0.02560481
v 0.06623104 0.13820142 -0.01335936
v 0.05516144 0.13323998 0.01209528
v 0.14410014 0.04321277 0.02571196
v 0.13822691 0.05184335 -0.00215369
v 0.13057992 0.02684838 0.06735121
v 0.14334382 0.03447366 0.04923991
v 0.04714292 0.02039242 0.07127859
v 0.06253840 0.01797467 0.08144654
v 0.03001426 0.03653854 0.01872109
v 0.02958433 0.02971655 0.03880454
v 0.09802160 0.05681646 -0.03824597
v 0.12173539 0.05556822 -0.02406270
v 0.11784754 0.08410192 -0.02221590
v 0.09408338 0.08609724 -0.03612743
v 0.14403345 0.07031381 0.02783352
v 0.14369525 0.06236786 0.04915158
v 0.13002180 0.05498075 0.06577805
v 0.11637830 0.04925871 0.07923431
v 0.10055085 0.04651976 0.08542369
v 0.08439012 0.04558694 0.08581971
v 0.06747819 0.04572284 0.08321621
v 0.05130473 0.04810423 0.07615960
v 0.03171410 0.05788696 0.04790890
v 0.03202823 0.06448168 0.02959442
v 0.09134799 0.11377996 -0.03345281
v 0.11687925 0.11284858 -0.02171599
v 0.11704624 0.13930464 -0.01592562
v 0.09002899 0.13957155 -0.02411373
v 0.09149912 0.16242129 -0.01021605
v 0.07131000 0.16022968 0.00086922
v 0.09669909 0.12998402 0.09829825
v 0.11273874 0.13023919 0.09581691
v 0.12815893 0.13373858 0.08767825
v 0.14826383 0.14535916 0.05508614
v 0.14164583 0.15545851 0.03007226
v 0.12829651 0.16236037 0.00825068
v 0.11397347 0.16196418 -0.00765822
v 0.05369678 0.17279518 0.07742919
v 0.04617107 0.14307678 0.07078363
v 0.04377375 0.14916909 0.05498353
v 0.05181502 0.17813510 0.06133400
v 0.07242843 0.16605765 0.09962740
v 0.08537894 0.16167045 0.10756034
v 0.08269954 0.13289684 0.09533626
v 0.06711134 0.13410509 0.08882008
v 0.10256471 0.16005695 0.10932268
v 0.11987040 0.16102928 0.10466060
v 0.13606675 0.16317910 0.09525985
v 0.14154790 0.13802522 0.07429824
v 0.14914614 0.16762865 0.08005273
v 0.15148246 0.17580616 0.05778744
v 0.14329264 0.18533111 0.02849916
v 0.12529254 0.22296339 0.01609258
v 0.12173831 0.19238698 0.01000644
v 0.14699976 0.21608752 0.03168584
v 0.10139762 0.32510054 0.03837368
v 0.12437700 0.32277656 0.03635588
v 0.12132929 0.35850626 0.04609884
v 0.10044073 0.36122292 0.04780034
v 0.05481038 0.20786560 0.06824341
v 0.05468014 0.20386833 0.08631938
v 0.07245497 0.19825178 0.11190834
v 0.08792389 0.19397879 0.11924560
v 0.16149037 0.23912054 0.06637870
v 0.15718244 0.20679903 0.06042291
v 0.15572314 0.19879836 0.08576947
v 0.15985693 0.23199636 0.09235615
v 0.05207061 0.31123340 0.08716211
v 0.05241871 0.30836117 0.10648853
v 0.05049927 0.27296954 0.10157233
v 0.05010472 0.27605277 0.08091401
v 0.07163596 0.23252910 0.12214711
v 0.07150006 0.26746649 0.12967245
v 0.09000995 0.26386607 0.13765475
v 0.08938556 0.22865868 0.13005999
v 0.15764125 0.31076223 0.07911383
v 0.16169873 0.27387762 0.07293759
v 0.16083935 0.26780921 0.09834124
v 0.15754081 0.30602020 0.10285685
v 0.15026420 0.24746186 0.03844576
v 0.14955194 0.28080189 0.04566663
v 0.12704636 0.28786707 0.02846281
v 0.12625381 0.25444257 0.02122117
v 0.10163186 0.28953785 0.03014591
v 0.10067190 0.25557148 0.02403005
v -0.01732167 -0.21159297 -0.05554581
v -0.01534883 -0.19947487 -0.03432207
v -0.01334088 -0.19897133 -0.01730685
v 0.06634858 0.38550025 0.11084071
v 0.05989341 0.34601682 0.10841286
v 0.05844926 0.35002846 0.09112528
v 0.06528900 0.39043647 0.09607041
v 0.09233560 0.30137295 0.13965811
v 0.07362048 0.30364144 0.13313180
v 0.07874095 0.34208739 0.13179106
v 0.09449181 0.34066862 0.13801938
v 0.14623991 0.39097488 0.08909383
v 0.15222944 0.35003304 0.08425564
v 0.15219542 0.34649295 0.10622188
v 0.14528543 0.38730419 0.10954704
v 0.11807075 0.39769864 0.05689527
v 0.14204003 0.35425228 0.05979469
v 0.13718653 0.39457446 0.06855938
v 0.11479868 0.43638277 0.06395198
v 0.09832922 0.43859011 0.06454769
v 0.09930720 0.39998108 0.05791354
v 0.07075937 0.42844701 0.09954682
v 0.07033958 0.42437387 0.11356287
v 0.09304578 0.41841865 0.13822921
v 0.09467946 0.37994242 0.13721849
v 0.08074615 0.38178837 0.13104069
v 0.08082608 0.42062974 0.13175011
v 0.12658584 0.38348222 0.13369776
v 0.11089408 0.38077635 0.13872407
v 0.10803717 0.41891152 0.13929231
v 0.12218667 0.42162246 0.13417788
v 0.13784529 0.42475134 0.11228289
v 0.13830556 0.38522136 0.12444697
v 0.13166277 0.42319983 0.12518249
v 0.14030282 0.42786890 0.09259409
v 0.13228403 0.43256003 0.07393472
v 0.00238435 -0.19702393 0.03998332
v -0.00262978 -0.18560451 0.01520878
v 0.00004302 -0.17785668 0.02616159
v 0.00963011 -0.19169664 0.04997722
v 0.03823602 -0.08023876 -0.03576241
v 0.03825399 -0.04963636 -0.02715345
v 0.03680688 0.01354080 -0.01250383
v 0.03750649 -0.01749629 -0.01981248
v 0.03813605 0.04382873 -0.00267273
v 0.04053218 0.07350242 0.00857370
v 0.04068616 0.09961718 0.02168621
v 0.04269314 0.12734735 0.03173697
v 0.04944096 0.15484631 0.03845089
v 0.05781597 0.18440783 0.04291910
v 0.06179731 0.24437517 0.05618617
v 0.05265088 0.24134618 0.07434756
v 0.06277877 0.21303356 0.05044864
v 0.06158644 0.31580931 0.06647527
v 0.05993214 0.27894109 0.06106741
v 0.06591433 0.35546106 0.07330513
v 0.07167307 0.39575940 0.08084337
v 0.07695090 0.43333036 0.08525549
v 0.06454997 -0.18691850 -0.07559490
v 0.03962975 -0.18168265 -0.06305281
v 0.04018675 -0.19979823 -0.06827491
v 0.06399164 -0.21059793 -0.07818066
v -0.00263009 -0.19481719 -0.02278744
v -0.00542151 -0.19700837 -0.00791971
v -0.00729338 -0.19945264 -0.01328913
v -0.00562946 -0.19769025 -0.02868487
v 0.13286313 0.07929963 0.00128300
v 0.11614414 0.02114713 0.08057306
v 0.09859256 0.01891160 0.08692989
v 0.08057200 0.01750988 0.08569262
v -0.01067652 -0.20382613 -0.00050820
v 0.05170811 0.05088818 -0.02447657
v 0.07197192 0.05505943 -0.03813640
v 0.06908874 0.08343822 -0.03204127
v 0.04916690 0.08012486 -0.01531336
v 0.09807641 0.22737843 0.01900274
v 0.08012988 0.25067735 0.03997536
v 0.07813489 0.22078997 0.03266345
v 0.09699032 0.20212698 0.01094610
v 0.12671375 0.19187933 0.11458030
v 0.14376706 0.19379431 0.10397635
v 0.13190848 0.22534966 0.12516479
v 0.10705053 0.19187272 0.11970517
v 0.11003941 0.22535747 0.13075536
v 0.05489919 -0.00782412 -0.04019225
v 0.07959968 -0.00282317 -0.05052938
v 0.07592823 0.02621377 -0.04317459
v 0.05278359 0.02140242 -0.03211479
v 0.13374262 -0.53516769 0.07071085
v 0.12197718 -0.53983438 0.08659465
v 0.13556474 -0.67287731 -0.03767214
v 0.14020573 -0.65913111 -0.02643138
v 0.12897891 -0.65195286 -0.03716518
v 0.12550253 -0.66640925 -0.04505236
v 0.14432518 -0.68332791 -0.02991555
v 0.14911322 -0.67041880 -0.01751020
v 0.15152811 -0.69592571 -0.02129900
v 0.02342151 -0.87846637 0.13536038
v 0.02324702 -0.89156866 0.13023685
v 0.15623184 -0.68376130 -0.00890411
v 0.16793413 -0.73590803 0.02070388
v 0.16623467 -0.73802650 0.02491049
v 0.04909791 -0.60995561 -0.07292914
v 0.02742760 -0.60909450 -0.07258720
v 0.02839988 -0.63314629 -0.06824230
v 0.04652184 -0.41783750 -0.08594757
v 0.02421627 -0.29254961 -0.08183461
v 0.03118216 -0.32304072 -0.08027028
v 0.05242249 -0.32591388 -0.07749785
v -0.00967028 -0.22310227 -0.06955161
v 0.09066070 -0.63431519 0.13571148
v 0.08599994 -0.60678267 0.13084312
v 0.06746279 -0.82175422 0.15189739
v 0.04473929 -0.81646800 0.14909323
v 0.06938929 -0.85110110 0.14561054
v 0.06866851 -0.86398691 0.14241710
v 0.04482947 -0.85846359 0.14092238
v 0.00396491 -0.56218088 -0.07838891
v 0.00323045 -0.53983200 -0.08111091
v 0.04527856 -0.84556752 0.14348994
v 0.04343978 -0.91113716 0.11862376
v 0.00589110 -0.63046706 -0.06373815
v 0.00537475 -0.60733020 -0.06867924
v 0.03840737 -0.92233568 0.11291361
v -0.00455032 -0.19387776 -0.00305270
v -0.00478391 -0.20057291 0.01757983
v -0.00604683 -0.20127451 0.00869401
v 0.01868470 -0.16074371 -0.03931513
v 0.00533695 -0.16163462 -0.01966259
v 0.00637462 -0.17538488 -0.02725164
v 0.02004778 -0.17718679 -0.04636058
v 0.16401671 -0.21127838 -0.02757047
v 0.17271939 -0.21896094 0.00748820
v 0.08539318 -0.18518811 0.09949640
v 0.20185518 -0.59554094 0.08357427
v 0.21178226 -0.59723854 0.09027547
v 0.20436373 -0.62028044 0.09162346
v 0.19513053 -0.61885923 0.08417752
v 0.09363794 -0.71707124 0.15300265
v 0.10186069 -0.68988353 0.14391035
v 0.11320912 -0.89973962 0.04852134
v 0.20689526 -0.86137724 0.03307221
v 0.19471283 -0.85208201 0.00974455
v 0.18537778 -0.85820752 0.01540517
v 0.19577858 -0.86966848 0.03876568
v -0.00783086 -0.20911759 0.01502372
v 0.19578886 -0.81670505 0.11198201
v 0.20211998 -0.83220017 0.09988673
v 0.19059682 -0.83971298 0.10946750
v 0.18346149 -0.82271695 0.12143326
v 0.04541047 -0.32400629 0.14517026
v 0.07294475 -0.32270357 0.14390188
v 0.05731800 -0.53185213 0.11562909
v 0.07594889 -0.52821720 0.11214541
v 0.07732245 -0.55339170 0.11890570
v 0.00020143 -0.21172142 0.05907176
v 0.00213034 -0.21721935 0.06887589
v 0.05914567 -0.55830705 0.12163138
v 0.12391251 -0.70268381 0.14300261
v 0.13776651 -0.68620062 0.13180168
v 0.04003238 -0.73893148 -0.06035230
v 0.05599727 -0.74409097 -0.06290161
v 0.05516481 -0.72429115 -0.06899460
v 0.03933827 -0.71762836 -0.06568021
v 0.22041968 -0.66070306 0.09774493
v 0.20737001 -0.67699695 0.09947918
v 0.19639172 -0.66771889 0.09682239
v 0.20492966 -0.64788926 0.09785336
v 0.16632508 -0.22489512 0.04700326
v 0.14550753 -0.20924151 0.07968075
v 0.15205790 -0.57293391 0.05821685
v 0.14391398 -0.57812387 0.07989325
v 0.13730234 -0.55630952 0.07562131
v 0.14709643 -0.55097532 0.05530392
v 0.16736099 -0.63346624 0.06370786
v 0.16482078 -0.61424190 0.06234063
v 0.17060165 -0.65146905 0.06408070
v 0.18096913 -0.72527641 0.07964987
v 0.17517696 -0.72431022 0.08122925
v 0.18354675 -0.72792506 0.08686267
v 0.03921645 -0.16141760 -0.05737066
v 0.03359088 -0.23361039 -0.07932831
v 0.02454507 -0.25160694 -0.08313011
v -0.00710595 -0.20304513 0.00216325
v 0.07766043 -0.92464310 0.03783806
v 0.06866466 -0.91949916 0.02447274
v 0.17535506 -0.70059490 0.06807241
v 0.17566623 -0.68134105 0.07156542
v 0.17329228 -0.72394764 0.05362723
v 0.17768766 -0.72075438 0.06721065
v 0.18051322 -0.71782738 0.06461642
v 0.17512022 -0.72117352 0.05017499
v 0.18065423 -0.72056371 0.07900991
v 0.18394707 -0.71797848 0.07780298
v 0.14160635 -0.79863364 -0.02331071
v 0.14819744 -0.80967534 -0.01501008
v 0.15766369 -0.80168033 -0.01516192
v 0.15130182 -0.78979611 -0.02253888
v 0.13036047 -0.80587822 -0.02361269
v 0.11644079 -0.81078029 -0.02508428
v 0.12203823 -0.82601637 -0.01498171
v 0.13671066 -0.81901264 -0.01449806
v 0.08838111 -0.87559223 0.00919261
v 0.10938078 -0.88029319 0.02337121
v 0.06483997 -0.87102473 0.00154484
v 0.04420945 -0.86673856 -0.00236967
v 0.04641944 -0.89829713 0.12660685
v 0.04565635 -0.88380241 0.13352771
v 0.07161316 -0.88913423 0.13191423
v 0.07227296 -0.90086913 0.12400022
v 0.06277775 -0.90674627 0.01978647
v 0.05096072 -0.89868975 0.01358778
v 0.04018443 -0.88420528 0.00931525
v 0.24045853 -0.65517211 0.02080936
v 0.24330920 -0.63159817 0.01997034
v 0.08409880 -0.93595457 0.06696613
v 0.08342987 -0.93037689 0.05221434
v 0.25198919 -0.65776050 0.03414760
v 0.25439280 -0.63271123 0.03304108
v 0.17318633 -0.86419189 0.02091814
v 0.17194724 -0.84211016 0.00058767
v 0.15857604 -0.84853309 0.00588944
v 0.05716440 -0.91635352 0.01367166
v 0.04745309 -0.90856850 0.00883345
v 0.16941106 -0.25517148 -0.00242528
v 0.16094580 -0.24751472 -0.03295465
v 0.14216690 -0.52114177 -0.01226536
v 0.14881693 -0.52409869 0.00841437
v 0.02431429 -0.56183541 -0.08005674
v 0.02264146 -0.53840107 -0.08252989
v 0.02154917 -0.90986842 -0.00046403
v 0.03818669 -0.48939449 -0.08635614
v 0.01806268 -0.48647833 -0.08736481
v 0.02024449 -0.51370984 -0.08426606
v 0.03900193 -0.51409805 -0.08272605
v 0.00694967 -0.44711736 -0.09202036
v 0.00981783 -0.46033195 -0.08987234
v -0.00729329 -0.27447060 -0.08610667
v 0.00280388 -0.27311096 -0.08627061
v 0.20211416 -0.73012805 0.00152186
v 0.21903032 -0.73991203 0.00349494
v 0.21936965 -0.71932423 0.00664030
v 0.20240781 -0.71105731 0.00395953
v 0.05516234 -0.49074244 -0.08046811
v 0.07317536 -0.49110833 -0.07031421
v 0.16918333 -0.73176956 0.01831541
v 0.16940777 -0.73981673 0.00206500
v 0.02901724 -0.65787601 -0.06354640
v 0.07174626 -0.72901213 -0.07004165
v 0.07293500 -0.74613041 -0.06341079
v 0.08838441 -0.74753642 -0.06201477
v 0.08649582 -0.73185337 -0.06866491
v -0.00625595 -0.20498019 0.01126872
v 0.23107922 -0.73956966 0.09405838
v 0.23555794 -0.72838014 0.09056453
v 0.24103053 -0.73467183 0.08482053
v 0.23717657 -0.74658930 0.08856042
v -0.00193560 -0.16665667 0.00198687
v -0.00021053 -0.15030575 0.01215566
v 0.02015974 -0.20180780 0.06750593
v 0.00546690 -0.20621961 0.05589305
v 0.06152845 -0.10049832 -0.06229516
v 0.06324957 -0.13149178 -0.06894317
v 0.05966913 -0.06887424 -0.05495869
v 0.05756865 -0.03732657 -0.04775652
v 0.06201240 0.16009688 0.02065811
v 0.07347795 0.19019043 0.02297670
v 0.08091524 0.28483224 0.04621734
v 0.00397402 -0.21958733 0.08239087
v 0.08173428 0.32097441 0.05270802
v 0.08289345 0.35944641 0.06051837
v 0.08470084 0.39936322 0.06825036
v 0.08634563 0.43738902 0.07281905
v 0.25897315 -0.63009995 0.04847918
v 0.25837666 -0.65710908 0.05102997
v 0.25493565 -0.65068579 0.06826968
v 0.25836599 -0.62428260 0.06404396
v 0.18087137 -0.64360756 0.06366365
v 0.17985189 -0.64773422 0.05097632
v 0.18406594 -0.62562013 0.05162615
v 0.18565960 -0.62264848 0.06379871
v 0.18945226 -0.59960413 0.06436333
v 0.19426389 -0.59690142 0.07503402
v 0.18922716 -0.62020731 0.07466048
v 0.22430335 -0.60156488 0.09301721
v 0.23600449 -0.60700840 0.09160312
v 0.22972383 -0.63260019 0.09497932
v 0.21559003 -0.62507653 0.09587349
v 0.25407791 -0.61877310 0.07766277
v 0.24819919 -0.64350641 0.08167781
v 0.23923755 -0.63769120 0.09060462
v 0.24569362 -0.61270225 0.08675680
v 0.18965437 -0.60875010 0.02501972
v 0.18616256 -0.60502046 0.03844984
v 0.18313305 -0.62857121 0.03803594
v 0.18640757 -0.63299263 0.02421966
v 0.23856227 -0.74857724 0.01130104
v 0.23642546 -0.72657901 0.01400035
v 0.17125215 -0.74806827 0.01558914
v 0.17536969 -0.75368708 0.00125183
v 0.17532147 -0.74395192 0.00700033
v 0.16701904 -0.74168384 0.02201850
v 0.22229970 -0.67708653 0.01071942
v 0.22016917 -0.69978678 0.00865245
v 0.23535433 -0.70393264 0.01794368
v 0.23677790 -0.67974555 0.02049362
v 0.18382704 -0.65772736 0.02366844
v -0.00111336 -0.21062440 0.04841924
v 0.18006130 -0.65223134 0.03711623
v 0.17560105 -0.67436802 0.03623554
v 0.17966424 -0.67909420 0.02325029
v 0.19639242 -0.64271188 0.09203276
v 0.18931752 -0.66315782 0.09092973
v 0.18678030 -0.72137922 0.00551947
v 0.18716119 -0.70334637 0.00908765
v 0.16556302 -0.73277682 -0.00047836
v 0.17602676 -0.70986152 0.04399198
v 0.17594545 -0.71687132 0.04725793
v 0.12562740 -0.68028545 -0.05195086
v 0.12891372 -0.69579786 -0.05491772
v 0.16275403 -0.67394322 0.00752338
v 0.16751508 -0.69031727 0.01589804
v 0.13389665 -0.68579918 -0.04582568
v 0.13405663 -0.69643015 -0.04950382
v 0.08812927 -0.60670185 -0.06230262
v 0.04224586 -0.87547082 0.00527987
v 0.20208669 -0.69126153 0.00578044
v 0.18750799 -0.68483979 0.01167180
v 0.18970242 -0.70483983 0.09673862
v 0.18444532 -0.70159578 0.09216902
v 0.18894348 -0.68580317 0.09487209
v 0.00625333 -0.23099995 0.09569515
v 0.00742511 -0.24292266 0.10939504
v 0.19702971 -0.69141996 0.09899361
v 0.15399900 -0.72491181 0.13702454
v 0.14012085 -0.71449387 0.14083393
v 0.14975229 -0.70079100 0.12946053
v 0.16115072 -0.71327740 0.12679522
v 0.24947901 -0.73994869 0.06983091
v 0.25257590 -0.73860496 0.06009510
v 0.25215507 -0.75787485 0.06092371
v 0.24770683 -0.75573683 0.07207321
v 0.25363284 -0.73598158 0.04619754
v 0.24980858 -0.73137635 0.02948182
v 0.25127774 -0.75490004 0.02734398
v 0.25416446 -0.75830781 0.04581795
v 0.16059175 -0.29559404 0.04371404
v 0.16586743 -0.29285276 0.01727575
v 0.12326686 -0.43614265 -0.04686446
v 0.10471068 -0.43040860 -0.05929311
v 0.07893527 -0.33580658 -0.07301270
v 0.01827439 -0.20129275 -0.05855131
v 0.00425240 -0.19167310 -0.03640741
v 0.00422746 -0.12645847 0.02280514
v 0.16728772 -0.28802684 -0.01235762
v 0.01203537 -0.09628570 0.03102088
v 0.02028080 -0.06478983 0.03882708
v 0.06603600 -0.06888711 0.08970746
v 0.09154830 -0.06678045 0.09409145
v 0.08821779 -0.09804088 0.09417721
v 0.05944231 -0.10219294 0.08887903
v 0.11647350 -0.06359756 0.08866610
v 0.11605794 -0.09355897 0.08893308
v 0.10399611 0.02792817 -0.04192123
v 0.11201269 0.26213914 0.13855523
v 0.13185051 0.30126894 0.13448285
v 0.13311471 0.26151651 0.13230783
v 0.11271841 0.30077779 0.14043933
v 0.14997850 0.26340693 0.11841844
v 0.14869815 0.22730482 0.11245574
v 0.14627476 0.31642437 0.05182943
v 0.11247463 0.34062988 0.13912609
v 0.12971887 0.34250379 0.13399126
v 0.14405246 0.34390914 0.12241106
v 0.14820045 0.30267197 0.12106879
v -0.00191206 -0.17769927 -0.00714236
v 0.14576198 -0.20273024 -0.05783676
v 0.14248140 -0.23580056 -0.06057660
v 0.08759797 -0.24882418 -0.08035890
v 0.06136112 -0.23335034 -0.08036277
v 0.09457497 -0.51407725 -0.05563435
v 0.11325569 -0.51518804 -0.04460143
v 0.11749417 -0.55989277 -0.04012021
v 0.13297316 -0.56174487 -0.02561287
v 0.13105200 -0.53917688 -0.02710925
v 0.11559093 -0.53670269 -0.04196771
v 0.15427658 -0.56589633 0.01195921
v 0.15610521 -0.56889653 0.03544824
v 0.15203965 -0.54715371 0.03315423
v 0.15071326 -0.54450476 0.01071676
v 0.14982994 -0.52732766 0.03030454
v 0.14420360 -0.53063220 0.05146443
v 0.09798957 -0.57426679 0.11687540
v 0.11297648 -0.56861120 0.10586570
v 0.11956815 -0.59230399 0.11228463
v 0.10391120 -0.59982717 0.12320095
v 0.01362211 -0.26599720 -0.08410754
v -0.00194500 -0.19061857 -0.01899769
v 0.06437333 -0.16042900 -0.07312520
v 0.09337105 -0.19079095 -0.08171570
v 0.12149304 -0.19516248 -0.07598236
v 0.17372209 -0.70424330 0.05729688
v 0.17988521 -0.73096967 0.11441725
v 0.17890780 -0.73767573 0.11962479
v 0.25309235 -0.71321666 0.04839114
v 0.24838617 -0.70828760 0.03250324
v 0.17594692 -0.69827455 0.02004610
v 0.21986082 -0.75953078 -0.00008649
v 0.20220724 -0.74777293 -0.00126404
v 0.20209622 -0.76505697 -0.00523679
v 0.10726289 -0.32031029 -0.06873658
v 0.13638043 -0.30215845 -0.06254686
v 0.11130285 -0.29171997 -0.07227407
v 0.00046071 -0.20651609 0.04452571
v 0.03823031 -0.21680796 -0.07423302
v 0.02673045 -0.03370810 0.04446531
v 0.03159171 -0.00400525 0.05021716
v 0.03546092 0.02430820 0.05677731
v 0.03875528 0.05206031 0.06394561
v 0.04132252 0.08014178 0.07181339
v 0.04734473 0.10864186 0.07799815
v 0.05568202 0.13808602 0.08194482
v 0.06132700 0.16907555 0.08973411
v 0.05265773 0.23823285 0.09443995
v 0.05938465 0.23528874 0.10957690
v 0.06117145 0.20122087 0.10032654
v 0.05810492 0.27044398 0.11721392
v 0.06018824 0.30586368 0.12158380
v 0.06706822 0.34391207 0.12177372
v 0.07460414 0.42188203 0.12388900
v 0.07220419 0.38289392 0.12214990
v -0.00463208 -0.20678872 0.02218291
v -0.00273334 -0.20684856 0.03321438
v 0.14185765 -0.85458004 0.01173611
v 0.16999133 -0.72855544 0.03589182
v 0.16889431 -0.73068231 0.03967917
v 0.17512466 -0.71579975 0.01615392
v 0.24190825 -0.66704476 0.08466809
v 0.25159472 -0.67510426 0.07250446
v 0.17176457 -0.69568950 0.03410623
v 0.16270070 -0.73859322 0.03538475
v 0.16751406 -0.74106097 0.02893928
v 0.25701016 -0.43798193 -0.02671792
v 0.26768914 -0.43762767 -0.01837867
v 0.26414588 -0.41794774 -0.02608132
v 0.25356635 -0.41850349 -0.03294981
v 0.24395493 -0.43679589 -0.02931842
v 0.24143925 -0.41737002 -0.03417522
v 0.20927089 -0.41499192 0.01638988
v 0.20895150 -0.42110008 0.00339884
v 0.21244226 -0.40148252 -0.00200288
v 0.21343988 -0.39562553 0.01038307
v 0.22869085 -0.39599377 -0.03587517
v 0.22127758 -0.39238232 -0.02823389
v 0.22100998 -0.41160107 -0.02355777
v 0.22988430 -0.41496605 -0.03113781
v 0.22751218 -0.40976763 0.03833534
v 0.24051085 -0.41220343 0.04198058
v 0.23595478 -0.43029028 0.05091180
v 0.22232038 -0.42805806 0.04578896
v 0.20075233 -0.49504712 0.03014873
v 0.19828549 -0.48881891 0.04291768
v 0.19631435 -0.50435662 0.04194708
v 0.20067599 -0.51134294 0.02971587
v 0.26274410 -0.47779828 -0.01393810
v 0.27166161 -0.47771147 -0.00211239
v 0.27027506 -0.45773095 -0.01023385
v 0.25999689 -0.45799422 -0.02036026
v 0.22083233 -0.47120479 -0.01088122
v 0.21131374 -0.46718541 0.00083508
v 0.21212946 -0.48775187 0.00579789
v 0.22240275 -0.49237046 -0.00532331
v 0.26515067 -0.49913108 -0.00511025
v 0.27192935 -0.49687400 0.00742406
v 0.21999918 -0.43115729 -0.01947753
v 0.21281001 -0.42669967 -0.00853270
v 0.21131338 -0.44690359 -0.00410657
v 0.22005302 -0.45106453 -0.01553065
v 0.23507997 -0.37462705 0.02035470
v 0.24646777 -0.37682247 0.02209036
v 0.24399707 -0.39439178 0.03219999
v 0.23178574 -0.39194173 0.02964252
v 0.21721721 -0.38787335 -0.01851583
v 0.21523286 -0.38258576 -0.00773908
v 0.21535841 -0.40707564 -0.01328383
v 0.27166045 -0.39284968 -0.01191154
v 0.26799899 -0.39622360 -0.02391323
v 0.27112538 -0.41585293 -0.01488653
v 0.27414605 -0.41249147 -0.00142729
v 0.20150422 -0.45548528 0.02593890
v 0.20400099 -0.46148741 0.01293163
v 0.20570293 -0.44110858 0.00838532
v 0.20505781 -0.43507132 0.02154534
v 0.24863523 -0.47701874 -0.01942766
v 0.24621773 -0.45670781 -0.02440552
v 0.27568302 -0.43210334 0.00926493
v 0.27367526 -0.43580818 -0.00560144
v 0.27477041 -0.45577505 0.00393476
v 0.27586591 -0.45173651 0.02025026
v 0.26922247 -0.46536523 0.04537940
v 0.25817239 -0.45936942 0.05517443
v 0.26183397 -0.44090852 0.04435286
v 0.27157542 -0.44667566 0.03409626
v 0.20040326 -0.47584075 0.02868521
v 0.20130061 -0.46984676 0.04252434
v 0.21666662 -0.44710985 0.05176282
v 0.23064049 -0.44881627 0.05924910
v 0.22406997 -0.46722621 0.06547150
v 0.21010959 -0.46624669 0.05592582
v 0.24076515 -0.53352046 -0.00188445
v 0.25519571 -0.53563768 0.00140184
v 0.25447580 -0.51808500 -0.00672370
v 0.23894647 -0.51585108 -0.00842451
v 0.26666141 -0.51729882 0.00266364
v 0.26736927 -0.53421271 0.01075204
v 0.26519370 -0.56021935 0.04118721
v 0.26190823 -0.55591619 0.05564963
v 0.26293424 -0.54496169 0.04966533
v 0.26701570 -0.54692137 0.03363530
v 0.26218560 -0.50079924 0.06998399
v 0.24725810 -0.49531719 0.07762942
v 0.25336415 -0.47752374 0.06619377
v 0.26647812 -0.48341540 0.05740960
v 0.22301967 -0.50342178 0.08448362
v 0.20879543 -0.49869555 0.07353443
v 0.21655624 -0.48440313 0.07038869
v 0.23171981 -0.48922199 0.07758220
v 0.20243223 -0.55532455 0.07821339
v 0.19519979 -0.55637646 0.06735371
v 0.19604786 -0.54116046 0.06851109
v 0.20450599 -0.53911668 0.08049244
v 0.19234535 -0.56403273 0.04038861
v 0.19689450 -0.56838334 0.02832710
v 0.19873655 -0.55560088 0.02936739
v 0.19329634 -0.55027807 0.04055648
v 0.24629101 -0.58671069 0.01528092
v 0.25741455 -0.58926803 0.02769479
v 0.25774997 -0.57857132 0.02150159
v 0.24465227 -0.57629275 0.01068968
v 0.25766358 -0.51530993 0.08063184
v 0.23930588 -0.51250678 0.08902279
v 0.19418997 -0.53682292 0.03950531
v 0.19963264 -0.54306734 0.02818701
v 0.20055318 -0.52571148 0.02746852
v 0.19491988 -0.51941967 0.03976171
v 0.02465889 -0.81369138 0.14941163
v 0.02376437 -0.82816690 0.14677811
v 0.21935065 -0.55539477 0.01289483
v 0.22946125 -0.55809486 0.00430319
v 0.22978812 -0.54228497 0.00104178
v 0.21831028 -0.53810191 0.01012807
v 0.24418816 -0.56351167 0.00334930
v 0.25718454 -0.56545103 0.01087202
v 0.25702131 -0.54807436 0.00363269
v 0.24333926 -0.54573637 -0.00205521
v 0.25732175 -0.53684807 0.07950734
v 0.24878052 -0.53082019 0.08992541
v -0.00630088 -0.43098199 -0.09131064
v -0.00437245 -0.44637433 -0.09011181
v 0.25392836 -0.52462661 0.08634393
v 0.26168782 -0.53089911 0.07452546
v 0.21499676 -0.51414979 0.08506510
v 0.20228277 -0.51190138 0.07325587
v 0.01600412 -0.41741839 0.12272905
v 0.01542811 -0.43530408 0.11465763
v 0.21816146 -0.52065146 0.01161507
v 0.20787123 -0.51688272 0.02116606
v 0.20858663 -0.53157747 0.01769486
v 0.26654246 -0.54836380 0.01682800
v 0.21241009 -0.55560178 0.08546439
v 0.22282043 -0.55698627 0.09090402
v 0.21855161 -0.57410359 0.09021534
v 0.20848109 -0.57251990 0.08430857
v 0.20013925 -0.57329237 0.07621963
v 0.19383803 -0.57506251 0.06574941
v 0.18977652 -0.58157623 0.03895186
v 0.19349030 -0.58603853 0.02617662
v 0.20325750 -0.59118438 0.01563172
v 0.21738088 -0.59717214 0.00992513
v 0.22111468 -0.57869649 0.01230521
v 0.20675540 -0.57286453 0.01845263
v 0.25627348 -0.60909879 0.03142511
v 0.24573593 -0.60784292 0.01873487
v 0.26022160 -0.60501575 0.04561999
v 0.26152959 -0.58701682 0.04049377
v 0.19307715 -0.53030074 0.05377590
v -0.01230634 -0.34590065 -0.08272500
v -0.01417563 -0.31972170 -0.08360295
v 0.19244766 -0.54497182 0.05373085
v 0.27279642 -0.42733088 0.02321020
v 0.26430324 -0.42223507 0.03343797
v 0.26539791 -0.40341815 0.02238786
v 0.27246070 -0.40795296 0.01183501
v 0.25697535 -0.38104153 0.01867294
v 0.25564677 -0.39866501 0.02939123
v 0.23094389 -0.43443602 -0.02699061
v 0.23262560 -0.45410976 -0.02280936
v 0.23844999 -0.39889050 -0.03995961
v 0.22796097 -0.52578771 0.00140925
v 0.22532976 -0.51067317 -0.00077966
v 0.25910723 -0.55021781 0.07058183
v 0.26091629 -0.56601632 0.06149869
v 0.25724849 -0.55966377 0.07456405
v 0.27028513 -0.50713640 0.05410831
v 0.26899898 -0.51292121 0.03457521
v 0.26553577 -0.53047776 0.04676838
v 0.26645467 -0.52151525 0.06593351
v 0.24354345 -0.53686732 0.09065004
v 0.25317401 -0.54367292 0.08231165
v 0.24954396 -0.55338800 0.08434761
v 0.23890924 -0.54724967 0.09066270
v 0.23063779 -0.57098228 0.00925516
v 0.23345238 -0.58314633 0.01120847
v 0.25979656 -0.57796538 0.06689119
v 0.26120222 -0.58251071 0.05353667
v 0.26018816 -0.59888309 0.05960499
v 0.25782371 -0.59487677 0.07281137
v 0.26299927 -0.57117361 0.04791769
v 0.25482255 -0.57249075 0.07863754
v 0.25120166 -0.58963966 0.08276910
v 0.23246905 -0.60332733 0.01110375
v 0.23456296 -0.56129801 0.09126983
v 0.24596943 -0.56679654 0.08651961
v 0.24142723 -0.58407211 0.08904153
v 0.22984380 -0.57848775 0.09214425
v 0.25334141 -0.41698104 0.03984001
v 0.24969579 -0.43543461 0.04985943
v 0.19816023 -0.49897367 0.05872348
v 0.20321672 -0.48382488 0.05868611
v 0.19501093 -0.51370448 0.05589217
v 0.21584667 -0.41066900 0.02903959
v 0.22053446 -0.39217377 0.02191520
v 0.20564391 -0.44958234 0.03975867
v 0.21095185 -0.42988220 0.03499350
v 0.27482092 -0.47117209 0.03108978
v 0.22074780 -0.52684569 0.08957011
v 0.20839617 -0.52432930 0.08272734
v 0.22761807 -0.51963294 0.09203249
v 0.19033021 -0.57874680 0.05245172
v 0.19192275 -0.55940640 0.05364628
v 0.24436030 -0.52187347 0.09212586
v 0.18677172 -0.60192764 0.05179338
v 0.26898652 -0.53274697 0.02671912
v 0.26422068 -0.56434786 0.02523984
v 0.26276946 -0.57577628 0.03437576
v 0.26064569 -0.39894015 -0.03394035
v 0.23379815 -0.47475508 -0.01815589
v 0.21547121 -0.50612074 0.01018575
v 0.20706029 -0.50076848 0.01982272
v 0.23191810 -0.53078878 0.09336877
v 0.22688603 -0.54189718 0.09169811
v 0.21589015 -0.53946054 0.08698118
v 0.22125253 -0.56703109 0.01416162
v 0.20831144 -0.56110394 0.02045890
v 0.22455721 -0.37479180 0.01381697
v 0.20858330 -0.54967147 0.02000967
v 0.27061248 -0.51688313 0.01849471
v 0.04536543 -0.83142483 0.14647789
v 0.15690918 -0.65753645 -0.00068488
v 0.11925713 -0.62919170 -0.04368526
v 0.13467707 -0.63295949 -0.03083855
v 0.17155397 -0.71603185 0.02903891
v 0.17080528 -0.72412938 0.03308087
v 0.16889572 -0.73357582 0.04285351
v 0.16479392 -0.73220611 0.04787385
v 0.16163234 -0.69799352 -0.00027318
v 0.00944341 -0.47392085 -0.08634583
v 0.06031289 -0.45266715 0.10578292
v 0.03881654 -0.45296320 0.10866112
v 0.04083364 -0.43362054 0.11201134
v 0.06338808 -0.43302810 0.10822354
v 0.04347480 -0.41419423 0.11959841
v 0.15631780 -0.37996319 0.05650785
v 0.15159506 -0.40225604 0.05525054
v 0.14001995 -0.39916199 0.07696551
v 0.14395130 -0.37586984 0.08014740
v 0.15432052 -0.42020437 0.03143843
v 0.14689942 -0.42064378 0.05485970
v 0.15816797 -0.40306613 0.03068464
v 0.15888430 -0.40012699 0.00497665
v 0.15550703 -0.41778746 0.00657091
v 0.15360411 -0.39338964 -0.01817918
v 0.15038317 -0.41257665 -0.01659673
v 0.14238873 -0.38531682 -0.03842736
v 0.12521607 -0.37731448 -0.05420473
v 0.10480534 -0.34614101 -0.06592605
v 0.07936010 -0.36178887 -0.07095841
v 0.10295267 -0.36948189 -0.06448418
v 0.03547603 -0.35131764 -0.07987890
v 0.05606724 -0.35552174 -0.07597323
v 0.00181055 -0.34698951 -0.08310820
v 0.01773378 -0.34887129 -0.08215173
v 0.13020369 -0.84092176 -0.00223211
v 0.14888637 -0.89288300 0.09647775
v 0.15734436 -0.89581180 0.07388528
v 0.13085616 -0.90288150 0.09756332
v 0.16552432 -0.82825506 0.13323143
v 0.17312627 -0.84605289 0.12171440
v 0.14884807 -0.84797049 0.13637146
v 0.14245826 -0.83143121 0.14438784
v 0.11723194 -0.89775795 0.11365236
v 0.10574563 -0.90198576 0.11379952
v 0.13236697 -0.88914376 0.11558082
v 0.09158374 -0.88059121 0.13611062
v 0.11023576 -0.88455606 0.13024816
v 0.21097696 -0.85925126 0.06008326
v 0.20833704 -0.84793884 0.08369790
v 0.21788548 -0.84063065 0.07590522
v 0.22233514 -0.85143161 0.05263986
v 0.18937692 -0.80111599 0.12047172
v 0.18226664 -0.78721064 0.12620427
v 0.19282058 -0.78341854 0.11796912
v 0.19936608 -0.79730535 0.11252423
v 0.24511044 -0.81245786 0.03336353
v 0.24401306 -0.81201291 0.05534685
v 0.24973819 -0.79679120 0.05071814
v 0.24937047 -0.79520404 0.03001086
v 0.20512487 -0.81237262 0.10427976
v 0.11403674 -0.72248459 0.15240179
v 0.14759474 -0.73766410 0.14470972
v 0.13245866 -0.72910768 0.14993025
v 0.17885055 -0.74466795 0.12329762
v 0.17149958 -0.74541521 0.13032813
v 0.17306566 -0.73581374 0.12566662
v 0.18974522 -0.74333358 0.11031878
v 0.18481973 -0.74273527 0.11615435
v 0.18686038 -0.75265068 -0.00390786
v 0.18624452 -0.76542419 -0.00886799
v 0.20132069 -0.78037107 -0.00775166
v 0.18802632 -0.73659796 0.09815866
v 0.18865255 -0.73369187 0.09642342
v 0.19275346 -0.73652685 0.09826189
v 0.19056658 -0.73924565 0.10036241
v 0.19895212 -0.86774611 0.06654851
v 0.23799580 -0.80438882 0.07251441
v 0.23128344 -0.79511994 0.08430097
v 0.23913381 -0.78379798 0.07949345
v 0.24511331 -0.79190892 0.06739005
v 0.22463736 -0.78556848 0.09398054
v 0.21821018 -0.77569067 0.10099022
v 0.22574499 -0.76883352 0.09616241
v 0.23230389 -0.77681422 0.08914052
v 0.19857967 -0.73850882 0.10043722
v 0.19384518 -0.74301976 0.10295550
v 0.23939076 -0.76914304 0.00989624
v 0.22579671 -0.84047443 0.01904891
v 0.21018255 -0.82992500 -0.00056081
v 0.20306225 -0.84232938 0.00386881
v 0.21719837 -0.85243106 0.02586188
v 0.17505452 -0.71707302 0.06468004
v 0.17184082 -0.72127783 0.05293564
v 0.17714746 -0.71392184 0.07469705
v 0.18575591 -0.73112088 0.09181018
v 0.17969263 -0.71276224 0.08261468
v 0.17541663 -0.73079073 0.01181953
v 0.18736742 -0.73741829 0.00155878
v 0.19320294 -0.81151319 -0.00881471
v 0.18742651 -0.82461911 -0.00696562
v 0.25135881 -0.77564996 0.02760442
v 0.25336081 -0.77804130 0.04720103
v 0.19481996 -0.72354692 0.09826072
v 0.20091584 -0.71471167 0.10082740
v 0.19940752 -0.72705799 0.10014091
v 0.18339179 -0.72928035 0.10144248
v 0.18534577 -0.73410654 0.09530539
v 0.23152764 -0.84181470 0.04531126
v 0.25008592 -0.77621466 0.06334879
v 0.24430655 -0.77004236 0.07580922
v 0.21668938 -0.79111212 0.09963256
v 0.22288060 -0.80330139 0.09058185
v 0.21410747 -0.80841303 0.09702727
v 0.20784295 -0.79447764 0.10586254
v 0.23279020 -0.75814205 0.09189747
v 0.22574598 -0.74969995 0.09743054
v 0.20988262 -0.77963996 0.10631748
v 0.20125955 -0.78166384 0.11192586
v 0.20476091 -0.73084056 0.10134289
v 0.18041365 -0.83500171 -0.00318323
v 0.16748263 -0.81652081 -0.00826495
v 0.15868102 -0.82382256 -0.00621179
v 0.17965557 -0.79298216 -0.01131519
v 0.17450228 -0.80561835 -0.01054742
v 0.18398757 -0.77845800 -0.01095959
v 0.14570630 -0.83204842 -0.00344655
v 0.23876098 -0.52441132 0.09462862
v 0.20789705 -0.70517308 0.10115653
v 0.19562285 -0.70922470 0.09974874
v 0.20359483 -0.69864929 0.10060506
v 0.23272035 -0.66164935 0.09189715
v 0.26153466 -0.54242325 0.06621829
v 0.26368809 -0.53508723 0.06307255
v 0.27277583 -0.48908594 0.04230970
v 0.27480519 -0.47539380 0.01380292
v 0.27301192 -0.49376619 0.02377008
v 0.25187829 -0.49778426 -0.01354960
v 0.23609026 -0.49562213 -0.01317620
v 0.20462824 -0.48168615 0.01680319
v 0.23900872 -0.47174904 0.06879225
v 0.24308193 -0.36365896 -0.05531509
v 0.25348857 -0.36247718 -0.05130193
v 0.25022346 -0.34431601 -0.06002617
v 0.23971964 -0.34509999 -0.06254758
v 0.22720355 -0.32565933 -0.06677780
v 0.23053122 -0.34360331 -0.05971514
v 0.23625699 -0.32728440 -0.07146117
v 0.22216602 -0.32336545 -0.05901651
v 0.22484261 -0.34090400 -0.05302547
v 0.22067615 -0.32020420 -0.04988770
v 0.22000884 -0.31611335 -0.04100525
v 0.21988620 -0.33344829 -0.03518641
v 0.22137983 -0.33740348 -0.04438856
v 0.22138320 -0.32916927 -0.02650774
v 0.22589061 -0.32562530 -0.01833591
v 0.22315314 -0.34296602 -0.01049557
v 0.21954235 -0.34688187 -0.01992393
v 0.24344105 -0.30690652 -0.01807541
v 0.25152850 -0.30869299 -0.02000582
v 0.25128382 -0.32510304 -0.00965819
v 0.24209952 -0.32313061 -0.00799277
v 0.26469234 -0.34893662 -0.01175255
v 0.25843364 -0.34550560 -0.00376201
v 0.25917241 -0.32800579 -0.01519486
v 0.26518577 -0.33154744 -0.02234334
v 0.26689643 -0.31461942 -0.03154659
v 0.26675412 -0.31811512 -0.04118833
v 0.26632220 -0.33431363 -0.03170079
v 0.24999449 -0.39983815 -0.03958566
v 0.24664518 -0.38181734 -0.04744904
v 0.23562145 -0.38057834 -0.04663697
v 0.22108743 -0.37398934 -0.03316104
v 0.22688386 -0.37776440 -0.04106501
v 0.22557899 -0.35924029 -0.04684338
v 0.22101083 -0.35550880 -0.03874652
v 0.21721539 -0.37758821 0.00404273
v 0.21750702 -0.36457348 -0.01353425
v 0.22050555 -0.36007726 -0.00314510
v 0.21910691 -0.35124004 -0.02960762
v 0.21824479 -0.36954004 -0.02383108
v 0.23028317 -0.34041709 -0.00264668
v 0.23314688 -0.32338953 -0.01148480
v 0.26103422 -0.35909617 -0.04270995
v 0.26565325 -0.35542911 -0.03251004
v 0.26322278 -0.33754784 -0.04220051
v 0.25811660 -0.34119487 -0.05212831
v 0.22772220 -0.35763484 0.00553510
v 0.26870960 -0.37371331 -0.02248514
v 0.26459390 -0.37737840 -0.03336507
v 0.26742887 -0.35189050 -0.02170524
v 0.26896989 -0.36990231 -0.01090813
v 0.25670362 -0.32422090 -0.06169118
v 0.24774395 -0.32773602 -0.06888203
v 0.25712144 -0.38060170 -0.04263052
v 0.23998842 -0.34009290 0.00173163
v 0.25006050 -0.34215945 0.00124517
v 0.24838905 -0.35935366 0.01176208
v 0.23771510 -0.35729277 0.01110569
v 0.26550594 -0.38489717 0.01100686
v 0.25760081 -0.36294687 0.00738418
v 0.26498044 -0.36651850 -0.00048360
v 0.25989777 -0.31116170 -0.02494326
v 0.27081007 -0.38873112 0.00044942
v 0.21553828 -0.24172944 -0.07434012
v 0.21711515 -0.23396420 -0.08161250
v 0.22151186 -0.23786575 -0.07617289
v 0.21988600 -0.24821758 -0.07132022
v 0.19032185 -0.25732040 -0.06530977
v 0.18799599 -0.24362183 -0.07112979
v 0.19630495 -0.23819727 -0.06631854
v 0.19972484 -0.25090796 -0.06152786
v 0.21148977 -0.23511469 -0.07761343
v 0.21489371 -0.23099470 -0.08650625
v 0.21733314 -0.22611266 -0.09567273
v 0.21417543 -0.23156327 -0.08882216
v 0.22027721 -0.22893858 -0.10138214
v 0.22720715 -0.23725796 -0.10546458
v 0.23212178 -0.22546333 -0.11084110
v 0.22359915 -0.22284579 -0.10795103
v 0.25019664 -0.24141163 -0.09267518
v 0.25669682 -0.24084806 -0.08315957
v 0.25841090 -0.22508639 -0.08883375
v 0.25025767 -0.22613698 -0.09727424
v 0.26501346 -0.22645414 -0.06791106
v 0.26118764 -0.22477597 -0.07885358
v 0.26009166 -0.24094683 -0.07419455
v 0.26296768 -0.24172127 -0.06475535
v 0.22520207 -0.25070632 -0.06624849
v 0.22634542 -0.24001646 -0.06997268
v 0.22967109 -0.23955953 -0.06495096
v 0.22867361 -0.24990070 -0.06055769
v 0.21629548 -0.23487574 -0.09510504
v 0.20875181 -0.22644466 -0.08673000
v 0.20824391 -0.22855502 -0.09082169
v 0.21453691 -0.24084169 -0.09764503
v 0.22313428 -0.27982247 -0.04073727
v 0.22388965 -0.26864678 -0.04195845
v 0.22749072 -0.26507497 -0.03561127
v 0.22708690 -0.27740091 -0.03313908
v 0.20937946 -0.28609180 -0.05562009
v 0.21103971 -0.29684049 -0.06602475
v 0.20320389 -0.28910929 -0.07006201
v 0.20089713 -0.27932268 -0.05791621
v 0.19499230 -0.27734447 -0.07332561
v 0.18979079 -0.26349944 -0.07612097
v 0.19439197 -0.26902908 -0.06108335
v 0.18818232 -0.24800193 -0.08052103
v 0.23639792 -0.26653105 -0.02545124
v 0.23595652 -0.27653629 -0.02614632
v 0.21331507 -0.18126929 -0.09783575
v 0.21117985 -0.18099737 -0.10343465
v 0.20872080 -0.17835355 -0.10229635
v 0.21064296 -0.17901319 -0.09694296
v 0.26060718 -0.28135628 -0.03504503
v 0.25363323 -0.27919239 -0.02864015
v 0.25565431 -0.27229822 -0.02980492
v 0.26151526 -0.27469838 -0.03760087
v 0.25877964 -0.26338857 -0.03096303
v 0.26322579 -0.26613545 -0.04074955
v 0.21458378 -0.17392617 -0.11131191
v 0.21858495 -0.16976428 -0.11197813
v 0.21388057 -0.16708672 -0.10815653
v 0.21047598 -0.17077339 -0.10848442
v 0.22156110 -0.22826904 -0.08136877
v 0.21712071 -0.22591603 -0.08826846
v 0.21728030 -0.21877474 -0.09482796
v 0.21813956 -0.21300101 -0.09965751
v 0.22009821 -0.21015090 -0.09441307
v 0.22156207 -0.21763217 -0.08736351
v 0.22885132 -0.22819132 -0.07282498
v 0.22917268 -0.21744233 -0.07692114
v 0.23343445 -0.21995121 -0.06987065
v 0.23297541 -0.22981840 -0.06574255
v 0.24171169 -0.21956587 -0.05108589
v 0.23979580 -0.22704494 -0.04785597
v 0.23783687 -0.22899252 -0.05363297
v 0.23923635 -0.21998131 -0.05788258
v 0.24284762 -0.19721252 -0.06999157
v 0.24180935 -0.20398510 -0.06616735
v 0.23988260 -0.20389378 -0.07107291
v 0.24131854 -0.19706845 -0.07406342
v 0.26083463 -0.28858930 -0.03294995
v 0.25288045 -0.28630179 -0.02747515
v 0.26616064 -0.21766013 -0.03760836
v 0.27115464 -0.21685553 -0.04826382
v 0.26821604 -0.22843051 -0.04690310
v 0.26471111 -0.22962719 -0.03693554
v 0.26406437 -0.27644420 -0.04762518
v 0.26447856 -0.28358400 -0.04462263
v 0.22322524 -0.16600794 -0.10974258
v 0.21796754 -0.16404074 -0.10535789
v 0.19817241 -0.26961857 -0.08775365
v 0.19327858 -0.25122535 -0.08999386
v 0.20611849 -0.28397357 -0.08393985
v 0.21907298 -0.30009460 -0.07645234
v 0.21376812 -0.29278451 -0.07957461
v 0.22505204 -0.21210229 -0.08579004
v 0.22602631 -0.23234481 -0.07454215
v 0.23180616 -0.23949647 -0.06049100
v 0.23617752 -0.23969686 -0.03789291
v 0.23889181 -0.23303461 -0.03928101
v 0.24251939 -0.23310035 -0.03228322
v 0.24145232 -0.24018610 -0.02908042
v 0.25134069 -0.21910667 -0.03328252
v 0.25917569 -0.21865129 -0.03217283
v 0.25733066 -0.22800285 -0.03069752
v 0.24954970 -0.22606808 -0.03114563
v 0.20606196 -0.22996408 -0.09535602
v 0.20962530 -0.24501354 -0.09926180
v 0.24491307 -0.27752191 -0.02499112
v 0.24703762 -0.26949835 -0.02480227
v 0.24439307 -0.28580219 -0.02551010
v 0.21598753 -0.27116829 -0.05028577
v 0.22420935 -0.26069653 -0.05558960
v 0.22646615 -0.25954700 -0.05101317
v 0.22085494 -0.27075213 -0.04627013
v 0.21434742 -0.25520712 -0.06404335
v 0.20359777 -0.26164430 -0.05763780
v 0.21045060 -0.24596626 -0.06637410
v 0.21803966 -0.28279591 -0.04714067
v 0.21967179 -0.29247367 -0.04760315
v 0.22472993 -0.28953522 -0.04023695
v 0.22966956 -0.28696054 -0.03234744
v 0.23694643 -0.28563231 -0.02685004
v 0.21999884 -0.30235553 -0.04556000
v 0.22433026 -0.29872054 -0.03821766
v 0.23010720 -0.29572165 -0.03083560
v 0.23688251 -0.29396987 -0.02564871
v 0.26587671 -0.29182315 -0.04192653
v 0.26746970 -0.30163890 -0.03780583
v 0.26065588 -0.29806197 -0.02977991
v 0.21581152 -0.29543018 -0.05638987
v 0.21879077 -0.30581558 -0.05473259
v 0.21814778 -0.30937171 -0.06424807
v 0.22427927 -0.31116492 -0.07287022
v 0.19897422 -0.22331715 -0.07491817
v 0.20188196 -0.22889924 -0.07216482
v 0.19332013 -0.23111379 -0.07146770
v 0.19148999 -0.22499508 -0.07588752
v 0.21959971 -0.21451896 -0.10567324
v 0.21935594 -0.22092116 -0.10192977
v 0.22442272 -0.21463943 -0.11109157
v 0.23111330 -0.25507766 -0.03452206
v 0.23859820 -0.25664634 -0.02577105
v 0.22408381 -0.20702893 -0.09118544
v 0.22026056 -0.19758618 -0.11230401
v 0.22607489 -0.19467938 -0.11489605
v 0.22183797 -0.17822510 -0.11429642
v 0.21706031 -0.18164128 -0.11280384
v 0.22342387 -0.19646382 -0.09327846
v 0.22926433 -0.19286209 -0.09343371
v 0.22988670 -0.19936323 -0.09223583
v 0.22448428 -0.20276451 -0.09323879
v 0.24392197 -0.19914162 -0.06243835
v 0.24372517 -0.20493603 -0.05926201
v 0.24279924 -0.21411037 -0.11183411
v 0.24315158 -0.22791684 -0.10732290
v 0.24698721 -0.21012443 -0.10031222
v 0.24045335 -0.21151990 -0.06203762
v 0.23677674 -0.22030956 -0.06359264
v 0.23792861 -0.21151501 -0.06719151
v 0.23091277 -0.20470750 -0.08475250
v 0.22975788 -0.21021956 -0.08030042
v 0.22718936 -0.20861518 -0.08538100
v 0.22780633 -0.20475757 -0.08901636
v 0.26331884 -0.24181330 -0.03476462
v 0.25395972 -0.23875105 -0.02704921
v 0.21155548 -0.17822343 -0.10813148
v 0.20864481 -0.17539704 -0.10585463
v 0.25156736 -0.29532254 -0.02573311
v 0.24376121 -0.29373401 -0.02425820
v 0.23565619 -0.23008060 -0.05971161
v 0.24078766 -0.24140322 -0.10134025
v 0.23378453 -0.23931313 -0.05531707
v 0.25263685 -0.19795287 -0.05674572
v 0.25722018 -0.19654572 -0.06143077
v 0.26161745 -0.20424908 -0.06140456
v 0.25586069 -0.20302147 -0.05420806
v 0.21779963 -0.17896211 -0.09523718
v 0.22244328 -0.17490250 -0.09519115
v 0.22548443 -0.18104881 -0.09539796
v 0.22021174 -0.18447590 -0.09453514
v 0.21639070 -0.20019656 -0.10075413
v 0.21881615 -0.19889939 -0.09579021
v 0.22071670 -0.20565861 -0.09587410
v 0.21819067 -0.20762444 -0.10076504
v 0.21935500 -0.20813733 -0.10660604
v 0.21736479 -0.19949794 -0.10709802
v 0.23617557 -0.19046283 -0.10608529
v 0.23454583 -0.18979067 -0.09854557
v 0.22972552 -0.17613095 -0.09916107
v 0.23010772 -0.17353016 -0.10601845
v 0.26226777 -0.25591558 -0.06182912
v 0.26420668 -0.25550532 -0.05234963
v 0.26504824 -0.24158096 -0.05470529
v 0.26691821 -0.22694463 -0.05705312
v 0.26652917 -0.21323103 -0.05851895
v 0.26645932 -0.21221250 -0.07096918
v 0.26563489 -0.24180037 -0.04562345
v 0.24386811 -0.20021850 -0.09640801
v 0.23864272 -0.19980288 -0.09369113
v 0.24009232 -0.20079535 -0.10350213
v 0.23594871 -0.23809355 -0.04796225
v 0.21369481 -0.18513834 -0.10823028
v 0.24035877 -0.29230356 -0.08232833
v 0.25249231 -0.29039109 -0.07560156
v 0.25223091 -0.28085119 -0.07812387
v 0.23724490 -0.28413886 -0.08590780
v 0.21551856 -0.18655241 -0.09690303
v 0.21269469 -0.18711990 -0.10213680
v 0.24804497 -0.19776124 -0.05429961
v 0.24769533 -0.20208567 -0.05038866
v 0.24568121 -0.20442319 -0.05311120
v 0.24541402 -0.19873369 -0.05700275
v 0.26478091 -0.25500804 -0.04363400
v 0.26796734 -0.20754808 -0.04670441
v 0.26150417 -0.20693821 -0.03597271
v 0.26251426 -0.27816409 -0.05814871
v 0.26405293 -0.26743668 -0.05012691
v 0.26223439 -0.26843327 -0.05971202
v 0.25852376 -0.20786983 -0.08222394
v 0.25996709 -0.25540012 -0.07043386
v 0.25977600 -0.26851887 -0.06786501
v 0.25948530 -0.27970964 -0.06700191
v 0.25976878 -0.28848302 -0.06557176
v 0.26324058 -0.28617436 -0.05616125
v 0.22633359 -0.16649127 -0.10320275
v 0.22702396 -0.17476165 -0.11208075
v 0.26442373 -0.29511946 -0.05337399
v 0.26646766 -0.30547464 -0.04852936
v 0.26057428 -0.29759884 -0.06318873
v 0.26188624 -0.30818760 -0.05833095
v 0.25608870 -0.26866615 -0.07634246
v 0.24927010 -0.26935762 -0.08460060
v 0.25650686 -0.25537336 -0.07882413
v 0.25009125 -0.25533247 -0.08800974
v 0.25840554 -0.20979142 -0.09409711
v 0.21826917 -0.17308921 -0.09205443
v 0.21235812 -0.16760379 -0.08764014
v 0.21434772 -0.16451079 -0.09010562
v 0.22030661 -0.16846186 -0.09411383
v 0.22568631 -0.17043698 -0.09751017
v 0.22016129 -0.16505921 -0.09819308
v 0.23862521 -0.25554770 -0.09697334
v 0.23255834 -0.20010906 -0.08783140
v 0.23181418 -0.27064729 -0.09304202
v 0.22580959 -0.25007915 -0.10383357
v 0.21876211 -0.25869817 -0.10158147
v 0.22024411 -0.28679872 -0.08906017
v 0.21141429 -0.27407515 -0.09519471
v 0.23019673 -0.30080914 -0.08067678
v 0.22660121 -0.29386467 -0.08368574
v 0.23334116 -0.31196505 -0.07715189
v 0.20345089 -0.25726444 -0.09811132
v 0.20394289 -0.17446858 -0.09822416
v 0.20616764 -0.17501521 -0.09295917
v 0.24516529 -0.31195331 -0.07625657
v 0.24231376 -0.30027235 -0.07995102
v 0.20612545 -0.23582703 -0.06912640
v 0.23155932 -0.24857402 -0.05148190
v 0.23254864 -0.24735987 -0.04522920
v 0.23383772 -0.24662626 -0.03630927
v 0.24061042 -0.24753112 -0.02695423
v 0.25579011 -0.31061643 -0.06887726
v 0.22320999 -0.31204891 -0.03317922
v 0.22892445 -0.30887204 -0.02590525
v 0.26239607 -0.32102579 -0.05135238
v 0.20400101 -0.17089248 -0.10247573
v 0.24541599 -0.19340146 -0.07570860
v 0.24606854 -0.19377285 -0.07464036
v 0.18728665 -0.23475593 -0.07619568
v 0.18743421 -0.22745657 -0.08091696
v 0.18670066 -0.23727441 -0.08468840
v 0.19164567 -0.23921508 -0.09323780
v 0.19268902 -0.22895038 -0.09439204
v 0.18802731 -0.22799176 -0.08720189
v 0.22790211 -0.25787127 -0.04685658
v 0.22952649 -0.25589508 -0.04168755
v 0.25275576 -0.24973100 -0.02530190
v 0.26160288 -0.25307375 -0.03277138
v 0.22343853 -0.20729619 -0.11223370
v 0.23198549 -0.21426708 -0.11413762
v 0.22963253 -0.20549101 -0.11454619
v 0.23274089 -0.19289303 -0.11280250
v 0.23595293 -0.19722104 -0.09644413
v 0.23478737 -0.19881171 -0.09202217
v 0.20973355 -0.26808995 -0.05407335
v 0.21962984 -0.25982410 -0.06057341
v 0.20840706 -0.23005265 -0.07868765
v 0.20634507 -0.22450060 -0.07913575
v 0.23397478 -0.21160579 -0.07361183
v 0.25225723 -0.19574690 -0.08559652
v 0.25136781 -0.19920897 -0.09359543
v 0.23556156 -0.20460510 -0.07776283
v 0.20837659 -0.16278064 -0.10378617
v 0.20523074 -0.16671371 -0.10424155
v 0.23738775 -0.20419258 -0.11248241
v 0.24285339 -0.21196932 -0.05510673
v 0.25509554 -0.19759893 -0.07797444
v 0.24982217 -0.19298589 -0.08007751
v 0.25714615 -0.21225637 -0.03307247
v 0.25354970 -0.29897827 -0.07335010
v 0.20926154 -0.17284137 -0.08890700
v 0.21455741 -0.17735076 -0.09282473
v 0.21379203 -0.16178948 -0.09403545
v 0.21217892 -0.16171610 -0.09983948
v 0.25010443 -0.25980091 -0.02474719
v 0.23043458 -0.24920994 -0.05606425
v 0.23582296 -0.30703390 -0.02024135
v 0.19982748 -0.22972304 -0.09791964
v 0.20088196 -0.24244291 -0.09751564
v 0.23711391 -0.19944233 -0.08051321
v 0.26266629 -0.20516586 -0.05245388
v 0.25835860 -0.19344062 -0.06958909
v 0.25362086 -0.19172215 -0.07562274
v 0.26251337 -0.20222193 -0.07059692
v 0.24822789 -0.19110125 -0.07589069
v 0.20889252 -0.15746742 -0.09141770
v 0.20761800 -0.15766567 -0.09671369
v 0.20430994 -0.15953714 -0.10107613
v 0.20195425 -0.16378176 -0.10154173
v 0.20093930 -0.16801041 -0.09934098
v 0.20897919 -0.15944678 -0.08741221
v 0.20775020 -0.16303563 -0.08531341
v 0.20614493 -0.16906780 -0.08644658
v 0.20381320 -0.15646905 -0.08506989
v 0.20256138 -0.15317541 -0.08899243
v 0.19615066 -0.15350014 -0.09556477
v 0.19249767 -0.15217859 -0.09415625
v 0.19179779 -0.15531439 -0.09608285
v 0.19771451 -0.15622783 -0.09818098
v 0.18740004 -0.15352738 -0.09309156
v 0.18842018 -0.15015125 -0.09184231
v 0.19873935 -0.15224296 -0.09359381
v 0.19477874 -0.14998668 -0.09124652
v 0.19210738 -0.14828414 -0.08515620
v 0.19039917 -0.14777792 -0.08877409
v 0.19621444 -0.15043932 -0.08751744
v 0.19944417 -0.15171641 -0.09006625
v 0.20201004 -0.15408939 -0.09470871
v 0.18668264 -0.14631671 -0.08692028
v 0.18464994 -0.14856434 -0.08509785
v 0.18449444 -0.15121019 -0.08966441
v 0.18584913 -0.14864087 -0.08998173
v 0.19747841 -0.16208905 -0.09900990
v 0.19152969 -0.15943718 -0.09569299
v 0.18709040 -0.15710384 -0.09194535
v 0.18430471 -0.15451133 -0.08817019
v 0.18719935 -0.15973878 -0.08950402
v 0.19126809 -0.16280890 -0.09310861
v 0.18530309 -0.15725398 -0.08624741
v 0.18781620 -0.16098791 -0.08642432
v 0.19162554 -0.16462696 -0.08927117
v 0.19859487 -0.16884023 -0.09341049
v 0.19783664 -0.16643310 -0.09722483
v 0.18636984 -0.15873319 -0.08487609
v 0.18457150 -0.15167367 -0.08370613
v 0.19798940 -0.15148062 -0.08499937
v 0.19295573 -0.14986295 -0.08260174
v 0.19815314 -0.15373236 -0.08256115
v 0.19307774 -0.15210098 -0.08084247
v 0.18901384 -0.14655381 -0.08395910
v 0.18838507 -0.14820760 -0.08177328
v 0.20130873 -0.17110199 -0.09556645
v 0.20354444 -0.17108643 -0.09024206
v 0.20014590 -0.16857064 -0.08806279
v 0.19326311 -0.16448444 -0.08437172
v 0.20186734 -0.16516429 -0.08447519
v 0.20275891 -0.15958154 -0.08353074
v 0.19746345 -0.15686005 -0.08120742
v 0.19577777 -0.16106343 -0.08146065
v 0.19110304 -0.15821940 -0.08027965
v 0.19221163 -0.15518451 -0.07976952
v 0.18911773 -0.16039068 -0.08280699
v 0.18837893 -0.15434170 -0.08008233
v 0.18831295 -0.15113068 -0.08048896
v 0.18857640 -0.15666020 -0.08050920
v 0.18709022 -0.15760338 -0.08253789
v 0.18580580 -0.15503675 -0.08277656
v 0.22571445 -0.17494005 -0.07924666
v 0.22371686 -0.17556107 -0.08425382
v 0.21878874 -0.17163262 -0.08141059
v 0.22102112 -0.17129958 -0.07624561
v 0.22528613 -0.17041546 -0.09302899
v 0.22916520 -0.16590500 -0.09494600
v 0.22278827 -0.16135874 -0.09138760
v 0.21927696 -0.16630840 -0.08927238
v 0.23472309 -0.16222072 -0.09148805
v 0.22815543 -0.15846556 -0.08785468
v 0.23511371 -0.19126105 -0.09320831
v 0.24024668 -0.18945891 -0.09608840
v 0.23466396 -0.17368549 -0.09690399
v 0.23007703 -0.17757422 -0.09450778
v 0.23868090 -0.18996465 -0.07589632
v 0.24244401 -0.18636048 -0.07569858
v 0.22367573 -0.17385674 -0.08888347
v 0.21824026 -0.16970474 -0.08558746
v 0.22868544 -0.17241102 -0.07602637
v 0.23224312 -0.16885227 -0.07512482
v 0.23709786 -0.17456615 -0.07696402
v 0.23320287 -0.17824900 -0.07719441
v 0.23113823 -0.19429326 -0.08552427
v 0.23468107 -0.19229198 -0.08016192
v 0.23207131 -0.19321603 -0.08997194
v 0.24902070 -0.18415618 -0.08667199
v 0.24688238 -0.18330008 -0.08026043
v 0.24088007 -0.17095971 -0.07982751
v 0.24239603 -0.16893232 -0.08622392
v 0.22802186 -0.18041342 -0.09044276
v 0.22955155 -0.18091851 -0.08052843
v 0.22734672 -0.18185461 -0.08565724
v 0.23614556 -0.16183686 -0.08351965
v 0.24052873 -0.17069131 -0.09356773
v 0.22681022 -0.16535616 -0.07150081
v 0.21960801 -0.16037393 -0.06757635
v 0.22060865 -0.15676969 -0.07055923
v 0.22824687 -0.16134733 -0.07404432
v 0.23443598 -0.16507602 -0.07765010
v 0.22945487 -0.15837556 -0.07971591
v 0.21142900 -0.16682234 -0.07588568
v 0.21416700 -0.16651154 -0.07079166
v 0.21022660 -0.16498408 -0.07989943
v 0.24676800 -0.18671542 -0.09401873
v 0.21373940 -0.15708289 -0.08462691
v 0.21095556 -0.16164041 -0.08292168
v 0.21691173 -0.16374412 -0.06769764
v 0.22360742 -0.16861200 -0.07267997
v 0.22060335 -0.15432683 -0.07513720
v 0.21847248 -0.15432549 -0.08154941
v 0.21405357 -0.15170044 -0.07149264
v 0.21143669 -0.15023565 -0.07707247
v 0.20756733 -0.15307599 -0.08004180
v 0.20601583 -0.15831673 -0.07923204
v 0.20631510 -0.16203949 -0.07679820
v 0.21424520 -0.15323657 -0.06782275
v 0.21408921 -0.15612167 -0.06548858
v 0.21291399 -0.16075379 -0.06552148
v 0.20776778 -0.15138938 -0.06327695
v 0.20595402 -0.14845963 -0.06626981
v 0.19531792 -0.14937761 -0.06895226
v 0.19083041 -0.14849357 -0.06594181
v 0.19034564 -0.15173398 -0.06671572
v 0.19488525 -0.15196246 -0.07087708
v 0.19883895 -0.14939891 -0.07098326
v 0.20045346 -0.15124734 -0.07430100
v 0.20111966 -0.14841415 -0.06884047
v 0.19733697 -0.14719313 -0.06608906
v 0.19507796 -0.14625576 -0.05957469
v 0.19248265 -0.14546460 -0.06287804
v 0.19953996 -0.14817788 -0.06295571
v 0.20248812 -0.14885920 -0.06575006
v 0.18725181 -0.15038379 -0.06228319
v 0.18773377 -0.14777921 -0.06317133
v 0.20484626 -0.14883393 -0.07173574
v 0.20139867 -0.15672581 -0.07552683
v 0.19533080 -0.15594243 -0.07076594
v 0.19069862 -0.15506110 -0.06571838
v 0.18801498 -0.15349734 -0.06090164
v 0.19179791 -0.15781753 -0.06386700
v 0.19648290 -0.15946394 -0.06864130
v 0.18990624 -0.15581453 -0.05982456
v 0.19361621 -0.15915169 -0.06108138
v 0.19839269 -0.16160691 -0.06513235
v 0.20515746 -0.16278487 -0.07048604
v 0.20286494 -0.16075854 -0.07386646
v 0.19167328 -0.15708455 -0.05907074
v 0.18736792 -0.14769799 -0.05808517
v 0.18844807 -0.15104252 -0.05699599
v 0.18798715 -0.14458865 -0.06004980
v 0.20104420 -0.14981203 -0.06123570
v 0.19593525 -0.14851306 -0.05786812
v 0.20225453 -0.15143770 -0.05905446
v 0.19668084 -0.15013340 -0.05609915
v 0.19131172 -0.14500171 -0.05758008
v 0.19134796 -0.14703858 -0.05600891
v 0.20808154 -0.16373971 -0.07317242
v 0.21069664 -0.16353008 -0.06860152
v 0.20790726 -0.16273871 -0.06614739
v 0.20110512 -0.16095692 -0.06104365
v 0.20987743 -0.16023819 -0.06281114
v 0.20946598 -0.15605313 -0.06166637
v 0.20318067 -0.15430331 -0.05802649
v 0.20307744 -0.15801843 -0.05843639
v 0.19751501 -0.15582931 -0.05586258
v 0.19727510 -0.15250647 -0.05559349
v 0.19588828 -0.15854776 -0.05787343
v 0.19316196 -0.15229438 -0.05483460
v 0.19197631 -0.14959057 -0.05501118
v 0.19434708 -0.15474100 -0.05529127
v 0.19265789 -0.15613954 -0.05686536
v 0.19034344 -0.15380560 -0.05667773
v 0.23150718 -0.18045619 -0.05919802
v 0.23090965 -0.17870215 -0.06450407
v 0.22673714 -0.17597768 -0.06252936
v 0.22751325 -0.17847168 -0.05722875
v 0.23446798 -0.17194566 -0.06985096
v 0.23840255 -0.16957209 -0.06950919
v 0.23234612 -0.16642427 -0.06551583
v 0.22934479 -0.16867724 -0.06653987
v 0.24224079 -0.16833907 -0.06408803
v 0.23510325 -0.16550040 -0.06106687
v 0.24463004 -0.18662727 -0.07384907
v 0.24960309 -0.18479615 -0.07392114
v 0.24345875 -0.17445254 -0.07191315
v 0.23880750 -0.17665809 -0.07211861
v 0.23186386 -0.17542180 -0.06789660
v 0.22740090 -0.17208514 -0.06530827
v 0.23308069 -0.17996925 -0.05454694
v 0.23547834 -0.17797881 -0.05234709
v 0.24035186 -0.18233186 -0.05400702
v 0.23753107 -0.18418258 -0.05600815
v 0.24125463 -0.19408029 -0.06213999
v 0.24074560 -0.19256890 -0.06752835
v 0.24177933 -0.18986690 -0.07135783
v 0.25343323 -0.18690628 -0.06058807
v 0.24955827 -0.19015545 -0.05618862
v 0.24416071 -0.17913336 -0.05437043
v 0.24765211 -0.17551118 -0.05919185
v 0.23596394 -0.18005466 -0.06948899
v 0.23482955 -0.18492615 -0.06043645
v 0.23453820 -0.18323004 -0.06577541
v 0.24217361 -0.17057577 -0.05697672
v 0.24744803 -0.17426878 -0.06671657
v 0.23219979 -0.17602795 -0.04989632
v 0.22397274 -0.16981572 -0.04667503
v 0.22565722 -0.16601551 -0.04760130
v 0.23456722 -0.17161375 -0.05063687
v 0.23958409 -0.17502794 -0.05247509
v 0.23618424 -0.16752687 -0.05483965
v 0.21948963 -0.17217931 -0.05857951
v 0.22034270 -0.17393467 -0.05364527
v 0.22022539 -0.16837373 -0.06122024
v 0.25371838 -0.18480849 -0.06846978
v 0.24533302 -0.19276261 -0.05441567
v 0.22355682 -0.16178775 -0.06137428
v 0.22145981 -0.16492894 -0.06224156
v 0.22190094 -0.17289954 -0.04879106
v 0.22976089 -0.17826852 -0.05251307
v 0.22696632 -0.16245261 -0.05135647
v 0.22630328 -0.16045505 -0.05739740
v 0.21969151 -0.15928799 -0.04949421
v 0.21954077 -0.15757108 -0.05526195
v 0.21704948 -0.15937927 -0.05952641
v 0.21570140 -0.16292983 -0.06029016
v 0.21526134 -0.16648713 -0.05926767
v 0.21839988 -0.16318473 -0.04604212
v 0.21739823 -0.16613248 -0.04568912
v 0.21720243 -0.17007610 -0.04771870
v 0.21336722 -0.16295157 -0.04476174
v 0.21286470 -0.15856895 -0.04802383
v 0.20387059 -0.15662622 -0.05454954
v 0.19899911 -0.15521881 -0.05336666
v 0.19855219 -0.15708229 -0.05482035
v 0.20373982 -0.15790501 -0.05641840
v 0.20787615 -0.15666577 -0.05530427
v 0.21011943 -0.15767771 -0.05739139
v 0.20954710 -0.15622155 -0.05261026
v 0.20515418 -0.15477958 -0.05123667
v 0.20166004 -0.15542226 -0.04589374
v 0.20020354 -0.15341106 -0.04990444
v 0.20653898 -0.15716274 -0.04730063
v 0.21012747 -0.15743467 -0.04911588
v 0.19483179 -0.15578955 -0.05248503
v 0.19586980 -0.15415572 -0.05206861
v 0.21307635 -0.15698084 -0.05353030
v 0.21017355 -0.16174856 -0.05885703
v 0.20384276 -0.16094302 -0.05712011
v 0.19835949 -0.16001277 -0.05503580
v 0.19473207 -0.15912648 -0.05212515
v 0.19900727 -0.16295505 -0.05378527
v 0.20419264 -0.16432595 -0.05594565
v 0.19588298 -0.16201185 -0.05113626
v 0.19965076 -0.16513003 -0.05156329
v 0.20461965 -0.16725180 -0.05351330
v 0.21120197 -0.16872445 -0.05528007
v 0.21046269 -0.16557410 -0.05783993
v 0.19731873 -0.16362731 -0.05009612
v 0.19433427 -0.15469292 -0.04811858
v 0.19420266 -0.15834782 -0.04727668
v 0.19600838 -0.15253690 -0.04888873
v 0.20754689 -0.15888602 -0.04486673
v 0.20207989 -0.15729505 -0.04381102
v 0.20758510 -0.16152938 -0.04329384
v 0.20204306 -0.15970814 -0.04261239
v 0.19804084 -0.15397774 -0.04578160
v 0.19754386 -0.15557909 -0.04454300
v 0.21550584 -0.16963884 -0.05667554
v 0.21651614 -0.17125517 -0.05230058
v 0.21240938 -0.17027926 -0.05138959
v 0.20543057 -0.16858251 -0.04933553
v 0.21344614 -0.16965988 -0.04700833
v 0.21283323 -0.16627273 -0.04442045
v 0.20799333 -0.16454937 -0.04311298
v 0.20688814 -0.16740890 -0.04503951
v 0.20161325 -0.16521314 -0.04427396
v 0.20192409 -0.16256224 -0.04276612
v 0.20043987 -0.16614848 -0.04786243
v 0.19803566 -0.16147827 -0.04383644
v 0.19752407 -0.15850511 -0.04353532
v 0.19871050 -0.16361703 -0.04470541
v 0.19746727 -0.16371743 -0.04734229
v 0.19565058 -0.16152306 -0.04717879
v 0.24314296 -0.19362849 -0.05766860
v 0.24128938 -0.19030997 -0.04122038
v 0.24064589 -0.18885735 -0.04533030
v 0.23793882 -0.18789807 -0.04446028
v 0.23884898 -0.18971232 -0.04048184
v 0.24449342 -0.18253478 -0.05006911
v 0.24690115 -0.17956614 -0.04846889
v 0.24162030 -0.17804804 -0.04580152
v 0.23945475 -0.18076482 -0.04786755
v 0.24844366 -0.17910522 -0.04330057
v 0.24324203 -0.17788598 -0.04105735
v 0.25319389 -0.19777501 -0.05260849
v 0.25814223 -0.19715405 -0.05124268
v 0.25202727 -0.18477046 -0.05006897
v 0.24865115 -0.18735927 -0.05156532
v 0.24547839 -0.19994280 -0.03597879
v 0.24897075 -0.19868526 -0.03373495
v 0.25227761 -0.20557624 -0.03326896
v 0.24977538 -0.20898449 -0.03525788
v 0.24245739 -0.18619794 -0.04889202
v 0.23820800 -0.18455276 -0.04695639
v 0.24226665 -0.19074592 -0.03736439
v 0.24389923 -0.18947738 -0.03438491
v 0.24620682 -0.19062194 -0.03420463
v 0.24377781 -0.19251743 -0.03715736
v 0.24535263 -0.20040196 -0.04419115
v 0.24391648 -0.19968930 -0.04005396
v 0.24661717 -0.20864159 -0.03919977
v 0.24671438 -0.20609033 -0.04473373
v 0.24797091 -0.19865453 -0.04813239
v 0.25829071 -0.19636545 -0.03754300
v 0.25330085 -0.19740444 -0.03423902
v 0.24989718 -0.18786412 -0.03444052
v 0.25290281 -0.18479419 -0.03858450
v 0.24509490 -0.18919155 -0.04939264
v 0.24330616 -0.19287440 -0.04140577
v 0.24287236 -0.19095513 -0.04559246
v 0.24799192 -0.18202084 -0.03763917
v 0.25427437 -0.18367022 -0.04511654
v 0.24080878 -0.18901280 -0.03312713
v 0.23474813 -0.18631825 -0.03086878
v 0.23569810 -0.18309927 -0.03038323
v 0.24260217 -0.18509457 -0.03264005
v 0.24577820 -0.18572542 -0.03396961
v 0.24348891 -0.18077251 -0.03553200
v 0.23171389 -0.18595302 -0.04192385
v 0.23281753 -0.18789992 -0.03801925
v 0.23183662 -0.18267006 -0.04391736
v 0.26152292 -0.19695076 -0.04573569
v 0.23423749 -0.17638242 -0.04257141
v 0.23242867 -0.17913601 -0.04439189
v 0.23386180 -0.18812478 -0.03397101
v 0.23961818 -0.19027266 -0.03640431
v 0.23655832 -0.17944485 -0.03273009
v 0.23623651 -0.17644259 -0.03799927
v 0.23086292 -0.17800415 -0.03101602
v 0.23112637 -0.17453000 -0.03618301
v 0.22983795 -0.17500490 -0.04067661
v 0.22870553 -0.17775154 -0.04263587
v 0.22823805 -0.18114665 -0.04241791
v 0.22999626 -0.18184170 -0.02887537
v 0.22941947 -0.18467498 -0.02999355
v 0.22935110 -0.18599650 -0.03313485
v 0.22480828 -0.17982218 -0.02818909
v 0.22519350 -0.17527053 -0.02977194
v 0.22038746 -0.17052767 -0.03749898
v 0.21690440 -0.16895300 -0.03727949
v 0.21625364 -0.17016712 -0.03869802
v 0.22047609 -0.17150366 -0.03941704
v 0.22387451 -0.17144594 -0.03712618
v 0.22558987 -0.17274356 -0.03887177
v 0.22461820 -0.17186910 -0.03422165
v 0.22102529 -0.16988859 -0.03394412
v 0.21632051 -0.17018354 -0.02964544
v 0.21728992 -0.16772375 -0.03340980
v 0.22022498 -0.17180255 -0.02997059
v 0.22348398 -0.17290667 -0.03101945
v 0.21271116 -0.16861144 -0.03707781
v 0.21419036 -0.16738617 -0.03647625
v 0.22705859 -0.17328781 -0.03470778
v 0.22529370 -0.17567977 -0.04132010
v 0.22012430 -0.17351773 -0.04057306
v 0.21495837 -0.17194563 -0.03937927
v 0.21142429 -0.17095384 -0.03691402
v 0.21493769 -0.17456660 -0.03886673
v 0.22003937 -0.17637438 -0.04039913
v 0.21189886 -0.17355365 -0.03654146
v 0.21537948 -0.17686448 -0.03760642
v 0.22017545 -0.17928323 -0.03905118
v 0.22531837 -0.18222997 -0.03993155
v 0.22519797 -0.17900130 -0.04142605
v 0.21286303 -0.17533690 -0.03627560
v 0.21136904 -0.16828036 -0.03305578
v 0.21052432 -0.17106873 -0.03333372
v 0.21373528 -0.16648060 -0.03293535
v 0.21989697 -0.17410386 -0.02823457
v 0.21537387 -0.17214081 -0.02817710
v 0.21972954 -0.17719620 -0.02782349
v 0.21465397 -0.17464039 -0.02831268
v 0.21386689 -0.16851878 -0.03004518
v 0.21237952 -0.17007563 -0.02968216
v 0.22823334 -0.18424106 -0.04057387
v 0.22887999 -0.18599343 -0.03702824
v 0.22532761 -0.18448967 -0.03657070
v 0.22008723 -0.18150362 -0.03610207
v 0.22513169 -0.18454045 -0.03260051
v 0.22482926 -0.18304235 -0.02944823
v 0.21953201 -0.17983595 -0.02916718
v 0.21957451 -0.18169320 -0.03214306
v 0.21480757 -0.17846397 -0.03218687
v 0.21455252 -0.17693248 -0.02975261
v 0.21518010 -0.17841941 -0.03528228
v 0.21180332 -0.17460358 -0.03152674
v 0.21152627 -0.17250612 -0.03032428
v 0.21256024 -0.17614746 -0.03269593
v 0.21243894 -0.17571697 -0.03451437
v 0.21105307 -0.17356744 -0.03386930
v 0.25561926 -0.20381746 -0.03372809
v 0.20707999 -0.21584880 -0.09058373
v 0.20418181 -0.21683604 -0.09482661
v 0.19666426 -0.21580696 -0.07672299
v 0.20339628 -0.21485412 -0.07981303
v 0.19023357 -0.21676993 -0.07786950
v 0.18829811 -0.21779019 -0.08873633
v 0.18781039 -0.21742976 -0.08296913
v 0.20669900 -0.21491200 -0.08532774
v 0.19931896 -0.21766955 -0.09736603
v 0.19225273 -0.21807402 -0.09484219
v 0.19469178 -0.20776743 -0.09724675
v 0.18903041 -0.20831805 -0.09398524
v 0.18597558 -0.20910317 -0.08653109
v 0.18696009 -0.20949286 -0.08150020
v 0.19002587 -0.21027511 -0.07717400
v 0.20113981 -0.20786482 -0.09648509
v 0.20499557 -0.20769554 -0.09241873
v 0.20522159 -0.20839727 -0.08673585
v 0.19659314 -0.19919950 -0.09756415
v 0.18844870 -0.19527781 -0.09835015
v 0.17808831 -0.19181287 -0.08917372
v 0.17656967 -0.18763620 -0.09012313
v 0.17870116 -0.18791920 -0.08585905
v 0.17967792 -0.19304961 -0.08465433
v 0.17974563 -0.19442606 -0.08943387
v 0.18117154 -0.19816023 -0.08601040
v 0.17903043 -0.19063967 -0.09557361
v 0.18157479 -0.19360954 -0.09410961
v 0.18403198 -0.19229329 -0.09801431
v 0.18347090 -0.18902510 -0.09976527
v 0.17692538 -0.18647885 -0.09643287
v 0.17698961 -0.18250525 -0.09596187
v 0.17614557 -0.18404162 -0.09134605
v 0.17836855 -0.18332261 -0.08902659
v 0.18366885 -0.19705588 -0.09351625
v 0.18528719 -0.20205075 -0.07970214
v 0.18336630 -0.19443673 -0.08050715
v 0.02314638 -0.85515064 0.14118175
v 0.02311496 -0.86754853 0.13829055
v 0.18248299 -0.18783408 -0.08293866
v 0.18242702 -0.18297642 -0.08725333
v 0.18772393 -0.18797690 -0.08206344
v 0.18906741 -0.19484234 -0.07808349
v 0.18711962 -0.18396038 -0.08652423
v 0.19190578 -0.18811399 -0.08329999
v 0.19438866 -0.19492537 -0.07961972
v 0.19623291 -0.20551175 -0.07667720
v 0.18996541 -0.20454741 -0.07601010
v 0.19033314 -0.18480629 -0.08608907
v 0.17959172 -0.17999208 -0.09446555
v 0.18409695 -0.18031561 -0.09268954
v 0.18836340 -0.18916976 -0.10011126
v 0.18629885 -0.18440300 -0.10077264
v 0.18154880 -0.18522125 -0.10053144
v 0.19362724 -0.19057721 -0.09898796
v 0.19073474 -0.18447459 -0.09909256
v 0.17976122 -0.18229055 -0.09958416
v 0.18314312 -0.18090749 -0.09923029
v 0.19623527 -0.21034974 -0.07662151
v 0.20205151 -0.20915657 -0.08064460
v 0.20156339 -0.20428181 -0.08165783
v 0.19831166 -0.19443369 -0.08436897
v 0.20391613 -0.20214403 -0.08853042
v 0.20172489 -0.20065379 -0.09487435
v 0.19777872 -0.19159049 -0.09609786
v 0.19980992 -0.19320041 -0.09073350
v 0.19534591 -0.18674088 -0.09203513
v 0.19396842 -0.18536133 -0.09588497
v 0.19429678 -0.18764901 -0.08749629
v 0.19060963 -0.18245190 -0.09430763
v 0.18734437 -0.18108344 -0.09699450
v 0.19239113 -0.18414700 -0.09210421
v 0.19111454 -0.18422979 -0.08952405
v 0.18818033 -0.18203211 -0.09093165
v 0.25105113 -0.21386307 -0.03476012
v 0.24718235 -0.21330220 -0.03966722
v 0.24688333 -0.21893954 -0.03815690
v 0.24455279 -0.22538298 -0.03517923
v 0.24757779 -0.23250914 -0.02906483
v 0.24163237 -0.22581762 -0.04153261
v 0.24390483 -0.21880990 -0.04436344
v 0.24482669 -0.21097988 -0.04746485
v 0.23792472 -0.23264396 -0.04508001
v 0.02833957 -0.83471477 -0.01643704
v 0.02831995 -0.81821650 -0.02487432
v 0.19105378 -0.66258240 0.01285942
v 0.20466848 -0.66969627 0.00716163
v 0.24971214 -0.68349689 0.03453589
v 0.25587672 -0.68602449 0.05462082
v 0.05709566 -0.51449561 -0.07681865
v 0.12578078 -0.56243342 0.09193534
v 0.13297652 -0.58481193 0.09795153
v 0.06239851 -0.58566254 0.12740412
v 0.08104320 -0.58003283 0.12440110
v 0.14334936 -0.54213178 -0.00991010
v 0.14609306 -0.56409097 -0.00879490
v 0.09778115 -0.53608656 -0.05420284
v 0.10125988 -0.55928117 -0.05329066
v 0.12969533 -0.51813650 -0.03059785
v 0.09345537 -0.52497530 0.10562605
v 0.10963728 -0.52187645 0.09669931
v 0.10887317 -0.54476780 0.09977023
v 0.09424552 -0.54907084 0.11093266
v 0.04377610 -0.59065342 0.12518898
v 0.04059669 -0.56329250 0.11983591
v 0.15831415 -0.58885616 0.01292705
v 0.16133627 -0.59099996 0.03691075
v 0.15262103 -0.59900677 0.08333051
v 0.14211947 -0.60626024 0.10242526
v 0.12779278 -0.61559099 0.11678763
v 0.11027049 -0.62545317 0.12746620
v 0.08639575 -0.58330005 -0.06317376
v 0.06968293 -0.60788143 -0.06885783
v 0.14872918 -0.58749264 -0.00883518
v 0.02643092 -0.58543217 -0.07635590
v 0.09584562 -0.66136068 0.14023946
v 0.07254760 -0.66656679 0.14524657
v 0.15905343 -0.59430772 0.06077309
v 0.04207098 -0.77444720 -0.04694862
v 0.05977084 -0.77779335 -0.04760547
v 0.05776289 -0.76124585 -0.05559433
v 0.04058328 -0.75703561 -0.05399196
v 0.07463131 -0.76297718 -0.05543062
v 0.09066834 -0.76353574 -0.05383138
v 0.10535131 -0.76321554 -0.05135205
v 0.13979220 -0.75509244 -0.04069793
v 0.12997569 -0.75901037 -0.04477317
v 0.15474884 -0.74297094 -0.02781105
v 0.14791870 -0.74978805 -0.03515117
v 0.15964848 -0.73386544 -0.01742677
v 0.16154435 -0.72290581 -0.00495105
v 0.16775706 -0.72377533 0.01457486
v 0.16489515 -0.71173972 0.00804615
v 0.15707098 -0.71012545 -0.01251578
v 0.15458490 -0.72184879 -0.02317684
v 0.15011315 -0.73095322 -0.03309061
v 0.02627698 -0.68380153 -0.06086509
v 0.02362893 -0.71086168 -0.05943166
v 0.02834575 -0.85084391 -0.00850687
v 0.24505742 -0.45384189 0.05954961
v 0.23291874 -0.36200255 -0.05357546
v 0.04383308 -0.87101293 0.13813110
v 0.06799769 -0.87572694 0.13816530
v 0.14202896 -0.87890458 0.12072421
v 0.16365585 -0.88290197 0.09827892
v 0.11891788 -0.87443930 0.13525487
v 0.09342772 -0.86920643 0.14146128
v 0.13635328 -0.60973507 -0.02802868
v 0.06866343 -0.83633107 0.14882076
v 0.09512499 -0.85688049 0.14638308
v 0.12208033 -0.86242223 0.14088266
v 0.15052697 -0.86531317 0.12674066
v 0.17922843 -0.86614901 0.10277668
v 0.19678397 -0.85659212 0.09190074
v 0.21108924 -0.82724643 0.09247136
v 0.22964767 -0.81414366 0.07787630
v 0.23638006 -0.82429308 0.06202558
v 0.22732371 -0.83351904 0.06886043
v 0.22018787 -0.82195246 0.08544402
v 0.25314829 -0.71926820 0.06180308
v 0.24714626 -0.69142896 0.07820529
v 0.25237799 -0.70217490 0.06801179
v 0.23724657 -0.68415588 0.08758888
v 0.23032115 -0.68103969 0.09292449
v 0.22190098 -0.68164742 0.09703676
v 0.21216917 -0.68889630 0.09971084
v 0.18873984 -0.71962857 0.09640107
v 0.18309981 -0.73053598 0.09448791
v 0.18400133 -0.72799194 0.10450440
v 0.18179372 -0.72488272 0.10760922
v 0.16845520 -0.70250273 0.11464188
v 0.16072866 -0.68829781 0.11552333
v 0.02377132 -0.90822613 0.12239257
v 0.15036730 -0.67372125 0.11834893
v 0.02937387 -0.69441217 0.14803728
v 0.02914274 -0.71488625 0.15220234
v 0.02696058 -0.62309086 0.12672810
v 0.02857435 -0.64730656 0.13566224
v 0.12059261 -0.41694432 0.09019850
v 0.11676151 -0.43532690 0.08856895
v 0.09991577 -0.43423140 0.09807298
v 0.01556720 -0.45347983 0.10872057
v 0.01667772 -0.47960836 0.10707369
v 0.02041042 -0.53951126 0.11028770
v 0.02277229 -0.56708515 0.11653795
v 0.10396010 -0.41469482 0.10172181
v 0.05828729 -0.47759536 0.10853513
v 0.02795458 -0.75061923 0.15752068
v 0.02737491 -0.76529741 0.15413220
v 0.02658694 -0.78179920 0.15289095
v 0.03784956 -0.47824824 0.10957383
v 0.15314160 -0.43632555 0.03338151
v 0.15407993 -0.43428928 0.00903133
v 0.13285355 -0.43666175 0.07375320
v 0.14534086 -0.43694878 0.05518556
v 0.14855820 -0.43035868 -0.01384913
v 0.08264965 -0.40515289 -0.07078601
v 0.06242386 -0.40030366 -0.07843363
v 0.02401363 -0.39450592 -0.08763309
v 0.00647615 -0.39291739 -0.08859049
v 0.13761494 -0.42462268 -0.03376439
v 0.04258510 -0.39692646 -0.08422242
v 0.12218993 -0.41756529 -0.04951510
v 0.10283826 -0.41095990 -0.06120306
v 0.07814196 -0.47698626 0.10596679
v 0.07990098 -0.45335495 0.10365832
v 0.01253911 -0.89762300 0.00666101
v 0.01347671 -0.88895845 0.01010848
v 0.09861352 -0.45358971 0.09903584
v 0.08712146 -0.73946488 0.15845545
v 0.06651723 -0.73682016 0.15849426
v 0.10740694 -0.74164480 0.15853463
v 0.12413464 -0.76552868 0.15833546
v 0.12634116 -0.74779052 0.15582344
v 0.14325601 -0.75260437 0.15012084
v 0.01161533 -0.90654480 0.00102236
v 0.01269560 -0.83278775 -0.01573959
v 0.01221125 -0.81608325 -0.02405612
v 0.14153148 -0.76766860 0.15200719
v 0.00893134 -0.70635903 -0.05451835
v 0.00802522 -0.68040138 -0.05619090
v 0.01306220 -0.84813082 -0.00750510
v 0.00678571 -0.65488839 -0.05961614
v 0.17147776 -0.76409668 0.13278271
v 0.17020181 -0.75464737 0.13298687
v 0.17948121 -0.75234950 0.12481417
v 0.18239971 -0.76110947 0.12440586
v 0.19364506 -0.75012392 0.11111650
v 0.18759328 -0.75027168 0.11769069
v 0.19891939 -0.74877656 0.10530597
v 0.20525891 -0.74319690 0.10251902
v 0.21950330 -0.75988370 0.10120488
v 0.21195894 -0.76643962 0.10494076
v 0.17554222 -0.77469862 0.13058576
v 0.16094145 -0.77928293 0.14095959
v 0.06445897 -0.77146769 0.15802957
v 0.04514413 -0.76736271 0.15485300
v 0.17019689 -0.70419890 0.02325498
v 0.17490420 -0.69842112 0.03962329
v 0.17926750 -0.69560188 0.05586007
v 0.18117006 -0.69620895 0.07133404
v 0.18197431 -0.69912452 0.08667383
v 0.17955965 -0.70441639 0.10045421
v 0.17951998 -0.71953952 0.11007921
v 0.17497900 -0.71177983 0.11242153
v 0.00918765 -0.25537920 0.12017976
v 0.17526332 -0.72672790 0.11906249
v 0.16929814 -0.72087336 0.12313855
v 0.16074517 -0.74286264 0.13815792
v 0.16484006 -0.73139888 0.13163832
v 0.15722597 -0.75505036 0.14206514
v 0.15730780 -0.76727772 0.14256451
v 0.14379226 -0.78291416 0.15073153
v 0.12542008 -0.78303379 0.15832388
v 0.11269209 -0.81624520 0.15657526
v 0.10813837 -0.79909629 0.16042341
v 0.10540827 -0.78093988 0.16192034
v 0.10415656 -0.76111442 0.16163665
v 0.11247297 -0.90951127 0.10014693
v 0.09060262 -0.90729630 0.11337347
v 0.21511009 -0.69824553 0.09967905
v 0.22179732 -0.69473934 0.09769590
v 0.01401403 -0.30117607 0.14460485
v 0.01467227 -0.32470930 0.14635625
v 0.22055128 -0.70484942 0.09847033
v 0.21663663 -0.70458341 0.09978206
v 0.22827059 -0.69515991 0.09473399
v 0.23513328 -0.69720280 0.09023198
v 0.23309517 -0.71075284 0.09272343
v 0.22450536 -0.70584440 0.09688247
v 0.24320704 -0.70387244 0.08303741
v 0.23970526 -0.71540087 0.08682486
v 0.24814901 -0.71345019 0.07558921
v 0.25015783 -0.72513729 0.07052758
v 0.24769029 -0.72912759 0.07557699
v 0.24475612 -0.72270000 0.08037744
v 0.23863775 -0.76503682 0.08484567
v 0.24339665 -0.75265276 0.08055577
v 0.24623218 -0.73953354 0.07725441
v 0.21157777 -0.73519349 0.10168073
v 0.21769863 -0.72648472 0.10055205
v 0.22231579 -0.71693695 0.09862131
v 0.22986135 -0.72191131 0.09523021
v 0.22479494 -0.73214304 0.09805804
v 0.01258438 -0.28185251 0.13803720
v 0.21881962 -0.74190176 0.10061889
v 0.08434348 -0.75844884 0.16159420
v 0.06475218 -0.75466454 0.15993616
v -0.01709823 -0.27336806 -0.08594248
v -0.01803227 -0.25545245 -0.08366149
v 0.19853126 -0.75852597 0.11104356
v -0.01927440 -0.23935992 -0.07748272
v -0.01880799 -0.22453344 -0.06854242
v 0.19136317 -0.75971615 0.11734723
v 0.20573720 -0.75661230 0.10622232
v 0.21269962 -0.75075012 0.10262349
v 0.20446196 -0.76893204 0.10986241
v 0.19618855 -0.77018189 0.11527652
v 0.18686132 -0.77171397 0.12226851
v 0.08461584 -0.77601534 0.16148376
v 0.04568468 -0.75164080 0.15743798
v 0.01597361 -0.37220922 0.13754012
v 0.01605200 -0.39529923 0.13051823
v -0.01080863 -0.37022871 -0.08423535
v 0.01026676 -0.91552031 -0.00407351
v 0.02130516 -0.97059965 0.09227474
v 0.01402144 -0.87820774 0.01130148
v 0.01374556 -0.86764169 0.00747583
v -0.00560540 -0.20955646 0.02692455
v 0.01327348 -0.85754591 -0.00132026
v -0.00357422 -0.20909703 0.03697604
v 0.02502584 -0.59495842 0.12150508
v 0.19765215 -0.79735249 -0.00882931
v 0.21582435 -0.81374526 -0.00251114
v 0.23248419 -0.82463717 0.01425163
v 0.23913878 -0.82843953 0.03858552
v 0.19769642 -0.52610970 0.07033961
v 0.03874230 -0.53578258 0.11463451
v 0.03787535 -0.50754702 0.11067316
v 0.05714302 -0.50559109 0.11069715
v 0.05006250 -0.66968346 0.14390157
v 0.04732324 -0.73449033 0.15675461
v 0.11093827 -0.73055637 -0.06320820
v 0.09917857 -0.73199815 -0.06657613
v 0.10209747 -0.74747485 -0.05942864
v 0.11458005 -0.74609107 -0.05619511
v 0.13078649 -0.72730756 -0.05305032
v 0.12167550 -0.72905242 -0.05862185
v 0.12576313 -0.74412251 -0.05186578
v 0.13547024 -0.74154764 -0.04695280
v 0.13865338 -0.72408962 -0.04665125
v 0.14354900 -0.73731428 -0.04083221
v 0.11777323 -0.71291280 -0.06448943
v 0.10745686 -0.71420878 -0.06895481
v 0.09634923 -0.71576625 -0.07173389
v 0.13349128 -0.71025348 -0.05210792
v 0.12623999 -0.71211690 -0.05872502
v 0.02007263 -0.91853040 -0.00556251
v 0.02754152 -0.87225294 0.00515592
v 0.02694339 -0.88236684 0.00858053
v 0.02408261 -0.73253149 -0.05555033
v 0.02544629 -0.76900256 -0.04491556
v 0.02678045 -0.78493154 -0.03764631
v 0.02797375 -0.80157375 -0.03151464
v 0.02796056 -0.86183900 -0.00187434
v 0.02469921 -0.75092274 -0.05064731
v 0.15568246 -0.24351621 0.06971703
v 0.14027314 -0.22674513 0.09071860
v 0.14767398 -0.25295514 0.08484603
v 0.13617441 -0.24043411 0.09934749
v 0.15452243 -0.32385480 0.06097174
v 0.15348974 -0.29670355 0.06687292
v 0.15595873 -0.35218889 0.05780831
v 0.11827022 -0.23277998 0.11395113
v 0.09484632 -0.23073202 0.12481353
v 0.09556088 -0.24980986 0.13169062
v 0.14440361 -0.34899470 0.08165893
v 0.14402337 -0.32173771 0.08439650
v 0.15009706 -0.27179775 0.07668560
v 0.14220966 -0.27262038 0.09280679
v 0.14145823 -0.25799099 0.09473118
v 0.11767606 -0.25019222 0.11928721
v 0.13243955 -0.25306997 0.10619194
v 0.04541940 -0.39256951 0.12681523
v 0.07100496 -0.39130163 0.12226334
v 0.06727570 -0.41289783 0.11502893
v 0.12579452 -0.39607787 0.09429939
v 0.13545457 -0.41910526 0.07399181
v 0.13129051 -0.27061945 0.10882206
v 0.11643809 -0.27018687 0.12378730
v 0.09625300 -0.27167016 0.13600102
v 0.09684224 -0.34610683 0.13024685
v 0.09754661 -0.32163715 0.13505846
v 0.11677689 -0.31981185 0.12216336
v 0.11581980 -0.34563172 0.11780407
v 0.12956458 -0.37278187 0.09864555
v 0.13097259 -0.34634441 0.10167263
v 0.09515998 -0.37004140 0.12360418
v 0.11364780 -0.37105754 0.11286200
v 0.10945210 -0.39400589 0.10713930
v 0.13169599 -0.31938514 0.10504845
v 0.07144598 -0.29841527 0.14574558
v 0.09681326 -0.29650328 0.13761176
v 0.04360545 -0.30073932 0.14587729
v 0.09150511 -0.39251861 0.11605984
v 0.08636448 -0.41355881 0.10948858
v 0.08235898 -0.43351594 0.10410221
v 0.07641385 -0.50310850 0.10694868
v 0.10800645 0.00038725 -0.04815810
v -0.00410022 -0.19037431 0.00419362
v -0.00243207 -0.19869441 0.02749064
v 0.15743648 -0.27993742 -0.03864281
v 0.16844538 -0.26125425 0.02760558
v 0.16161613 -0.26852238 0.05243105
v 0.02036946 -0.19029135 -0.05245002
v 0.00606385 -0.18501729 -0.03284063
v 0.13963556 -0.27000368 -0.06227524
v 0.09112205 -0.22036827 -0.08181787
v -0.00199878 -0.18583286 -0.01451169
v 0.14388262 -0.29521546 0.08772359
v 0.13188326 -0.29325262 0.10702833
v 0.11675963 -0.29397449 0.12416612
v 0.07019294 -0.27522469 0.14320306
v 0.04145721 -0.27946556 0.14274652
v 0.00271249 -0.24677306 -0.08284535
v -0.00154908 -0.25912732 -0.08480749
v -0.00917447 -0.25679243 -0.08439761
v -0.00867627 -0.23993152 -0.07936870
v 0.08039529 -0.38461187 -0.07069696
v 0.05897793 -0.37946975 -0.07704825
v 0.02068083 -0.37306172 -0.08391077
v 0.00424676 -0.37120795 -0.08500968
v 0.13942467 -0.40590480 -0.03631105
v 0.03881578 -0.37571305 -0.08132342
v 0.12294551 -0.39829391 -0.05176443
v 0.10211936 -0.39111513 -0.06280092
v 0.07542837 0.46214670 0.09942265
v 0.07476524 0.49259424 0.09704036
v 0.07619388 0.49007267 0.11175338
v 0.07444431 0.45877248 0.11401786
v 0.09085751 0.45300025 0.13960755
v 0.08000394 0.45523834 0.13260625
v 0.10460085 0.45316958 0.14072716
v 0.10091623 0.48511481 0.14273681
v 0.11118466 0.48635060 0.13491262
v 0.11700977 0.45493484 0.13494617
v 0.12545623 0.45651013 0.12586080
v 0.12671115 0.49008381 0.09751218
v 0.13293512 0.46058065 0.09523790
v 0.13117188 0.45798075 0.11449198
v 0.12659472 0.48888624 0.11603384
v 0.12602574 0.46619189 0.07674241
v 0.12171958 0.49374133 0.07886510
v 0.11109488 0.46953309 0.06713752
v 0.07980123 0.46604645 0.08477997
v 0.07735217 0.49526393 0.08074004
v 0.08805033 0.48501337 0.14228731
v 0.07984924 0.48654020 0.13366328
v 0.07476929 0.45743245 0.12386101
v 0.07756453 0.48866129 0.12241346
v 0.07372987 0.52029830 0.11002213
v 0.06348843 0.52309537 0.09285785
v 0.08510632 0.51621109 0.14546292
v 0.08183023 0.51772404 0.13242504
v 0.10541978 0.51689661 0.13452509
v 0.09688417 0.51576793 0.14715613
v 0.12757817 0.51800394 0.11764676
v 0.12047368 0.48733830 0.12613963
v 0.11767876 0.51726562 0.12660348
v 0.12728938 0.51846576 0.09931695
v 0.12112316 0.52136368 0.07630901
v 0.07115703 0.52266002 0.07434122
v 0.07991420 0.51818180 0.12199866
v 0.13639219 0.60386503 -0.08353062
v 0.14093159 0.60314214 -0.08208481
v 0.14302595 0.60750979 -0.08303504
v 0.13628778 0.60917419 -0.08531825
v 0.09127147 0.60552406 -0.10064089
v 0.10010944 0.60234421 -0.10169975
v 0.10348302 0.61129600 -0.10042228
v 0.09140350 0.61563528 -0.09938812
v 0.12838028 0.61371505 -0.09234019
v 0.12335934 0.61437196 -0.09330265
v 0.12212005 0.61031246 -0.09684025
v 0.13041200 0.60892385 -0.09518008
v 0.16473986 0.60825408 -0.04408485
v 0.16078939 0.60899127 -0.04611224
v 0.16005538 0.60418844 -0.04824997
v 0.16550399 0.60403353 -0.04496262
v 0.15409707 0.61134559 -0.06486311
v 0.15038429 0.61240590 -0.06681903
v 0.14974557 0.60755932 -0.06944764
v 0.15575533 0.60707694 -0.06611990
v 0.09964786 0.60045350 -0.07600828
v 0.10090497 0.59989512 -0.09116946
v 0.08793131 0.60445565 -0.09022973
v 0.08431171 0.60124731 -0.07473532
v 0.08217381 0.61472160 -0.08764861
v 0.09056735 0.61948967 -0.08475041
v 0.08770686 0.62155968 -0.06966855
v 0.07883246 0.61373895 -0.07078233
v 0.10362263 0.61780816 -0.08581311
v 0.10198924 0.61901391 -0.07196628
v 0.10815792 0.60916525 -0.07523047
v 0.11147557 0.60736191 -0.08999403
v 0.12842375 0.60642505 -0.07352136
v 0.13365029 0.60670877 -0.08585857
v 0.12657538 0.60161084 -0.08735657
v 0.12242578 0.59947842 -0.07434758
v 0.11844409 0.60316795 -0.08935160
v 0.11153187 0.60149461 -0.07718702
v 0.10952359 0.61160547 -0.07737114
v 0.11367543 0.61079913 -0.09070531
v 0.11950330 0.61582953 -0.08672680
v 0.11471930 0.61673027 -0.07358130
v 0.12401901 0.61449933 -0.07195936
v 0.12861398 0.61448038 -0.08462416
v 0.13356487 0.60319233 -0.07762358
v 0.12905671 0.60060769 -0.06800631
v 0.13892406 0.59830630 -0.06450529
v 0.14116673 0.60133767 -0.07557378
v 0.13268340 0.61480647 -0.06640702
v 0.12721452 0.61055899 -0.06935833
v 0.13008492 0.61147904 -0.07912353
v 0.13558221 0.61510855 -0.07709625
v 0.14321749 0.61370826 -0.07544416
v 0.14144948 0.61269528 -0.06392334
v 0.14456138 0.60464907 -0.06441607
v 0.14656727 0.60681450 -0.07550122
v 0.15492214 0.60035735 -0.05943421
v 0.15341090 0.59716350 -0.04931462
v 0.15779261 0.60369784 -0.04850347
v 0.15840596 0.60611612 -0.05847549
v 0.14598440 0.59851199 -0.05396491
v 0.14841439 0.60111314 -0.06227073
v 0.14723243 0.61258131 -0.05342244
v 0.14409402 0.60494655 -0.05669487
v 0.14441925 0.60668212 -0.06402487
v 0.14756508 0.61381370 -0.06189759
v 0.15533759 0.61244297 -0.05891813
v 0.15476370 0.61184162 -0.04889221
v 0.16739708 0.60441995 -0.03823300
v 0.16501600 0.59856421 -0.03942128
v 0.16492383 0.59673983 -0.03062770
v 0.16676302 0.60411447 -0.02813755
v 0.15863383 0.59666145 -0.03610543
v 0.15912101 0.59844708 -0.04261485
v 0.15809953 0.61075479 -0.03544699
v 0.15701611 0.60293472 -0.03811013
v 0.15612595 0.60421085 -0.04352824
v 0.15815687 0.61101025 -0.04178260
v 0.16547123 0.60981017 -0.03848986
v 0.16380987 0.60997713 -0.03040380
v 0.08259064 0.59909707 -0.05916506
v 0.10208325 0.60110784 -0.06079929
v 0.09420182 0.61792713 -0.09431969
v 0.07788670 0.61297679 -0.05494723
v 0.10147339 0.61670566 -0.09480767
v 0.10503939 0.61913049 -0.05814974
v 0.08707538 0.62093854 -0.05385157
v 0.10662562 0.61025095 -0.06832848
v 0.12762605 0.60394549 -0.09446508
v 0.12516296 0.60859233 -0.06389323
v 0.12514049 0.61640781 -0.05462368
v 0.12260179 0.60487396 -0.09548402
v 0.12118250 0.59884733 -0.05669843
v 0.13812885 0.59825534 -0.04587842
v 0.13842079 0.61323112 -0.08261786
v 0.14245541 0.61224365 -0.08176085
v 0.14257015 0.61436796 -0.04572621
v 0.14369577 0.60431814 -0.05457950
v 0.15445873 0.60271376 -0.06536283
v 0.15743738 0.60267156 -0.03846510
v 0.15557630 0.61268574 -0.03272637
v 0.15064749 0.60296297 -0.06703710
v 0.15310755 0.59563094 -0.03242415
v 0.16307303 0.60144907 -0.04457444
v 0.16367678 0.61197013 -0.01985398
v 0.16712537 0.60456747 -0.01617386
v 0.16026999 0.60079491 -0.04660201
v 0.16354275 0.59565324 -0.02006214
v 0.08647584 0.46988565 0.07280511
v 0.08499434 0.49740756 0.06883541
v 0.09728101 0.47141004 0.06687701
v 0.10822751 0.49746823 0.06713216
v 0.09641112 0.49869359 0.06418832
v 0.08313015 0.52340573 0.06094745
v 0.10842697 0.52363330 0.06267890
v 0.09602491 0.52362674 0.05675896
v 0.12975478 0.54006541 0.12172038
v 0.13038808 0.54173213 0.10405911
v 0.11487013 0.53900355 0.13013893
v 0.09743778 0.53757793 0.15303198
v 0.10515317 0.53826237 0.14072154
v 0.08236803 0.54352933 0.04927312
v 0.07275280 0.54486597 0.06819966
v 0.09593238 0.54293716 0.04287294
v 0.11255723 0.54243267 0.05158014
v 0.07673061 0.59481364 -0.04160471
v 0.07593987 0.59313834 -0.01965142
v 0.08945365 0.58264661 -0.02146869
v 0.09526938 0.59158820 -0.04130328
v 0.10803127 0.58226985 -0.01636101
v 0.11397097 0.59301394 -0.03582246
v 0.12478195 0.58521259 -0.00751445
v 0.13083720 0.59329605 -0.02663002
v 0.14033583 0.58823299 0.00236914
v 0.14661127 0.59303933 -0.01551320
v 0.15418929 0.59370565 0.01222633
v 0.16022374 0.59496731 -0.00572098
v 0.16323230 0.60358143 0.01749261
v 0.16760474 0.60450250 -0.00134756
v 0.07244799 0.61228448 -0.03704633
v 0.07213610 0.60943520 -0.01479560
v 0.08408378 0.62350172 -0.03418861
v 0.08349432 0.62271041 -0.01219874
v 0.10245265 0.62245941 -0.03200451
v 0.10033268 0.62251228 -0.00958852
v 0.16006279 0.61561114 0.01545413
v 0.16312736 0.61522579 -0.00423743
v 0.12100230 0.61971170 -0.02614425
v 0.11787975 0.61939156 -0.00398760
v 0.13781317 0.61891061 -0.01847183
v 0.13437808 0.61924702 0.00323045
v 0.15176441 0.61790758 -0.01063852
v 0.14856085 0.61901766 0.01024315
v 0.08419004 0.57374060 0.00154116
v 0.10263005 0.56846392 0.00401284
v 0.02344352 -0.92650932 0.11284830
v 0.02321087 -0.84206700 0.14402489
v 0.11937265 0.57251602 0.01365630
v 0.13415626 0.57943165 0.02463547
v 0.14628336 0.58975708 0.03486715
v 0.15709355 0.60034549 0.04011384
v 0.13273022 0.56577021 0.05311488
v 0.13991868 0.58638281 0.06150085
v 0.14795573 0.59919733 0.06379572
v 0.13533092 0.58342999 0.08851190
v 0.14012186 0.59780735 0.08852746
v 0.01062927 -0.26708996 0.12970856
v 0.02538546 -0.79807979 0.15156606
v 0.12515664 0.58240831 0.13130562
v 0.01579407 -0.34864870 0.14359868
v 0.01159440 -0.79959142 -0.02980700
v 0.01150351 -0.78275245 -0.03562218
v 0.01100802 -0.76534522 -0.04264034
v 0.01062686 -0.74775279 -0.04773776
v -0.00263407 -0.46101463 -0.08503009
v -0.00062811 -0.47590137 -0.08021401
v 0.01825545 -0.51007003 0.10698089
v -0.00844239 -0.41170040 -0.09024327
v 0.00024292 -0.49281394 -0.08318581
v 0.02932364 -0.67159104 0.14256215
v 0.00976603 -0.72915840 -0.05153702
v -0.00967029 -0.39158738 -0.08752998
v 0.02868553 -0.73386455 0.15601040
v 0.00171478 -0.51621544 -0.08263419
v -0.01573615 -0.29480121 -0.08494258
v 0.00482007 -0.58486998 -0.07393663
v -0.00967843 -0.92145914 0.00233716
v -0.01996144 -0.92632180 0.00885190
v -0.02077287 -0.91739023 0.01184652
v -0.00993816 -0.91276115 0.00610641
v -0.04277435 -0.93911850 0.05976475
v -0.04216743 -0.94842690 0.05272791
v -0.03682642 -0.95507872 0.06600010
v -0.03923205 -0.94466376 0.07311076
v -0.02850699 -0.95892733 0.07770816
v -0.03155825 -0.94781923 0.08422129
v -0.02023667 -0.94835740 0.09248553
v -0.01835807 -0.96148348 0.08652742
v -0.00623085 -0.96053475 0.09261533
v -0.00883546 -0.94649845 0.09746000
v -0.03058241 -0.93147552 0.01749051
v -0.03924006 -0.93726838 0.02872383
v -0.03774119 -0.92618620 0.02884664
v -0.02959062 -0.92289847 0.01864696
v -0.04299247 -0.94398439 0.04038671
v -0.04319486 -0.93317360 0.04388388
v 0.00698473 -0.94884676 0.09941436
v 0.00816028 -0.96584117 0.09384882
v -0.01175415 -0.89406455 0.01366564
v 0.00085603 -0.89172167 0.01071105
v 0.00081326 -0.90047258 0.00736184
v -0.01099674 -0.90316761 0.01026439
v -0.04185531 -0.89377248 0.03635200
v -0.05495608 -0.90015399 0.05277558
v -0.06112018 -0.88916135 0.04835215
v -0.04654215 -0.88219279 0.03317348
v -0.05600629 -0.86310333 0.01398983
v -0.07979611 -0.86835444 0.02940091
v -0.07466648 -0.84741175 0.01141002
v -0.05653099 -0.84407425 0.00460840
v -0.07297415 -0.82860470 -0.00115379
v -0.05697692 -0.82601416 -0.00562105
v -0.06982881 -0.77730590 -0.02918467
v -0.05383132 -0.77679366 -0.03361474
v -0.05533155 -0.79310286 -0.02531721
v -0.07159872 -0.79372472 -0.02089806
v -0.08421397 -0.68187284 -0.04221176
v -0.07275409 -0.68512541 -0.04940970
v -0.07903223 -0.70116031 -0.05002979
v -0.08929618 -0.69942778 -0.04471012
v -0.12244773 -0.79364234 -0.00555445
v -0.12337261 -0.81075066 -0.00412669
v -0.12968506 -0.79930222 -0.00348965
v -0.12905756 -0.78177619 -0.00164289
v -0.10437596 -0.89833426 0.07176035
v -0.09389269 -0.88585073 0.05109482
v -0.08139096 -0.89153135 0.05952811
v -0.08984083 -0.90413874 0.07655565
v -0.12324934 -0.70981103 -0.00091427
v -0.11905791 -0.69924307 -0.00700237
v -0.11617510 -0.70822394 -0.01589091
v -0.11976713 -0.71881211 -0.01121528
v -0.10245445 -0.59452462 -0.01534991
v -0.08883075 -0.59229553 -0.03059306
v -0.08969912 -0.61476082 -0.02829577
v -0.10298721 -0.61699855 -0.01414617
v -0.13019453 -0.64198303 0.05100653
v -0.13135578 -0.63927257 0.07461940
v -0.13030460 -0.62209153 0.07249741
v -0.13070181 -0.62241584 0.04821870
v -0.09620966 -0.77539802 -0.02058097
v -0.08401337 -0.77682984 -0.02472330
v -0.08561414 -0.79316866 -0.01686313
v -0.09720501 -0.79174900 -0.01378703
v -0.15595157 -0.69348305 -0.09290339
v -0.14429700 -0.68169194 -0.08806738
v -0.14014646 -0.70133114 -0.07297713
v -0.15148365 -0.71319157 -0.07788213
v -0.13136874 -0.51946497 0.02926345
v -0.12916374 -0.52270126 0.05141721
v -0.13581419 -0.50404453 0.04990692
v -0.13730094 -0.50030684 0.02606049
v -0.16316512 -0.84033555 -0.00457589
v -0.18052742 -0.85012192 0.00875548
v -0.18234599 -0.83473438 -0.00160509
v -0.16379546 -0.82503247 -0.01183720
v -0.12207208 -0.76328611 -0.00924313
v -0.12212415 -0.77858454 -0.00737604
v -0.12978272 -0.76763445 -0.00093451
v -0.12886859 -0.75492477 -0.00168051
v -0.13619933 -0.66861469 0.07747716
v -0.13496053 -0.67119473 0.05910630
v -0.13828209 -0.68616974 0.06310168
v -0.14000271 -0.68369162 0.07948238
v -0.13251065 -0.65684181 0.05519823
v -0.13363682 -0.65399867 0.07604729
v -0.11469711 -0.76891315 -0.01358572
v -0.10628086 -0.77284169 -0.01693631
v -0.10646662 -0.78938168 -0.01178441
v -0.11435979 -0.78600448 -0.01063239
v -0.07841735 -0.66692549 -0.03891705
v -0.06454868 -0.67080027 -0.04756191
v -0.13199882 -0.49561200 0.00260767
v -0.12129624 -0.48951724 -0.01804651
v -0.11833639 -0.51068830 -0.01385820
v -0.12774186 -0.51559865 0.00672394
v -0.07526141 -0.63464189 -0.03760988
v -0.07497419 -0.65251625 -0.03641303
v -0.08790576 -0.65290505 -0.02669609
v -0.08925693 -0.63538396 -0.02680115
v -0.10653101 -0.48354766 -0.03536366
v -0.08958992 -0.47825739 -0.05003586
v -0.08685932 -0.50117373 -0.04522152
v -0.10416783 -0.50555193 -0.03101560
v -0.07247450 -0.81086075 -0.01160860
v -0.05651329 -0.80943251 -0.01593989
v -0.10195505 -0.68311220 -0.02688434
v -0.09403244 -0.68182546 -0.03451528
v -0.09813032 -0.69907653 -0.03789489
v -0.10506593 -0.69927937 -0.03044007
v -0.13429119 -0.76577348 0.00780699
v -0.13432714 -0.78166568 0.00362321
v -0.13546516 -0.75816357 0.02289138
v -0.13891925 -0.74999499 0.02377345
v -0.14097737 -0.48493615 0.04722213
v -0.14165872 -0.48084795 0.02266158
v -0.10798182 -0.46119004 -0.03822653
v -0.09176841 -0.45511279 -0.05262301
v -0.14243457 -0.73191589 0.06297711
v -0.13697439 -0.73432386 0.05655703
v -0.14205813 -0.72922653 0.06434403
v -0.14754502 -0.72811300 0.07247733
v -0.04202542 -0.70231909 -0.05869184
v -0.05574138 -0.71203798 -0.05641557
v -0.06198234 -0.69500101 -0.05516410
v -0.05088482 -0.68203616 -0.05486906
v -0.09926917 -0.66822672 -0.02172014
v -0.09885861 -0.65508860 -0.01673021
v -0.08986671 -0.66681707 -0.03021695
v -0.02728488 -0.69175524 -0.05741812
v -0.03783678 -0.66441917 -0.05366576
v -0.03928410 -0.80703223 -0.02098077
v -0.03812923 -0.79178643 -0.02984991
v -0.03943502 -0.82311869 -0.01215174
v -0.02156006 -0.82020992 -0.01779146
v -0.02023788 -0.83667183 -0.01003633
v -0.03796852 -0.84004289 -0.00331750
v -0.01818388 -0.85306877 -0.00335257
v -0.03600145 -0.85744262 0.00378544
v -0.02649837 -0.88754058 0.02431839
v -0.02986659 -0.87823212 0.02069318
v -0.13525319 -0.75434339 0.00944006
v -0.13424107 -0.74409199 0.00935706
v -0.12374574 -0.46788415 -0.02124351
v -0.11992814 -0.81818372 0.15217091
v -0.11264451 -0.80066967 0.15868695
v -0.13248752 -0.80102944 0.14357442
v -0.13942821 -0.81815076 0.13824701
v -0.11804676 -0.89706326 0.06718317
v -0.10870610 -0.88491547 0.04522361
v -0.15188329 -0.73543221 0.11376043
v -0.15625760 -0.73515362 0.10096115
v -0.15864444 -0.74093616 0.10020895
v -0.15348268 -0.74172688 0.11289503
v -0.15367338 -0.73053956 0.07076577
v -0.15008400 -0.72817981 0.07135227
v -0.15319981 -0.71895087 0.05384517
v -0.15728503 -0.72030771 0.05443843
v -0.12788963 -0.50638741 0.07154775
v -0.12021944 -0.52502656 0.07186597
v -0.10526351 -0.65131986 0.13013490
v -0.11790527 -0.64437723 0.11399300
v -0.12374163 -0.66070282 0.11320212
v -0.11367559 -0.66775370 0.12889172
v 0.00550486 -0.79959917 0.15597589
v 0.00772994 -0.78352553 0.15760180
v -0.01386495 -0.78740102 0.16432610
v -0.01677619 -0.80386162 0.16281822
v -0.07546222 -0.82981855 0.16486844
v -0.07849671 -0.84630769 0.16044930
v -0.05071157 -0.84004694 0.16229245
v -0.04707832 -0.82470614 0.16579112
v -0.09586911 -0.81627029 0.16386954
v -0.08888254 -0.79878616 0.16889779
v -0.13896796 -0.68534595 0.09599056
v -0.13477691 -0.67059320 0.09548691
v -0.14875615 -0.71182519 0.08125972
v -0.15018240 -0.71140349 0.09419256
v -0.14766219 -0.70509726 0.09514860
v -0.14658625 -0.70510179 0.08104428
v -0.08301016 -0.90994829 0.08024686
v -0.08041781 -0.91405296 0.09686854
v -0.09368332 -0.90777695 0.09523592
v -0.04027467 -0.89334542 0.13539262
v -0.04075403 -0.88600469 0.14139403
v -0.05753009 -0.89027077 0.13653994
v -0.05108243 -0.89691949 0.13109535
v -0.01138979 -0.71540982 0.16290572
v 0.01033050 -0.71458775 0.15804182
v 0.00950823 -0.69318002 0.15384975
v -0.01341080 -0.69259757 0.15857893
v -0.15353592 -0.72703046 0.10060427
v -0.15130027 -0.72423428 0.10920060
v -0.15177339 -0.71990937 0.10268162
v -0.15217738 -0.72268420 0.09617650
v -0.14689897 -0.70770919 0.10719258
v -0.15001279 -0.71545881 0.10608479
v -0.14819255 -0.72008717 0.11465789
v -0.14415263 -0.71285063 0.11751869
v -0.12227594 -0.68222064 0.12604082
v -0.13038866 -0.67593259 0.11171631
v -0.13577482 -0.68991160 0.10998711
v -0.13043994 -0.69544500 0.12340972
v 0.00776064 -0.61928850 0.13565198
v -0.01177601 -0.61567372 0.14173430
v -0.01119088 -0.64236510 0.14774030
v 0.00926780 -0.64508110 0.14267214
v -0.13215494 -0.74403352 0.02616280
v -0.13040909 -0.75437385 0.01474480
v -0.12775588 -0.74314106 0.00446001
v -0.13195141 -0.73184633 0.01407188
v -0.18557021 -0.71963584 0.03705321
v -0.18095899 -0.72668862 0.04826975
v -0.17653686 -0.72182596 0.04854681
v -0.18189251 -0.71530491 0.03805272
v -0.13641405 -0.70608675 0.00653827
v -0.13157667 -0.71680641 0.00045857
v -0.13266429 -0.69964612 -0.01483516
v -0.13707864 -0.68839598 -0.00813419
v -0.13634783 -0.89367664 0.08945917
v -0.13090700 -0.89613008 0.06332756
v -0.12334210 -0.89857244 0.09073628
v -0.14521255 -0.69154662 0.01842430
v -0.15145889 -0.68964314 0.02339455
v -0.14903785 -0.70500600 0.03737213
v -0.14455295 -0.70789713 0.03294438
v -0.16876003 -0.71968877 -0.07694471
v -0.17328712 -0.70010459 -0.09227501
v -0.14623055 -0.65986520 -0.02063073
v -0.15428182 -0.65404874 -0.01496108
v -0.14795704 -0.67158049 -0.00058608
v -0.14172277 -0.67888057 -0.00371829
v -0.09787183 -0.63330364 0.12972274
v -0.11290294 -0.62667191 0.11402584
v -0.09755455 -0.50788069 0.10353352
v -0.11440688 -0.50751299 0.08985585
v -0.10632931 -0.52728903 0.08973060
v -0.09052479 -0.52902764 0.10337134
v -0.13324624 -0.48664531 0.07017963
v -0.10423568 -0.48732108 0.10255254
v -0.12111169 -0.48794276 0.08858248
v -0.05742025 -0.92661273 0.09117892
v -0.04309836 -0.92744982 0.10358930
v -0.05469643 -0.91895998 0.10826005
v -0.06785545 -0.91995841 0.09769250
v -0.15340406 -0.36939216 0.06920110
v -0.15327565 -0.33985683 0.07387117
v -0.16272041 -0.34075156 0.04887856
v -0.16137280 -0.36852375 0.04279287
v -0.02147946 -0.91028786 0.12283273
v -0.03868543 -0.91655809 0.11466049
v -0.02744491 -0.92392981 0.11027091
v -0.00829382 -0.92022061 0.11517078
v -0.15732895 -0.39362565 0.04093519
v -0.15101540 -0.39701763 0.06673985
v -0.07132100 -0.91639698 0.07978547
v -0.05606355 -0.92341989 0.07366326
v -0.06116152 -0.90969610 0.06533821
v -0.05234678 -0.91456282 0.05984362
v -0.04575143 -0.90785283 0.04512566
v -0.16885105 -0.33582893 0.02397387
v -0.16400406 -0.36212188 0.01890156
v -0.03593276 -0.93780249 0.09285891
v -0.02251651 -0.93656754 0.10076521
v -0.00658940 -0.93307793 0.10647865
v 0.00952124 -0.93496758 0.10824619
v -0.13577822 -0.46760523 0.06734419
v -0.14222999 -0.46612015 0.04401656
v -0.10508967 -0.22270727 0.12993261
v -0.07851139 -0.21753716 0.13256799
v -0.07896154 -0.20216352 0.12170718
v -0.10939545 -0.20625913 0.12005784
v -0.01616167 -0.23045689 0.12229273
v -0.01586143 -0.21730769 0.10651854
v -0.04686383 -0.20634496 0.11660153
v -0.04769504 -0.21955252 0.12999928
v -0.04366907 -0.35249349 0.15111203
v -0.04271522 -0.37531477 0.14334297
v -0.01593789 -0.37414670 0.14089099
v -0.01540878 -0.35035244 0.14775428
v -0.10784139 -0.46697161 0.10070618
v -0.12463648 -0.46857619 0.08615415
v -0.14209174 -0.46226341 0.01986073
v -0.18859728 -0.20228213 0.04998406
v -0.19093512 -0.16616213 0.04963575
v -0.19774675 -0.16267633 0.01386146
v -0.19382110 -0.19946480 0.01315297
v -0.14609098 -0.16302884 0.09701358
v -0.14349554 -0.19230556 0.10305536
v -0.11132026 -0.18524033 0.11150250
v -0.11398548 -0.16026866 0.10488057
v -0.07565317 -0.44973367 -0.06671159
v -0.09305330 -0.43317431 -0.05271983
v -0.07649589 -0.42676809 -0.06572717
v -0.02553224 -0.43817770 -0.09012453
v -0.04399405 -0.44167081 -0.08589852
v -0.04270997 -0.41839996 -0.08342723
v -0.02563594 -0.41508400 -0.08775233
v -0.03909254 -0.29876667 -0.07884413
v -0.02666217 -0.29707816 -0.08282939
v -0.02671471 -0.32225886 -0.08135191
v -0.04072221 -0.32537058 -0.07689339
v -0.16016665 -0.35473385 -0.00507306
v -0.14689401 -0.34657422 -0.02437375
v -0.13999544 -0.36872515 -0.02496453
v -0.15307547 -0.37751272 -0.00647883
v -0.01834692 -0.20638567 0.08808883
v -0.04586592 -0.19414544 0.10090530
v -0.19086809 -0.15873688 -0.02020247
v -0.18474644 -0.19572717 -0.02071559
v -0.17307959 -0.15400469 -0.04813758
v -0.14502388 -0.15232766 -0.06292331
v -0.14080991 -0.18461096 -0.06167831
v -0.16747734 -0.18937206 -0.04730374
v -0.05100519 -0.22250605 -0.05885849
v -0.03530299 -0.20441532 -0.03905147
v -0.03048102 -0.20829529 -0.04579885
v -0.04318168 -0.23295999 -0.06789683
v -0.01606699 -0.24528593 0.13412541
v -0.04689229 -0.23769480 0.14097166
v -0.04457188 -0.25734276 0.14991096
v -0.01550828 -0.26263896 0.14288072
v -0.08523342 -0.48599079 0.11162155
v -0.08844075 -0.46427995 0.11051062
v -0.06550835 -0.48452511 0.11652412
v -0.08042341 -0.50914383 0.11191750
v -0.06136154 -0.50898480 0.11631981
v -0.05853714 -0.65268695 0.14774542
v -0.07955401 -0.64220065 0.14048135
v -0.08829203 -0.66021812 0.14293210
v -0.06817095 -0.67277443 0.15171763
v -0.03789484 -0.79162788 0.17037167
v -0.04226661 -0.80845177 0.16857971
v -0.07894474 -0.16380036 0.10141978
v -0.04253159 -0.17644775 0.08588950
v -0.05691309 -0.13656598 0.08339182
v -0.08734604 -0.13248724 0.09756435
v -0.17338550 -0.13282549 0.07611305
v -0.17295295 -0.16686618 0.07836282
v -0.14819330 -0.13158649 0.09343771
v -0.19163594 -0.13121617 0.04787202
v -0.19975293 -0.12762111 0.01365492
v -0.17542669 -0.12008774 -0.04839764
v -0.14614984 -0.11975932 -0.06253321
v -0.05909394 -0.14795971 -0.03695450
v -0.08237253 -0.14985812 -0.05069764
v -0.08575208 -0.12173617 -0.04825742
v -0.06100042 -0.12249094 -0.03141623
v -0.07518794 -0.29845479 -0.06531882
v -0.10328563 -0.31999725 -0.05152918
v -0.11148576 -0.29510409 -0.05296174
v -0.08903360 -0.27299547 -0.06415821
v -0.02841078 -0.46299869 -0.08842973
v -0.04295762 -0.46690315 -0.08477604
v -0.05973745 -0.44537035 -0.07838038
v -0.05760591 -0.47047016 -0.07696638
v -0.07294508 -0.47399974 -0.06427811
v -0.03645472 -0.56540728 -0.07098383
v -0.05535004 -0.56627864 -0.06161277
v -0.05294767 -0.54335207 -0.06480946
v -0.03503721 -0.54199088 -0.07397743
v -0.03805177 -0.58925509 -0.06659831
v -0.05738436 -0.59017831 -0.05734280
v -0.03796896 -0.63851458 -0.05479625
v -0.05904369 -0.65513730 -0.04576486
v -0.05797657 -0.63577646 -0.04700295
v -0.02162078 -0.80385101 -0.02541453
v -0.02103996 -0.78826272 -0.03278776
v -0.16686136 -0.32951593 -0.00256674
v -0.02347013 -0.16765332 0.05528390
v -0.02005872 -0.15809751 0.02711087
v -0.02850995 -0.13072854 0.03349335
v -0.03568667 -0.13506114 0.05996398
v -0.15803730 -0.38604063 0.01662198
v -0.13551673 -0.47515684 -0.00090589
v -0.13519475 -0.45578814 -0.00265723
v -0.12536485 -0.62309957 0.02382091
v -0.12334411 -0.64814377 0.02367988
v -0.06862070 -0.71759206 -0.05257384
v -0.07014063 -0.70503849 -0.05316970
v -0.17121875 -0.20141125 0.08260103
v -0.17487007 -0.05469388 -0.04706584
v -0.14533450 -0.05356169 -0.05961426
v -0.14667182 -0.08617318 -0.06146132
v -0.17683318 -0.08782089 -0.04792438
v -0.05037915 -0.09442347 -0.00689314
v -0.06538494 -0.09362495 -0.02502118
v -0.07082424 -0.06392682 -0.01920606
v -0.05871305 -0.06374627 0.00028218
v -0.06698170 -0.03295541 0.00457580
v -0.07644919 -0.03173304 -0.01585645
v -0.08041872 0.00018013 -0.01233818
v -0.07257009 -0.00323749 0.00882767
v -0.19467917 -0.12208694 -0.02014469
v -0.20020717 -0.06088477 0.00991776
v -0.19495578 -0.05667639 -0.02102571
v -0.19560811 -0.08843148 -0.02073157
v -0.20077369 -0.09311062 0.01217112
v -0.11947779 -0.13045162 0.10072841
v -0.04287169 -0.12287098 -0.01286247
v -0.04013189 -0.14713907 -0.02034904
v -0.05345851 -0.06547767 0.04272885
v -0.06204942 -0.06633073 0.06559171
v -0.04851271 -0.09930313 0.06323492
v -0.04032009 -0.09784794 0.03792126
v -0.15577178 -0.07105309 0.08548041
v -0.17651969 -0.07037592 0.06780785
v -0.17546757 -0.10077822 0.07139695
v -0.15227014 -0.10090870 0.08922826
v -0.19193746 -0.06632745 0.04057700
v -0.19254923 -0.09802455 0.04416240
v -0.19825114 0.00118631 0.00485109
v -0.18985088 0.00544322 -0.02334814
v -0.19309270 -0.02532780 -0.02211801
v -0.19953626 -0.02976555 0.00777568
v -0.19233815 -0.00516641 0.03473198
v -0.19201745 -0.03542560 0.03756610
v -0.17883426 -0.04049808 0.06397793
v -0.18119124 -0.01078188 0.05947116
v -0.16261820 -0.01365602 0.07545527
v -0.15967621 -0.04220134 0.08096148
v -0.13680679 -0.04172784 0.09034628
v -0.14193711 -0.01414990 0.08479856
v -0.11323511 -0.04073256 0.09049010
v -0.09167494 -0.03931069 0.08097990
v -0.10179781 -0.01213753 0.07768336
v -0.12093647 -0.01342976 0.08567606
v -0.07484532 -0.00700873 0.04804670
v -0.08518802 -0.00961077 0.06538731
v -0.07439729 -0.03703964 0.06578226
v -0.06520446 -0.03538311 0.04555048
v -0.10633972 0.10091358 0.05987427
v -0.11997871 0.09675664 0.06748025
v -0.11183161 0.06965971 0.06435265
v -0.09759639 0.07372516 0.05549207
v -0.13359399 0.09334612 0.07551177
v -0.14881888 0.09139228 0.07921151
v -0.14175321 0.06551129 0.07522315
v -0.12657420 0.06685305 0.07112342
v -0.17562276 0.06842542 0.06375706
v -0.15785605 0.06544709 0.07331267
v -0.16534495 0.09174550 0.07730475
v -0.18243548 0.09510320 0.06732789
v -0.19975019 0.09978080 0.05390770
v -0.19475819 0.07247591 0.05186595
v -0.20262243 0.10683697 0.03195514
v -0.20071147 0.07859170 0.03180465
v -0.19450587 0.08705670 0.00267142
v -0.19872928 0.11502826 0.00424100
v -0.09559408 0.11589253 0.01577781
v -0.09086523 0.10977113 0.03279407
v -0.08480543 0.08379239 0.02507601
v -0.09091286 0.08780187 0.00905143
v -0.12210718 0.09541500 -0.02399958
v -0.14340398 0.09688252 -0.04565408
v -0.14420916 0.12581664 -0.03381311
v -0.12533014 0.12334800 -0.01160674
v -0.19328335 0.02334219 0.03242411
v -0.19628079 0.03026795 0.00296417
v -0.16554663 0.01411903 0.06958723
v -0.18415606 0.01782864 0.05513749
v -0.08266265 0.02022517 0.05042464
v -0.09456542 0.01698726 0.06484579
v -0.08465052 0.03136897 -0.00706902
v -0.07734631 0.02708131 0.01277742
v -0.16820371 0.03749591 -0.04487339
v -0.18661903 0.03503841 -0.02482483
v -0.18791169 0.06436795 -0.02633475
v -0.16950373 0.06701332 -0.04623141
v -0.19704854 0.05073446 0.03186203
v -0.18860015 0.04520595 0.05269573
v -0.16959026 0.04143083 0.06501371
v -0.15190154 0.03932327 0.07478265
v -0.13456941 0.03961605 0.07629059
v -0.11951214 0.04084295 0.07152488
v -0.10395093 0.04320198 0.06427468
v -0.09007997 0.04691261 0.05249579
v -0.08120650 0.05579525 0.01865116
v -0.08844443 0.06054264 0.00076644
v -0.17090978 0.09618419 -0.04675793
v -0.19172291 0.09259182 -0.02715731
v -0.19395314 0.12002093 -0.02108210
v -0.17114280 0.12371111 -0.03783178
v -0.17157839 0.14734989 -0.02270177
v -0.14868128 0.14816880 -0.01854277
v -0.13972861 0.12023002 0.08179266
v -0.15594432 0.11840934 0.08542583
v -0.17320126 0.11837494 0.08283097
v -0.20329729 0.12585324 0.05824463
v -0.20564069 0.13550991 0.03236898
v -0.20152199 0.14361358 0.00801846
v -0.19284283 0.14445722 -0.01288443
v -0.11061072 0.16578287 0.04839202
v -0.10227025 0.13774788 0.03962549
v -0.10635180 0.14329094 0.02387928
v -0.11495145 0.17086768 0.03291447
v -0.12030028 0.15776539 0.07520745
v -0.13006568 0.15267074 0.08734609
v -0.12720767 0.12428993 0.07420912
v -0.11622132 0.12861067 0.06423680
v -0.14653066 0.14700800 0.09546374
v -0.16324908 0.14566088 0.09665941
v -0.18112372 0.14560628 0.09357285
v -0.19050042 0.12063074 0.07442464
v -0.19832382 0.14809066 0.08376607
v -0.20907986 0.15512681 0.06382141
v -0.21179272 0.16589910 0.03322994
v -0.20375173 0.20558393 0.01733903
v -0.19878480 0.17510164 0.00890455
v -0.21790873 0.19614381 0.03990070
v -0.18568586 0.30957705 0.03491253
v -0.20759773 0.30465132 0.04104465
v -0.20558381 0.34066010 0.05100181
v -0.18521239 0.34567583 0.04537196
v -0.11899941 0.19991678 0.04175206
v -0.11365485 0.19599980 0.05843219
v -0.12077729 0.18765658 0.08803990
v -0.13266388 0.18182147 0.10083138
v -0.22253475 0.21706218 0.07874613
v -0.21664996 0.18542761 0.07000039
v -0.20550838 0.17827421 0.09292804
v -0.21093936 0.21037209 0.10243887
v -0.12151200 0.30150157 0.06307603
v -0.11503122 0.29851198 0.08121044
v -0.11159644 0.26391113 0.07434566
v -0.11792614 0.26750904 0.05507028
v -0.11990137 0.22162956 0.09879714
v -0.12077762 0.25585163 0.10722206
v -0.13482481 0.25014031 0.12091693
v -0.13230309 0.21511239 0.11209235
v -0.22294813 0.28867877 0.09285328
v -0.22449757 0.25167626 0.08671083
v -0.21393245 0.24562573 0.11019909
v -0.21404862 0.28382003 0.11491536
v -0.22239502 0.22675955 0.04920688
v -0.22296660 0.26006991 0.05738156
v -0.20891094 0.26978374 0.03289733
v -0.20685472 0.23663092 0.02386792
v -0.18445937 0.27439827 0.02507126
v -0.18163168 0.24100345 0.01713708
v -0.13441667 0.37351424 0.09361610
v -0.12451366 0.33558178 0.08705182
v -0.13019018 0.33900374 0.07078663
v -0.13882419 0.37825859 0.07987896
v -0.13968606 0.28679484 0.12583882
v -0.12455276 0.29178751 0.11322529
v -0.13319531 0.32929212 0.11582244
v -0.14576936 0.32589704 0.12701903
v -0.21768734 0.36978000 0.10185959
v -0.22042637 0.32840312 0.09730069
v -0.21230748 0.32474798 0.11777931
v -0.20923389 0.36613405 0.12072692
v -0.20361570 0.37967509 0.06179985
v -0.21970597 0.33379340 0.07066186
v -0.21683648 0.37444913 0.07944317
v -0.20250171 0.41811544 0.06976920
v -0.18711598 0.42159384 0.06479163
v -0.18538110 0.38390833 0.05637158
v -0.14732301 0.41442120 0.08797488
v -0.14196745 0.41044766 0.10050911
v -0.15428594 0.40291059 0.13006127
v -0.15114664 0.36475033 0.12779757
v -0.14065674 0.36812693 0.11729853
v -0.14541845 0.40639639 0.11979689
v -0.18306753 0.36436415 0.13603789
v -0.16616666 0.36359209 0.13454020
v -0.16829054 0.40164346 0.13625830
v -0.18385758 0.40283358 0.13714436
v -0.20599458 0.40441746 0.12212857
v -0.19758312 0.36483270 0.13141704
v -0.19552255 0.40317988 0.13238281
v -0.21472956 0.40721297 0.10490251
v -0.21461782 0.41300642 0.08465084
v -0.01101197 -0.19436812 0.03592434
v -0.01624310 -0.18430710 0.00780847
v -0.01718231 -0.17556006 0.01805693
v -0.01624147 -0.18861586 0.04640555
v -0.08856917 -0.09168440 -0.04437348
v -0.09166819 -0.05909902 -0.04063609
v -0.09617598 0.00489396 -0.03346145
v -0.09343915 -0.02650642 -0.03735457
v -0.09808934 0.03454971 -0.02567946
v -0.10125530 0.06402761 -0.01610182
v -0.10355937 0.09217995 -0.00543340
v -0.10835227 0.12060964 0.00307286
v -0.11813228 0.14797354 0.01027960
v -0.12740070 0.17577070 0.01794094
v -0.13319340 0.23488355 0.03439730
v -0.11884464 0.23276627 0.04825888
v -0.13276371 0.20374435 0.02788199
v -0.13798423 0.30473566 0.04737157
v -0.13421980 0.26866776 0.04007774
v -0.14389375 0.34318531 0.05736616
v -0.15062061 0.38261628 0.06839643
v -0.15881467 0.41843784 0.07663146
v -0.10844328 -0.20642632 -0.06167184
v -0.08186434 -0.19647622 -0.05560137
v -0.08056528 -0.21479672 -0.05839559
v -0.10444699 -0.22976840 -0.06163713
v -0.02636189 -0.19900936 -0.02446237
v -0.01946038 -0.19883293 -0.01109359
v -0.01837742 -0.20027441 -0.01407990
v -0.02379897 -0.20098907 -0.02834960
v -0.19492526 0.05788058 0.00267243
v -0.14743263 0.01258630 0.07908609
v -0.12861861 0.01322740 0.07996668
v -0.11099851 0.01438254 0.07372802
v -0.11931002 0.03852367 -0.04430401
v -0.14282700 0.03872442 -0.05222471
v -0.14240046 0.06754768 -0.04983219
v -0.12008696 0.06887180 -0.03862484
v -0.17776042 0.21315688 0.01073083
v -0.15636687 0.23880297 0.02532074
v -0.15375708 0.20927501 0.01638862
v -0.17652789 0.18811947 0.00131467
v -0.16933872 0.17482293 0.11027076
v -0.18837279 0.17478317 0.10603231
v -0.17335349 0.20686090 0.12305061
v -0.14879353 0.17820388 0.10828002
v -0.15204167 0.20994186 0.12079553
v -0.11669455 -0.02228391 -0.05337328
v -0.14386636 -0.02184486 -0.05697939
v -0.14233169 0.00863993 -0.05361561
v -0.11640666 0.00763279 -0.04852963
v -0.10052864 -0.54642522 0.09104639
v -0.08600117 -0.54995489 0.10484459
v -0.11491785 -0.67904627 -0.00348468
v -0.11732099 -0.66599888 0.00742450
v -0.10926347 -0.65900004 -0.00511298
v -0.10745959 -0.67216700 -0.01260504
v -0.12060359 -0.68836272 0.00408722
v -0.12288893 -0.67579383 0.01652998
v -0.12485273 -0.69914961 0.01098180
v -0.12728415 -0.68720841 0.02380679
v -0.13769764 -0.73994154 0.03905157
v -0.13453129 -0.74599773 0.03983394
v -0.03884459 -0.61344701 -0.06171362
v -0.01729083 -0.61083496 -0.06712685
v -0.01674129 -0.63482869 -0.06170692
v -0.05961614 -0.42185441 -0.07629971
v -0.05515526 -0.29897684 -0.07372268
v -0.05786221 -0.32881448 -0.07064094
v -0.07652113 -0.33428964 -0.06180310
v -0.02654930 -0.22602004 -0.06754135
v -0.03287033 -0.63768870 0.14730173
v -0.03250717 -0.61094952 0.14195420
v -0.02147739 -0.81911707 0.16056091
v 0.00320981 -0.81508785 0.15405297
v -0.02471395 -0.84779394 0.15485768
v -0.02416316 -0.86085474 0.15104206
v 0.00088711 -0.85680348 0.14584441
v 0.00076156 -0.84364069 0.14900337
v 0.00228853 -0.91053092 0.12321066
v 0.00668506 -0.92245215 0.11589116
v -0.01934693 -0.19509035 -0.00819417
v -0.01157695 -0.19964796 0.01308221
v -0.01310949 -0.20152056 0.00503924
v -0.05892695 -0.17001992 -0.04154188
v -0.03993035 -0.16657442 -0.02656539
v -0.04066034 -0.18090832 -0.03191665
v -0.05946944 -0.18729538 -0.04539572
v -0.18781739 -0.23527914 0.01033103
v -0.18455142 -0.23935771 0.04762762
v -0.07793141 -0.18616742 0.11019517
v -0.16470876 -0.61723083 -0.05384926
v -0.17651300 -0.61645967 -0.05218932
v -0.17051685 -0.63384771 -0.03046107
v -0.15938541 -0.63544077 -0.03301559
v -0.03569756 -0.71723127 0.16542850
v -0.04348506 -0.69073880 0.15814896
v -0.07322869 -0.90090621 0.06486557
v -0.15260205 -0.88890558 0.05150627
v -0.14055799 -0.88005209 0.02699905
v -0.13171092 -0.88319272 0.03366790
v -0.14211994 -0.89316016 0.05806994
v -0.15793328 -0.83559793 0.12040016
v -0.16056839 -0.85378313 0.11166788
v -0.14848024 -0.85590929 0.12229374
v -0.14495060 -0.83643657 0.13172542
v -0.01516274 -0.32742998 0.15181614
v -0.04320624 -0.32831147 0.15657547
v -0.01733755 -0.53503042 0.12177674
v -0.03699072 -0.53297734 0.12149496
v -0.03407471 -0.55785400 0.12778464
v -0.01460508 -0.56144267 0.12798922
v -0.06826583 -0.70423722 0.16073300
v -0.08345707 -0.68857449 0.15241067
v -0.02089941 -0.73822993 -0.05238711
v -0.03672504 -0.74244446 -0.05113434
v -0.03833274 -0.72424042 -0.05631630
v -0.02291696 -0.71721482 -0.05717528
v -0.18947011 -0.66941869 -0.00443946
v -0.17728683 -0.68319356 0.01628205
v -0.16605045 -0.67181891 0.00990185
v -0.17473032 -0.65470415 -0.00760011
v -0.16648361 -0.23992819 0.08483849
v -0.13952439 -0.21875608 0.10992038
v -0.11632550 -0.58469319 0.08540595
v -0.10291155 -0.58828425 0.10412044
v -0.10043828 -0.56681323 0.09725341
v -0.11433773 -0.56325179 0.07935704
v -0.12638630 -0.64015549 0.09581207
v -0.12421840 -0.62336028 0.09395019
v -0.13051644 -0.65599465 0.09592160
v -0.15151325 -0.72742265 0.08030421
v -0.14595056 -0.72687674 0.06954045
v -0.15463810 -0.73018014 0.08431080
v -0.08231813 -0.17489624 -0.05382568
v -0.07009553 -0.24677747 -0.06791243
v -0.06076379 -0.26254630 -0.07312138
v -0.01364824 -0.20370770 0.00075301
v -0.04561716 -0.92275637 0.05235836
v -0.04094134 -0.91721630 0.03731872
v -0.14101115 -0.71420383 0.02743824
v -0.14047474 -0.69732958 0.01297818
v -0.14290674 -0.72681129 0.06703249
v -0.14719522 -0.72226775 0.07898052
v -0.14904711 -0.71817845 0.08149180
v -0.14504369 -0.72219032 0.06763998
v -0.15008397 -0.72069234 0.08824129
v -0.15099257 -0.71758533 0.09335142
v -0.10579367 -0.80698919 -0.00733720
v -0.10691276 -0.82352275 -0.00123604
v -0.11616206 -0.81839460 -0.00297582
v -0.11385861 -0.80191195 -0.00740772
v -0.09716091 -0.80928606 -0.00670504
v -0.08632414 -0.81053150 -0.00823672
v -0.08704682 -0.82870585 0.00159806
v -0.09819495 -0.82685065 0.00153959
v -0.05316329 -0.87563801 0.02350439
v -0.06993969 -0.88200176 0.04037263
v -0.03377789 -0.87026775 0.01193362
v -0.01661618 -0.86572462 0.00373983
v -0.00304971 -0.89701515 0.13188034
v 0.00276923 -0.88194323 0.13814591
v -0.01987017 -0.88607466 0.14080536
v -0.02676271 -0.89789772 0.13263136
v -0.03534571 -0.90530676 0.03071529
v -0.02405666 -0.89825028 0.02187369
v -0.01228366 -0.88399470 0.01523709
v -0.18454444 -0.71765828 -0.07239957
v -0.18862176 -0.69915468 -0.08702956
v -0.04505434 -0.93537325 0.08074275
v -0.04757887 -0.92954838 0.06680810
v -0.19944492 -0.71149671 -0.06532629
v -0.20299885 -0.69198930 -0.07974169
v -0.12119692 -0.88460088 0.03971885
v -0.12156678 -0.86448187 0.01709462
v -0.11100847 -0.86511254 0.02278332
v -0.03162242 -0.91464210 0.02422861
v -0.02231152 -0.90759826 0.01665666
v -0.17916097 -0.27551284 0.03902072
v -0.17976870 -0.26976424 0.00679207
v -0.12389361 -0.53487754 0.01101342
v -0.12693453 -0.53818870 0.03239087
v -0.01646503 -0.56385076 -0.07627695
v -0.01643235 -0.54043591 -0.07917956
v 0.00034780 -0.90959942 0.00224852
v -0.03857653 -0.49273062 -0.08136069
v -0.01955656 -0.48808172 -0.08495288
v -0.01718594 -0.51560777 -0.08135655
v -0.03556639 -0.51789105 -0.07697237
v -0.01588123 -0.44790962 -0.09061220
v -0.01577428 -0.46110693 -0.08828644
v -0.02650872 -0.27644125 -0.08453187
v -0.03648023 -0.27730328 -0.08174244
v -0.14538799 -0.78012729 -0.02688004
v -0.16037457 -0.79220712 -0.02754800
v -0.16105179 -0.77440089 -0.03732127
v -0.14562957 -0.76510459 -0.03696303
v -0.05448905 -0.49594387 -0.07285219
v -0.07044196 -0.49836278 -0.05953989
v -0.13863748 -0.73225933 0.03952584
v -0.13837762 -0.74151510 0.02406867
v -0.01542961 -0.65904355 -0.05780496
v -0.05414298 -0.72858667 -0.05375324
v -0.05308151 -0.74485463 -0.04826557
v -0.06766089 -0.74639916 -0.04383126
v -0.06817982 -0.73159039 -0.04926657
v -0.01146575 -0.20514590 0.00963336
v -0.19703749 -0.75152916 0.04609047
v -0.20000473 -0.74218059 0.03158167
v -0.20382869 -0.75214136 0.02955395
v -0.20149763 -0.76199841 0.04396527
v -0.02505887 -0.16741711 -0.00745754
v -0.02674951 -0.15002304 0.00074642
v -0.01876752 -0.19965196 0.06833360
v -0.00671787 -0.20405138 0.05503181
v -0.11559287 -0.11958337 -0.06121946
v -0.11353319 -0.15108705 -0.06237175
v -0.11467622 -0.08783197 -0.05814331
v -0.11636822 -0.05471045 -0.05619949
v -0.13380687 0.15004033 -0.00209123
v -0.14901349 0.17916769 0.00452346
v -0.15887669 0.27222085 0.03333779
v -0.16190079 0.30747032 0.04161559
v -0.16414919 0.34560156 0.05138560
v -0.16830160 0.38402319 0.06154042
v -0.17262158 0.42146987 0.06828822
v -0.21266252 -0.67943442 -0.07279801
v -0.21143113 -0.70034713 -0.05481240
v -0.21473235 -0.68352026 -0.04602094
v -0.21733811 -0.66457796 -0.06683363
v -0.14011884 -0.66868126 -0.02641065
v -0.13593239 -0.68053085 -0.03279287
v -0.13982961 -0.66294694 -0.04824151
v -0.14450946 -0.65181124 -0.04189016
v -0.14841594 -0.63315511 -0.05821872
v -0.15567818 -0.62395442 -0.05426320
v -0.15075111 -0.64237607 -0.03665493
v -0.18931279 -0.62115741 -0.05132128
v -0.20068085 -0.62905008 -0.05293030
v -0.19639090 -0.64750725 -0.02962312
v -0.18271750 -0.63720000 -0.02903090
v -0.21605003 -0.64979589 -0.06103635
v -0.21187089 -0.66747272 -0.04068971
v -0.20517221 -0.65575576 -0.03528829
v -0.20939311 -0.63793743 -0.05625257
v -0.13872482 -0.66812098 -0.08042613
v -0.13893099 -0.65546429 -0.07214931
v -0.13640875 -0.67505240 -0.05594595
v -0.13566062 -0.68789619 -0.06488824
v -0.18043855 -0.80014640 -0.02203104
v -0.17978585 -0.77842313 -0.03292380
v -0.13302034 -0.76653945 0.02503436
v -0.13268122 -0.77988797 0.00842623
v -0.13056736 -0.77508831 0.00610052
v -0.12793331 -0.76361775 0.02447931
v -0.16485062 -0.73858106 -0.06182131
v -0.16261147 -0.75759512 -0.04802206
v -0.17917413 -0.75668281 -0.04407997
v -0.18040781 -0.73646909 -0.05741607
v -0.13307908 -0.70751184 -0.04862376
v -0.13319477 -0.69470847 -0.03988951
v -0.13009784 -0.71223491 -0.02363807
v -0.13057877 -0.72476226 -0.03293703
v -0.16339761 -0.65153682 -0.01199147
v -0.15649381 -0.66992480 0.00496559
v -0.13430929 -0.76583219 -0.02108699
v -0.13409860 -0.75267726 -0.03078012
v -0.13634369 -0.73220003 0.02345418
v -0.14389950 -0.70846826 0.06630541
v -0.14542159 -0.71634018 0.06714461
v -0.10852583 -0.68571860 -0.01982856
v -0.11007513 -0.69964075 -0.02391142
v -0.13128869 -0.67766899 0.04055911
v -0.13485077 -0.69161242 0.04635417
v -0.11390986 -0.69075555 -0.01333027
v -0.11333002 -0.69977123 -0.01867803
v -0.07537539 -0.61360818 -0.04112572
v -0.01402159 -0.87522942 0.01138529
v -0.14611670 -0.74968278 -0.04837491
v -0.13515542 -0.73778689 -0.04158580
v -0.16083953 -0.70699275 0.04214543
v -0.15483572 -0.70566291 0.04048112
v -0.15944171 -0.69067627 0.02719344
v -0.16814035 -0.69513661 0.03039281
v -0.10829119 -0.72504032 0.15495810
v -0.08926310 -0.71472108 0.16077021
v -0.09989633 -0.70180017 0.15058656
v -0.11560072 -0.71319729 0.14598331
v -0.20813212 -0.76582980 0.01853953
v -0.20801550 -0.76932567 0.00756945
v -0.20823480 -0.78710037 0.02165550
v -0.20745869 -0.77932632 0.03188580
v -0.20537725 -0.77172059 -0.00782861
v -0.19638079 -0.77597719 -0.02269927
v -0.19764420 -0.80004936 -0.00938275
v -0.20608196 -0.79462504 0.00768769
v -0.15379532 -0.31060854 0.08107564
v -0.16537566 -0.30992106 0.05718669
v -0.12364877 -0.44770718 -0.02194301
v -0.10888241 -0.44016078 -0.03813003
v -0.09849597 -0.34583282 -0.05109413
v -0.05617388 -0.21219629 -0.05294287
v -0.03805072 -0.19842041 -0.03662881
v -0.03216136 -0.12574148 0.00846183
v -0.17338791 -0.30775863 0.03117819
v -0.04226686 -0.09589767 0.01416900
v -0.05325045 -0.06456935 0.02025577
v -0.08084074 -0.06787467 0.08375076
v -0.10512812 -0.06901616 0.09403961
v -0.09632220 -0.09937781 0.09668761
v -0.06889009 -0.09987658 0.08494120
v -0.13112855 -0.07014668 0.09450993
v -0.12512808 -0.09960151 0.09816596
v -0.16947295 0.00735575 -0.04419000
v -0.15401390 0.24570525 0.12957925
v -0.17788932 0.28219223 0.13553217
v -0.17581913 0.24228495 0.13166317
v -0.15803769 0.28376704 0.13379282
v -0.19628586 0.24257874 0.12502056
v -0.19317085 0.20711285 0.11715124
v -0.22208473 0.29584467 0.06336997
v -0.16246161 0.32357186 0.13431109
v -0.18091147 0.32315403 0.13559422
v -0.19860961 0.32302415 0.12998509
v -0.19808395 0.28152937 0.12859711
v -0.02610401 -0.17924190 -0.01487958
v -0.17886466 -0.22995299 -0.02320179
v -0.16996363 -0.26230234 -0.02415555
v -0.12063245 -0.26942030 -0.05504820
v -0.09797837 -0.25118476 -0.06250882
v -0.08538682 -0.52342641 -0.04029316
v -0.10192040 -0.52656519 -0.02603385
v -0.10191017 -0.57107806 -0.01797754
v -0.11429486 -0.57432806 -0.00079385
v -0.11412944 -0.55200821 -0.00450094
v -0.10143042 -0.54816431 -0.02148033
v -0.12789409 -0.57959414 0.04061750
v -0.12510136 -0.58173382 0.06407443
v -0.12354989 -0.56053472 0.05842426
v -0.12619320 -0.55834794 0.03628646
v -0.12420360 -0.54168403 0.05402734
v -0.11477929 -0.54393864 0.07393157
v -0.05201481 -0.58039701 0.12965399
v -0.06926768 -0.57601905 0.12160424
v -0.07069758 -0.59973300 0.12986347
v -0.05248484 -0.60563737 0.13745923
v -0.04784748 -0.27296114 -0.07731562
v -0.02710409 -0.19422257 -0.02266088
v -0.11098547 -0.18071771 -0.06222861
v -0.13556302 -0.21540511 -0.05991369
v -0.16081871 -0.22336560 -0.04679392
v -0.13737382 -0.72251898 0.02124326
v -0.14524733 -0.73345733 0.12398493
v -0.14571187 -0.74157202 0.12562458
v -0.20470518 -0.74948615 -0.02062507
v -0.19474788 -0.75502324 -0.03370698
v -0.12860914 -0.74037015 -0.01970394
v -0.16159900 -0.80894279 -0.01946291
v -0.14583573 -0.79579568 -0.01924554
v -0.14729059 -0.80923271 -0.01364720
v -0.12689255 -0.33476707 -0.03974272
v -0.15468919 -0.32111886 -0.02505016
v -0.13463598 -0.31028238 -0.04038888
v -0.00548079 -0.20497149 0.04221914
v -0.07681261 -0.23138487 -0.06284095
v -0.06280565 -0.03409702 0.02446883
v -0.07066257 -0.00479031 0.02827813
v -0.07669645 0.02349406 0.03217433
v -0.08210975 0.05133653 0.03655349
v -0.08759484 0.07882345 0.04175832
v -0.09569066 0.10533524 0.04798560
v -0.10596436 0.13186783 0.05317860
v -0.11355277 0.16173685 0.06219596
v -0.11245909 0.22941917 0.06687579
v -0.11309399 0.22577393 0.08313153
v -0.11420840 0.19254428 0.07347730
v -0.11355446 0.25978720 0.09161776
v -0.11616448 0.29559129 0.09753811
v -0.12612288 0.33231455 0.10244143
v -0.14186317 0.40778261 0.11043335
v -0.13563599 0.37009799 0.10611219
v -0.00870482 -0.20663089 0.02082497
v -0.00691050 -0.20600390 0.03094590
v -0.09785905 -0.86486155 0.02832199
v -0.14046732 -0.73061061 0.05370859
v -0.13814548 -0.73504233 0.05436529
v -0.12758115 -0.75470746 -0.00916536
v -0.20638064 -0.68448126 -0.02135877
v -0.21123102 -0.70003796 -0.02777247
v -0.12777951 -0.72881770 -0.00825338
v -0.12764683 -0.75311613 0.03847525
v -0.13328905 -0.75330889 0.03907889
v -0.15479985 -0.70772350 -0.19628827
v -0.16192712 -0.70088851 -0.20545280
v -0.14896961 -0.71397954 -0.21521625
v -0.14176904 -0.71892738 -0.20655459
v -0.14334509 -0.70859003 -0.18894958
v -0.13137069 -0.71916771 -0.19948688
v -0.09861083 -0.66653252 -0.20034249
v -0.10340221 -0.67682242 -0.19113523
v -0.09464653 -0.68906546 -0.20516267
v -0.09046930 -0.67955792 -0.21443348
v -0.10927545 -0.72591084 -0.20648251
v -0.10020529 -0.71898311 -0.20708954
v -0.11021793 -0.70757103 -0.19516458
v -0.12026989 -0.71517420 -0.19546190
v -0.10712248 -0.65087891 -0.22297198
v -0.11846650 -0.64901805 -0.23036745
v -0.12529176 -0.63291132 -0.21767858
v -0.11396949 -0.63658202 -0.20891002
v -0.13506186 -0.62197268 -0.14410335
v -0.13203363 -0.61021864 -0.14988780
v -0.13881698 -0.60358846 -0.13766369
v -0.14212790 -0.61598897 -0.13379028
v -0.17919019 -0.68538594 -0.17365196
v -0.18612480 -0.67507118 -0.18290627
v -0.17478560 -0.68796551 -0.19439334
v -0.16746525 -0.69648141 -0.18525110
v -0.13998781 -0.67661834 -0.15752435
v -0.12924729 -0.66520548 -0.15942821
v -0.13946652 -0.65448314 -0.14688757
v -0.15074602 -0.66452146 -0.14447151
v -0.19161141 -0.67065763 -0.16191958
v -0.19627307 -0.66074383 -0.17058358
v -0.12019055 -0.69716400 -0.18224907
v -0.11057897 -0.68692863 -0.18498328
v -0.11972891 -0.67613995 -0.17144775
v -0.13000071 -0.68719649 -0.16943242
v -0.09293911 -0.68273115 -0.24600354
v -0.10293281 -0.68191546 -0.25190234
v -0.11122456 -0.66511238 -0.24143100
v -0.10045364 -0.66655391 -0.23510006
v -0.09238052 -0.71071899 -0.21119396
v -0.08632967 -0.70219243 -0.21782005
v -0.10176122 -0.69860375 -0.19841400
v -0.13807447 -0.70949423 -0.24223596
v -0.13894559 -0.71934545 -0.23377770
v -0.15187272 -0.70486212 -0.22439894
v -0.15054443 -0.69360065 -0.23323119
v -0.11524200 -0.64207131 -0.17093448
v -0.12098219 -0.65346301 -0.16337185
v -0.11179076 -0.66492170 -0.17703417
v -0.10648577 -0.65364993 -0.18625581
v -0.16763206 -0.68842816 -0.16443542
v -0.15559804 -0.69957602 -0.17663114
v -0.16240303 -0.67770481 -0.22376318
v -0.16437244 -0.68970001 -0.21456529
v -0.17589505 -0.67576516 -0.20325314
v -0.17295790 -0.66142499 -0.21343149
v -0.17375273 -0.63206756 -0.20786914
v -0.16100311 -0.62250239 -0.20999154
v -0.15320623 -0.63956368 -0.22229458
v -0.16502357 -0.64931250 -0.21962988
v -0.12531579 -0.63093603 -0.15658991
v -0.12280290 -0.61955786 -0.16550559
v -0.12054530 -0.62252122 -0.19390708
v -0.13199413 -0.61727118 -0.20352882
v -0.13836707 -0.60256314 -0.18734831
v -0.12689351 -0.60910201 -0.17730242
v -0.18564907 -0.65700257 -0.12819773
v -0.20000997 -0.65654677 -0.13442725
v -0.19221562 -0.66372776 -0.14225632
v -0.17724150 -0.66467017 -0.13460788
v -0.20159273 -0.65904939 -0.15062083
v -0.21027395 -0.64640331 -0.14015271
v -0.22031966 -0.62556934 -0.12415943
v -0.21857233 -0.61295187 -0.12351556
v -0.21613359 -0.61285037 -0.13538232
v -0.21676999 -0.62742639 -0.13484067
v -0.19066076 -0.59613299 -0.18151626
v -0.17531002 -0.58677477 -0.18038364
v -0.16814956 -0.60474402 -0.19635534
v -0.18276298 -0.61412048 -0.19545722
v -0.16196938 -0.57265288 -0.15687190
v -0.14848423 -0.57992423 -0.15090996
v -0.14448841 -0.58950484 -0.16896078
v -0.15904981 -0.58506280 -0.17561144
v -0.16237919 -0.59129095 -0.08741376
v -0.15333460 -0.59792781 -0.09083155
v -0.15298721 -0.58646739 -0.10489188
v -0.16230653 -0.57868123 -0.10363649
v -0.14535955 -0.62108618 -0.10111800
v -0.14669120 -0.63333410 -0.10718147
v -0.14969507 -0.62335235 -0.11396895
v -0.14634283 -0.61007416 -0.11040458
v -0.19590613 -0.66245085 -0.11500463
v -0.20955251 -0.65720260 -0.10945831
v -0.21132067 -0.65023702 -0.11852972
v -0.19716240 -0.65419436 -0.12058942
v -0.19751838 -0.58195460 -0.16648167
v -0.17983282 -0.56944913 -0.16246694
v -0.14607060 -0.60262513 -0.11869490
v -0.14978062 -0.61574107 -0.11929829
v -0.14755735 -0.61251169 -0.12481995
v -0.14385968 -0.60031050 -0.12634674
v -0.16859290 -0.63817406 -0.12335910
v -0.18057926 -0.64533776 -0.12396084
v -0.17732710 -0.64627504 -0.12427761
v -0.16462170 -0.63747501 -0.12401126
v -0.19632193 -0.65141410 -0.12458597
v -0.21127133 -0.64763772 -0.12447111
v -0.20631598 -0.64965713 -0.12930904
v -0.19238108 -0.65156674 -0.12577330
v -0.21080339 -0.58590448 -0.13641088
v -0.20168650 -0.57438761 -0.13688493
v -0.20165986 -0.57601404 -0.15211602
v -0.21101591 -0.58875227 -0.15050280
v -0.16271913 -0.56869406 -0.13814080
v -0.15120932 -0.57591629 -0.13410872
v -0.15964819 -0.63727218 -0.12777984
v -0.14881028 -0.62714297 -0.13075131
v -0.15425974 -0.62484133 -0.12505455
v -0.21503386 -0.64040458 -0.13288650
v -0.17310256 -0.58753604 -0.08664837
v -0.18430957 -0.58733439 -0.08654194
v -0.18159695 -0.60061640 -0.06990123
v -0.17031673 -0.60085785 -0.07098533
v -0.16019101 -0.60524786 -0.07317123
v -0.15189010 -0.61343873 -0.07706477
v -0.14318106 -0.63653070 -0.08855933
v -0.14312680 -0.64870143 -0.09595053
v -0.14943406 -0.66201288 -0.10260040
v -0.16144003 -0.67363739 -0.10658710
v -0.16652539 -0.65793383 -0.11649159
v -0.15414879 -0.64629799 -0.11290829
v -0.20606250 -0.67201328 -0.09607159
v -0.19228315 -0.67904258 -0.10265043
v -0.21452761 -0.66001457 -0.09012803
v -0.21670535 -0.64682066 -0.10469492
v -0.14670214 -0.59020716 -0.11735804
v -0.14767163 -0.59764653 -0.10717651
v -0.15533490 -0.66634321 -0.23081431
v -0.14433771 -0.65669221 -0.23388016
v -0.13457572 -0.67368400 -0.24396414
v -0.14443196 -0.68348390 -0.24070205
v -0.11384483 -0.68492115 -0.25447255
v -0.12310132 -0.66792595 -0.24469736
v -0.13110198 -0.70491922 -0.18421617
v -0.14190331 -0.69482267 -0.17217340
v -0.11936469 -0.73089772 -0.20917039
v -0.17095186 -0.64874566 -0.12642124
v -0.16132288 -0.65526944 -0.13354790
v -0.21616311 -0.59950757 -0.12236406
v -0.21921733 -0.61548072 -0.11121863
v -0.21579336 -0.60310966 -0.10873112
v -0.20186239 -0.61083245 -0.17581497
v -0.20375934 -0.62840688 -0.16471314
v -0.21162954 -0.61297810 -0.15042627
v -0.20838104 -0.59691954 -0.16291568
v -0.19987570 -0.57638031 -0.12104726
v -0.20978191 -0.58723843 -0.12175040
v -0.20868053 -0.59221840 -0.10612391
v -0.19822805 -0.58258051 -0.10455410
v -0.18094596 -0.65128124 -0.12166527
v -0.17965767 -0.66186303 -0.11783653
v -0.21923235 -0.62260067 -0.09663944
v -0.21946761 -0.63437331 -0.10093938
v -0.21861628 -0.64574122 -0.08570038
v -0.21822913 -0.63302678 -0.08086863
v -0.22032383 -0.62850022 -0.11269633
v -0.21514672 -0.61115551 -0.09275651
v -0.21313617 -0.62255853 -0.07594037
v -0.17633983 -0.67968994 -0.10664411
v -0.19627738 -0.59269232 -0.08743484
v -0.20705017 -0.60116291 -0.08953635
v -0.20441768 -0.61328495 -0.07241021
v -0.19327459 -0.60543609 -0.07015531
v -0.13173805 -0.65103120 -0.23385578
v -0.13927646 -0.63448632 -0.22195983
v -0.13947919 -0.59010881 -0.14403905
v -0.13384372 -0.59798461 -0.15895610
v -0.14418653 -0.58730376 -0.12984002
v -0.09902979 -0.65752316 -0.21255828
v -0.09219533 -0.67213964 -0.22571354
v -0.11399885 -0.63140750 -0.18212402
v -0.10664856 -0.64426172 -0.19765435
v -0.18292217 -0.64476752 -0.20187718
v -0.17478421 -0.56852913 -0.12214291
v -0.16274273 -0.57125157 -0.12010959
v -0.17598452 -0.56520343 -0.14127448
v -0.14578459 -0.62507957 -0.08173411
v -0.14801472 -0.60929680 -0.09498638
v -0.19126335 -0.56825292 -0.15155748
v -0.14226681 -0.64447665 -0.06520456
v -0.21211432 -0.63222373 -0.14407775
v -0.21902362 -0.63810396 -0.12457396
v -0.21837127 -0.64068496 -0.11508261
v -0.13597767 -0.72735763 -0.22443795
v -0.15270758 -0.68448317 -0.15976943
v -0.14985310 -0.64411032 -0.13600677
v -0.14140025 -0.63302279 -0.13915485
v -0.18734252 -0.56965423 -0.12209859
v -0.18591972 -0.57649934 -0.10444741
v -0.17398167 -0.57573628 -0.10443071
v -0.16866049 -0.64643312 -0.12188251
v -0.15686484 -0.63540196 -0.11866368
v -0.08571455 -0.68703938 -0.23737240
v -0.15760481 -0.62804258 -0.12129980
v -0.20502487 -0.64453363 -0.15722366
v 0.00101386 -0.82996494 0.15205120
v -0.12780289 -0.66402191 0.03434973
v -0.10174304 -0.63846534 -0.01344064
v -0.11277080 -0.64244986 0.00224264
v -0.13949569 -0.71516675 0.05176602
v -0.14028867 -0.72378367 0.05290554
v -0.13606794 -0.74074370 0.05206647
v -0.13095884 -0.74172652 0.04836068
v -0.13086830 -0.69963562 0.03076136
v -0.01234724 -0.47473401 -0.08455577
v -0.03005281 -0.45682380 0.11533765
v -0.00750042 -0.45452619 0.11292304
v -0.01002359 -0.43577787 0.11720459
v -0.03301479 -0.43743420 0.11831752
v -0.01158644 -0.41653314 0.12562855
v -0.13876930 -0.39374319 0.09071791
v -0.13322887 -0.41559497 0.08785975
v -0.11758091 -0.41121218 0.10643969
v -0.12293020 -0.38825533 0.11090676
v -0.14055964 -0.43465436 0.06482454
v -0.12758480 -0.43401331 0.08557216
v -0.14525974 -0.41717228 0.06520441
v -0.15155739 -0.41413167 0.04017009
v -0.14764069 -0.43228960 0.04069082
v -0.15107654 -0.40700015 0.01626753
v -0.14688204 -0.42655101 0.01680378
v -0.14522508 -0.39822793 -0.00543908
v -0.13339832 -0.38930532 -0.02398063
v -0.12050915 -0.35859057 -0.03821434
v -0.09543537 -0.37069565 -0.05032597
v -0.11532246 -0.37995586 -0.03855967
v -0.05709620 -0.35615605 -0.06943882
v -0.07542071 -0.36209607 -0.06094640
v -0.02614272 -0.34861231 -0.08039180
v -0.04102679 -0.35200474 -0.07581887
v -0.09042461 -0.84714818 0.01365529
v -0.10000136 -0.89705026 0.11305182
v -0.11020127 -0.90278912 0.09191440
v -0.08273983 -0.90398818 0.11431614
v -0.12659505 -0.83696240 0.14487290
v -0.13130599 -0.85681218 0.13430937
v -0.10586099 -0.85222614 0.15056229
v -0.10144502 -0.83448815 0.15763158
v -0.06922952 -0.89654034 0.12843263
v -0.05938220 -0.90015894 0.12703072
v -0.08595932 -0.88920355 0.13055170
v -0.04122446 -0.87774056 0.14803159
v -0.06590273 -0.88220793 0.14285190
v -0.15998328 -0.88609570 0.07608376
v -0.16211784 -0.87199831 0.09705824
v -0.17206842 -0.86882043 0.08759284
v -0.17130294 -0.88214272 0.06682836
v -0.15414615 -0.81810987 0.12552503
v -0.14879163 -0.80123991 0.12951997
v -0.16005327 -0.80078852 0.11837329
v -0.16440338 -0.81706446 0.11521398
v -0.19273859 -0.85235286 0.02954907
v -0.19719642 -0.84557706 0.05032417
v -0.20270777 -0.83074969 0.03572536
v -0.19652194 -0.83653557 0.01670276
v -0.16789976 -0.83447683 0.10985804
v -0.05916834 -0.72243267 0.16771097
v -0.10183322 -0.73714632 0.16136222
v -0.08105451 -0.72990954 0.16654302
v -0.14679019 -0.75017881 0.12590460
v -0.13533282 -0.74828613 0.13835394
v -0.13555472 -0.73721361 0.13620301
v -0.16154630 -0.75014561 0.10192214
v -0.15611070 -0.75049078 0.11291802
v -0.13576043 -0.79269779 -0.00816046
v -0.13777089 -0.79979581 -0.00671045
v -0.14779073 -0.82172519 -0.00862107
v -0.16041088 -0.74014020 0.08495531
v -0.16089456 -0.73577386 0.07249995
v -0.16532180 -0.73981988 0.07369970
v -0.16325785 -0.74453545 0.08583145
v -0.14825919 -0.88997221 0.08347002
v -0.19658332 -0.83314264 0.06623752
v -0.19419239 -0.81701940 0.07411520
v -0.20127121 -0.80476195 0.05920132
v -0.20329416 -0.82050931 0.05160388
v -0.19028315 -0.80387145 0.08126516
v -0.18583262 -0.79062754 0.08630186
v -0.19290636 -0.78349161 0.07322486
v -0.19742115 -0.79425389 0.06669628
v -0.17046478 -0.74413645 0.07360485
v -0.16645518 -0.75065720 0.08792000
v -0.18169883 -0.81859100 -0.01213618
v -0.17068611 -0.87633044 0.03104939
v -0.15506072 -0.86553067 0.01082397
v -0.14824569 -0.87430334 0.01886365
v -0.16262707 -0.88412529 0.04193014
v -0.14096418 -0.72850418 0.04356100
v -0.13699067 -0.73626041 0.03697116
v -0.14528802 -0.72236156 0.04945161
v -0.15624706 -0.73343790 0.08517823
v -0.14871719 -0.71857083 0.05200029
v -0.12878704 -0.76689720 0.00028311
v -0.13481283 -0.78075022 -0.01216032
v -0.14115749 -0.84497768 0.00021708
v -0.13579512 -0.85410559 0.00550340
v -0.19790077 -0.81952578 0.00352995
v -0.20565422 -0.81329626 0.02143183
v -0.16645333 -0.72577149 0.05814123
v -0.17202635 -0.71644425 0.04706590
v -0.17090540 -0.73016185 0.05991192
v -0.15464246 -0.73031610 0.10151580
v -0.15724707 -0.73655421 0.08391546
v -0.18044142 -0.87584960 0.05641460
v -0.20666850 -0.80454344 0.03659013
v -0.20491782 -0.79189891 0.04618594
v -0.18206549 -0.81055868 0.09414120
v -0.18552434 -0.82575554 0.08783581
v -0.17673945 -0.83104813 0.09932927
v -0.17326361 -0.81469530 0.10521214
v -0.19830215 -0.77400601 0.05795069
v -0.19295891 -0.76146108 0.06105576
v -0.17786589 -0.79640198 0.09761380
v -0.16939218 -0.79950732 0.10809508
v -0.17582655 -0.73511326 0.06084828
v -0.12946023 -0.86086792 0.01148333
v -0.12108615 -0.83860201 0.00341959
v -0.11261953 -0.84265316 0.00706553
v -0.13247782 -0.82183278 -0.00351414
v -0.12724999 -0.83140630 -0.00056455
v -0.13638768 -0.81034130 -0.00528423
v -0.10274576 -0.84461999 0.01171220
v -0.18982172 -0.56708550 -0.13703659
v -0.17823327 -0.70891535 0.03591190
v -0.16682827 -0.71105123 0.04431140
v -0.17421046 -0.70218599 0.03329128
v -0.19989747 -0.67618692 -0.01316561
v -0.21587767 -0.59877014 -0.13557300
v -0.21372890 -0.59939116 -0.14627694
v -0.19197993 -0.62794220 -0.18976742
v -0.18603873 -0.65970743 -0.19220257
v -0.19505930 -0.64485806 -0.17907660
v -0.17977360 -0.67701072 -0.15232411
v -0.16423118 -0.67382115 -0.14679806
v -0.13135423 -0.64244318 -0.15058327
v -0.15276755 -0.60094386 -0.19377339
v -0.10486116 -0.75749004 -0.23277766
v -0.11112967 -0.75491476 -0.24163058
v -0.09999882 -0.76893020 -0.25048018
v -0.09353147 -0.77028489 -0.24190421
v -0.07595591 -0.77905023 -0.24569410
v -0.08491743 -0.76719385 -0.23761024
v -0.08486108 -0.78275299 -0.24973556
v -0.06736748 -0.77430987 -0.24618012
v -0.07684602 -0.76245129 -0.23766558
v -0.06069502 -0.76878500 -0.25021964
v -0.05542654 -0.76265550 -0.25479785
v -0.06446058 -0.75028843 -0.24564290
v -0.07014501 -0.75661743 -0.24073118
v -0.06058654 -0.74409801 -0.25228199
v -0.05953225 -0.73824751 -0.26039430
v -0.06760573 -0.72386301 -0.24988237
v -0.06922570 -0.73059011 -0.24144956
v -0.05694748 -0.74710095 -0.28387761
v -0.06372632 -0.74785995 -0.28797120
v -0.07429254 -0.73183852 -0.28032094
v -0.06645769 -0.73076200 -0.27593219
v -0.10199623 -0.72472405 -0.27193427
v -0.09343421 -0.71877950 -0.27318597
v -0.08273800 -0.73572075 -0.28204763
v -0.09105833 -0.74095553 -0.28144690
v -0.08119270 -0.75527644 -0.29152310
v -0.08654355 -0.76148915 -0.28656346
v -0.09652048 -0.74733162 -0.27715299
v -0.12898119 -0.73160893 -0.21563110
v -0.11688200 -0.74405026 -0.22437683
v -0.10744296 -0.74268031 -0.21880156
v -0.08954933 -0.73141241 -0.21867880
v -0.09784846 -0.73793352 -0.21728295
v -0.08681031 -0.75004297 -0.22745708
v -0.07941127 -0.74401319 -0.22973222
v -0.08324993 -0.69402599 -0.22723979
v -0.07785916 -0.71672440 -0.23021910
v -0.07561988 -0.70924056 -0.23899373
v -0.07366341 -0.73744309 -0.23471065
v -0.08278590 -0.72514492 -0.22350489
v -0.06981772 -0.71786880 -0.25889808
v -0.06136236 -0.73331487 -0.26877570
v -0.11296399 -0.74849296 -0.25115943
v -0.11181128 -0.74071944 -0.25995100
v -0.09932061 -0.75506890 -0.26951602
v -0.10126191 -0.76273704 -0.26056820
v -0.07816952 -0.70278651 -0.24820125
v -0.12484851 -0.72589916 -0.25125137
v -0.12572367 -0.73415631 -0.24243003
v -0.10863009 -0.73260736 -0.26721701
v -0.12060389 -0.71675229 -0.25825223
v -0.09217295 -0.77616632 -0.26943749
v -0.09074210 -0.78250575 -0.25913474
v -0.12369782 -0.74116993 -0.23271112
v -0.07572395 -0.71473968 -0.26658016
v -0.08430254 -0.71511304 -0.27158022
v -0.09392443 -0.69875693 -0.26206177
v -0.08456337 -0.69894558 -0.25669479
v -0.12374635 -0.69113433 -0.25365931
v -0.10386285 -0.70176899 -0.26374832
v -0.11301817 -0.70793915 -0.26268584
v -0.07232974 -0.75072885 -0.29068401
v -0.13241772 -0.70001668 -0.24978428
v -0.03530268 -0.84064943 -0.27052066
v -0.03626382 -0.84893000 -0.27389944
v -0.03533693 -0.84102523 -0.27871919
v -0.03664523 -0.83157718 -0.27439576
v -0.02840231 -0.82694721 -0.24247091
v -0.02719808 -0.84216636 -0.24156770
v -0.02362977 -0.84289777 -0.25253016
v -0.02519359 -0.82889664 -0.25461489
v -0.03476098 -0.84885085 -0.26664722
v -0.03830954 -0.85571051 -0.27040002
v -0.04100144 -0.86385620 -0.27372867
v -0.04173201 -0.85762823 -0.26749101
v -0.04832140 -0.86516863 -0.27363262
v -0.05833744 -0.85991502 -0.27627426
v -0.05599074 -0.86995697 -0.28461328
v -0.04940708 -0.87274712 -0.27880168
v -0.05968335 -0.84485304 -0.29965761
v -0.05576628 -0.83801490 -0.30816409
v -0.05096798 -0.85110271 -0.31354403
v -0.05412603 -0.85774326 -0.30395505
v -0.04041227 -0.83521581 -0.32401401
v -0.04521902 -0.84427941 -0.31866342
v -0.05132811 -0.83127356 -0.31332472
v -0.04648112 -0.82377762 -0.31781501
v -0.03630064 -0.82388055 -0.27996930
v -0.03384939 -0.83389229 -0.28414983
v -0.03138527 -0.82992327 -0.28852510
v -0.03344727 -0.81942117 -0.28477925
v -0.04882009 -0.85860616 -0.26673496
v -0.03892770 -0.86251318 -0.26138848
v -0.04304486 -0.86304212 -0.25966811
v -0.05308626 -0.85539567 -0.26280266
v -0.03524220 -0.78409231 -0.27386716
v -0.02949107 -0.79305840 -0.27846599
v -0.02550031 -0.79073751 -0.28410918
v -0.03138484 -0.77983671 -0.27999535
v -0.04118113 -0.79281843 -0.25542057
v -0.05445474 -0.79380012 -0.24927950
v -0.05095750 -0.80290830 -0.24453880
v -0.03593707 -0.80189991 -0.24906217
v -0.04530563 -0.81458026 -0.24000037
v -0.03992240 -0.82813722 -0.23695017
v -0.03104202 -0.81361049 -0.24487258
v -0.03653021 -0.84407270 -0.23687698
v -0.02462664 -0.78115481 -0.29397315
v -0.03161031 -0.77399194 -0.28998062
v -0.02303132 -0.90505522 -0.30137464
v -0.02690580 -0.90762585 -0.29721984
v -0.02516514 -0.91060352 -0.29885831
v -0.02147314 -0.90811002 -0.30286032
v -0.05180065 -0.77517712 -0.30601674
v -0.04327168 -0.77259380 -0.30271032
v -0.03951555 -0.77806801 -0.30757451
v -0.04862493 -0.78170305 -0.30963749
v -0.03565265 -0.78483772 -0.31360486
v -0.04565484 -0.78981435 -0.31424388
v -0.03653654 -0.91242117 -0.29950297
v -0.03906783 -0.91289830 -0.30407777
v -0.03594172 -0.91773111 -0.30479121
v -0.03335389 -0.91642302 -0.30038434
v -0.03315313 -0.85103989 -0.28169653
v -0.03522043 -0.85855341 -0.27642629
v -0.03476487 -0.86841315 -0.27839968
v -0.03481998 -0.87774646 -0.28150350
v -0.02983220 -0.87632453 -0.28608391
v -0.03055039 -0.86286968 -0.28489983
v -0.03003037 -0.84384072 -0.29070505
v -0.02655223 -0.85447836 -0.29463056
v -0.02476014 -0.84718001 -0.29920083
v -0.02759211 -0.83703673 -0.29540741
v -0.01419754 -0.83341825 -0.31066751
v -0.01578511 -0.82587397 -0.30648020
v -0.02028123 -0.82859594 -0.30286583
v -0.01837696 -0.83801877 -0.30703333
v -0.01544823 -0.86467314 -0.31954527
v -0.01529010 -0.85602164 -0.31478882
v -0.01716411 -0.86008561 -0.31101239
v -0.01603402 -0.86930752 -0.31506237
v -0.05679221 -0.76884151 -0.30248144
v -0.04822296 -0.76672518 -0.29867709
v -0.01395604 -0.82080972 -0.33381110
v -0.02280828 -0.82722723 -0.33568102
v -0.02847709 -0.81953406 -0.33044010
v -0.02084334 -0.81252408 -0.32937565
v -0.05714668 -0.78764653 -0.30859113
v -0.06077074 -0.78058267 -0.30588439
v -0.03929681 -0.91203904 -0.31003657
v -0.03570235 -0.91670382 -0.31067830
v -0.05413697 -0.82823485 -0.24100219
v -0.04740875 -0.84539139 -0.23872755
v -0.05953561 -0.81465459 -0.24607518
v -0.06674948 -0.79747379 -0.25195295
v -0.06296828 -0.80517024 -0.25043404
v -0.02717794 -0.86564583 -0.29090247
v -0.03249931 -0.84257591 -0.28585118
v -0.02904360 -0.82645541 -0.29156485
v -0.01541130 -0.81031919 -0.30047217
v -0.01330641 -0.81579328 -0.30508763
v -0.01030760 -0.81053030 -0.30984843
v -0.01234856 -0.80295837 -0.30694425
v -0.00533675 -0.82096052 -0.32219118
v -0.00754003 -0.81860369 -0.32854572
v -0.01211920 -0.81072009 -0.32485390
v -0.00793202 -0.81394583 -0.31885144
v -0.04699269 -0.86501002 -0.25532082
v -0.05541748 -0.85358196 -0.25583446
v -0.03588407 -0.77194744 -0.29715845
v -0.03086498 -0.77770770 -0.30216014
v -0.04211327 -0.76637244 -0.29320610
v -0.03235732 -0.79870445 -0.26847085
v -0.03351149 -0.80871326 -0.27823889
v -0.03118888 -0.80565923 -0.28188902
v -0.03184430 -0.79498011 -0.27419311
v -0.03255975 -0.82314658 -0.26848003
v -0.02733134 -0.81579161 -0.25775248
v -0.03017304 -0.83412969 -0.26563761
v -0.03812331 -0.78743410 -0.26658401
v -0.04464945 -0.78118300 -0.26370859
v -0.04158024 -0.77680624 -0.27130446
v -0.03868498 -0.77199328 -0.27891582
v -0.03903526 -0.76803249 -0.28710741
v -0.04922657 -0.77350289 -0.26074058
v -0.04637638 -0.76918113 -0.26798066
v -0.04480302 -0.76447427 -0.27619478
v -0.04531829 -0.76107085 -0.28359890
v -0.06634280 -0.77345717 -0.30272672
v -0.07315911 -0.76581055 -0.29870781
v -0.06328683 -0.76130623 -0.29745385
v -0.04933737 -0.78667545 -0.25667220
v -0.05375680 -0.77926356 -0.25537658
v -0.06124796 -0.78518617 -0.24983682
v -0.07092313 -0.78995651 -0.25089344
v -0.02615828 -0.86109471 -0.25561079
v -0.02711363 -0.85377663 -0.25820309
v -0.02447026 -0.85296977 -0.24954957
v -0.02495870 -0.86156464 -0.24764353
v -0.04126345 -0.88020295 -0.28084320
v -0.04207887 -0.87150812 -0.27679828
v -0.04798737 -0.88117433 -0.28379533
v -0.02059959 -0.79694068 -0.29123873
v -0.01929021 -0.78887427 -0.29942745
v -0.02741748 -0.87601984 -0.29185426
v -0.04270239 -0.89722311 -0.29264367
v -0.04683748 -0.89704370 -0.29798186
v -0.04170889 -0.90712762 -0.30256814
v -0.03834879 -0.90720236 -0.29761553
v -0.02714443 -0.88895661 -0.29882607
v -0.02920949 -0.88854802 -0.30520034
v -0.02866210 -0.88234931 -0.30120039
v -0.02825756 -0.88245428 -0.29493421
v -0.01129767 -0.85849553 -0.32149181
v -0.01131649 -0.85067785 -0.31768233
v -0.05423318 -0.87518024 -0.29820806
v -0.05899926 -0.86401510 -0.29432005
v -0.04564419 -0.87061393 -0.30682129
v -0.01656702 -0.84719670 -0.31092781
v -0.02177674 -0.84201306 -0.30344659
v -0.01920123 -0.85099447 -0.30732974
v -0.02432221 -0.87022501 -0.29991665
v -0.02449310 -0.86219591 -0.29755497
v -0.02571189 -0.86772275 -0.29466569
v -0.02639078 -0.87474990 -0.29649225
v -0.02647298 -0.80278891 -0.32454348
v -0.01520036 -0.80087143 -0.31898740
v -0.03184593 -0.91057992 -0.29684770
v -0.02939501 -0.91376209 -0.29822889
v -0.05466603 -0.75964499 -0.29348826
v -0.04861957 -0.75963104 -0.28917757
v -0.02442174 -0.83232516 -0.29910034
v -0.06236237 -0.85175109 -0.28886530
v -0.02599952 -0.82279170 -0.29452366
v -0.01244193 -0.85314274 -0.33157319
v -0.01796435 -0.85415673 -0.33572870
v -0.02197042 -0.84673512 -0.33280987
v -0.01418394 -0.84493643 -0.33044207
v -0.02275112 -0.90355849 -0.30704227
v -0.02567449 -0.90386248 -0.31261119
v -0.02735944 -0.89810956 -0.31030914
v -0.02440040 -0.89878297 -0.30474687
v -0.03192452 -0.89309001 -0.28995612
v -0.02810580 -0.89084440 -0.29351705
v -0.02993421 -0.88324988 -0.28957370
v -0.03397344 -0.88491237 -0.28549129
v -0.03969267 -0.88738143 -0.28545770
v -0.03751007 -0.89548731 -0.29009357
v -0.04323825 -0.89137256 -0.30974922
v -0.03569947 -0.88976890 -0.30993289
v -0.03265519 -0.89935565 -0.31479862
v -0.03876962 -0.90252054 -0.31376362
v -0.05292150 -0.81223857 -0.31232136
v -0.04742915 -0.80543637 -0.31650126
v -0.04094374 -0.81639218 -0.32212234
v -0.03400787 -0.82731271 -0.32772413
v -0.02586666 -0.83719265 -0.33152032
v -0.03454080 -0.84564286 -0.32952744
v -0.03516733 -0.80985081 -0.32440531
v -0.03926491 -0.87619674 -0.31282783
v -0.03516813 -0.87859130 -0.30886653
v -0.04301945 -0.88160992 -0.30606720
v -0.02096945 -0.81836587 -0.29863104
v -0.03340621 -0.90589911 -0.29503018
v -0.07650182 -0.80471009 -0.27258629
v -0.07670742 -0.80052906 -0.28526497
v -0.07295668 -0.80861449 -0.28921127
v -0.07278484 -0.81298786 -0.27314311
v -0.02467920 -0.90092576 -0.29926234
v -0.02778842 -0.90350068 -0.29523534
v -0.00715341 -0.85387027 -0.32825497
v -0.00637911 -0.84673738 -0.32542849
v -0.00800993 -0.84705782 -0.32126236
v -0.00825025 -0.85501075 -0.32452983
v -0.04157239 -0.79948997 -0.31917822
v -0.01590580 -0.83242816 -0.33789206
v -0.00587296 -0.82797813 -0.33446524
v -0.06376250 -0.79439855 -0.30375168
v -0.05300365 -0.79557371 -0.31198746
v -0.05878339 -0.80221868 -0.30760127
v -0.03654900 -0.85783434 -0.32288823
v -0.05709862 -0.81900382 -0.30838299
v -0.06285486 -0.80835724 -0.30342007
v -0.06858252 -0.80024993 -0.29832405
v -0.07317717 -0.79364181 -0.29456747
v -0.06812693 -0.78761411 -0.30065483
v -0.03608584 -0.90901351 -0.31552440
v -0.04220180 -0.90568423 -0.30851108
v -0.07340375 -0.78009081 -0.29715613
v -0.07933028 -0.77188593 -0.29322079
v -0.07795753 -0.78662634 -0.29043609
v -0.08263430 -0.77883416 -0.28551352
v -0.06673218 -0.81474161 -0.29803213
v -0.06952894 -0.82055056 -0.28983009
v -0.06104439 -0.82538491 -0.30323556
v -0.06430729 -0.83236963 -0.29527479
v -0.04578963 -0.86276895 -0.31773594
v -0.02292293 -0.90878284 -0.31373936
v -0.01912224 -0.91678810 -0.31520039
v -0.02266246 -0.91944224 -0.31713873
v -0.02693665 -0.91148269 -0.31631041
v -0.03044221 -0.90579510 -0.31603485
v -0.03189921 -0.91505069 -0.31555989
v -0.06622411 -0.83942014 -0.28301457
v -0.02584514 -0.87789810 -0.30356532
v -0.06875182 -0.82679909 -0.27220172
v -0.06398425 -0.84918100 -0.27083838
v -0.06463800 -0.84186924 -0.26146287
v -0.06976835 -0.81490344 -0.25662813
v -0.06527899 -0.82750535 -0.25155640
v -0.07541561 -0.79905915 -0.25992903
v -0.07226072 -0.80616480 -0.26003510
v -0.07919244 -0.79182971 -0.25672099
v -0.05870577 -0.84266508 -0.24692313
v -0.02098417 -0.91688401 -0.30056417
v -0.01758677 -0.91441333 -0.30470651
v -0.08475851 -0.79115915 -0.26571137
v -0.08030435 -0.79778588 -0.27023637
v -0.02812545 -0.84500748 -0.26226956
v -0.02769186 -0.81346089 -0.28999740
v -0.02318679 -0.81002522 -0.29261857
v -0.01765931 -0.80433953 -0.29614544
v -0.01512645 -0.79620099 -0.30404770
v -0.08637542 -0.78588337 -0.27644974
v -0.05240825 -0.75780016 -0.26164046
v -0.05165045 -0.75288349 -0.26985720
v -0.08908099 -0.76853538 -0.27871227
v -0.02529711 -0.92008239 -0.29969990
v -0.01914640 -0.87120336 -0.32098106
v -0.02043901 -0.86840141 -0.32388809
v -0.02765410 -0.85357344 -0.24109241
v -0.02858000 -0.86277962 -0.24167198
v -0.03575852 -0.85566247 -0.23755193
v -0.04469437 -0.85769057 -0.23924796
v -0.04196438 -0.86710763 -0.24204901
v -0.03459287 -0.86527443 -0.24016598
v -0.02828632 -0.80379552 -0.28444052
v -0.02471468 -0.80153060 -0.28756058
v -0.02062793 -0.79170251 -0.31423548
v -0.03161061 -0.79321462 -0.31953573
v -0.04585305 -0.88868010 -0.28825837
v -0.05258598 -0.87991524 -0.28979009
v -0.04964700 -0.88814884 -0.29391873
v -0.04772184 -0.89412731 -0.30442685
v -0.03504428 -0.88347507 -0.30637360
v -0.03126694 -0.88060975 -0.30653909
v -0.03034106 -0.80584514 -0.26279920
v -0.03410536 -0.81453323 -0.27314055
v -0.03377312 -0.85478234 -0.26342788
v -0.03217975 -0.86077040 -0.26133645
v -0.02214369 -0.85591441 -0.30211309
v -0.03326308 -0.86905909 -0.32498628
v -0.04152316 -0.87137920 -0.32121795
v -0.02079181 -0.86446589 -0.30534023
v -0.03098869 -0.92496026 -0.30630791
v -0.02864006 -0.92321384 -0.30167717
v -0.05069536 -0.88479549 -0.30090487
v -0.01263191 -0.84204698 -0.31434712
v -0.02852082 -0.86236465 -0.32756862
v -0.02565075 -0.87013197 -0.32424137
v -0.00351417 -0.82451320 -0.32916453
v -0.08135082 -0.79297322 -0.28147462
v -0.01657736 -0.91403627 -0.31019247
v -0.02032235 -0.90719616 -0.30863097
v -0.02669439 -0.92163372 -0.31618220
v -0.03031498 -0.92348778 -0.31196502
v -0.02566254 -0.78427982 -0.30840456
v -0.03074917 -0.81636900 -0.28769177
v -0.05293813 -0.74895358 -0.27760369
v -0.04740000 -0.86696029 -0.24807861
v -0.05202331 -0.85621715 -0.24612632
v -0.01993136 -0.87255907 -0.30825099
v -0.01682804 -0.83929473 -0.33422092
v -0.02484153 -0.85896862 -0.33696973
v -0.02699895 -0.86550933 -0.33278787
v -0.02887805 -0.85269076 -0.33327401
v -0.02391666 -0.86924642 -0.32883388
v -0.02242777 -0.92693841 -0.31790954
v -0.02612910 -0.92947280 -0.31378716
v -0.02690586 -0.93120158 -0.30869877
v -0.02510625 -0.92864954 -0.30360919
v -0.02239421 -0.92478114 -0.30121526
v -0.01846471 -0.92418551 -0.31781685
v -0.01550192 -0.92128009 -0.31526455
v -0.01398960 -0.91831779 -0.31034112
v -0.01435959 -0.92800951 -0.31788188
v -0.01705509 -0.93217444 -0.31848031
v -0.01827899 -0.93909132 -0.31243634
v -0.01526368 -0.94199175 -0.31202641
v -0.01637426 -0.94119847 -0.30846116
v -0.02131903 -0.93733656 -0.31010002
v -0.01155284 -0.94409007 -0.30869630
v -0.01142097 -0.94510472 -0.31239870
v -0.01829469 -0.93719244 -0.31551063
v -0.01435694 -0.94060874 -0.31610417
v -0.00829488 -0.94110876 -0.31859970
v -0.01033631 -0.94402021 -0.31659478
v -0.01217878 -0.93757641 -0.31798923
v -0.01579723 -0.93548930 -0.31746620
v -0.02165103 -0.93453830 -0.31528929
v -0.00684837 -0.94677651 -0.31658176
v -0.00393325 -0.94596368 -0.31449780
v -0.00732896 -0.94618016 -0.31043896
v -0.00861317 -0.94707680 -0.31301376
v -0.02122414 -0.93398035 -0.30509639
v -0.01548836 -0.93838537 -0.30557013
v -0.01007205 -0.94141352 -0.30640370
v -0.00571862 -0.94349813 -0.30856705
v -0.00800011 -0.93868983 -0.30562714
v -0.01296279 -0.93544275 -0.30395347
v -0.00444147 -0.94035649 -0.30788279
v -0.00569323 -0.93637860 -0.30625552
v -0.00978372 -0.93253249 -0.30420452
v -0.01600116 -0.92614639 -0.30241543
v -0.01918107 -0.92993188 -0.30270347
v -0.00390768 -0.93824971 -0.30797935
v -0.00241706 -0.94329000 -0.31261837
v -0.01105469 -0.93456095 -0.31887138
v -0.00643799 -0.93830442 -0.31890792
v -0.00927833 -0.93198156 -0.31796992
v -0.00480178 -0.93601620 -0.31774384
v -0.00576091 -0.94391572 -0.31894773
v -0.00343797 -0.94237608 -0.31819370
v -0.01842606 -0.92096937 -0.30151919
v -0.01544762 -0.91845095 -0.30552387
v -0.01267594 -0.92305660 -0.30564603
v -0.00671595 -0.92965084 -0.30716839
v -0.01138675 -0.92242301 -0.31038973
v -0.01202765 -0.92509723 -0.31522012
v -0.00751016 -0.92985189 -0.31574440
v -0.00625378 -0.92828321 -0.31191081
v -0.00294852 -0.93332928 -0.31249565
v -0.00357714 -0.93419391 -0.31546670
v -0.00360930 -0.93449891 -0.30885330
v -0.00156775 -0.93777102 -0.31424958
v -0.00199339 -0.94011766 -0.31647217
v -0.00191686 -0.93633544 -0.31241494
v -0.00247258 -0.93762183 -0.31010330
v -0.00211275 -0.94023037 -0.31126428
v -0.01439235 -0.89992732 -0.32274681
v -0.01872814 -0.90220213 -0.32050484
v -0.01560462 -0.90690827 -0.32115775
v -0.01120770 -0.90361273 -0.32278004
v -0.02708635 -0.90559131 -0.32568842
v -0.03008185 -0.90538567 -0.33233523
v -0.02419916 -0.91101289 -0.33240893
v -0.02192178 -0.91097307 -0.32593715
v -0.02801453 -0.90134758 -0.33950230
v -0.02209401 -0.90671760 -0.33883649
v -0.03287736 -0.88620818 -0.31539717
v -0.03701457 -0.88467872 -0.32041150
v -0.03346857 -0.89800012 -0.32857874
v -0.03020508 -0.89895904 -0.32266811
v -0.01646539 -0.87929630 -0.31808341
v -0.01790718 -0.87840754 -0.32348961
v -0.02302295 -0.90397298 -0.32177174
v -0.01881737 -0.90916246 -0.32235736
v -0.01217672 -0.89726293 -0.32660562
v -0.01192048 -0.89580679 -0.33182755
v -0.01545247 -0.89017391 -0.33006728
v -0.01435111 -0.89186949 -0.32487935
v -0.02425542 -0.88494301 -0.31010693
v -0.01917741 -0.88183314 -0.31300616
v -0.02888520 -0.88621622 -0.31203809
v -0.03050584 -0.87847251 -0.33057562
v -0.02339105 -0.87811244 -0.32876563
v -0.01920486 -0.88997960 -0.33551162
v -0.02532778 -0.89134866 -0.33820856
v -0.02572232 -0.89785588 -0.31937888
v -0.01656139 -0.89453280 -0.32032034
v -0.02106199 -0.89680213 -0.31789830
v -0.02002607 -0.89832288 -0.34071720
v -0.03192358 -0.89388108 -0.33509660
v -0.00750840 -0.89983618 -0.33118215
v -0.00144982 -0.90673625 -0.33167261
v -0.00418139 -0.90864289 -0.33558097
v -0.00961608 -0.90147889 -0.33552334
v -0.01444143 -0.89653432 -0.33642095
v -0.01433513 -0.90366399 -0.33933747
v -0.00841433 -0.91303140 -0.32124221
v -0.00454891 -0.90968263 -0.32339343
v -0.01160395 -0.91599923 -0.32219651
v -0.03733167 -0.88083160 -0.32755646
v -0.01601541 -0.91818035 -0.33147150
v -0.01404482 -0.91766858 -0.32568327
v -0.00175780 -0.90686584 -0.32656285
v -0.00842029 -0.90053219 -0.32596600
v -0.00826365 -0.91103774 -0.33830696
v -0.01383901 -0.91436690 -0.33702648
v -0.00459754 -0.91646194 -0.33717835
v -0.00881612 -0.92010444 -0.33518636
v -0.01069742 -0.92311060 -0.32804340
v -0.00878876 -0.92125171 -0.32303104
v -0.00655168 -0.91875434 -0.32102197
v -0.00063056 -0.91346169 -0.33557591
v 0.00173861 -0.91110969 -0.33244908
v 0.00197637 -0.91023123 -0.32728052
v 0.00377715 -0.91868126 -0.33518535
v 0.00100136 -0.92253882 -0.33618692
v 0.00493330 -0.93259096 -0.32891726
v 0.00933534 -0.93643641 -0.32882038
v 0.00978333 -0.93482590 -0.32570556
v 0.00392830 -0.93188882 -0.32549506
v 0.00109303 -0.93007547 -0.32965022
v -0.00237072 -0.92852688 -0.32717937
v 0.00127482 -0.92857170 -0.33264467
v 0.00541401 -0.93233526 -0.33329850
v 0.01214170 -0.93334627 -0.33594838
v 0.01034445 -0.93647397 -0.33364525
v 0.00760943 -0.92911232 -0.33492538
v 0.00335586 -0.92649221 -0.33445168
v 0.01461881 -0.93731451 -0.32759443
v 0.01287752 -0.93890274 -0.32941803
v -0.00352365 -0.92562628 -0.33323589
v -0.00224948 -0.92481709 -0.32220256
v 0.00490314 -0.92901188 -0.32277608
v 0.01132256 -0.93217778 -0.32392478
v 0.01629037 -0.93445742 -0.32628676
v 0.01327789 -0.92942095 -0.32320470
v 0.00734007 -0.92569166 -0.32154357
v 0.01716816 -0.93150336 -0.32580799
v 0.01535141 -0.92681801 -0.32417935
v 0.01017499 -0.92227471 -0.32225475
v 0.00184965 -0.91748857 -0.32092035
v -0.00059897 -0.92101359 -0.32045358
v 0.01741242 -0.92921752 -0.32594788
v 0.01748985 -0.93832463 -0.33175135
v 0.01885271 -0.93511206 -0.33027440
v 0.01460260 -0.94016230 -0.33349994
v 0.00842571 -0.92660463 -0.33531886
v 0.01365405 -0.93096626 -0.33565155
v 0.01004332 -0.92409301 -0.33553696
v 0.01538706 -0.92888474 -0.33571741
v 0.01536000 -0.93678755 -0.33620572
v 0.01727802 -0.93531036 -0.33553526
v -0.00363684 -0.91556966 -0.32057777
v -0.00064290 -0.91227436 -0.32321328
v 0.00449109 -0.91433841 -0.32410350
v 0.01242572 -0.91950077 -0.32581416
v 0.00564545 -0.91277707 -0.32820129
v 0.00543928 -0.91568506 -0.33302388
v 0.01134670 -0.92132068 -0.33386451
v 0.01248676 -0.91919702 -0.33045018
v 0.01692414 -0.92445135 -0.33105442
v 0.01629025 -0.92651379 -0.33381680
v 0.01680303 -0.92477185 -0.32720366
v 0.01903498 -0.93014705 -0.33236471
v 0.01867563 -0.93298554 -0.33414620
v 0.01875752 -0.92780328 -0.33071667
v 0.01861775 -0.92857575 -0.32810891
v 0.01918000 -0.93182170 -0.32895511
v -0.00138363 -0.88204539 -0.33034188
v -0.00547850 -0.88574475 -0.33055177
v -0.00124770 -0.88903821 -0.33124056
v 0.00271720 -0.88482320 -0.33030063
v -0.01095617 -0.88915908 -0.33802304
v -0.01245686 -0.88746428 -0.34234062
v -0.00510693 -0.89125299 -0.34229320
v -0.00489753 -0.89274639 -0.33852226
v -0.00966609 -0.88303900 -0.34650812
v -0.00258994 -0.88797462 -0.34552112
v -0.02070142 -0.87400883 -0.33102995
v -0.02335945 -0.87191010 -0.33605140
v -0.01792619 -0.88186675 -0.34038243
v -0.01601350 -0.88403410 -0.33538932
v -0.00852478 -0.88816321 -0.33365780
v -0.00337613 -0.89178365 -0.33466595
v 0.00178337 -0.87890542 -0.33256310
v 0.00260708 -0.87696171 -0.33582920
v -0.00112456 -0.87203074 -0.33528721
v -0.00156438 -0.87353921 -0.33181560
v -0.00967677 -0.86590123 -0.32495654
v -0.01349559 -0.86977547 -0.32433784
v -0.01714465 -0.87273115 -0.32686186
v -0.01407489 -0.86256099 -0.34034336
v -0.00886925 -0.86138326 -0.33577424
v -0.00322750 -0.87170339 -0.34071738
v -0.00876975 -0.87321520 -0.34545645
v -0.01245612 -0.88281214 -0.33126613
v -0.00429299 -0.87694764 -0.32859588
v -0.00874257 -0.88042629 -0.32849860
v -0.00337446 -0.87892532 -0.34564358
v -0.01522511 -0.87701231 -0.34467006
v 0.00701296 -0.87927288 -0.33618799
v 0.01490220 -0.88718337 -0.33694685
v 0.01332352 -0.88817376 -0.34113047
v 0.00581861 -0.88005364 -0.34127495
v 0.00115234 -0.87641120 -0.34105271
v 0.00199854 -0.88313454 -0.34527931
v 0.00659031 -0.89485610 -0.33122426
v 0.01027846 -0.89098775 -0.33075866
v 0.00425538 -0.89713782 -0.33425874
v -0.02079001 -0.86697400 -0.34044564
v -0.00544675 -0.86129105 -0.33069903
v 0.00336620 -0.89729851 -0.34167144
v 0.00309110 -0.89817381 -0.33787405
v 0.01358649 -0.88779759 -0.33299768
v 0.00581363 -0.88107812 -0.33245221
v 0.00991470 -0.89065385 -0.34436014
v 0.00544086 -0.89439148 -0.34495553
v 0.01427585 -0.89490497 -0.34297776
v 0.00972477 -0.89804071 -0.34369859
v 0.00697601 -0.90061563 -0.34102085
v 0.00641218 -0.90119886 -0.33720598
v 0.00757089 -0.90013057 -0.33393520
v 0.01751989 -0.89339566 -0.33954597
v 0.01846087 -0.89256585 -0.33597246
v 0.01685354 -0.89252549 -0.33258572
v 0.02087617 -0.89739358 -0.33890274
v 0.01804252 -0.90037966 -0.34177995
v 0.01553847 -0.91146839 -0.34174097
v 0.01766436 -0.91623402 -0.34234703
v 0.01646708 -0.91654372 -0.34024921
v 0.01378219 -0.91176033 -0.34026536
v 0.01387973 -0.90769643 -0.34224582
v 0.01135638 -0.90579772 -0.34146371
v 0.01572076 -0.90572923 -0.34308621
v 0.01844130 -0.90985811 -0.34415603
v 0.02397248 -0.91167080 -0.34362286
v 0.02073389 -0.91468996 -0.34471840
v 0.02139730 -0.90680510 -0.34265783
v 0.01862863 -0.90371943 -0.34294885
v 0.01944897 -0.91981840 -0.34087038
v 0.01959328 -0.91902035 -0.34276444
v 0.01344012 -0.90238231 -0.34264496
v 0.00977083 -0.90507782 -0.33756644
v 0.01300459 -0.91093725 -0.33723885
v 0.01630732 -0.91606581 -0.33715862
v 0.01993892 -0.91880405 -0.33762744
v 0.01725373 -0.91422379 -0.33428758
v 0.01376218 -0.90929496 -0.33392438
v 0.02056564 -0.91663307 -0.33492652
v 0.01907729 -0.91223013 -0.33250144
v 0.01583117 -0.90717030 -0.33147988
v 0.01218037 -0.90083897 -0.33134916
v 0.01021548 -0.90332365 -0.33398947
v 0.02110014 -0.91462004 -0.33368054
v 0.02372743 -0.91933644 -0.34211588
v 0.02461217 -0.91821378 -0.33874661
v 0.02246366 -0.91841519 -0.34461033
v 0.02301491 -0.90476227 -0.34142962
v 0.02571017 -0.91012841 -0.34179994
v 0.02415479 -0.90332836 -0.33885533
v 0.02663423 -0.90919477 -0.33936018
v 0.02500270 -0.91541338 -0.34416762
v 0.02637794 -0.91515046 -0.34259865
v 0.01009396 -0.89805979 -0.33156633
v 0.01345009 -0.89479351 -0.33092216
v 0.01521374 -0.89806259 -0.33036828
v 0.01951408 -0.90496719 -0.33078262
v 0.01873006 -0.89616060 -0.33173785
v 0.02106176 -0.89674807 -0.33527470
v 0.02410062 -0.90269750 -0.33584133
v 0.02269432 -0.90291578 -0.33256340
v 0.02528077 -0.90858722 -0.33399072
v 0.02667201 -0.90856922 -0.33675674
v 0.02229492 -0.91035455 -0.33215997
v 0.02679088 -0.91308826 -0.33678448
v 0.02715603 -0.91426057 -0.33961454
v 0.02573865 -0.91198242 -0.33474305
v 0.02365952 -0.91377592 -0.33395588
v 0.02434208 -0.91612226 -0.33582953
v -0.00693867 -0.86280048 -0.32760370
v 0.00782070 -0.85295343 -0.33245367
v 0.00630802 -0.85650110 -0.33432037
v 0.00948229 -0.85841846 -0.33423230
v 0.01085752 -0.85457206 -0.33226743
v 0.00361010 -0.85923165 -0.34295404
v 0.00464278 -0.85673785 -0.34718090
v 0.00928873 -0.85823500 -0.34660786
v 0.00833708 -0.86107534 -0.34269571
v 0.00728646 -0.85186571 -0.34761298
v 0.01104519 -0.85377473 -0.34607244
v -0.00939530 -0.84817696 -0.33488989
v -0.01070410 -0.84502053 -0.33865327
v -0.00148654 -0.85344428 -0.34528142
v -0.00189181 -0.85571057 -0.34111503
v 0.00337144 -0.84037334 -0.32790130
v 0.00414168 -0.83794188 -0.33080643
v 0.00035406 -0.83121198 -0.32867610
v -0.00104336 -0.83165354 -0.32506198
v 0.00410005 -0.85878062 -0.33811969
v 0.00857946 -0.86065280 -0.33810019
v 0.00962773 -0.84922957 -0.33200067
v 0.01079822 -0.84631574 -0.33355063
v 0.00834185 -0.84364629 -0.33445731
v 0.00705959 -0.84660923 -0.33218890
v -0.00152911 -0.84541285 -0.32692349
v 0.00186605 -0.84411621 -0.32695770
v -0.00200033 -0.83569461 -0.32267493
v -0.00416151 -0.84034818 -0.32312977
v -0.00469737 -0.84782279 -0.32997599
v -0.00092718 -0.83655518 -0.33874747
v 0.00190596 -0.83569115 -0.33435959
v 0.00778896 -0.84261698 -0.33846468
v 0.00479063 -0.84408182 -0.34318498
v 0.00010902 -0.85577559 -0.33683699
v 0.00473195 -0.85000068 -0.33189008
v 0.00248761 -0.85367280 -0.33353975
v 0.00932655 -0.84792829 -0.34255564
v 0.00156580 -0.84900969 -0.34645802
v 0.01404426 -0.84678841 -0.33365524
v 0.02077061 -0.84987313 -0.33482695
v 0.02045658 -0.84943032 -0.33835667
v 0.01414144 -0.84566790 -0.33836395
v 0.01119190 -0.84509808 -0.33801451
v 0.01309106 -0.84789670 -0.34361857
v 0.01551595 -0.86070085 -0.33392060
v 0.01694101 -0.85673338 -0.33227026
v 0.01440153 -0.86274201 -0.33744293
v -0.00842635 -0.83954728 -0.34148774
v 0.01470193 -0.86126685 -0.34493577
v 0.01414716 -0.86340052 -0.34133855
v 0.01911116 -0.85251725 -0.33268595
v 0.01276800 -0.85054082 -0.33199507
v 0.01881266 -0.85182959 -0.34256318
v 0.01645520 -0.85656071 -0.34588355
v 0.02350995 -0.85499084 -0.34231958
v 0.02059427 -0.85952348 -0.34515780
v 0.01829895 -0.86323631 -0.34376824
v 0.01783332 -0.86489201 -0.34069932
v 0.01837373 -0.86394805 -0.33714432
v 0.02582410 -0.85279459 -0.33902761
v 0.02596420 -0.85295910 -0.33619612
v 0.02391028 -0.85505360 -0.33416551
v 0.02903946 -0.85647500 -0.34078783
v 0.02703744 -0.85922337 -0.34408933
v 0.02616990 -0.86891627 -0.34607178
v 0.02850001 -0.87153423 -0.34752244
v 0.02843909 -0.87253678 -0.34566337
v 0.02531551 -0.86995190 -0.34432715
v 0.02388021 -0.86649513 -0.34546572
v 0.02178432 -0.86618251 -0.34382838
v 0.02465361 -0.86423415 -0.34566671
v 0.02729243 -0.86632752 -0.34780842
v 0.03334887 -0.86621690 -0.34908313
v 0.02976929 -0.86866862 -0.35027471
v 0.03025150 -0.86351621 -0.34697092
v 0.02724916 -0.86207682 -0.34571943
v 0.03141235 -0.87414259 -0.34777096
v 0.03027552 -0.87321627 -0.34925795
v 0.02265547 -0.86246562 -0.34478801
v 0.02112272 -0.86685944 -0.34057784
v 0.02544902 -0.87025762 -0.34206870
v 0.02946086 -0.87307632 -0.34384140
v 0.03306092 -0.87409770 -0.34565091
v 0.03053440 -0.87188089 -0.34173056
v 0.02620526 -0.86885971 -0.33963221
v 0.03377993 -0.87268305 -0.34353834
v 0.03159538 -0.86986995 -0.34014690
v 0.02753597 -0.86662686 -0.33756185
v 0.02311744 -0.86291546 -0.33527339
v 0.02163926 -0.86547518 -0.33771491
v 0.03384849 -0.87127119 -0.34207395
v 0.03471810 -0.87237900 -0.34980983
v 0.03600045 -0.87229216 -0.34701312
v 0.03246216 -0.87128907 -0.35170743
v 0.03214765 -0.86170727 -0.34560531
v 0.03569733 -0.86503267 -0.34794480
v 0.03336598 -0.86025196 -0.34298921
v 0.03710838 -0.86456656 -0.34567428
v 0.03470655 -0.86862403 -0.35083622
v 0.03664930 -0.86884248 -0.34944797
v 0.01981440 -0.86153889 -0.33439603
v 0.02128431 -0.85843647 -0.33353639
v 0.02523509 -0.85991257 -0.33415905
v 0.02982737 -0.86383259 -0.33652753
v 0.02786399 -0.85713607 -0.33547539
v 0.02921492 -0.85597783 -0.33766642
v 0.03371534 -0.86011922 -0.34049651
v 0.03243093 -0.86139393 -0.33781695
v 0.03566499 -0.86598575 -0.34065288
v 0.03697494 -0.86492014 -0.34299326
v 0.03357705 -0.86791509 -0.33952218
v 0.03728302 -0.86902338 -0.34452933
v 0.03766523 -0.86906761 -0.34696093
v 0.03649123 -0.86880535 -0.34263557
v 0.03533636 -0.87032408 -0.34230596
v 0.03599769 -0.87149990 -0.34451687
v -0.00081661 -0.83113652 -0.33211365
v -0.03891541 -0.87225586 -0.26150346
v -0.04255766 -0.87463462 -0.25790179
v -0.02401661 -0.86899698 -0.25373095
v -0.02785390 -0.86958623 -0.25963616
v -0.02409822 -0.87021351 -0.24657992
v -0.03347741 -0.87552035 -0.24137390
v -0.02795078 -0.87282497 -0.24248134
v -0.03370709 -0.87090516 -0.26206595
v -0.04411030 -0.87684685 -0.25164926
v -0.04029940 -0.87695420 -0.24426661
v -0.04137653 -0.88647848 -0.25277442
v -0.03749768 -0.88773990 -0.24552190
v -0.03102049 -0.88548028 -0.24113816
v -0.02548383 -0.88012803 -0.24261226
v -0.02246170 -0.87593997 -0.24622680
v -0.03999308 -0.88186038 -0.25909895
v -0.03673959 -0.87831533 -0.26198259
v -0.03134541 -0.87568080 -0.26188302
v -0.03675300 -0.89056987 -0.26104790
v -0.03561613 -0.89781308 -0.25648326
v -0.02489468 -0.90301877 -0.24762879
v -0.02278149 -0.90714037 -0.24892737
v -0.01958019 -0.90453327 -0.24823125
v -0.02194867 -0.89972043 -0.24620244
v -0.02725405 -0.90014076 -0.24759066
v -0.02652040 -0.89539325 -0.24532850
v -0.02920702 -0.90547818 -0.25140953
v -0.03088307 -0.90152556 -0.25064629
v -0.03305295 -0.90212917 -0.25487775
v -0.03203344 -0.90557921 -0.25675970
v -0.02718568 -0.91005164 -0.25226116
v -0.02437592 -0.91339397 -0.25372607
v -0.02149349 -0.91085017 -0.25051311
v -0.01859194 -0.90929770 -0.25140843
v -0.03329194 -0.89711380 -0.24934006
v -0.02247402 -0.88853145 -0.24396276
v -0.01887003 -0.89555806 -0.24625961
v -0.01640335 -0.90151298 -0.24957061
v -0.01699129 -0.90596563 -0.25389069
v -0.01549572 -0.89804739 -0.25356176
v -0.01648250 -0.89141244 -0.24974553
v -0.01643565 -0.90252131 -0.25682068
v -0.01677227 -0.89614367 -0.25778997
v -0.01734301 -0.88859028 -0.25541943
v -0.02031779 -0.87882304 -0.25319254
v -0.01962215 -0.88245213 -0.24686819
v -0.01721230 -0.90002078 -0.25883064
v -0.02070394 -0.91275489 -0.25646710
v -0.01932147 -0.90871012 -0.25889301
v -0.03266352 -0.90268266 -0.26050812
v -0.02951676 -0.90740788 -0.26188698
v -0.02969110 -0.90953529 -0.25773090
v -0.03239089 -0.89827085 -0.26362234
v -0.02796477 -0.90419877 -0.26450706
v -0.02729511 -0.91277689 -0.25758380
v -0.02565894 -0.91143197 -0.26076609
v -0.02242850 -0.87384892 -0.25242025
v -0.02596714 -0.87424463 -0.25837064
v -0.02438581 -0.87857854 -0.25906271
v -0.02127060 -0.88859689 -0.26121965
v -0.02949333 -0.88089657 -0.26312295
v -0.03446764 -0.88555896 -0.26356065
v -0.03011405 -0.89430714 -0.26546916
v -0.02590811 -0.89088845 -0.26486260
v -0.02281567 -0.89732313 -0.26443982
v -0.02558351 -0.90036702 -0.26546115
v -0.01962328 -0.89618981 -0.26157895
v -0.02209991 -0.90371084 -0.26359469
v -0.02366784 -0.90793735 -0.26297191
v -0.02117455 -0.90096974 -0.26332363
v -0.01892787 -0.90073210 -0.26119018
v -0.01887897 -0.90434766 -0.26039237
v -0.00327726 -0.82639742 -0.32416838
v -0.00466596 -0.83096755 -0.32043937
v -0.00696123 -0.82503760 -0.31810191
v -0.00825863 -0.81795639 -0.31410569
v -0.00994870 -0.80790186 -0.31528065
v -0.01157743 -0.82231826 -0.31004924
v -0.01003064 -0.82948649 -0.31452444
v -0.00753573 -0.83794284 -0.31836566
v -0.01663063 -0.82011759 -0.30317372
v -0.00313418 -0.83404529 -0.01346679
v -0.00409479 -0.81723404 -0.02150999
v -0.13702780 -0.72050315 -0.05682102
v -0.14741603 -0.73142326 -0.06299053
v -0.19669963 -0.73192126 -0.04833730
v -0.20918086 -0.72306758 -0.03352147
v -0.05253212 -0.52010942 -0.06828127
v -0.08533861 -0.57154781 0.11073489
v -0.08754091 -0.59378517 0.11884685
v -0.01320352 -0.58861530 0.13439491
v -0.03296800 -0.58482045 0.13434838
v -0.12256859 -0.55583125 0.01477368
v -0.12351291 -0.57744664 0.01852338
v -0.08582707 -0.54566944 -0.03661618
v -0.08743181 -0.56879890 -0.03364225
v -0.11523085 -0.53126651 -0.00907908
v -0.05584278 -0.53193188 0.11878084
v -0.07371491 -0.53065574 0.11316494
v -0.06980073 -0.55315793 0.11558130
v -0.05276052 -0.55562830 0.12337141
v 0.00615642 -0.59206724 0.12926681
v 0.00470872 -0.56463414 0.12373518
v -0.12951314 -0.60165572 0.04465437
v -0.12771165 -0.60300314 0.06869441
v -0.10790810 -0.60865659 0.11032829
v -0.09264519 -0.61452639 0.12605926
v -0.07449345 -0.62235761 0.13631079
v -0.05428656 -0.63065010 0.14268254
v -0.07428166 -0.59087789 -0.04464472
v -0.05868188 -0.61340165 -0.05245284
v -0.12461133 -0.60012668 0.02168721
v -0.01720548 -0.58745265 -0.07182774
v -0.03613815 -0.66348088 0.15289848
v -0.01175041 -0.66780907 0.15402550
v -0.12001795 -0.60519516 0.09057707
v -0.01972270 -0.77361876 -0.03999806
v -0.03697477 -0.77600247 -0.03747279
v -0.03649588 -0.75968409 -0.04457593
v -0.01937462 -0.75655025 -0.04622817
v -0.05276740 -0.76111042 -0.04140240
v -0.06814112 -0.76170045 -0.03698205
v -0.08207579 -0.76149046 -0.03222620
v -0.11342645 -0.75421113 -0.01738926
v -0.10460871 -0.75797427 -0.02246388
v -0.12675384 -0.74358827 -0.00382849
v -0.12051450 -0.75010496 -0.01169492
v -0.13117178 -0.73367637 0.00788432
v -0.13249573 -0.72245008 0.02178303
v -0.13727036 -0.72318327 0.03918976
v -0.13410866 -0.71165544 0.03619447
v -0.12836929 -0.71078724 0.01741356
v -0.12723938 -0.72209120 0.00420583
v -0.12329059 -0.73123223 -0.00716682
v -0.01050878 -0.68478513 -0.05597685
v -0.00716987 -0.71106583 -0.05518904
v -0.00165506 -0.84962279 -0.00554098
v -0.14639430 -0.61770308 -0.20873028
v -0.09594671 -0.75480753 -0.22795567
v 0.00164618 -0.86891919 0.14246613
v -0.02001424 -0.87271094 0.14669044
v -0.09435789 -0.88202232 0.13608435
v -0.11470034 -0.88967562 0.11493287
v -0.07141872 -0.87401384 0.14911206
v -0.04582312 -0.86689913 0.15311527
v -0.11516325 -0.62017626 0.00288145
v -0.02181590 -0.83391607 0.15790902
v -0.04823829 -0.85478520 0.15823111
v -0.07927305 -0.86149198 0.15448569
v -0.10744040 -0.86849767 0.14091881
v -0.13300887 -0.87773269 0.11804404
v -0.15000702 -0.87537628 0.10657804
v -0.17015412 -0.85160714 0.10184164
v -0.18881258 -0.84161299 0.07904717
v -0.18992680 -0.85618293 0.06423367
v -0.18179554 -0.86331058 0.07675663
v -0.17944194 -0.84761399 0.09094729
v -0.20814455 -0.75030589 -0.00606088
v -0.20815209 -0.71319717 -0.01133299
v -0.20928408 -0.73033589 -0.01309101
v -0.20228583 -0.69898951 -0.00553393
v -0.19670114 -0.69131458 -0.00110316
v -0.18962911 -0.68825597 0.00708199
v -0.18203020 -0.69510591 0.02201626
v -0.16039485 -0.72059250 0.05489488
v -0.15559486 -0.73141545 0.06969310
v -0.15139265 -0.72960687 0.11259931
v -0.14605281 -0.72589159 0.12038237
v -0.12301819 -0.70242381 0.13492164
v -0.11156368 -0.68977380 0.13805872
v -0.09956856 -0.67641246 0.14205590
v -0.09422460 -0.42700467 0.11341410
v -0.08997793 -0.44512194 0.11089354
v -0.07187344 -0.44232839 0.11632669
v -0.07562767 -0.42312735 0.12118242
v -0.02474948 -0.48103178 0.11647885
v -0.00409566 -0.47960818 0.11301313
v -0.13766268 -0.45167300 0.06480350
v -0.14394392 -0.44993350 0.04187057
v -0.10948074 -0.44885278 0.09959941
v -0.12534508 -0.45085451 0.08413916
v -0.14307073 -0.44544891 0.01853545
v -0.09330487 -0.41237673 -0.05263739
v -0.07611267 -0.40562782 -0.06452674
v -0.04187934 -0.39713621 -0.08087567
v -0.02541473 -0.39412755 -0.08514981
v -0.13591135 -0.43808073 -0.00407038
v -0.05881090 -0.40067759 -0.07458608
v -0.12518613 -0.42919526 -0.02247288
v -0.10972650 -0.42043316 -0.03853078
v -0.04600926 -0.48329958 0.11780599
v -0.04950304 -0.45962670 0.11689326
v -0.06892697 -0.46188822 0.11557930
v -0.03071613 -0.73781401 0.17010671
v -0.00932663 -0.73579055 0.16565058
v -0.05326041 -0.74159479 0.17233439
v -0.07774253 -0.76368243 0.17229545
v -0.07668380 -0.74654394 0.17051221
v -0.09914511 -0.75220215 0.16501918
v -0.10085458 -0.76769137 0.16530903
v -0.13874230 -0.77151281 0.13674542
v -0.13598838 -0.75954622 0.13863143
v -0.14869812 -0.76038313 0.12558803
v -0.15167311 -0.77188760 0.12379800
v -0.16487190 -0.75958711 0.10152980
v -0.15828091 -0.76027751 0.11323246
v -0.17025173 -0.75703114 0.08811597
v -0.17624922 -0.75038350 0.07481391
v -0.18766282 -0.77115244 0.07567582
v -0.18020681 -0.77851313 0.08873618
v -0.14328751 -0.78530538 0.13373624
v -0.12619464 -0.78496432 0.14874715
v -0.01046302 -0.76975399 0.16504565
v 0.00889536 -0.76667118 0.15852353
v -0.13757244 -0.70394629 0.04992520
v -0.14093357 -0.69815212 0.06526351
v -0.14326639 -0.69561100 0.08052217
v -0.14426276 -0.69434762 0.09397989
v -0.14160475 -0.69903964 0.10839988
v -0.13794233 -0.70420253 0.12030821
v -0.14047945 -0.71962970 0.12586379
v -0.13281603 -0.71177912 0.13055982
v -0.13739918 -0.72785419 0.13232444
v -0.12801667 -0.72079414 0.13924536
v -0.11994700 -0.74410695 0.15160112
v -0.12346324 -0.73202908 0.14642645
v -0.11908297 -0.75689763 0.15327939
v -0.12126750 -0.77043432 0.15215255
v -0.10569981 -0.78399247 0.16337514
v -0.08252528 -0.78123784 0.17210065
v -0.06917768 -0.81309199 0.16911948
v -0.06143515 -0.79589862 0.17258656
v -0.05727509 -0.77781671 0.17430505
v -0.05347867 -0.76054925 0.17432126
v -0.06695838 -0.90933186 0.11434455
v -0.04429085 -0.90529168 0.12452887
v -0.18400584 -0.70389736 0.02586289
v -0.18919975 -0.70267737 0.01868145
v -0.18826829 -0.71153343 0.02636930
v -0.18535846 -0.71032834 0.02966709
v -0.19403054 -0.70540369 0.01244885
v -0.19966535 -0.71232557 0.00768687
v -0.19758943 -0.72254390 0.01906210
v -0.19119817 -0.71471703 0.02300420
v -0.20479625 -0.72409379 0.00371346
v -0.20230341 -0.73279804 0.01648277
v -0.20746410 -0.73751736 0.00250229
v -0.20828995 -0.75133234 0.00644848
v -0.20717141 -0.75274307 0.01519318
v -0.20562083 -0.74375904 0.01507083
v -0.20209096 -0.78366178 0.05263633
v -0.20521408 -0.77330303 0.03847912
v -0.20666005 -0.76214653 0.02503121
v -0.18136322 -0.74121022 0.06092285
v -0.18618089 -0.73246384 0.04705991
v -0.18948093 -0.72272605 0.03239366
v -0.19528621 -0.73156017 0.03048111
v -0.19180638 -0.74091065 0.04633471
v -0.18728179 -0.75022221 0.06146978
v -0.02939254 -0.75693619 0.17228964
v -0.00871018 -0.75343078 0.16689159
v -0.16814698 -0.77090430 0.10127770
v -0.16124471 -0.77174425 0.11202569
v -0.17508614 -0.76834887 0.09064278
v -0.18221191 -0.76067585 0.07646782
v -0.17277373 -0.78270423 0.10011275
v -0.16477400 -0.78480512 0.11063010
v -0.15526685 -0.78545868 0.12137462
v -0.03359418 -0.77404958 0.17169940
v 0.01059811 -0.75088435 0.16122042
v -0.14494681 -0.83480132 -0.00433051
v -0.16012290 -0.85401547 0.00300797
v -0.17641968 -0.86483419 0.01990788
v -0.18716456 -0.86514634 0.04292622
v -0.15245271 -0.57859701 -0.11841513
v 0.00220019 -0.53718239 0.11779773
v -0.00073174 -0.50895607 0.11412402
v -0.02056039 -0.50839144 0.11778275
v 0.00969351 -0.66987133 0.14897123
v 0.01069398 -0.73439813 0.16099061
v -0.09079843 -0.73123640 -0.03908512
v -0.07989217 -0.73261291 -0.04425173
v -0.08035993 -0.74685049 -0.03885556
v -0.09212643 -0.74537480 -0.03377803
v -0.10835263 -0.72863692 -0.02644097
v -0.10060043 -0.73028827 -0.03311455
v -0.10245647 -0.74391413 -0.02803379
v -0.11112844 -0.74136341 -0.02198800
v -0.11480983 -0.72514272 -0.01919321
v -0.11810595 -0.73738271 -0.01522298
v -0.09935270 -0.71569097 -0.03686154
v -0.09056924 -0.71637344 -0.04348889
v -0.08050843 -0.71741855 -0.04848329
v -0.11217986 -0.71248794 -0.02283180
v -0.10638873 -0.71470481 -0.02992626
v -0.00036634 -0.91764033 -0.00281942
v -0.00009776 -0.87137890 0.00888532
v 0.00065671 -0.88133180 0.01230087
v -0.00471630 -0.73189265 -0.05157511
v -0.00336174 -0.76912671 -0.04105248
v -0.00405189 -0.78365463 -0.03412009
v -0.00451773 -0.80033451 -0.02818838
v -0.00039960 -0.86146724 0.00191193
v -0.00334677 -0.75028920 -0.04682133
v -0.14721355 -0.25568399 0.10486601
v -0.12903151 -0.23594695 0.12005664
v -0.13374665 -0.26357630 0.11838954
v -0.12024518 -0.24909717 0.12892471
v -0.14073361 -0.33724815 0.09530623
v -0.14043507 -0.30934650 0.10175449
v -0.14126295 -0.36631396 0.09257482
v -0.10037659 -0.23976892 0.13736914
v -0.07564504 -0.23540449 0.14196691
v -0.07329173 -0.25556749 0.14924797
v -0.12559155 -0.36160734 0.11295586
v -0.12632772 -0.33356377 0.11526208
v -0.13926573 -0.28427881 0.10939704
v -0.12658706 -0.28417221 0.12309799
v -0.12564689 -0.26863146 0.12506008
v -0.09676396 -0.25769165 0.14303216
v -0.11458666 -0.26237217 0.13365383
v -0.01374109 -0.39540958 0.13322391
v -0.04019189 -0.39667335 0.13476478
v -0.03629034 -0.41764951 0.12647079
v -0.09998463 -0.40725899 0.11990834
v -0.11186989 -0.43109399 0.10201910
v -0.11245097 -0.28048751 0.13570467
v -0.09418458 -0.27844933 0.14715208
v -0.07053410 -0.27822575 0.15441526
v -0.06826703 -0.35444212 0.14896850
v -0.06861883 -0.32961169 0.15391487
v -0.09101878 -0.32971618 0.14575943
v -0.08966091 -0.35579136 0.14135155
v -0.10495418 -0.38440996 0.12564366
v -0.10842557 -0.35791305 0.12953134
v -0.06600434 -0.37809822 0.14186414
v -0.08633832 -0.38118204 0.13563319
v -0.08148909 -0.40347904 0.12862827
v -0.11007492 -0.33030254 0.13248472
v -0.04299709 -0.30450261 0.15828794
v -0.06985969 -0.30475459 0.15602995
v -0.01504044 -0.30430099 0.15233965
v -0.06282636 -0.40049195 0.13338542
v -0.05773439 -0.42079580 0.12503581
v -0.05344238 -0.44040707 0.11827978
v -0.04180329 -0.50905496 0.11764380
v -0.17180577 -0.02335489 -0.04573779
v -0.01796183 -0.19060063 -0.00231550
v -0.01036876 -0.19697112 0.02267382
v -0.17388837 -0.30136222 0.00191500
v -0.16797560 -0.27843833 0.06872501
v -0.15329018 -0.28196806 0.09173272
v -0.05915446 -0.20089859 -0.04906847
v -0.04055547 -0.19118911 -0.03521347
v -0.16221851 -0.29358450 -0.02306006
v -0.12944019 -0.24308449 -0.05825283
v -0.02699119 -0.18771285 -0.02027102
v -0.12710199 -0.30732870 0.11892281
v -0.11109501 -0.30326706 0.13528015
v -0.09277811 -0.30296797 0.14770024
v -0.04281306 -0.27933773 0.15608418
v -0.01455322 -0.28150311 0.14939448
v -0.03991548 -0.25340843 -0.07780681
v -0.03475171 -0.26367170 -0.08150694
v -0.02738182 -0.25964588 -0.08247727
v -0.02888734 -0.24359941 -0.07717244
v -0.09334783 -0.39194733 -0.05102275
v -0.07538354 -0.38492435 -0.06241960
v -0.04098742 -0.37556675 -0.07739144
v -0.02552841 -0.37267646 -0.08174606
v -0.14029180 -0.41843364 -0.00491598
v -0.05743840 -0.37935224 -0.07113954
v -0.12839261 -0.40925860 -0.02326162
v -0.11132257 -0.40022510 -0.03828527
v -0.15552813 0.44725817 0.09149620
v -0.15912442 0.47717804 0.09018761
v -0.15561536 0.47435749 0.10487274
v -0.14936416 0.44395357 0.10439355
v -0.15622471 0.43735218 0.13262071
v -0.14896065 0.43972248 0.12317005
v -0.16916445 0.43570030 0.13876063
v -0.17000422 0.46671361 0.14166605
v -0.18227504 0.46706164 0.13778976
v -0.18288653 0.43613535 0.13814539
v -0.19372807 0.43699771 0.13243634
v -0.20782946 0.47037077 0.10706551
v -0.21075714 0.44068021 0.10600880
v -0.20294148 0.43813401 0.12333515
v -0.20238639 0.46865886 0.12468636
v -0.21122944 0.44690543 0.08613473
v -0.20991012 0.47529280 0.08776595
v -0.20118505 0.45140743 0.07261473
v -0.16521339 0.45082682 0.07890683
v -0.16745508 0.48021555 0.07529962
v -0.15818921 0.46751028 0.13674283
v -0.15242150 0.47047448 0.12554978
v -0.14693522 0.44212151 0.11351220
v -0.15394168 0.47221297 0.11521652
v -0.15608135 0.50521755 0.10182646
v -0.15346156 0.50730813 0.08373246
v -0.15783259 0.49868256 0.14034215
v -0.15738085 0.50100815 0.12666102
v -0.18071899 0.49811119 0.13662596
v -0.16895682 0.49730909 0.14560246
v -0.20586833 0.49907219 0.12761828
v -0.19339325 0.46779984 0.13243826
v -0.19428253 0.49826300 0.13302989
v -0.21113224 0.49961734 0.11022447
v -0.21334043 0.50325650 0.08621220
v -0.16650239 0.50786453 0.06815650
v -0.15827878 0.50242156 0.11515008
v -0.26974565 0.59440523 -0.06483602
v -0.27382788 0.59416288 -0.06233279
v -0.27604508 0.59844327 -0.06275482
v -0.26925772 0.60016596 -0.06670929
v -0.22905204 0.59325767 -0.09160729
v -0.23807593 0.59062880 -0.09039895
v -0.24047093 0.59988075 -0.08856310
v -0.22847061 0.60351104 -0.09053659
v -0.26295632 0.60366625 -0.07534063
v -0.25835237 0.60398847 -0.07745853
v -0.25817826 0.59966564 -0.08109058
v -0.26644477 0.59842992 -0.07740036
v -0.28725496 0.60181010 -0.02002198
v -0.28388444 0.60222173 -0.02324097
v -0.28399295 0.59737629 -0.02500778
v -0.28821123 0.59795821 -0.02081508
v -0.28222945 0.60299242 -0.04224955
v -0.27908531 0.60384035 -0.04490853
v -0.27933717 0.59890062 -0.04778371
v -0.28329873 0.59995466 -0.04327700
v -0.23201716 0.58923131 -0.06585775
v -0.23657556 0.58827901 -0.08017545
v -0.22319837 0.59193075 -0.08232585
v -0.21685633 0.58920336 -0.06843241
v -0.21694659 0.60234869 -0.08171944
v -0.22443469 0.60758036 -0.07684545
v -0.21815820 0.60964233 -0.06299417
v -0.21016124 0.60165882 -0.06622531
v -0.23739249 0.60646248 -0.07472383
v -0.23254842 0.60781068 -0.06168696
v -0.23963049 0.59825003 -0.06315459
v -0.24636792 0.59619099 -0.07665999
v -0.25918052 0.59654808 -0.05690414
v -0.26740101 0.59671676 -0.06759645
v -0.26115832 0.59111518 -0.07067581
v -0.25359693 0.58944273 -0.05895721
v -0.25311229 0.59254092 -0.07473035
v -0.24388370 0.59094024 -0.06420542
v -0.24143478 0.60063916 -0.06505348
v -0.24875240 0.59979200 -0.07713611
v -0.25330091 0.60534787 -0.07191826
v -0.24538520 0.60620522 -0.06023976
v -0.25429469 0.60432029 -0.05643278
v -0.26181448 0.60446078 -0.06767791
v -0.26564503 0.59342915 -0.05976242
v -0.25939128 0.59032702 -0.05114466
v -0.26857296 0.58867848 -0.04521866
v -0.27257881 0.59249872 -0.05609455
v -0.26164296 0.60527176 -0.04890866
v -0.25702277 0.60065889 -0.05314412
v -0.26246482 0.60127270 -0.06188402
v -0.26703662 0.60559231 -0.05861897
v -0.27398115 0.60484254 -0.05532883
v -0.26987785 0.60366917 -0.04427012
v -0.27391207 0.59523988 -0.04388754
v -0.27778515 0.59802508 -0.05441700
v -0.28180161 0.59318894 -0.03710949
v -0.27863553 0.58930075 -0.02685861
v -0.28242213 0.59601325 -0.02506012
v -0.28473586 0.59901339 -0.03519530
v -0.27231726 0.59015614 -0.03329040
v -0.27656591 0.59267384 -0.04091708
v -0.27272597 0.60416931 -0.03262886
v -0.27107063 0.59608096 -0.03653432
v -0.27323824 0.59751856 -0.04345884
v -0.27506250 0.60522664 -0.04074603
v -0.28147474 0.60498518 -0.03633560
v -0.27902114 0.60388666 -0.02637086
v -0.28931221 0.59746277 -0.01280541
v -0.28746340 0.59153610 -0.01464517
v -0.28547531 0.58970714 -0.00570961
v -0.28622219 0.59721315 -0.00298402
v -0.28073058 0.58915621 -0.01272492
v -0.28262606 0.59121615 -0.01918903
v -0.27921721 0.60317969 -0.01246386
v -0.27935535 0.59531045 -0.01520142
v -0.27976069 0.59648710 -0.02078902
v -0.28070408 0.60345536 -0.01890920
v -0.28656822 0.60334927 -0.01439859
v -0.28361467 0.60279518 -0.00601752
v -0.21192074 0.58739400 -0.05389504
v -0.23095503 0.59025496 -0.05052656
v -0.23015696 0.60598826 -0.08508112
v -0.20573404 0.60159552 -0.05136720
v -0.23722157 0.60509008 -0.08379395
v -0.23239644 0.60854053 -0.04765021
v -0.21391889 0.60989225 -0.04795767
v -0.23667210 0.59945798 -0.05675082
v -0.26376429 0.59341961 -0.07730716
v -0.25362357 0.59875846 -0.04828045
v -0.25114852 0.60688382 -0.03934086
v -0.25862947 0.59443551 -0.07972512
v -0.24866135 0.58869046 -0.04208992
v -0.26312622 0.58876520 -0.02718728
v -0.27066264 0.60418922 -0.06364112
v -0.27441058 0.60351485 -0.06176730
v -0.26643956 0.60583746 -0.02621770
v -0.27007768 0.59578037 -0.03460059
v -0.28211230 0.59572983 -0.04316521
v -0.27979887 0.59512091 -0.01545551
v -0.27612689 0.60486233 -0.01017937
v -0.27954698 0.59475768 -0.04495744
v -0.27488133 0.58718276 -0.01009606
v -0.28652251 0.59449857 -0.02000964
v -0.28074652 0.60461497 0.00455461
v -0.28363058 0.59696031 0.00952216
v -0.28447711 0.59365064 -0.02266497
v -0.28185350 0.58801359 0.00468304
v -0.17617252 0.45397085 0.07050247
v -0.17855179 0.48254186 0.06659757
v -0.18883030 0.45488226 0.06807442
v -0.20213595 0.47977042 0.07277033
v -0.19254443 0.48237062 0.06602896
v -0.18057823 0.51004344 0.05845620
v -0.20567903 0.50749385 0.06880496
v -0.19432595 0.50962049 0.05824029
v -0.20689926 0.52342594 0.13222587
v -0.21424165 0.52411103 0.11590079
v -0.19059980 0.52290833 0.13553126
v -0.16738389 0.52102423 0.15093026
v -0.17864653 0.52176076 0.14204800
v -0.18374933 0.53021920 0.04790892
v -0.16966270 0.53071928 0.06336947
v -0.19940490 0.52876860 0.04626421
v -0.21318516 0.52723408 0.06001258
v -0.20239899 0.58331758 -0.03852920
v -0.19597468 0.58182383 -0.01784264
v -0.21017441 0.57125676 -0.01589820
v -0.22047257 0.58059317 -0.03323165
v -0.22757377 0.57119614 -0.00614545
v -0.23715661 0.58268911 -0.02339809
v -0.24177775 0.57430798 0.00695643
v -0.25171918 0.58349365 -0.01015001
v -0.25388548 0.57743633 0.02106738
v -0.26467264 0.58397764 0.00478264
v -0.26391530 0.58278501 0.03476917
v -0.27489498 0.58636165 0.01850155
v -0.27005124 0.59260750 0.04256711
v -0.28019521 0.59550667 0.02504327
v -0.19608116 0.60100251 -0.03555052
v -0.19049948 0.59827912 -0.01410560
v -0.20640223 0.61274427 -0.02964136
v -0.20023668 0.61217707 -0.00835359
v -0.22349632 0.61262321 -0.02299561
v -0.21608466 0.61259925 -0.00141968
v -0.26756972 0.60564923 0.03959849
v -0.27609897 0.60697830 0.02037658
v -0.24033993 0.61055702 -0.01257493
v -0.23209295 0.61010349 0.00877803
v -0.25496629 0.61060494 -0.00080774
v -0.24621230 0.61009341 0.02017021
v -0.26671013 0.60995412 0.01066984
v -0.25795597 0.60959619 0.03101423
v -0.19920501 0.56167799 0.00399596
v -0.21704693 0.55639631 0.01149498
v -0.23060027 0.56001699 0.02572802
v -0.24137095 0.56646353 0.04102250
v -0.24931754 0.57695693 0.05458232
v -0.25724575 0.58763689 0.06275060
v -0.23152751 0.55075711 0.06776962
v -0.23540351 0.57191873 0.07834435
v -0.24168648 0.58530843 0.08281988
v -0.22241876 0.56817138 0.10257603
v -0.22672912 0.58272779 0.10421021
v -0.19989823 0.56602824 0.14014426
v -0.20487949 0.58186179 0.14434001
v -0.21491188 0.58048362 0.12634166
v -0.21009512 0.56595522 0.12382299
v -0.22062519 0.54761457 0.09668370
v -0.21017832 0.54554248 0.11926146
v -0.19916546 0.54420352 0.13373539
v -0.19435360 0.58238143 0.15531531
v -0.19075456 0.56580734 0.15140966
v -0.17981237 0.56445730 0.16089478
v -0.18128672 0.58182472 0.16180432
v -0.16220850 0.56549221 0.16178891
v -0.16375946 0.58320242 0.16106574
v -0.15054813 0.56831539 0.14767453
v -0.15051144 0.58534980 0.14780051
v -0.17913307 0.54220611 0.15159288
v -0.18874118 0.54365188 0.14217362
v -0.16568361 0.54192543 0.15630473
v -0.15442723 0.54452485 0.14442375
v -0.15667844 0.54617941 0.12679987
v -0.15223834 0.56922102 0.12784611
v -0.14858568 0.58638966 0.12813221
v -0.18895370 0.57856917 0.00644383
v -0.18732440 0.59215957 0.01119028
v -0.22195816 0.54274291 0.04379404
v -0.20696877 0.54139113 0.02931453
v -0.18683183 0.54965991 0.03102294
v -0.17830847 0.57312852 0.03185749
v -0.18151718 0.58761835 0.03784032
v -0.17389163 0.58525342 0.06167964
v -0.16887638 0.57192189 0.05715549
v -0.19480258 0.60348582 0.01704485
v -0.18935078 0.59492618 0.04330323
v -0.18102926 0.59225839 0.06667665
v -0.16475052 0.58501834 0.08241286
v -0.16143090 0.57138175 0.07907799
v -0.15834293 0.58513755 0.09920224
v -0.15876478 0.56961125 0.09795664
v -0.15600979 0.56901062 0.11271337
v -0.15264907 0.58590198 0.11292525
v -0.15922676 0.54886252 0.09900033
v -0.15785979 0.54726601 0.11252649
v -0.16131300 0.55179960 0.07939483
v -0.16928977 0.55198276 0.05652633
v -0.25512958 0.60081607 0.06117514
v -0.24147122 0.59644520 0.08225602
v -0.22618172 0.59265518 0.10271247
v -0.21347442 0.59270424 0.12397288
v -0.20193097 0.59402305 0.14052007
v -0.19204953 0.59435630 0.14981371
v -0.16599694 0.59340495 0.15404682
v -0.18042491 0.59362185 0.15566345
v -0.15605891 0.59437960 0.14485160
v -0.15559573 0.59688866 0.12894961
v -0.15773103 0.59742337 0.11577180
v -0.17074572 0.59424853 0.08684839
v -0.16303915 0.59686017 0.10247700
v -0.15534192 0.53087568 0.08114462
v -0.15527944 0.52844232 0.09971085
v -0.15709019 0.52643716 0.11331639
v -0.15671378 0.52273738 0.14199144
v -0.15851420 0.52490205 0.12597436
v -0.20790330 0.60677487 0.02413412
v -0.22271527 0.60583085 0.03391927
v -0.23589718 0.60593182 0.04449567
v -0.24682552 0.60527754 0.05383682
v -0.23428264 0.60090357 0.07650210
v -0.22434187 0.60163039 0.06896737
v -0.21189830 0.60177654 0.05945149
v -0.19933954 0.59924686 0.05003741
v -0.22028255 0.59815145 0.09737223
v -0.21169859 0.59963900 0.09052378
v -0.19962208 0.59986979 0.08260350
v -0.18954989 0.59768951 0.07329148
v -0.17800544 0.59945464 0.09347124
v -0.18651250 0.60046977 0.10231598
v -0.19823430 0.59967643 0.10965865
v -0.20630658 0.59791321 0.11705334
v -0.19511691 0.59795463 0.13217333
v -0.18749996 0.59926736 0.12425976
v -0.17791140 0.60061806 0.11674315
v -0.17006212 0.60005009 0.10912091
v -0.18676749 0.59758198 0.14057872
v -0.16935137 0.59687257 0.14678168
v -0.17872095 0.59705722 0.14600539
v -0.16254213 0.59778094 0.14142713
v -0.16281715 0.59902799 0.13065152
v -0.16574565 0.59980559 0.12011350
v -0.17281237 0.59953535 0.12573552
v -0.16949907 0.59883600 0.13295409
v -0.18170521 0.59880900 0.13229313
v -0.17594543 0.59790736 0.13835523
v -0.16754127 0.59811413 0.13879578
v -0.17123380 0.59768391 0.14143011
v -0.21580699 0.52813935 0.08451059
v -0.17417802 0.16705012 -0.00862230
v -0.15799265 0.16411197 -0.00644574
v -0.18940578 0.16344666 -0.00644055
v -0.14458999 -0.28272516 -0.04365166
v -0.06917469 -0.52166617 -0.05464718
v -0.07240794 -0.56714380 -0.04808289
v -0.06990923 -0.54411948 -0.05118249
v -0.15351312 -0.25330740 -0.04603940
v -0.11453930 -0.59734255 0.00188952
v -0.09427939 -0.76008821 -0.02750812
v 0.13142367 0.59842384 0.13365233
v 0.13562743 0.59647912 0.11315397
v 0.12996534 0.58201665 0.11241744
v -0.01825989 -1.03224456 -0.08126745
v -0.06227440 -1.02128410 0.00301668
v -0.05992223 -1.01483262 0.01117864
v -0.05733226 -1.00223386 0.00611749
v -0.06065542 -1.00926685 -0.00259483
v -0.05303124 -0.99042130 -0.00039155
v -0.05773021 -0.99928141 -0.00717930
v -0.04808098 -0.98068368 -0.00901123
v -0.05366335 -0.98989403 -0.01339101
v -0.04437590 -0.97395837 -0.01834011
v -0.04973079 -0.98342621 -0.02129893
v -0.03501487 -0.96550792 -0.04016235
v -0.03263339 -0.96092325 -0.03657315
v -0.02784631 -0.95650661 -0.04397755
v -0.02942224 -0.96020496 -0.04811817
v -0.02188887 -0.95363486 -0.05068776
v -0.02341483 -0.95703411 -0.05477914
v -0.01492367 -0.95217144 -0.05536893
v -0.01592274 -0.95515126 -0.05968212
v -0.00623411 -0.95195752 -0.05827030
v -0.00715883 -0.95490313 -0.06263956
v -0.00803725 -0.96350241 -0.06714234
v -0.01643483 -0.96355724 -0.06486826
v -0.01646472 -0.95918196 -0.06304148
v -0.00769197 -0.95857942 -0.06525074
v -0.02292379 -0.96512109 -0.06000758
v -0.02362549 -0.96077311 -0.05782700
v -0.02823849 -0.96848208 -0.05465653
v -0.02953778 -0.96427536 -0.05177126
v -0.03497264 -0.97406054 -0.04819194
v -0.03585133 -0.96973515 -0.04398012
v -0.04026369 -0.98016477 -0.04417349
v -0.04175131 -0.97800314 -0.03884833
v -0.01282637 -0.95016915 -0.04981755
v -0.00516856 -0.94977278 -0.05324707
v -0.01923945 -0.95134473 -0.04547244
v -0.02475131 -0.95371038 -0.03954439
v -0.02869945 -0.95698386 -0.03274596
v -0.03979380 -0.96871215 -0.02798128
v -0.03275621 -0.96157432 -0.02484741
v -0.03826900 -0.96781224 -0.01622153
v -0.04232254 -0.97447920 -0.00592565
v -0.04826220 -0.98476094 0.00437483
v -0.05356897 -0.99788678 0.01289275
v -0.05623043 -1.01206946 0.01842340
v -0.06063664 -1.02425826 0.01506440
v -0.02210945 -0.96930254 -0.06103857
v -0.01595506 -0.96808618 -0.06551180
v -0.02723536 -0.97216153 -0.05629375
v -0.03339700 -0.97761476 -0.05136679
v -0.03827236 -0.98289680 -0.04880015
v -0.04360862 -0.99446297 -0.05004199
v -0.04199193 -0.98845148 -0.04847299
v -0.04310971 -1.00622153 -0.05589517
v -0.04379571 -1.00041354 -0.05259543
v -0.04979777 -1.01409316 -0.05064516
v -0.05022201 -1.00607729 -0.04538461
v -0.04706107 -1.00262487 -0.04918794
v -0.04645344 -1.00970590 -0.05317065
v -0.05311934 -1.02023649 -0.04841181
v -0.05361008 -1.01128507 -0.04175091
v -0.01079024 -0.94884658 -0.04455454
v -0.00392676 -0.94830620 -0.04694549
v -0.01627176 -0.94985342 -0.04031464
v -0.02058501 -0.95193458 -0.03478114
v -0.02327063 -0.95420158 -0.02838929
v -0.02606342 -0.95707858 -0.02105622
v -0.02960103 -0.96119785 -0.01275672
v -0.03534525 -0.96715975 -0.00252827
v -0.04255305 -0.97774124 0.00889598
v -0.04965035 -0.99403185 0.01853392
v -0.05263217 -1.00885129 0.02409910
v -0.01619357 -0.95157421 -0.01574307
v -0.01414185 -0.95128953 -0.02210862
v -0.01249968 -0.95041174 -0.02729263
v -0.01056775 -0.94956493 -0.03185571
v -0.00641860 -0.94908643 -0.03201497
v -0.00092008 -0.94908905 -0.03291319
v -0.00385120 -0.94882673 -0.02457803
v 0.00087630 -0.94871777 -0.02571284
v -0.00447449 -0.94649249 -0.01951980
v 0.00221107 -0.94599986 -0.02084693
v -0.00540102 -0.94323272 -0.01566869
v 0.00798010 -0.94332367 -0.02107584
v -0.04455106 -0.98735756 -0.04366051
v -0.04694938 -0.98743999 -0.03825139
v -0.04951913 -0.99702823 -0.04080495
v -0.05253886 -1.00111425 -0.03568907
v -0.04982865 -0.98978454 -0.03205075
v -0.04651327 -0.99489278 -0.04577675
v -0.05389047 -0.99499780 -0.02472290
v -0.05625605 -1.00708079 -0.03028734
v -0.05723130 -1.01793683 -0.03822882
v -0.05919783 -1.01360476 -0.02597905
v -0.05734084 -1.00207508 -0.01829219
v -0.06039309 -1.02337575 -0.03408980
v -0.06298040 -1.02849841 -0.03030467
v -0.06152581 -1.01943731 -0.02242097
v -0.06019332 -1.00926566 -0.01453592
v -0.04375410 -0.97682470 -0.03161922
v -0.06209109 -1.01677096 -0.01056817
v -0.06479242 -1.03372788 -0.02666517
v -0.06343132 -1.02564192 -0.01859430
v -0.06647477 -1.04058206 -0.02213069
v -0.06497066 -1.03336978 -0.01208643
v -0.06347299 -1.02665579 -0.00393359
v -0.06332746 -1.03156292 0.00987289
v -0.00827174 -0.96795636 -0.06810708
v 0.13134262 0.56334043 0.08375095
v 0.12760223 0.56269872 0.10808545
v 0.12160839 0.56107926 0.12534197
v 0.12476093 0.59921795 0.14763106
v 0.11948582 0.58278453 0.14498383
v 0.11199286 0.58151507 0.15725440
v 0.11387623 0.59883243 0.15763958
v 0.09531783 0.58265293 0.16358334
v 0.09664024 0.60057902 0.16232699
v 0.07983585 0.58525586 0.15377609
v 0.07995912 0.60242438 0.15352033
v 0.10837816 0.55893505 0.14916982
v 0.11456792 0.56026733 0.13715827
v 0.09696391 0.55887610 0.15770821
v 0.08310768 0.56071681 0.15016496
v 0.08007756 0.56145507 0.13252525
v 0.07539557 0.58537281 0.13429399
v 0.07209647 0.60295844 0.13494954
v 0.07587770 0.59043604 0.00606918
v 0.07547467 0.60386014 0.01071466
v 0.11630031 0.55698675 0.03353282
v 0.09834039 0.55472225 0.02448587
v 0.07967339 0.56289828 0.03152573
v 0.07236394 0.58607900 0.03425600
v 0.07725068 0.60067677 0.03865925
v 0.07686394 0.59963137 0.06399878
v 0.07011437 0.58623803 0.06153036
v 0.08443562 0.61467922 0.01388923
v 0.08651170 0.60780650 0.04135700
v 0.08543679 0.60650557 0.06634689
v 0.07420816 0.60020566 0.08638763
v 0.06960247 0.58649266 0.08455246
v 0.07274759 0.60081786 0.10441053
v 0.07261676 0.58499640 0.10387142
v 0.07447410 0.58450854 0.11890422
v 0.07144587 0.60178274 0.11928679
v 0.07348430 0.56393951 0.10550746
v 0.07655706 0.56241870 0.11879323
v 0.07024467 0.56574374 0.08609416
v 0.07100756 0.56543356 0.06147441
v 0.15508118 0.61296391 0.03915003
v 0.14802282 0.60987455 0.06312500
v 0.13945571 0.60722810 0.08703244
v 0.13389236 0.60841846 0.11121829
v 0.12771341 0.61036372 0.13057221
v 0.12092597 0.61124915 0.14252754
v 0.09730169 0.61078471 0.15442218
v 0.11157510 0.61093408 0.15159175
v 0.08489080 0.61180043 0.14843842
v 0.07941718 0.61365616 0.13342564
v 0.07790451 0.61405194 0.11974505
v 0.08159921 0.60938239 0.08856981
v 0.07868094 0.61255848 0.10573755
v 0.06474353 0.54511470 0.09001768
v 0.07041816 0.54349828 0.10780467
v 0.07648870 0.54196274 0.11983050
v 0.08479846 0.53892159 0.14726195
v 0.08188105 0.54087579 0.13112235
v 0.09878831 0.61773968 0.01700610
v 0.11570024 0.61641878 0.02223125
v 0.13150638 0.61678797 0.02871760
v 0.14477012 0.61677349 0.03458082
v 0.13966589 0.61404485 0.05966347
v 0.12786013 0.61448729 0.05530594
v 0.11298998 0.61453980 0.05007054
v 0.09811634 0.61199951 0.04476105
v 0.13251892 0.61239994 0.08360984
v 0.12232868 0.61380637 0.07957172
v 0.10836332 0.61405581 0.07559836
v 0.09578806 0.61179900 0.06995312
v 0.09115592 0.61485660 0.09234956
v 0.10220548 0.61594945 0.09812792
v 0.11549141 0.61500245 0.10172129
v 0.12499399 0.61317784 0.10656815
v 0.11872311 0.61404014 0.12450922
v 0.10945538 0.61524463 0.11893977
v 0.09770267 0.61638510 0.11490636
v 0.08823361 0.61624521 0.10957985
v 0.11350224 0.61433798 0.13489586
v 0.09860168 0.61430985 0.14607733
v 0.10745914 0.61438394 0.14241508
v 0.09050599 0.61511272 0.14294124
v 0.08762312 0.61599135 0.13242324
v 0.08727275 0.61642849 0.12143352
v 0.09585918 0.61609465 0.12472764
v 0.09479723 0.61572003 0.13264833
v 0.10592242 0.61507744 0.12867528
v -0.05135459 -1.02721047 0.03677237
v -0.02995409 -1.01106155 -0.06822282
v -0.02575381 -1.01267910 -0.07225452
v 0.10260708 0.61482882 0.13594598
v 0.09464702 0.61525911 0.13889794
v -0.02171375 -1.01274085 -0.07665141
v -0.01853857 -1.01251161 -0.07994614
v -0.01508397 -1.01199162 -0.08216756
v 0.09889873 0.61476046 0.14039584
v 0.12217656 0.54465944 0.07419530
v 0.09471960 0.18103683 0.00259820
v 0.08111453 0.17664236 0.00954328
v 0.00833618 -0.92992270 -0.01416355
v -0.01347033 -1.08335495 -0.08832224
v 0.00767705 -0.93708462 -0.01861503
v -0.00621509 -0.98413229 -0.05760388
v -0.00384341 -1.18498015 -0.02727010
v -0.00843233 -0.97270548 -0.06880167
v -0.00693016 -0.98822129 -0.06091057
v -0.01520098 -1.03958976 -0.09885649
v -0.00832542 -0.97776937 -0.06907118
v -0.00967362 -0.98771381 -0.07565209
v -0.00986660 -0.99360353 -0.07534202
v -0.01417330 -1.12211418 -0.08477148
v -0.00986890 -0.99092823 -0.07617552
v -0.01170821 -1.01437199 -0.08371685
v -0.01558317 -1.03484368 -0.10124580
v -0.00969243 -0.99540621 -0.07436828
v 0.02206353 -1.02635705 0.08815008
v -0.00922642 -0.98463720 -0.07359891
v -0.00801001 -0.99362302 -0.06653035
v -0.00925855 -0.99579394 -0.07242919
v -0.00723512 -1.00224388 -0.06309979
v -0.01147412 -1.01169252 -0.08261060
v -0.01341251 -1.05964231 -0.08929740
v 0.02495060 -1.07075810 0.10334320
v -0.01377742 -1.05616355 -0.09098311
v -0.01229643 -1.15100300 -0.07327968
v -0.01398876 -1.13366628 -0.08189493
v -0.01482761 -1.04413795 -0.09664907
v 0.02460657 -1.13553476 0.10396902
v 0.02226336 -1.15027916 0.09776622
v -0.01398415 -1.10334778 -0.08733258
v 0.00817058 -1.19468009 0.03328274
v -0.01577538 -1.03044820 -0.10264956
v -0.01300290 -1.01854455 -0.09015220
v -0.00830066 -1.17260468 -0.05028765
v 0.02582061 -1.10032678 0.10848793
v 0.01331242 -1.18884206 0.05750241
v -0.01009795 -0.99648643 -0.07744505
v -0.00625113 -1.17927837 -0.03943894
v -0.00944467 -0.99556142 -0.07423653
v -0.01463234 -1.02072191 -0.09791139
v 0.02631141 -1.08552289 0.10761410
v 0.02439417 -1.11497962 0.10853980
v -0.01112008 -1.00536346 -0.08130455
v -0.01126439 -1.00916183 -0.08172268
v 0.01082968 -1.19254255 0.04560257
v -0.01375414 -1.08989060 -0.08871602
v -0.01115281 -1.00299275 -0.08149426
v -0.01281506 -1.06924999 -0.08631791
v -0.01087870 -1.00048733 -0.08111688
v 0.00925004 -0.92311996 -0.00865227
v 0.01866507 -1.17215204 0.08191137
v -0.01049836 -0.99832660 -0.07937949
v -0.00851441 -0.99788821 -0.06965324
v -0.01444080 -1.04845333 -0.09447949
v -0.00771869 -1.00012529 -0.06563817
v -0.01400952 -1.11142528 -0.08632968
v -0.01210749 -1.01688004 -0.08553932
v -0.01225094 -1.01752794 -0.08626514
v -0.01290303 -1.06615150 -0.08665663
v -0.01320157 -1.14270782 -0.07858048
v -0.01286143 -1.07199872 -0.08659302
v -0.01194401 -1.01609790 -0.08482564
v 0.02021152 -1.16393948 0.08920762
v 0.00452652 -1.19702899 0.01619088
v 0.00192735 -1.19510639 0.00325722
v -0.01307158 -1.06286597 -0.08768903
v -0.01416439 -1.05260360 -0.09259273
v 0.02253298 -1.01617253 0.08812805
v -0.01533800 -1.02366221 -0.10113326
v -0.01567435 -1.02644503 -0.10247622
v -0.00993870 -1.16534150 -0.05934532
v 0.02418104 -1.06040919 0.09990305
v -0.00128040 -1.19083595 -0.01305362
v -0.01122623 -1.15817606 -0.06662710
v 0.02276612 -1.03975344 0.09233631
v 0.02441180 -1.05143464 0.09702869
v -0.01423254 -1.01975965 -0.09605893
v -0.01303471 -1.07531333 -0.08719195
v -0.01355917 -1.01892900 -0.09280746
v 0.01580629 -1.18269348 0.06892661
v -0.01255688 -1.01810837 -0.08785661
v 0.11023604 0.17958611 -0.00041449
v 0.11520468 -0.26038200 -0.07533288
v 0.07611061 -0.51389313 -0.06632294
v 0.08385631 -0.55934066 -0.06451555
v 0.07988191 -0.53627539 -0.06513476
v 0.11857557 -0.22797161 -0.07672568
v 0.13440326 -0.58519220 -0.02627550
v 0.11840463 -0.76194346 -0.04810208
v -0.00563113 -1.03249383 -0.08336688
v 0.06790262 -1.02298367 -0.02283086
v 0.06890726 -1.01653039 -0.01434875
v 0.06482207 -1.00388479 -0.01809612
v 0.06418258 -1.01101482 -0.02746404
v 0.05872677 -0.99205565 -0.02249775
v 0.06026956 -1.00101364 -0.03070198
v 0.05104122 -0.98241711 -0.02843671
v 0.05457855 -0.99154246 -0.03480725
v -0.01842175 -1.02110767 -0.09469462
v -0.01688198 -1.02014017 -0.09220875
v 0.04419740 -0.97544187 -0.03565539
v 0.04803302 -0.98493397 -0.04066499
v -0.02461366 -1.06444907 -0.06525324
v -0.01978299 -1.02073324 -0.08169393
v -0.02055245 -1.04238248 -0.09118567
v -0.02348953 -1.06444216 -0.06627224
v 0.02728783 -0.96643734 -0.05264303
v 0.02660155 -0.96181142 -0.04820150
v 0.01926453 -0.95722258 -0.05326331
v 0.01906994 -0.96090233 -0.05766911
v -0.02153509 -1.02130270 -0.07988907
v 0.01123584 -0.95411229 -0.05720678
v 0.01109848 -0.95749593 -0.06168226
v 0.00294739 -0.95246804 -0.05886367
v 0.00217617 -0.95549643 -0.06321374
v -0.01961171 -1.05034089 -0.08766039
v -0.01925723 -1.06140959 -0.07673294
v 0.00061196 -0.96395600 -0.06799688
v 0.00138554 -0.95960331 -0.06632799
v -0.02002101 -1.04633522 -0.08961616
v -0.02636897 -1.02395844 -0.07962608
v -0.02463661 -1.02155495 -0.07828073
v -0.02152814 -1.02665722 -0.09772272
v -0.02234615 -1.02975070 -0.09710253
v 0.00841560 -0.96570748 -0.06613095
v -0.02183858 -1.02374291 -0.09521736
v -0.01923645 -1.02204609 -0.09585008
v 0.01003792 -0.96135581 -0.06449822
v -0.02631660 -1.06426382 -0.06503753
v -0.03558291 -1.06702495 -0.05677006
v -0.02073612 -1.02462661 -0.09740308
v -0.01799638 -1.02246439 -0.09814315
v -0.02912112 -1.06572771 -0.06205433
v -0.02560590 -1.06429887 -0.06512716
v -0.02486311 -1.02624631 -0.08980456
v -0.01890286 -1.05958450 -0.08104272
v 0.01530527 -0.96917486 -0.06310959
v 0.01767500 -0.96496326 -0.06093181
v 0.02389180 -0.97484255 -0.05943640
v 0.02635990 -0.97077274 -0.05632496
v -0.02624313 -1.02561498 -0.08465699
v 0.03027152 -0.98121417 -0.05810644
v 0.03368377 -0.97915924 -0.05386369
v 0.00324915 -0.95036411 -0.05314898
v -0.02714148 -1.06444311 -0.06468257
v -0.02770523 -1.06470275 -0.06433371
v -0.02148817 -1.03798604 -0.09308727
v 0.01074736 -0.95182037 -0.05138255
v 0.01818677 -0.95428044 -0.04788236
v 0.02458555 -0.95753878 -0.04304909
v 0.03667108 -0.96993029 -0.04286730
v -0.03161064 -1.06588876 -0.06167752
v -0.01561369 -1.01944458 -0.08734749
v -0.02368675 -1.02514613 -0.09241705
v -0.02269417 -1.02434552 -0.09401625
v -0.01576768 -1.01923680 -0.08528877
v 0.03153861 -0.96240580 -0.03710264
v 0.03950375 -0.96904254 -0.03102753
v -0.02145316 -1.06359100 -0.06908127
v 0.04672952 -0.97611779 -0.02285883
v -0.01916340 -1.05675280 -0.08414195
v -0.01941610 -1.05356455 -0.08627742
v 0.05590640 -0.98649997 -0.01575670
v 0.06407574 -0.99951786 -0.00999425
v -0.01601201 -1.01978111 -0.08977924
v 0.06828912 -1.01356280 -0.00603417
v 0.07101028 -1.02572834 -0.01116429
v 0.00720506 -0.96994907 -0.06672418
v -0.00010530 -0.96847504 -0.06859954
v 0.01371548 -0.97288549 -0.06426959
v -0.02242780 -1.03365803 -0.09558021
v 0.02134575 -0.97835916 -0.06197382
v 0.02672191 -0.98385978 -0.06144699
v 0.03099502 -0.99569881 -0.06486015
v -0.01788682 -1.02007389 -0.08351339
v 0.03009830 -0.98965055 -0.06258974
v 0.02830280 -1.00748110 -0.07008382
v 0.03023854 -1.00163925 -0.06744138
v 0.03611792 -1.01556849 -0.06783048
v 0.03861034 -1.00763226 -0.06317747
v 0.03444310 -1.00410736 -0.06538488
v -0.01499660 -1.02196908 -0.09961659
v -0.01994200 -1.02312303 -0.09669991
v 0.03230043 -1.01110506 -0.06893148
v 0.03987785 -1.02177310 -0.06701538
v 0.04290325 -1.01288342 -0.06101459
v 0.00345386 -0.94857699 -0.04741690
v -0.04046915 -1.07716572 -0.07089826
v -0.03990261 -1.07499063 -0.06838341
v 0.01015170 -0.94999766 -0.04543580
v 0.01658394 -0.95214558 -0.04199304
v 0.02172934 -0.95448822 -0.03691344
v 0.02709433 -0.95764124 -0.03094863
v 0.03379187 -0.96156776 -0.02435398
v 0.04267761 -0.96792579 -0.01653621
v -0.03464365 -1.07950115 -0.07802433
v -0.01765785 -1.07933152 -0.08619872
v -0.02258184 -1.07953763 -0.08427841
v 0.05217386 -0.97930831 -0.00855356
v -0.03963611 -1.07141256 -0.06532646
v -0.03962024 -1.06987524 -0.06355700
v -0.03938878 -1.07325137 -0.06624856
v -0.03995555 -1.06990671 -0.06504831
v -0.03998959 -1.07051444 -0.06557016
v 0.06287620 -0.99545562 -0.00281633
v -0.03900252 -1.07283282 -0.06510428
v 0.06756494 -1.01041698 0.00061812
v -0.03904767 -1.07270873 -0.06484628
v 0.02095042 -0.95218074 -0.02256945
v -0.03909991 -1.07919407 -0.07420669
v 0.01613574 -0.95155859 -0.02798230
v 0.01214806 -0.95058072 -0.03218463
v -0.03921378 -1.07228899 -0.06496792
v -0.03949016 -1.06978321 -0.06172775
v 0.00851665 -0.94951928 -0.03579409
v -0.03933987 -1.06896949 -0.05679446
v 0.00455156 -0.94905698 -0.03433507
v -0.01323724 -1.07921433 -0.08773057
v -0.03451644 -1.09023845 -0.08260054
v -0.06001679 -1.09335780 -0.05478445
v 0.00577614 -0.94887996 -0.02664783
v -0.06210779 -1.08853674 -0.05043982
v 0.00880656 -0.94682276 -0.02210476
v -0.05474037 -1.05134869 -0.05061824
v -0.05679033 -1.05300903 -0.04780837
v -0.03156786 -1.08363128 -0.08313954
v 0.01170396 -0.94359112 -0.01897443
v 0.03428268 -0.98860610 -0.05925225
v 0.03843624 -0.98878288 -0.05527412
v 0.03968089 -0.99855566 -0.05863953
v 0.04459218 -1.00269914 -0.05524544
v -0.03959500 -1.11215115 -0.07649455
v -0.03695650 -1.16763544 -0.03590449
v -0.03801489 -1.10409260 -0.07875456
v -0.05043144 -1.09727359 -0.06832672
v 0.04374801 -0.99120843 -0.05075207
v -0.03845987 -1.16147149 -0.04403004
v 0.03529163 -0.99632347 -0.06192099
v 0.05044769 -0.99643600 -0.04559289
v 0.05001608 -1.00866747 -0.05163294
v 0.04753277 -1.01959252 -0.05924761
v 0.05431219 -1.01523161 -0.04885986
v -0.05671330 -1.09689307 -0.06082316
v 0.05578044 -1.00366235 -0.04091898
v -0.06055486 -1.05994439 -0.04100790
v -0.02022699 -1.09632730 -0.08705712
v -0.06183774 -1.06595778 -0.03948908
v 0.05187983 -1.02512896 -0.05660677
v -0.02813399 -1.09637904 -0.08503878
v -0.02271064 -1.18945968 0.02112251
v 0.05551270 -1.03032446 -0.05404476
v 0.05741421 -1.02115047 -0.04638106
v 0.05936115 -1.01097870 -0.03852999
v 0.03832556 -0.97815943 -0.04786566
v -0.02529485 -1.07604694 -0.08000553
v 0.06226872 -1.01851273 -0.03538508
v -0.04627497 -1.05087256 -0.05813091
v -0.04897747 -1.05073094 -0.05607139
v 0.05848188 -1.03563774 -0.05130297
v -0.02864048 -1.18723869 0.01135072
v -0.05974516 -1.05713391 -0.04273742
v -0.04228068 -1.13278472 -0.06921198
v -0.02061941 -1.07020760 -0.07717868
v -0.02230439 -1.07302690 -0.07773033
v -0.04154374 -1.14108717 -0.06322151
v 0.06032716 -1.02749634 -0.04344442
v 0.06162777 -1.04261339 -0.04762232
v 0.06428934 -1.03539014 -0.03790385
v -0.04085800 -1.14875340 -0.05716041
v 0.06614418 -1.02851892 -0.02979288
v 0.07129698 -1.03348243 -0.01695091
v -0.03554743 -1.17358017 -0.02617440
v -0.03031682 -1.05361962 -0.06505312
v 0.07017048 -1.02891850 0.01237492
v 0.01115604 -1.01193726 -0.07643650
v 0.00560482 -1.01332271 -0.07845763
v -0.06343254 -1.08298779 -0.04635599
v -0.06376147 -1.07705462 -0.04304245
v -0.03176164 -1.18403053 -0.00157796
v -0.03932080 -1.05136800 -0.06190985
v -0.06287790 -1.07147694 -0.04075742
v -0.00952449 -1.19364166 0.02619064
v 0.00024389 -1.01320207 -0.08106561
v -0.05854043 -1.05477560 -0.04515636
v -0.00394341 -1.01284969 -0.08289225
v -0.00795036 -1.01216865 -0.08358070
v -0.04409276 -1.09725356 -0.07495810
v -0.04305582 -1.05095935 -0.06005701
v -0.01961854 -1.06729925 -0.07563296
v -0.02607071 -1.05579138 -0.06688692
v -0.02311017 -1.05851734 -0.06896880
v -0.03968138 -1.15518332 -0.05095708
v -0.02092439 -1.06103659 -0.07118313
v -0.01952234 -1.06416380 -0.07394321
v -0.03483759 -1.05206883 -0.06380019
v -0.04145764 -1.12208545 -0.07374011
v -0.03372204 -1.17918670 -0.01457338
v -0.05190431 -1.05094945 -0.05350914
v 0.00655816 -1.19606280 0.02565464
v -0.01383096 -1.09619749 -0.08821895
v -0.02006855 -1.06251001 -0.07274455
v -0.02837362 -1.07956934 -0.08164203
v -0.03654015 -1.09684694 -0.08085272
v -0.00875164 -0.98139280 -0.07111771
v -0.03426480 -1.00082386 -0.06277038
v -0.03519950 -0.99894047 -0.06049585
v -0.03391507 -0.99325216 -0.05725121
v -0.02840768 -1.00510192 -0.07051875
v -0.03189981 -1.00290418 -0.06604865
v -0.02549075 -0.98481458 -0.06313550
v -0.03535020 -0.99716538 -0.05883897
v -0.02044743 -0.98271859 -0.06672046
v -0.03497397 -0.99518466 -0.05773450
v -0.01527515 -0.98155057 -0.06924515
v -0.01121026 -1.00728106 -0.08155777
v -0.02008010 -1.00768638 -0.07875238
v -0.01582528 -1.00760221 -0.08106875
v -0.02429285 -1.00684214 -0.07494944
v -0.03223308 -0.99082160 -0.05778421
v -0.02944521 -0.98801416 -0.05953643
v -0.01000710 -1.02115178 -0.09635494
v -0.01040362 -1.02015972 -0.09347203
v 0.00616682 -1.06520724 -0.07124239
v -0.00380340 -1.02115583 -0.08463077
v -0.00725224 -1.04250240 -0.09360889
v 0.00469900 -1.06514728 -0.07167382
v -0.00151732 -1.02174282 -0.08369340
v -0.00687128 -1.05043030 -0.08999094
v -0.00301660 -1.06192112 -0.07977600
v -0.00719765 -1.04645371 -0.09189903
v 0.00313180 -1.02453518 -0.08553351
v 0.00204487 -1.02208877 -0.08353401
v -0.00841067 -1.02676988 -0.10042684
v -0.00751777 -1.02989173 -0.10010130
v -0.00716530 -1.02389503 -0.09812931
v -0.00973856 -1.02212071 -0.09772242
v 0.00780456 -1.06506777 -0.07174603
v 0.01940987 -1.06814528 -0.06785041
v -0.00900951 -1.02472639 -0.09976862
v -0.01174404 -1.02255833 -0.09936720
v 0.01149808 -1.06660962 -0.07015302
v 0.00714707 -1.06510878 -0.07154528
v -0.00232117 -1.02669287 -0.09432247
v -0.00503851 -1.05996180 -0.08362080
v 0.00100008 -1.02618194 -0.09015849
v 0.00873325 -1.06528282 -0.07178764
v 0.00936272 -1.06555653 -0.07167101
v -0.00701362 -1.03812349 -0.09584510
v 0.01389673 -1.06683850 -0.07080562
v -0.00965157 -1.01958406 -0.08847065
v -0.00439621 -1.02544355 -0.09624729
v -0.00593252 -1.02456117 -0.09734499
v -0.00876379 -1.01945794 -0.08653490
v 0.00195096 -1.06432915 -0.07361370
v -0.00595918 -1.05702388 -0.08662770
v -0.00650257 -1.05377877 -0.08874183
v -0.01026545 -1.01982522 -0.09087716
v -0.00705470 -1.03381085 -0.09853786
v -0.00620919 -1.02041018 -0.08560453
v -0.00943946 -1.02322495 -0.09876758
v 0.01826337 -1.07822156 -0.08304851
v 0.01877802 -1.07630718 -0.08041005
v 0.01013366 -1.08022988 -0.08677870
v -0.00857579 -1.07944691 -0.08791818
v -0.00340525 -1.07981575 -0.08785331
v 0.01955215 -1.07255292 -0.07742386
v 0.02017741 -1.07090306 -0.07566218
v 0.01907546 -1.07452345 -0.07824165
v 0.01993084 -1.07093477 -0.07720818
v 0.01977292 -1.07160664 -0.07774348
v 0.01908931 -1.07408118 -0.07697323
v 0.01920842 -1.07389116 -0.07671153
v 0.01568780 -1.07999563 -0.08529796
v 0.01931483 -1.07344115 -0.07689390
v 0.02071008 -1.07085824 -0.07391766
v 0.02253585 -1.07012916 -0.06930687
v 0.00764084 -1.09087241 -0.09094055
v 0.04090789 -1.09503424 -0.07522285
v 0.04474542 -1.09020686 -0.07216087
v 0.03944922 -1.05305171 -0.06952564
v 0.04242010 -1.05474854 -0.06779929
v 0.00506465 -1.08421540 -0.09033836
v 0.01300892 -1.11309671 -0.08641972
v 0.02384327 -1.16829062 -0.04809499
v 0.01133397 -1.10500944 -0.08828999
v 0.02714630 -1.09878075 -0.08426006
v 0.02235793 -1.16235495 -0.05625241
v 0.03527321 -1.09861243 -0.07922334
v 0.04806785 -1.06183672 -0.06335020
v -0.00763745 -1.09647012 -0.08920979
v 0.04980787 -1.06788766 -0.06249301
v 0.00057342 -1.09691095 -0.09022014
v 0.03184288 -1.19021463 0.01014791
v 0.00089944 -1.07652795 -0.08496284
v 0.02899826 -1.05239844 -0.07304917
v 0.03224494 -1.05235684 -0.07230733
v 0.03370096 -1.18817937 -0.00125651
v 0.04676981 -1.05886865 -0.06454592
v 0.01761972 -1.13346648 -0.08010978
v -0.00205396 -1.07067597 -0.08053233
v -0.00081631 -1.07351553 -0.08174679
v 0.01899017 -1.14161944 -0.07484638
v 0.01979294 -1.14891136 -0.06888658
v 0.02596674 -1.17429411 -0.03865352
v 0.01169892 -1.05448985 -0.07312544
v 0.04776156 -1.08466983 -0.06915572
v 0.04951866 -1.07894802 -0.06643894
v 0.03159540 -1.18496633 -0.01441468
v 0.02141652 -1.05265844 -0.07374550
v 0.05008959 -1.07330525 -0.06403475
v 0.02152817 -1.19394147 0.01994669
v 0.04498767 -1.05650616 -0.06612853
v 0.01886049 -1.09844995 -0.08777891
v 0.02531822 -1.05238664 -0.07346738
v -0.00232239 -1.06782591 -0.07902952
v 0.00700328 -1.05650449 -0.07317581
v 0.00351614 -1.05916679 -0.07401561
v 0.02096201 -1.15580297 -0.06309457
v 0.00070908 -1.06169629 -0.07529001
v -0.00166848 -1.06472111 -0.07739917
v 0.01644757 -1.05320561 -0.07363906
v 0.01529835 -1.12307417 -0.08430179
v 0.02860518 -1.17991996 -0.02709622
v 0.03587778 -1.05262244 -0.07110358
v -0.00068567 -1.06313801 -0.07648925
v 0.00294887 -1.08006239 -0.08761536
v 0.00979050 -1.09758663 -0.08997587
v 0.01758559 -1.00185061 -0.07309116
v 0.01929878 -0.99998891 -0.07129895
v 0.01936870 -0.99419940 -0.06757767
v 0.00913358 -1.00584209 -0.07807462
v 0.01418197 -1.00380492 -0.07539517
v 0.00947837 -0.98544466 -0.07007416
v 0.02015506 -0.99818993 -0.06983709
v 0.00382341 -0.98311687 -0.07129747
v 0.02019664 -0.99622864 -0.06848785
v -0.00214843 -0.98181713 -0.07160662
v -0.00196213 -1.00801790 -0.08230309
v -0.00673335 -1.00773644 -0.08283398
v 0.00337532 -1.00739753 -0.08046692
v 0.01772831 -0.99170560 -0.06748752
v 0.01474912 -0.98869354 -0.06825687
v 0.02399777 -1.06979704 -0.06371868
v -0.03844079 -1.06846666 -0.05108546
v 0.01995311 -1.06674254 -0.07589509
v 0.01851838 -1.06679678 -0.07509648
v 0.01726291 -1.06691945 -0.07403868
v 0.01628150 -1.06709838 -0.07281312
v 0.01995866 -1.06705403 -0.07595830
v 0.01852705 -1.06740952 -0.07522009
v 0.01727608 -1.06780851 -0.07421823
v 0.01630021 -1.06822026 -0.07303797
v 0.02002308 -1.06735694 -0.07603304
v 0.01865688 -1.06800127 -0.07536495
v 0.01746462 -1.06866872 -0.07442772
v 0.01653653 -1.06930363 -0.07330274
v 0.02014716 -1.06763709 -0.07611439
v 0.01890073 -1.06855202 -0.07552617
v 0.01781880 -1.06946707 -0.07466201
v 0.01698365 -1.07031107 -0.07359749
v 0.02032669 -1.06788468 -0.07620095
v 0.01925133 -1.06903791 -0.07569685
v 0.01832647 -1.07017350 -0.07491030
v 0.01762272 -1.07120228 -0.07391160
v 0.02055117 -1.06809163 -0.07628966
v 0.01969177 -1.06944203 -0.07587086
v 0.01896681 -1.07076097 -0.07516332
v 0.01843126 -1.07194257 -0.07423097
v 0.02081426 -1.06824780 -0.07637708
v 0.02020816 -1.06974876 -0.07604281
v 0.01971624 -1.07120585 -0.07541268
v 0.01937628 -1.07250381 -0.07454508
v 0.02110613 -1.06834841 -0.07646026
v 0.02077917 -1.06994653 -0.07620465
v 0.02054565 -1.07149208 -0.07564773
v 0.02042147 -1.07286429 -0.07484071
v 0.02141428 -1.06838870 -0.07653339
v 0.02138391 -1.07002568 -0.07634924
v 0.02142354 -1.07160747 -0.07585876
v 0.02152803 -1.07301116 -0.07510836
v 0.02172707 -1.06836796 -0.07659619
v 0.02199870 -1.06998527 -0.07647371
v 0.02231569 -1.07154870 -0.07603897
v 0.02265307 -1.07293606 -0.07533503
v 0.02203400 -1.06828642 -0.07664724
v 0.02259871 -1.06982613 -0.07657141
v 0.02318756 -1.07131755 -0.07618047
v 0.02375178 -1.07264555 -0.07551387
v 0.02232118 -1.06814861 -0.07668164
v 0.02316291 -1.06955409 -0.07663921
v 0.02400633 -1.07092369 -0.07627919
v 0.02478419 -1.07214808 -0.07563827
v 0.02257857 -1.06795740 -0.07669844
v 0.02366798 -1.06918025 -0.07667360
v 0.02474031 -1.07038069 -0.07632993
v 0.02571064 -1.07146418 -0.07570232
v 0.02279728 -1.06772268 -0.07669961
v 0.02409608 -1.06871915 -0.07667463
v 0.02536151 -1.06971085 -0.07633100
v 0.02649364 -1.07061803 -0.07570396
v 0.02296710 -1.06745183 -0.07668322
v 0.02442965 -1.06818795 -0.07664239
v 0.02584582 -1.06893921 -0.07628267
v 0.02710521 -1.06964517 -0.07564399
v 0.02308322 -1.06715512 -0.07665002
v 0.02465675 -1.06760728 -0.07657678
v 0.02617546 -1.06809616 -0.07618774
v 0.02751930 -1.06858206 -0.07552323
v 0.02313900 -1.06684542 -0.07660040
v 0.02476694 -1.06699896 -0.07648025
v 0.02633632 -1.06721222 -0.07604827
v 0.02772398 -1.06746721 -0.07534815
v 0.02313459 -1.06653321 -0.07653649
v 0.02475801 -1.06638527 -0.07635522
v 0.02632250 -1.06632316 -0.07586768
v 0.02770533 -1.06634665 -0.07512110
v 0.02306830 -1.06623077 -0.07646210
v 0.02462827 -1.06579435 -0.07620995
v 0.02613420 -1.06546330 -0.07565715
v 0.02746924 -1.06526220 -0.07485524
v 0.02294461 -1.06595087 -0.07637870
v 0.02438446 -1.06524420 -0.07604811
v 0.02577987 -1.06466460 -0.07542271
v 0.02702164 -1.06425643 -0.07455879
v 0.02276520 -1.06570387 -0.07629161
v 0.02403449 -1.06475878 -0.07587691
v 0.02527332 -1.06395876 -0.07517327
v 0.02638287 -1.06336403 -0.07424575
v 0.02254118 -1.06549692 -0.07620296
v 0.02359438 -1.06435382 -0.07570150
v 0.02463260 -1.06337190 -0.07491992
v 0.02557421 -1.06262481 -0.07392484
v 0.02227806 -1.06534028 -0.07611568
v 0.02307780 -1.06404650 -0.07553051
v 0.02388309 -1.06292677 -0.07467100
v 0.02462925 -1.06206322 -0.07361062
v 0.02198604 -1.06523895 -0.07603412
v 0.02250696 -1.06384909 -0.07536967
v 0.02305404 -1.06263995 -0.07443611
v 0.02358444 -1.06170297 -0.07331429
v 0.02167831 -1.06519854 -0.07595952
v 0.02190226 -1.06376934 -0.07522363
v 0.02217625 -1.06252408 -0.07422484
v 0.02247738 -1.06155527 -0.07304823
v 0.02136549 -1.06521893 -0.07589617
v 0.02128734 -1.06380951 -0.07509940
v 0.02128410 -1.06258166 -0.07404469
v 0.02135228 -1.06163013 -0.07282107
v 0.02105843 -1.06530058 -0.07584625
v 0.02068742 -1.06396866 -0.07500236
v 0.02041177 -1.06281281 -0.07390275
v 0.02025352 -1.06192029 -0.07264184
v 0.02077120 -1.06543839 -0.07581167
v 0.02012255 -1.06423974 -0.07493529
v 0.01959259 -1.06320667 -0.07380481
v 0.01922067 -1.06241763 -0.07251806
v 0.02051393 -1.06562984 -0.07579426
v 0.01961776 -1.06461382 -0.07489976
v 0.01885878 -1.06374919 -0.07375437
v 0.01829429 -1.06310105 -0.07245462
v 0.02029509 -1.06586468 -0.07579400
v 0.01918953 -1.06507516 -0.07489995
v 0.01823831 -1.06441951 -0.07375356
v 0.01751135 -1.06394684 -0.07245351
v 0.02151318 -1.06675828 -0.07640159
v 0.02012539 -1.06613588 -0.07581146
v 0.01885579 -1.06560683 -0.07493305
v 0.01775333 -1.06519127 -0.07380180
v 0.01689996 -1.06492031 -0.07251476
v 0.02001024 -1.06643260 -0.07584574
v 0.01862956 -1.06618834 -0.07499960
v 0.01742347 -1.06603599 -0.07389972
v 0.01648553 -1.06598401 -0.07263681
v 0.01530223 -1.06724703 -0.07172932
v 0.01381336 -1.06750607 -0.06992985
v 0.01267708 -1.06787074 -0.06775662
v 0.01198630 -1.06830621 -0.06541181
v 0.01176942 -1.06879687 -0.06298441
v 0.01203103 -1.06932294 -0.06057004
v 0.01276511 -1.06986427 -0.05825860
v 0.01393938 -1.07039976 -0.05614071
v 0.01551220 -1.07090926 -0.05429640
v 0.01742102 -1.07137334 -0.05279871
v 0.01959240 -1.07177377 -0.05170273
v 0.02194547 -1.07209516 -0.05105272
v 0.02438637 -1.07232547 -0.05087285
v 0.01532282 -1.06859481 -0.07199951
v 0.01383961 -1.06920302 -0.07027047
v 0.01270764 -1.06986654 -0.06815733
v 0.01202062 -1.07052362 -0.06585694
v 0.01180473 -1.07115054 -0.06345730
v 0.01206905 -1.07172263 -0.06105134
v 0.01280089 -1.07221746 -0.05873105
v 0.01397347 -1.07261670 -0.05658621
v 0.01554277 -1.07290518 -0.05469699
v 0.01744721 -1.07307005 -0.05313909
v 0.01961375 -1.07310748 -0.05197088
v 0.02195823 -1.07301378 -0.05123658
v 0.02439329 -1.07279336 -0.05096697
v 0.01560828 -1.06989884 -0.07231788
v 0.01419756 -1.07084656 -0.07067172
v 0.01312913 -1.07179844 -0.06862909
v 0.01248886 -1.07266998 -0.06638057
v 0.01230176 -1.07343006 -0.06401423
v 0.01257443 -1.07404649 -0.06161891
v 0.01329666 -1.07449687 -0.05928778
v 0.01444144 -1.07476294 -0.05711005
v 0.01596360 -1.07483673 -0.05516946
v 0.01780460 -1.07471359 -0.05354087
v 0.01989414 -1.07439756 -0.05228574
v 0.02215246 -1.07390296 -0.05145393
v 0.02449224 -1.07324672 -0.05107762
v 0.01614389 -1.07110989 -0.07267240
v 0.01487347 -1.07237136 -0.07111800
v 0.01392411 -1.07359147 -0.06915428
v 0.01337253 -1.07466304 -0.06696448
v 0.01323922 -1.07554483 -0.06463353
v 0.01353049 -1.07620287 -0.06225029
v 0.01423487 -1.07661164 -0.05990721
v 0.01532446 -1.07675648 -0.05769415
v 0.01675802 -1.07663023 -0.05569416
v 0.01847944 -1.07623863 -0.05398768
v 0.02042473 -1.07559621 -0.05263676
v 0.02251823 -1.07472754 -0.05169590
v 0.02467803 -1.07366741 -0.05120120
v 0.01691292 -1.07218099 -0.07304925
v 0.01584165 -1.07372022 -0.07159195
v 0.01506200 -1.07517767 -0.06971254
v 0.01463713 -1.07642555 -0.06758457
v 0.01458223 -1.07741547 -0.06529184
v 0.01489960 -1.07811081 -0.06292196
v 0.01557731 -1.07848263 -0.06056572
v 0.01658875 -1.07851851 -0.05831408
v 0.01789545 -1.07821643 -0.05625272
v 0.01944768 -1.07758737 -0.05446257
v 0.02118514 -1.07665622 -0.05301025
v 0.02304134 -1.07545853 -0.05195309
v 0.02494563 -1.07403946 -0.05133208
v 0.01788371 -1.07307053 -0.07343397
v 0.01706415 -1.07484150 -0.07207703
v 0.01649961 -1.07649565 -0.07028179
v 0.01623446 -1.07789016 -0.06821748
v 0.01627770 -1.07897139 -0.06596393
v 0.01662803 -1.07969677 -0.06360722
v 0.01727305 -1.08003807 -0.06123787
v 0.01818568 -1.07998323 -0.05894742
v 0.01933284 -1.07953393 -0.05682269
v 0.02066953 -1.07870853 -0.05494694
v 0.02214570 -1.07753658 -0.05339052
v 0.02370386 -1.07606471 -0.05221555
v 0.02528208 -1.07434893 -0.05146591
v 0.01901973 -1.07374454 -0.07381090
v 0.01849522 -1.07569110 -0.07255238
v 0.01818151 -1.07749510 -0.07084135
v 0.01810333 -1.07900095 -0.06883930
v 0.01826098 -1.08015037 -0.06662428
v 0.01865108 -1.08089852 -0.06428021
v 0.01925524 -1.08121729 -0.06189771
v 0.02005415 -1.08109379 -0.05956916
v 0.02101424 -1.08053327 -0.05738179
v 0.02210024 -1.07955790 -0.05542253
v 0.02326988 -1.07820451 -0.05376446
v 0.02447747 -1.07652497 -0.05247289
v 0.02567677 -1.07458293 -0.05159698
v 0.02027641 -1.07417846 -0.07416643
v 0.02007917 -1.07623720 -0.07300077
v 0.02004353 -1.07813787 -0.07136902
v 0.02017214 -1.07971537 -0.06942577
v 0.02045751 -1.08090806 -0.06724695
v 0.02088970 -1.08167005 -0.06491515
v 0.02145188 -1.08197486 -0.06252083
v 0.02212276 -1.08180761 -0.06015535
v 0.02287611 -1.08117580 -0.05790978
v 0.02368369 -1.08010364 -0.05587179
v 0.02451301 -1.07863307 -0.05411693
v 0.02533379 -1.07682085 -0.05271568
v 0.02611399 -1.07473361 -0.05172088
v 0.02160650 -1.07435405 -0.07448810
v 0.02175416 -1.07645869 -0.07340562
v 0.02201353 -1.07839859 -0.07184477
v 0.02236046 -1.08000422 -0.06995377
v 0.02278037 -1.08121419 -0.06780735
v 0.02325760 -1.08198357 -0.06548737
v 0.02377517 -1.08228123 -0.06308155
v 0.02431076 -1.08209682 -0.06068404
v 0.02484563 -1.08143628 -0.05838532
v 0.02535817 -1.08032501 -0.05627598
v 0.02582932 -1.07880759 -0.05443496
v 0.02624040 -1.07694042 -0.05293453
v 0.02657587 -1.07479489 -0.05183227
v 0.02295865 -1.07426524 -0.07476095
v 0.02345612 -1.07634711 -0.07374999
v 0.02401617 -1.07826686 -0.07224979
v 0.02458456 -1.07985830 -0.07040395
v 0.02514175 -1.08105969 -0.06828537
v 0.02566601 -1.08182549 -0.06597403
v 0.02613622 -1.08212638 -0.06355941
v 0.02653479 -1.08195114 -0.06113436
v 0.02684776 -1.08130479 -0.05879054
v 0.02706048 -1.08021355 -0.05662026
v 0.02716718 -1.07871938 -0.05470601
v 0.02716215 -1.07687998 -0.05312111
v 0.02704597 -1.07476425 -0.05192710
v 0.02428034 -1.07391489 -0.07497585
v 0.02512204 -1.07590652 -0.07402083
v 0.02597404 -1.07774806 -0.07256877
v 0.02676034 -1.07928216 -0.07075875
v 0.02745195 -1.08044887 -0.06866216
v 0.02802151 -1.08120263 -0.06635779
v 0.02844610 -1.08151555 -0.06393613
v 0.02871061 -1.08137488 -0.06148862
v 0.02880568 -1.08078671 -0.05910962
v 0.02872587 -1.07977283 -0.05689207
v 0.02847473 -1.07837343 -0.05491902
v 0.02806318 -1.07664084 -0.05326771
v 0.02750521 -1.07464230 -0.05200234
v 0.02552094 -1.07331789 -0.07512534
v 0.02668530 -1.07515335 -0.07420927
v 0.02781224 -1.07686305 -0.07278989
v 0.02880295 -1.07829881 -0.07100382
v 0.02961947 -1.07940435 -0.06892201
v 0.03023137 -1.08013785 -0.06662360
v 0.03061308 -1.08047080 -0.06419614
v 0.03075287 -1.08039081 -0.06173395
v 0.03064335 -1.07990170 -0.05933042
v 0.03028921 -1.07902038 -0.05708006
v 0.02970353 -1.07778239 -0.05506656
v 0.02890849 -1.07623410 -0.05336927
v 0.02793670 -1.07443500 -0.05205433
v 0.02663343 -1.07249498 -0.07520235
v 0.02808628 -1.07411718 -0.07430611
v 0.02945950 -1.07564545 -0.07290417
v 0.03063390 -1.07694519 -0.07113063
v 0.03156328 -1.07796764 -0.06905669
v 0.03221300 -1.07867265 -0.06676096
v 0.03255755 -1.07903433 -0.06433083
v 0.03258339 -1.07903802 -0.06186130
v 0.03229093 -1.07868361 -0.05944481
v 0.03169025 -1.07798445 -0.05717698
v 0.03080410 -1.07696855 -0.05514276
v 0.02966761 -1.07567358 -0.05342199
v 0.02832247 -1.07414854 -0.05208094
v 0.02757528 -1.07147980 -0.07520546
v 0.02927246 -1.07283783 -0.07430953
v 0.03085386 -1.07414055 -0.07290710
v 0.03218283 -1.07527399 -0.07113466
v 0.03320809 -1.07619286 -0.06906040
v 0.03389014 -1.07686400 -0.06676515
v 0.03420264 -1.07725954 -0.06433497
v 0.03413243 -1.07736659 -0.06186420
v 0.03368448 -1.07717943 -0.05944810
v 0.03287581 -1.07670522 -0.05717988
v 0.03173572 -1.07596350 -0.05514495
v 0.03030903 -1.07498038 -0.05342346
v 0.02864998 -1.07379651 -0.05208180
v 0.02830869 -1.07031012 -0.07513242
v 0.03019708 -1.07136440 -0.07421780
v 0.03194054 -1.07240808 -0.07279980
v 0.03339083 -1.07334828 -0.07101588
v 0.03449055 -1.07415020 -0.06893403
v 0.03519779 -1.07477963 -0.06663531
v 0.03548482 -1.07521725 -0.06420754
v 0.03534038 -1.07544112 -0.06174461
v 0.03477174 -1.07544708 -0.05933976
v 0.03379979 -1.07523203 -0.05708799
v 0.03246179 -1.07480526 -0.05507248
v 0.03080879 -1.07418346 -0.05337330
v 0.02890454 -1.07338953 -0.05205653
v 0.02880821 -1.06903136 -0.07498819
v 0.03082587 -1.06975186 -0.07403657
v 0.03267995 -1.07051325 -0.07258566
v 0.03421183 -1.07124281 -0.07077899
v 0.03536112 -1.07191515 -0.06868088
v 0.03608412 -1.07250214 -0.06637707
v 0.03635504 -1.07298183 -0.06395403
v 0.03616102 -1.07333636 -0.06150516
v 0.03550931 -1.07355285 -0.05912481
v 0.03442695 -1.07362032 -0.05690452
v 0.03295426 -1.07354009 -0.05492881
v 0.03114899 -1.07331192 -0.05327461
v 0.02907785 -1.07294536 -0.05200577
v 0.02905338 -1.06769061 -0.07477894
v 0.03113430 -1.06806457 -0.07377220
v 0.03304234 -1.06852853 -0.07227428
v 0.03461283 -1.06903839 -0.07042994
v 0.03578585 -1.06957555 -0.06831130
v 0.03651787 -1.07011700 -0.06600012
v 0.03677901 -1.07064295 -0.06358352
v 0.03656100 -1.07113361 -0.06115672
v 0.03587061 -1.07156968 -0.05881065
v 0.03473332 -1.07193446 -0.05663741
v 0.03319577 -1.07221496 -0.05471937
v 0.03131487 -1.07239890 -0.05312990
v 0.02916286 -1.07247996 -0.05193213
v 0.02903253 -1.06634390 -0.07450699
v 0.03110792 -1.06636822 -0.07343057
v 0.03301126 -1.06653345 -0.07187288
v 0.03457883 -1.06682217 -0.06998512
v 0.03575023 -1.06722176 -0.06783821
v 0.03648036 -1.06771755 -0.06551716
v 0.03674362 -1.06828952 -0.06311090
v 0.03652694 -1.06891632 -0.06071142
v 0.03583913 -1.06957412 -0.05840942
v 0.03470704 -1.07023787 -0.05629661
v 0.03317434 -1.07088113 -0.05445112
v 0.03130091 -1.07148051 -0.05294546
v 0.02915533 -1.07201207 -0.05183819
v 0.02874652 -1.06504107 -0.07418575
v 0.03074911 -1.06472576 -0.07302697
v 0.03258917 -1.06460238 -0.07139974
v 0.03411011 -1.06467640 -0.06945989
v 0.03525389 -1.06494319 -0.06728109
v 0.03597539 -1.06539369 -0.06494904
v 0.03624751 -1.06601048 -0.06255363
v 0.03605902 -1.06677008 -0.06018659
v 0.03541864 -1.06764233 -0.05793767
v 0.03434948 -1.06859469 -0.05589467
v 0.03289366 -1.06959116 -0.05413612
v 0.03110630 -1.07059133 -0.05272851
v 0.02905642 -1.07155836 -0.05172737
v 0.02821047 -1.06383109 -0.07383125
v 0.03007256 -1.06320179 -0.07258012
v 0.03179365 -1.06281030 -0.07087339
v 0.03322728 -1.06268370 -0.06887503
v 0.03431590 -1.06282866 -0.06666075
v 0.03501913 -1.06323731 -0.06431691
v 0.03530954 -1.06389570 -0.06193391
v 0.03517620 -1.06477749 -0.05960285
v 0.03462353 -1.06584942 -0.05741218
v 0.03367435 -1.06706965 -0.05544807
v 0.03236312 -1.06839216 -0.05378486
v 0.03074081 -1.06976640 -0.05248659
v 0.02887054 -1.07113743 -0.05160424
v 0.02744130 -1.06276071 -0.07345321
v 0.02910334 -1.06185400 -0.07210324
v 0.03065583 -1.06122470 -0.07031404
v 0.03196212 -1.06092191 -0.06825410
v 0.03297321 -1.06095815 -0.06600141
v 0.03365076 -1.06132972 -0.06364522
v 0.03396690 -1.06202507 -0.06127482
v 0.03391141 -1.06301498 -0.05898214
v 0.03348587 -1.06426311 -0.05685406
v 0.03270642 -1.06572080 -0.05497352
v 0.03160306 -1.06733215 -0.05341192
v 0.03021770 -1.06903553 -0.05222948
v 0.02860283 -1.07076597 -0.05147306
v 0.02647036 -1.06187153 -0.07306874
v 0.02788052 -1.06073344 -0.07161824
v 0.02921801 -1.05990744 -0.06974320
v 0.03036488 -1.05945730 -0.06762038
v 0.03127728 -1.05940247 -0.06532868
v 0.03192215 -1.05974424 -0.06295961
v 0.03227109 -1.06046951 -0.06060242
v 0.03231469 -1.06155086 -0.05834907
v 0.03204845 -1.06294549 -0.05628417
v 0.03148425 -1.06460011 -0.05448860
v 0.03064211 -1.06645191 -0.05303094
v 0.02955543 -1.06842947 -0.05196695
v 0.02826638 -1.07045650 -0.05133960
v 0.02682328 -1.07245541 -0.05116944
v 0.02533454 -1.06119788 -0.07269008
v 0.02645012 -1.05988419 -0.07114198
v 0.02753543 -1.05890799 -0.06918392
v 0.02849494 -1.05834699 -0.06699812
v 0.02929415 -1.05822361 -0.06466889
v 0.02989920 -1.05854237 -0.06228658
v 0.03028797 -1.05929065 -0.05994232
v 0.03044513 -1.06043994 -0.05772734
v 0.03036723 -1.06194615 -0.05572452
v 0.03005422 -1.06375027 -0.05401279
v 0.02951807 -1.06578398 -0.05265692
v 0.02878186 -1.06797004 -0.05170992
v 0.02787153 -1.07022214 -0.05120838
v 0.02407770 -1.06076312 -0.07233456
v 0.02486570 -1.05933857 -0.07069297
v 0.02567384 -1.05826545 -0.06865597
v 0.02642625 -1.05763352 -0.06641162
v 0.02709763 -1.05746627 -0.06404604
v 0.02765988 -1.05777097 -0.06165188
v 0.02809176 -1.05853295 -0.05932000
v 0.02837662 -1.05972600 -0.05714045
v 0.02850572 -1.06130362 -0.05519660
v 0.02846983 -1.06320453 -0.05356431
v 0.02827496 -1.06535530 -0.05230447
v 0.02792506 -1.06767333 -0.05146658
v 0.02743467 -1.07007158 -0.05108399
v 0.02274754 -1.06058693 -0.07201391
v 0.02319120 -1.05911636 -0.07028928
v 0.02370394 -1.05800533 -0.06818002
v 0.02423856 -1.05734396 -0.06588329
v 0.02477423 -1.05715978 -0.06348506
v 0.02529061 -1.05745697 -0.06108078
v 0.02576846 -1.05822682 -0.05875955
v 0.02618920 -1.05943692 -0.05661261
v 0.02653567 -1.06104290 -0.05472113
v 0.02679547 -1.06298280 -0.05315983
v 0.02695858 -1.06518126 -0.05198650
v 0.02701837 -1.06755447 -0.05124810
v 0.02697257 -1.07001030 -0.05097283
v 0.02139532 -1.06067598 -0.07174007
v 0.02148930 -1.05922830 -0.06994452
v 0.02170141 -1.05813646 -0.06777493
v 0.02201457 -1.05748987 -0.06543287
v 0.02241318 -1.05731416 -0.06300750
v 0.02288302 -1.05761552 -0.06059315
v 0.02340727 -1.05838132 -0.05828150
v 0.02396519 -1.05958271 -0.05616258
v 0.02453386 -1.06117475 -0.05431639
v 0.02509329 -1.06309485 -0.05281512
v 0.02562046 -1.06526947 -0.05171622
v 0.02609668 -1.06761396 -0.05106129
v 0.02650278 -1.07004106 -0.05087764
v 0.02007392 -1.06102633 -0.07152539
v 0.01982313 -1.05966878 -0.06967293
v 0.01974385 -1.05865502 -0.06745628
v 0.01983881 -1.05806613 -0.06507871
v 0.02010337 -1.05792522 -0.06263076
v 0.02052959 -1.05823851 -0.06020914
v 0.02109774 -1.05899227 -0.05790502
v 0.02178976 -1.06015921 -0.05580775
v 0.02257578 -1.06169307 -0.05399733
v 0.02342803 -1.06353521 -0.05254421
v 0.02431360 -1.06561553 -0.05150262
v 0.02519605 -1.06785333 -0.05091475
v 0.02604326 -1.07016289 -0.05080260
v 0.01883260 -1.06162202 -0.07137685
v 0.01826021 -1.06042123 -0.06948598
v 0.01790562 -1.05953979 -0.06723555
v 0.01779614 -1.05905020 -0.06483305
v 0.01793582 -1.05896997 -0.06237037
v 0.01831829 -1.05930281 -0.05994306
v 0.01893086 -1.06003702 -0.05764474
v 0.01974729 -1.06114268 -0.05556219
v 0.02073839 -1.06257820 -0.05377581
v 0.02186512 -1.06428790 -0.05235630
v 0.02308463 -1.06620693 -0.05135546
v 0.02435058 -1.06825995 -0.05081323
v 0.02561201 -1.07037008 -0.05075071
v 0.01771976 -1.06244469 -0.07130023
v 0.01685896 -1.06145668 -0.06938909
v 0.01625771 -1.06075716 -0.06712162
v 0.01596550 -1.06040299 -0.06470616
v 0.01599241 -1.06040692 -0.06223615
v 0.01633708 -1.06076849 -0.05980629
v 0.01698717 -1.06147361 -0.05750982
v 0.01791668 -1.06249619 -0.05543569
v 0.01909088 -1.06379569 -0.05366158
v 0.02046427 -1.06532359 -0.05225932
v 0.02198373 -1.06702042 -0.05127894
v 0.02359116 -1.06882095 -0.05076062
v 0.02522584 -1.07065678 -0.05072474
v 0.01677827 -1.06345975 -0.07129795
v 0.01567297 -1.06273556 -0.06938674
v 0.01486414 -1.06226158 -0.06711882
v 0.01441629 -1.06207442 -0.06470342
v 0.01434737 -1.06218135 -0.06223228
v 0.01466011 -1.06257689 -0.05980217
v 0.01534245 -1.06324816 -0.05750652
v 0.01636794 -1.06416690 -0.05543209
v 0.01769728 -1.06529987 -0.05365894
v 0.01927871 -1.06660271 -0.05225649
v 0.02105230 -1.06802487 -0.05127647
v 0.02295032 -1.06951368 -0.05075903
v 0.02489845 -1.07100868 -0.05072339
v 0.01604508 -1.06463003 -0.07137110
v 0.01474842 -1.06420875 -0.06947881
v 0.01377718 -1.06399393 -0.06722692
v 0.01320810 -1.06399918 -0.06482407
v 0.01306517 -1.06422365 -0.06236003
v 0.01335290 -1.06466079 -0.05993261
v 0.01406013 -1.06529045 -0.05763385
v 0.01516006 -1.06609201 -0.05555234
v 0.01661050 -1.06703246 -0.05376740
v 0.01835475 -1.06807590 -0.05234842
v 0.02032680 -1.06918311 -0.05134960
v 0.02245021 -1.07031059 -0.05080857
v 0.02464398 -1.07141542 -0.05074901
v 0.01554587 -1.06590855 -0.07151701
v 0.01412071 -1.06582046 -0.06966222
v 0.01303843 -1.06588793 -0.06744247
v 0.01238746 -1.06610346 -0.06506304
v 0.01219433 -1.06645823 -0.06261455
v 0.01246565 -1.06693840 -0.06019213
v 0.01318943 -1.06752539 -0.05788792
v 0.01434005 -1.06819677 -0.05579155
v 0.01587253 -1.06892669 -0.05398254
v 0.01772772 -1.06968725 -0.05253202
v 0.01983428 -1.07044804 -0.05149302
v 0.02210989 -1.07118213 -0.05090786
v 0.02447068 -1.07185960 -0.05079932
v -0.04294721 -1.06542242 -0.06323871
v -0.04438333 -1.06545782 -0.06244595
v -0.04564314 -1.06556630 -0.06139810
v -0.04663164 -1.06573844 -0.06018537
v -0.04294812 -1.06573081 -0.06331792
v -0.04438589 -1.06606340 -0.06260154
v -0.04564583 -1.06644583 -0.06162354
v -0.04663214 -1.06684780 -0.06046849
v -0.04288747 -1.06603122 -0.06340744
v -0.04426650 -1.06665111 -0.06277680
v -0.04547236 -1.06729925 -0.06187768
v -0.04641487 -1.06792355 -0.06078932
v -0.04276835 -1.06631064 -0.06350384
v -0.04403195 -1.06719887 -0.06296649
v -0.04513198 -1.06809521 -0.06215286
v -0.04598519 -1.06892681 -0.06113552
v -0.04259342 -1.06655824 -0.06360314
v -0.04369091 -1.06768596 -0.06316140
v -0.04463775 -1.06880200 -0.06243719
v -0.04536262 -1.06981957 -0.06149489
v -0.04237295 -1.06676674 -0.06370306
v -0.04325750 -1.06809318 -0.06335718
v -0.04400776 -1.06939340 -0.06271964
v -0.04456699 -1.07056499 -0.06185135
v -0.04211295 -1.06692517 -0.06379838
v -0.04274677 -1.06840539 -0.06354377
v -0.04326626 -1.06984591 -0.06299076
v -0.04363165 -1.07113600 -0.06219191
v -0.04182287 -1.06702971 -0.06388642
v -0.04217974 -1.06860960 -0.06371469
v -0.04244209 -1.07014310 -0.06323934
v -0.04259280 -1.07151008 -0.06250419
v -0.04151580 -1.06707501 -0.06396170
v -0.04157611 -1.06869876 -0.06386328
v -0.04156603 -1.07027256 -0.06345461
v -0.04148849 -1.07167399 -0.06277689
v -0.04120245 -1.06706047 -0.06402401
v -0.04096082 -1.06867003 -0.06398466
v -0.04067279 -1.07023025 -0.06363047
v -0.04036161 -1.07161975 -0.06299721
v -0.04089409 -1.06698513 -0.06406926
v -0.04035742 -1.06852210 -0.06407229
v -0.03979643 -1.07001662 -0.06375781
v -0.03925755 -1.07135069 -0.06315865
v -0.04060435 -1.06685305 -0.06409537
v -0.03978833 -1.06826305 -0.06412457
v -0.03897044 -1.06964087 -0.06383303
v -0.03821584 -1.07087660 -0.06325347
v -0.04034364 -1.06666851 -0.06410200
v -0.03927704 -1.06790245 -0.06413842
v -0.03822709 -1.06911695 -0.06385409
v -0.03727752 -1.07021630 -0.06328066
v -0.04012096 -1.06644011 -0.06409053
v -0.03884045 -1.06745422 -0.06411470
v -0.03759399 -1.06846511 -0.06381872
v -0.03647977 -1.06939411 -0.06323501
v -0.03994646 -1.06617558 -0.06405894
v -0.03849728 -1.06693375 -0.06405260
v -0.03709612 -1.06771052 -0.06372917
v -0.03585187 -1.06844211 -0.06312210
v -0.03982646 -1.06588387 -0.06400902
v -0.03826030 -1.06636381 -0.06395636
v -0.03675188 -1.06688201 -0.06358860
v -0.03541894 -1.06739831 -0.06294478
v -0.03976382 -1.06557846 -0.06394321
v -0.03813912 -1.06576359 -0.06382718
v -0.03657563 -1.06601107 -0.06340219
v -0.03519526 -1.06629980 -0.06271085
v -0.03976379 -1.06527007 -0.06386397
v -0.03813809 -1.06515801 -0.06367198
v -0.03657432 -1.06513190 -0.06317709
v -0.03519486 -1.06519008 -0.06242313
v -0.03982375 -1.06496811 -0.06377178
v -0.03825755 -1.06457186 -0.06349441
v -0.03674766 -1.06427979 -0.06291965
v -0.03541236 -1.06411719 -0.06210306
v -0.03994305 -1.06469178 -0.06367652
v -0.03849185 -1.06402349 -0.06330586
v -0.03708802 -1.06348395 -0.06264506
v -0.03584163 -1.06311369 -0.06175601
v -0.04011760 -1.06444418 -0.06357595
v -0.03883293 -1.06353688 -0.06310897
v -0.03758226 -1.06277716 -0.06236064
v -0.03646504 -1.06222129 -0.06139784
v -0.04033849 -1.06423569 -0.06347688
v -0.03926657 -1.06312966 -0.06291453
v -0.03821265 -1.06218553 -0.06207791
v -0.03726031 -1.06147611 -0.06104080
v -0.04059862 -1.06407714 -0.06338173
v -0.03977795 -1.06281734 -0.06272776
v -0.03895415 -1.06173277 -0.06180748
v -0.03819564 -1.06090462 -0.06069991
v -0.04088894 -1.06397223 -0.06329518
v -0.04034499 -1.06261206 -0.06255788
v -0.03977888 -1.06143486 -0.06156040
v -0.03923452 -1.06053042 -0.06038846
v -0.04119607 -1.06392682 -0.06321927
v -0.04094843 -1.06252301 -0.06240916
v -0.04065460 -1.06130528 -0.06134474
v -0.04033888 -1.06036568 -0.06011645
v -0.04150934 -1.06394148 -0.06315814
v -0.04156434 -1.06255186 -0.06228868
v -0.04154824 -1.06134772 -0.06116971
v -0.04146566 -1.06042027 -0.05989522
v -0.04181776 -1.06401694 -0.06311243
v -0.04216684 -1.06269920 -0.06219986
v -0.04242416 -1.06156182 -0.06104131
v -0.04257005 -1.06068897 -0.05973458
v -0.04210749 -1.06414866 -0.06308579
v -0.04273620 -1.06295800 -0.06214799
v -0.04325023 -1.06193697 -0.06096540
v -0.04361178 -1.06116247 -0.05963901
v -0.04236810 -1.06433344 -0.06307837
v -0.04324763 -1.06331992 -0.06213291
v -0.04399370 -1.06246090 -0.06094447
v -0.04455065 -1.06182158 -0.05961385
v -0.04259049 -1.06456161 -0.06308991
v -0.04368290 -1.06376815 -0.06215587
v -0.04462571 -1.06311226 -0.06097914
v -0.04534718 -1.06264508 -0.05965658
v -0.04138736 -1.06546450 -0.06374210
v -0.04276493 -1.06482673 -0.06312169
v -0.04402559 -1.06428838 -0.06221762
v -0.04512301 -1.06386757 -0.06106795
v -0.04597438 -1.06359696 -0.05976877
v -0.04288585 -1.06511831 -0.06317057
v -0.04426213 -1.06485760 -0.06231514
v -0.04546626 -1.06469667 -0.06120835
v -0.04640624 -1.06464052 -0.05994584
v -0.04761909 -1.06587839 -0.05911275
v -0.04911966 -1.06612563 -0.05733210
v -0.05026810 -1.06649137 -0.05518182
v -0.05097112 -1.06693745 -0.05286001
v -0.05120101 -1.06744599 -0.05045716
v -0.05095176 -1.06800056 -0.04806735
v -0.05023289 -1.06857836 -0.04578063
v -0.04907337 -1.06915736 -0.04368603
v -0.04751504 -1.06971478 -0.04186334
v -0.04561748 -1.07022941 -0.04038383
v -0.04345599 -1.07068205 -0.03930205
v -0.04111159 -1.07105410 -0.03866111
v -0.03867489 -1.07133222 -0.03848696
v -0.04762030 -1.06721091 -0.05945197
v -0.04912121 -1.06780326 -0.05776004
v -0.05026941 -1.06846380 -0.05568405
v -0.05097443 -1.06912851 -0.05342058
v -0.05120528 -1.06977415 -0.05105163
v -0.05095607 -1.07037449 -0.04867403
v -0.05023860 -1.07090628 -0.04637587
v -0.04907802 -1.07134938 -0.04424711
v -0.04751858 -1.07168818 -0.04236854
v -0.04562111 -1.07190704 -0.04081286
v -0.04345835 -1.07200086 -0.03963971
v -0.04111386 -1.07196271 -0.03889375
v -0.03867576 -1.07179511 -0.03860552
v -0.04735707 -1.06850469 -0.05983691
v -0.04879020 -1.06943500 -0.05824465
v -0.04988019 -1.07038140 -0.05625528
v -0.05054204 -1.07125926 -0.05405398
v -0.05074839 -1.07203603 -0.05172567
v -0.05049156 -1.07267916 -0.04936112
v -0.04978225 -1.07316816 -0.04705030
v -0.04864759 -1.07347965 -0.04488275
v -0.04713168 -1.07360530 -0.04294013
v -0.04529250 -1.07353783 -0.04129954
v -0.04320014 -1.07328081 -0.04002127
v -0.04093498 -1.07284474 -0.03915697
v -0.03858490 -1.07224464 -0.03873984
v -0.04684292 -1.06971073 -0.06025346
v -0.04814076 -1.07095432 -0.05876879
v -0.04911595 -1.07216811 -0.05687036
v -0.04969278 -1.07324564 -0.05473811
v -0.04984736 -1.07414293 -0.05245260
v -0.04957332 -1.07482862 -0.05010264
v -0.04888172 -1.07527423 -0.04777759
v -0.04779920 -1.07546496 -0.04556785
v -0.04636800 -1.07539177 -0.04355693
v -0.04464367 -1.07505715 -0.04182382
v -0.04269024 -1.07447541 -0.04043356
v -0.04058430 -1.07366657 -0.03944100
v -0.03840619 -1.07266426 -0.03888423
v -0.04609267 -1.07078254 -0.06068406
v -0.04719506 -1.07230461 -0.05931038
v -0.04800521 -1.07375622 -0.05750826
v -0.04845820 -1.07500923 -0.05544592
v -0.04853638 -1.07601631 -0.05320473
v -0.04823688 -1.07673788 -0.05086986
v -0.04757140 -1.07714760 -0.04853004
v -0.04656551 -1.07722914 -0.04627674
v -0.04525798 -1.07697952 -0.04419477
v -0.04369912 -1.07640743 -0.04236598
v -0.04194804 -1.07553613 -0.04085964
v -0.04007325 -1.07439816 -0.03973430
v -0.03814505 -1.07303607 -0.03903419
v -0.04513704 -1.07167935 -0.06111215
v -0.04599203 -1.07343400 -0.05985011
v -0.04659059 -1.07508361 -0.05814295
v -0.04688577 -1.07648468 -0.05615094
v -0.04686694 -1.07758224 -0.05395312
v -0.04653543 -1.07833529 -0.05163280
v -0.04590194 -1.07871401 -0.04927833
v -0.04499368 -1.07870412 -0.04698143
v -0.04384333 -1.07830715 -0.04482885
v -0.04249652 -1.07753658 -0.04290585
v -0.04100315 -1.07642341 -0.04128380
v -0.03942174 -1.07500923 -0.04002662
v -0.03781395 -1.07334816 -0.03918278
v -0.04401277 -1.07236481 -0.06152096
v -0.04457543 -1.07429874 -0.06036551
v -0.04492558 -1.07610011 -0.05874930
v -0.04503545 -1.07761419 -0.05682535
v -0.04490381 -1.07878196 -0.05466896
v -0.04453379 -1.07955825 -0.05236210
v -0.04393961 -1.07991374 -0.04999426
v -0.04314397 -1.07983446 -0.04765567
v -0.04217891 -1.07932401 -0.04543592
v -0.04108079 -1.07840133 -0.04342202
v -0.03989029 -1.07710218 -0.04168950
v -0.03865594 -1.07547641 -0.04030601
v -0.03742307 -1.07358646 -0.03932500
v -0.04276328 -1.07281518 -0.06189650
v -0.04300054 -1.07486534 -0.06083886
v -0.04307427 -1.07676721 -0.05930539
v -0.04297853 -1.07835507 -0.05744307
v -0.04271994 -1.07956839 -0.05532465
v -0.04230717 -1.08035970 -0.05303099
v -0.04175559 -1.08070004 -0.05065017
v -0.04108726 -1.08057594 -0.04827368
v -0.04032829 -1.07999063 -0.04599156
v -0.03950581 -1.07896829 -0.04389461
v -0.03865419 -1.07754755 -0.04206086
v -0.03780406 -1.07578409 -0.04056169
v -0.03698853 -1.07374310 -0.03945528
v -0.04143599 -1.07301176 -0.06222375
v -0.04132955 -1.07511258 -0.06124967
v -0.04110821 -1.07705832 -0.05978889
v -0.04079476 -1.07867885 -0.05798022
v -0.04040131 -1.07991111 -0.05589486
v -0.03994275 -1.08071029 -0.05361287
v -0.03943747 -1.08104348 -0.05122004
v -0.03890354 -1.08089924 -0.04881069
v -0.03836234 -1.08028233 -0.04647532
v -0.03783485 -1.07921565 -0.04430576
v -0.03734058 -1.07774270 -0.04238370
v -0.03689919 -1.07591808 -0.04078459
v -0.03652748 -1.07381153 -0.03956905
v -0.04008181 -1.07294726 -0.06248811
v -0.03962444 -1.07503104 -0.06158332
v -0.03910297 -1.07696235 -0.06018170
v -0.03856740 -1.07857275 -0.05841650
v -0.03803684 -1.07979929 -0.05635805
v -0.03753180 -1.08059466 -0.05408429
v -0.03707278 -1.08093131 -0.05168340
v -0.03667621 -1.08079290 -0.04924672
v -0.03635762 -1.08018625 -0.04686771
v -0.03613012 -1.07913423 -0.04463977
v -0.03600061 -1.07767832 -0.04264591
v -0.03597627 -1.07587421 -0.04096506
v -0.03605700 -1.07378900 -0.03966104
v -0.03875431 -1.07262385 -0.06268218
v -0.03795080 -1.07462406 -0.06182762
v -0.03713538 -1.07648349 -0.06046814
v -0.03638087 -1.07804048 -0.05873491
v -0.03571560 -1.07923460 -0.05669639
v -0.03516586 -1.08001995 -0.05442899
v -0.03475098 -1.08036661 -0.05202122
v -0.03448986 -1.08026075 -0.04956523
v -0.03438991 -1.07970726 -0.04715444
v -0.03445649 -1.07872784 -0.04488317
v -0.03468662 -1.07735872 -0.04283728
v -0.03507106 -1.07565343 -0.04109696
v -0.03559519 -1.07367647 -0.03972828
v -0.03750237 -1.07205462 -0.06279748
v -0.03637375 -1.07390714 -0.06197207
v -0.03528098 -1.07564020 -0.06063765
v -0.03432066 -1.07710314 -0.05892301
v -0.03352901 -1.07823956 -0.05689600
v -0.03293584 -1.07900548 -0.05463272
v -0.03256522 -1.07937133 -0.05222082
v -0.03243008 -1.07932353 -0.04975361
v -0.03253631 -1.07886398 -0.04732405
v -0.03287964 -1.07801068 -0.04502792
v -0.03344753 -1.07679510 -0.04295079
v -0.03421831 -1.07526493 -0.04117505
v -0.03516017 -1.07347918 -0.03976836
v -0.03637494 -1.07126141 -0.06282910
v -0.03495385 -1.07290721 -0.06201139
v -0.03361176 -1.07446504 -0.06068423
v -0.03246561 -1.07579684 -0.05897455
v -0.03155984 -1.07685208 -0.05695031
v -0.03092825 -1.07759094 -0.05468807
v -0.03059589 -1.07798374 -0.05227512
v -0.03057516 -1.07801688 -0.04980431
v -0.03086677 -1.07768857 -0.04737000
v -0.03146064 -1.07701039 -0.04506687
v -0.03233218 -1.07600975 -0.04298176
v -0.03344877 -1.07472432 -0.04119641
v -0.03476904 -1.07320297 -0.03977868
v -0.03541541 -1.07027340 -0.06277559
v -0.03374556 -1.07166433 -0.06194448
v -0.03219108 -1.07300234 -0.06060506
v -0.03088668 -1.07417154 -0.05888666
v -0.02988304 -1.07512689 -0.05685698
v -0.02921886 -1.07583141 -0.05459262
v -0.02891977 -1.07625842 -0.05218142
v -0.02899654 -1.07639182 -0.04971626
v -0.02944631 -1.07622540 -0.04729028
v -0.03025165 -1.07576680 -0.04499943
v -0.03138267 -1.07503223 -0.04292863
v -0.03279552 -1.07405043 -0.04115961
v -0.03443525 -1.07285988 -0.03976044
v -0.03466182 -1.06912959 -0.06263857
v -0.03279508 -1.07022345 -0.06177355
v -0.03107326 -1.07130873 -0.06040349
v -0.02964441 -1.07228923 -0.05866291
v -0.02856471 -1.07312965 -0.05661953
v -0.02787455 -1.07379496 -0.05435047
v -0.02760071 -1.07426119 -0.05194409
v -0.02775466 -1.07450902 -0.04949219
v -0.02832903 -1.07453156 -0.04708860
v -0.02930210 -1.07432604 -0.04482764
v -0.03063616 -1.07389963 -0.04279376
v -0.03228133 -1.07327127 -0.04106660
v -0.03417368 -1.07246256 -0.03971304
v -0.03414033 -1.06787372 -0.06242593
v -0.03213921 -1.06864083 -0.06150462
v -0.03030214 -1.06944859 -0.06008751
v -0.02878702 -1.07022238 -0.05831219
v -0.02765456 -1.07093489 -0.05624641
v -0.02694737 -1.07155740 -0.05397027
v -0.02669147 -1.07206643 -0.05157106
v -0.02689720 -1.07244265 -0.04914154
v -0.02755739 -1.07267165 -0.04677256
v -0.02864649 -1.07274365 -0.04455826
v -0.03012162 -1.07265747 -0.04258237
v -0.03192557 -1.07241523 -0.04092131
v -0.03399252 -1.07202601 -0.03963891
v -0.03387357 -1.06655431 -0.06214350
v -0.03180341 -1.06697905 -0.06114867
v -0.02990624 -1.06749392 -0.05966878
v -0.02834824 -1.06805110 -0.05784721
v -0.02718892 -1.06862962 -0.05575199
v -0.02647142 -1.06920719 -0.05346768
v -0.02622570 -1.06976163 -0.05107762
v -0.02645809 -1.07027137 -0.04867605
v -0.02716229 -1.07071733 -0.04635417
v -0.02831014 -1.07108223 -0.04420265
v -0.02985668 -1.07135177 -0.04230288
v -0.03174504 -1.07151556 -0.04072846
v -0.03390009 -1.07156777 -0.03954031
v -0.03387049 -1.06522179 -0.06180224
v -0.03179996 -1.06530142 -0.06071851
v -0.02990312 -1.06552029 -0.05916361
v -0.02834355 -1.06585836 -0.05728628
v -0.02718364 -1.06630206 -0.05515745
v -0.02646729 -1.06683373 -0.05285972
v -0.02621992 -1.06743407 -0.05048206
v -0.02645325 -1.06807911 -0.04811540
v -0.02715778 -1.06874430 -0.04584933
v -0.02830661 -1.06940424 -0.04377379
v -0.02985447 -1.07003248 -0.04196534
v -0.03174163 -1.07060695 -0.04049619
v -0.03389867 -1.07110417 -0.03942212
v -0.03413268 -1.06392789 -0.06141543
v -0.03212920 -1.06366968 -0.06023185
v -0.03029031 -1.06360328 -0.05859134
v -0.02877451 -1.06372845 -0.05665056
v -0.02764022 -1.06404018 -0.05448245
v -0.02693229 -1.06452870 -0.05217183
v -0.02667636 -1.06517196 -0.04980714
v -0.02688360 -1.06594861 -0.04747959
v -0.02754493 -1.06682706 -0.04527764
v -0.02863532 -1.06777358 -0.04328707
v -0.03011260 -1.06875241 -0.04158372
v -0.03192044 -1.06972492 -0.04023261
v -0.03398955 -1.07065451 -0.03928777
v -0.03464746 -1.06272173 -0.06099884
v -0.03277820 -1.06215060 -0.05970708
v -0.03105382 -1.06181645 -0.05797450
v -0.02962327 -1.06174302 -0.05596521
v -0.02854112 -1.06193352 -0.05375466
v -0.02785039 -1.06237936 -0.05142992
v -0.02757749 -1.06306565 -0.04908001
v -0.02773210 -1.06396329 -0.04679417
v -0.02830826 -1.06504011 -0.04466052
v -0.02928408 -1.06625414 -0.04276274
v -0.03062213 -1.06755793 -0.04117093
v -0.03227178 -1.06890297 -0.03994903
v -0.03416827 -1.07023525 -0.03914332
v -0.03539745 -1.06165028 -0.06056806
v -0.03372291 -1.06080091 -0.05916458
v -0.03216356 -1.06022847 -0.05733675
v -0.03085689 -1.05997872 -0.05525573
v -0.02985146 -1.06006050 -0.05300228
v -0.02918645 -1.06047058 -0.05066256
v -0.02888745 -1.06119239 -0.04832713
v -0.02896584 -1.06219959 -0.04608566
v -0.02941823 -1.06345260 -0.04402235
v -0.03022834 -1.06490397 -0.04222001
v -0.03136431 -1.06649745 -0.04074486
v -0.03278224 -1.06817162 -0.03965572
v -0.03442964 -1.06986356 -0.03899398
v -0.03635289 -1.06075358 -0.06013978
v -0.03492605 -1.05967164 -0.05862511
v -0.03357879 -1.05890119 -0.05670181
v -0.03242882 -1.05850387 -0.05455070
v -0.03151987 -1.05849385 -0.05225316
v -0.03088709 -1.05887282 -0.04989952
v -0.03055618 -1.05962634 -0.04757832
v -0.03053764 -1.06072414 -0.04538029
v -0.03083290 -1.06212509 -0.04338789
v -0.03143129 -1.06377482 -0.04168048
v -0.03230958 -1.06561065 -0.04032129
v -0.03343423 -1.06756032 -0.03936328
v -0.03476044 -1.06955111 -0.03884450
v -0.03623946 -1.07150567 -0.03878296
v -0.03747708 -1.06006789 -0.05972964
v -0.03634121 -1.05880702 -0.05810823
v -0.03524343 -1.05788445 -0.05609486
v -0.03427890 -1.05737352 -0.05387667
v -0.03348312 -1.05729389 -0.05153759
v -0.03289025 -1.05764961 -0.04916909
v -0.03251906 -1.05842626 -0.04686284
v -0.03238742 -1.05959404 -0.04470564
v -0.03249726 -1.06110847 -0.04278158
v -0.03284693 -1.06290996 -0.04116429
v -0.03342231 -1.06493115 -0.03991498
v -0.03419998 -1.06709313 -0.03908395
v -0.03515116 -1.06931305 -0.03870230
v -0.03872617 -1.05961728 -0.05935426
v -0.03791688 -1.05824006 -0.05763566
v -0.03709397 -1.05721712 -0.05553877
v -0.03633559 -1.05663204 -0.05325837
v -0.03566703 -1.05650771 -0.05088185
v -0.03511541 -1.05684817 -0.04850148
v -0.03470234 -1.05763984 -0.04620694
v -0.03444405 -1.05885255 -0.04408818
v -0.03434841 -1.06044137 -0.04222533
v -0.03442123 -1.06234312 -0.04069106
v -0.03465817 -1.06448579 -0.03954441
v -0.03505134 -1.06678545 -0.03882808
v -0.03558578 -1.06915629 -0.03857198
v -0.04005383 -1.05942047 -0.05902822
v -0.03958784 -1.05799198 -0.05722468
v -0.03906002 -1.05692589 -0.05505536
v -0.03851938 -1.05630839 -0.05272121
v -0.03798508 -1.05616474 -0.05031126
v -0.03747896 -1.05649745 -0.04791988
v -0.03702067 -1.05729699 -0.04563692
v -0.03662749 -1.05852938 -0.04355081
v -0.03631383 -1.06014991 -0.04174168
v -0.03609229 -1.06209540 -0.04028011
v -0.03597173 -1.06429088 -0.03922080
v -0.03595630 -1.06665230 -0.03860558
v -0.03604695 -1.06908822 -0.03845862
v -0.04140798 -1.05948484 -0.05876296
v -0.04129263 -1.05807388 -0.05689093
v -0.04106556 -1.05702138 -0.05466302
v -0.04074667 -1.05641496 -0.05228533
v -0.04035000 -1.05627680 -0.04984847
v -0.03989064 -1.05661345 -0.04744726
v -0.03938562 -1.05740881 -0.04517358
v -0.03885423 -1.05863547 -0.04311462
v -0.03831883 -1.06024575 -0.04134909
v -0.03779718 -1.06217718 -0.03994673
v -0.03731180 -1.06435513 -0.03895847
v -0.03687923 -1.06669545 -0.03842485
v -0.03651736 -1.06911099 -0.03836603
v -0.04273634 -1.05980825 -0.05856916
v -0.04296678 -1.05848026 -0.05664675
v -0.04303297 -1.05750024 -0.05437681
v -0.04293271 -1.05694699 -0.05196747
v -0.04267167 -1.05684161 -0.04951026
v -0.04225705 -1.05718827 -0.04710244
v -0.04170666 -1.05797374 -0.04483515
v -0.04104056 -1.05916786 -0.04279668
v -0.04028645 -1.06072485 -0.04106263
v -0.03947097 -1.06258380 -0.03970246
v -0.03862578 -1.06467462 -0.03876717
v -0.03778473 -1.06691694 -0.03829300
v -0.03697917 -1.06922293 -0.03829930
v -0.04398850 -1.06037664 -0.05845571
v -0.04454379 -1.05919695 -0.05650325
v -0.04488773 -1.05834413 -0.05420679
v -0.04499398 -1.05788410 -0.05177897
v -0.04485789 -1.05783701 -0.04931057
v -0.04448731 -1.05820298 -0.04689892
v -0.04389279 -1.05896902 -0.04463564
v -0.04310142 -1.06010556 -0.04260825
v -0.04214001 -1.06156862 -0.04089345
v -0.04104787 -1.06330109 -0.03955812
v -0.03986494 -1.06523800 -0.03865406
v -0.03863746 -1.06730461 -0.03821495
v -0.03741441 -1.06942081 -0.03825960
v -0.04511628 -1.06117010 -0.05842465
v -0.04596408 -1.06019640 -0.05646440
v -0.04655787 -1.05951905 -0.05416176
v -0.04684920 -1.05919075 -0.05172826
v -0.04682752 -1.05922461 -0.04925679
v -0.04649497 -1.05961752 -0.04684407
v -0.04586259 -1.06035674 -0.04458142
v -0.04495617 -1.06141162 -0.04255687
v -0.04380973 -1.06274402 -0.04084738
v -0.04246756 -1.06430125 -0.03951954
v -0.04098057 -1.06602347 -0.03862327
v -0.03940672 -1.06784523 -0.03819355
v -0.03780544 -1.06969702 -0.03824867
v -0.04607639 -1.06215787 -0.05847866
v -0.04717368 -1.06144047 -0.05653262
v -0.04797874 -1.06098211 -0.05424148
v -0.04842909 -1.06081557 -0.05181655
v -0.04850454 -1.06094968 -0.04935086
v -0.04820407 -1.06137669 -0.04693942
v -0.04753913 -1.06208205 -0.04467519
v -0.04653537 -1.06303751 -0.04264550
v -0.04523024 -1.06420696 -0.04092697
v -0.04367592 -1.06554496 -0.03958656
v -0.04192983 -1.06700122 -0.03867630
v -0.04006006 -1.06851923 -0.03823031
v -0.03813918 -1.07003951 -0.03826698
v -0.04682909 -1.06330156 -0.05861425
v -0.04812464 -1.06288052 -0.05670501
v -0.04909754 -1.06267500 -0.05444401
v -0.04967176 -1.06269825 -0.05204172
v -0.04982347 -1.06294692 -0.04958887
v -0.04954824 -1.06341362 -0.04718184
v -0.04885785 -1.06407917 -0.04491302
v -0.04777724 -1.06491947 -0.04286969
v -0.04634814 -1.06590068 -0.04112824
v -0.04462528 -1.06698561 -0.03975828
v -0.04267642 -1.06813395 -0.03881146
v -0.04057434 -1.06929851 -0.03832319
v -0.03840074 -1.07043719 -0.03831448
v -0.04735047 -1.06455755 -0.05882799
v -0.04878260 -1.06446314 -0.05697581
v -0.04987139 -1.06453431 -0.05476157
v -0.05053072 -1.06476426 -0.05239405
v -0.05073428 -1.06514096 -0.04996237
v -0.05047578 -1.06565094 -0.04756290
v -0.04976745 -1.06627393 -0.04528632
v -0.04863423 -1.06698632 -0.04322125
v -0.04711897 -1.06776059 -0.04144438
v -0.04528107 -1.06856799 -0.04002774
v -0.04319096 -1.06937587 -0.03902261
v -0.04092991 -1.07015455 -0.03846842
v -0.03858206 -1.07087398 -0.03838899
f 4 2 1
f 8 6 5
f 13 15 14
f 17 19 18
f 32 30 29
f 36 34 33
f 37 39 38
f 21 23 20
f 25 27 24
f 41 43 42
f 48 46 45
f 52 50 49
f 53 55 54
f 60 58 57
f 29 62 61
f 66 64 63
f 67 6 68
f 72 70 69
f 76 74 73
f 77 79 78
f 81 83 82
f 59 86 85
f 88 90 89
f 96 94 93
f 100 98 97
f 101 103 102
f 106 34 87
f 108 115 107
f 117 36 118
f 124 126 125
f 131 129 128
f 132 134 133
f 142 140 139
f 148 60 147
f 144 127 124
f 149 151 150
f 156 154 153
f 159 158 157
f 116 164 105
f 171 169 168
f 174 173 172
f 179 181 180
f 186 188 187
f 194 196 195
f 199 139 198
f 206 208 207
f 213 211 210
f 202 214 201
f 96 216 54
f 92 43 44
f 97 246 100
f 250 229 228
f 252 58 253
f 258 256 255
f 260 229 259
f 110 112 113
f 114 263 109
f 265 267 266
f 56 270 269
f 274 249 250
f 185 63 64
f 280 278 276
f 285 283 157
f 288 211 212
f 141 92 46
f 289 175 176
f 148 105 106
f 312 170 171
f 238 42 43
f 318 160 317
f 310 308 307
f 241 325 324
f 160 240 317
f 47 307 308
f 108 315 164
f 345 86 119
f 348 350 349
f 356 358 357
f 355 353 352
f 363 32 362
f 149 150 176
f 364 253 365
f 366 368 367
f 183 371 63
f 163 161 160
f 209 101 208
f 378 165 166
f 379 381 380
f 383 3 4
f 284 386 385
f 387 389 388
f 391 229 249
f 73 397 396
f 405 407 406
f 203 411 410
f 414 413 412
f 1 357 4
f 277 131 275
f 254 57 58
f 358 415 351
f 417 386 408
f 401 192 420
f 419 127 143
f 421 182 422
f 103 302 409
f 428 368 174
f 380 359 356
f 62 266 323
f 140 431 430
f 357 351 348
f 356 379 380
f 415 403 434
f 437 436 435
f 438 440 439
f 188 450 449
f 452 454 453
f 265 181 421
f 224 64 225
f 237 213 427
f 275 128 458
f 281 460 459
f 50 79 461
f 73 282 281
f 468 466 465
f 390 352 359
f 482 484 483
f 489 487 486
f 493 495 494
f 472 470 469
f 502 500 499
f 220 222 223
f 512 143 66
f 518 511 80
f 513 230 286
f 205 31 244
f 189 451 188
f 163 532 8
f 533 225 251
f 446 447 412
f 335 540 334
f 544 546 545
f 329 291 292
f 199 262 238
f 385 416 550
f 532 191 247
f 363 118 243
f 236 237 250
f 578 580 579
f 573 571 570
f 561 562 272
f 241 259 240
f 590 592 591
f 545 595 594
f 503 155 504
f 606 624 623
f 478 480 479
f 646 648 647
f 590 689 684
f 564 651 650
f 728 184 727
f 714 716 715
f 692 575 693
f 541 581 578
f 346 248 400
f 161 230 160
f 128 94 95
f 698 704 703
f 574 576 575
f 290 401 328
f 630 725 726
f 733 735 734
f 755 496 493
f 759 481 760
f 757 762 761
f 764 466 467
f 768 9260 9261
f 759 488 489
f 492 475 771
f 474 769 473
f 773 465 772
f 771 486 483
f 484 775 491
f 774 489 486
f 495 764 756
f 495 761 494
f 137 784 136
f 325 797 547
f 165 51 52
f 369 29 370
f 730 568 569
f 90 301 89
f 243 516 242
f 800 806 805
f 817 808 816
f 816 823 822
f 306 447 807
f 815 809 808
f 829 828 825
f 726 501 502
f 274 424 423
f 879 881 880
f 884 879 885
f 219 217 211
f 906 904 897
f 455 205 542
f 898 830 829
f 903 880 881
f 906 897 898
f 377 519 165
f 923 948 946
f 946 951 950
f 8963 739 8961
f 900 886 880
f 225 65 144
f 182 442 422
f 809 947 824
f 954 962 961
f 927 965 966
f 885 880 886
f 925 966 967
f 343 341 340
f 965 971 968
f 968 970 969
f 972 969 973
f 963 981 978
f 336 338 339
f 992 827 828
f 810 996 959
f 1007 1002 1008
f 1012 827 1009
f 1011 1007 1008
f 294 292 291
f 907 920 919
f 1017 1019 1018
f 1020 1022 1021
f 1035 1020 1044
f 1061 1047 1046
f 1063 1046 1062
f 1044 1021 1045
f 1102 1097 1109
f 1116 1118 1117
f 1016 1014 1013
f 881 904 903
f 816 1127 817
f 1094 949 1097
f 514 167 515
f 146 81 82
f 1133 1130 1129
f 1102 1126 822
f 822 1116 816
f 1145 1148 1136
f 1076 1151 1069
f 1148 1086 1087
f 1109 1114 1136
f 1154 1156 1155
f 1153 967 1156
f 8815 463 9166
f 1144 1152 1151
f 1156 1163 1162
f 1164 1169 1165
f 1145 1176 1147
f 1114 1154 1171
f 1183 1164 1177
f 1184 1177 1185
f 1069 1062 1064
f 1023 1194 1022
f 1162 1170 1169
f 1195 1185 1191
f 1183 1176 1155
f 1201 1152 1196
f 1061 1201 1202
f 9277 843 9288
f 1203 1195 1034
f 1202 1184 1195
f 1218 1203 1217
f 1060 1202 1203
f 1225 1217 1219
f 671 694 670
f 1219 1024 1035
f 1217 1034 1024
f 1226 1015 1227
f 1243 1234 1233
f 1231 1229 1228
f 847 1233 843
f 843 1244 878
f 1233 1245 1244
f 1923 233 216
f 2100 499 500
f 9366 2135 9352
f 61 323 505
f 210 217 457
f 1299 1309 1300
f 9315 1231 9314
f 1066 1321 1322
f 1322 1228 1229
f 1060 1321 1047
f 1325 1323 1310
f 1244 1332 1330
f 1290 1242 1288
f 1337 1339 1338
f 1330 1340 1339
f 1341 1245 1294
f 1342 1332 1341
f 1343 1341 1344
f 1344 1294 1293
f 9309 1345 1346
f 1347 1342 1343
f 9308 1295 1345
f 1349 1348 1347
f 9313 1347 9305
f 9305 1343 9309
f 906 829 1353
f 905 1353 1354
f 865 1355 1357
f 1355 829 825
f 1357 825 826
f 1356 1353 1355
f 9286 1338 9285
f 866 1356 865
f 1358 1354 1356
f 9280 1337 9286
f 838 1012 841
f 1363 1338 1339
f 1368 1339 1340
f 1348 1340 1342
f 1371 9276 9281
f 524 526 523
f 528 530 527
f 1372 1369 1371
f 535 537 538
f 1367 1348 1350
f 1370 1359 1369
f 1369 9285 9276
f 1373 903 904
f 555 557 558
f 1374 910 1373
f 1373 905 1375
f 1374 1375 1376
f 1375 1354 1370
f 1378 908 1377
f 376 651 1387
f 1388 973 969
f 586 588 585
f 1390 1388 1391
f 1391 969 970
f 597 599 596
f 600 602 603
f 1392 970 979
f 608 610 607
f 612 523 611
f 614 616 613
f 617 25 24
f 620 622 619
f 1397 1391 1392
f 1398 1392 1399
f 1400 920 1378
f 1402 1165 1169
f 636 638 635
f 930 1402 929
f 641 643 644
f 929 1169 1170
f 1404 1403 1402
f 1411 1365 1406
f 1412 1415 1414
f 652 654 655
f 609 657 658
f 659 661 662
f 558 586 585
f 665 667 664
f 1413 1406 1412
f 1418 9262 9265
f 1417 1371 1416
f 1416 9281 9262
f 1419 1416 1418
f 1386 1374 1420
f 677 679 676
f 1385 1420 1421
f 1420 1376 1422
f 685 687 688
f 1421 1422 1423
f 528 691 658
f 1422 1372 1417
f 1018 747 1425
f 699 701 702
f 1424 579 1017
f 9115 1767 9112
f 700 711 712
f 1093 9206 1571
f 717 530 719
f 721 723 720
f 704 8987 8998
f 19 1426 1430
f 1429 1427 1426
f 1658 8986 8988
f 1439 1434 1438
f 1437 1435 1434
f 1426 1433 1432
f 1442 1432 1440
f 742 744 745
f 1432 1441 1440
f 751 753 750
f 1438 1403 1405
f 1446 1444 1443
f 1447 1446 1443
f 9312 1443 9300
f 1415 1445 1446
f 1414 1446 1448
f 2173 469 470
f 777 779 686
f 780 782 783
f 1676 1806 1675
f 9311 1349 9313
f 789 791 788
f 745 793 742
f 652 795 653
f 1455 1457 1456
f 1454 1350 1452
f 610 802 801
f 9283 698 703
f 1352 1045 1351
f 1015 1459 1460
f 811 813 814
f 2118 9269 2117
f 819 821 818
f 1466 1194 1190
f 1467 1465 1466
f 1182 1468 1467
f 832 833 831
f 835 837 834
f 1467 1190 1182
f 1469 1444 1445
f 840 712 690
f 1453 1469 1454
f 599 845 846
f 1226 9301 9307
f 851 853 850
f 855 856 854
f 858 860 857
f 861 863 864
f 1014 9307 9310
f 867 868 869
f 870 872 873
f 874 876 877
f 1310 1471 1309
f 1476 1427 1475
f 1461 1475 1460
f 887 889 890
f 788 892 891
f 894 896 893
f 1460 1227 1015
f 901 524 612
f 1465 1477 1464
f 1865 8944 1864
f 911 913 914
f 916 918 915
f 1850 8951 1851
f 921 895 894
f 1479 1436 1478
f 926 667 601
f 1481 563 1480
f 269 84 1482
f 931 933 916
f 934 614 869
f 936 688 937
f 938 662 939
f 1484 122 123
f 941 835 834
f 320 509 510
f 1849 8949 1850
f 84 1484 83
f 1487 1488 539
f 1757 8946 8953
f 365 1491 364
f 461 80 511
f 117 362 1496
f 1494 541 1495
f 926 957 958
f 1477 1433 1476
f 1709 1585 1700
f 119 1496 345
f 271 504 156
f 511 189 186
f 345 1492 365
f 255 344 254
f 57 299 132
f 1501 268 1500
f 267 1499 145
f 974 976 977
f 1678 1693 1676
f 9298 1807 9292
f 557 663 558
f 983 984 985
f 1443 9301 9300
f 421 268 265
f 989 991 988
f 1490 418 1504
f 279 309 310
f 997 676 679
f 998 999 875
f 1504 38 1505
f 1506 1507 1486
f 360 1508 1506
f 1506 207 360
f 939 1006 938
f 270 1483 269
f 66 546 512
f 1010 793 935
f 367 437 1509
f 244 363 243
f 1670 8978 1669
f 209 1510 226
f 235 1512 1511
f 1511 234 235
f 388 426 425
f 427 250 237
f 161 521 231
f 100 45 44
f 1025 608 1027
f 1029 1031 1028
f 939 1033 1032
f 41 594 99
f 1036 783 1037
f 702 1038 1039
f 1040 1042 1043
f 362 369 1493
f 187 477 186
f 70 539 198
f 1511 1521 234
f 1049 603 1048
f 613 869 614
f 860 1051 857
f 1005 1053 1006
f 753 1056 1054
f 1057 1059 1055
f 293 1522 292
f 288 1521 1522
f 292 1523 329
f 331 1508 1524
f 306 453 305
f 100 41 99
f 462 78 79
f 330 1524 462
f 635 1068 636
f 1485 1526 1528
f 206 1528 1510
f 1070 1072 831
f 942 1073 1074
f 916 1075 917
f 440 1530 439
f 157 1514 285
f 1529 5 1530
f 371 546 63
f 790 663 791
f 1077 857 1078
f 1403 1435 1165
f 1080 1082 1079
f 531 1529 440
f 21 1084 1085
f 272 1531 561
f 137 396 397
f 690 802 691
f 335 9011 581
f 1090 1029 1091
f 1092 794 1042
f 1533 137 138
f 661 1095 1096
f 69 445 72
f 1099 1101 1098
f 38 1536 1505
f 1104 1106 1103
f 852 1108 853
f 1377 909 1386
f 291 411 294
f 316 516 33
f 539 1533 534
f 1505 316 313
f 1110 1112 1113
f 1539 460 264
f 522 1537 1539
f 834 1120 1119
f 1122 1124 1121
f 612 1041 901
f 935 615 614
f 276 130 131
f 1686 8966 1685
f 193 1541 273
f 231 1540 287
f 556 982 557
f 365 85 345
f 190 318 1541
f 1810 9018 8972
f 9376 8956 9243
f 1132 985 1131
f 208 102 132
f 1134 662 661
f 1491 80 77
f 429 1542 147
f 1137 915 918
f 172 428 174
f 1139 1141 1142
f 549 54 55
f 1517 1518 296
f 976 1146 938
f 834 984 941
f 1543 286 115
f 1544 239 513
f 133 1544 1542
f 506 257 258
f 420 328 401
f 1158 1160 1157
f 587 1103 588
f 1513 1514 151
f 607 1027 608
f 304 1545 303
f 364 77 506
f 69 198 139
f 1006 976 938
f 700 1112 701
f 9329 8969 9239
f 1166 657 656
f 1167 858 1077
f 1300 8968 1299
f 1172 1174 1175
f 218 200 217
f 1179 1181 1178
f 372 97 98
f 89 227 88
f 1186 1188 1189
f 172 1517 1549
f 1482 81 1498
f 1090 1193 1030
f 394 353 1551
f 526 1198 1197
f 811 858 812
f 1199 1026 1025
f 606 697 696
f 1204 1206 743
f 1207 523 526
f 1209 867 613
f 914 685 936
f 1478 1441 1477
f 1029 1161 1091
f 1211 1213 1214
f 9310 1451 9311
f 844 1216 845
f 423 273 274
f 1220 1222 1083
f 22 1224 23
f 882 897 881
f 1519 173 387
f 1189 1232 1178
f 349 550 416
f 1071 1236 1072
f 1237 1239 745
f 1221 1189 1240
f 1510 1512 333
f 939 1241 1005
f 1556 5 67
f 1553 394 1551
f 404 67 347
f 1247 1249 1246
f 142 238 92
f 1251 635 1250
f 850 1253 851
f 1254 1077 1255
f 57 133 429
f 443 552 551
f 1187 1175 1188
f 1256 831 833
f 432 382 383
f 741 747 746
f 434 351 415
f 349 383 348
f 251 1481 1480
f 395 352 353
f 1518 1550 1551
f 1558 378 340
f 109 314 315
f 285 1513 407
f 395 393 392
f 202 410 1558
f 417 405 432
f 1246 1258 1247
f 3 297 2
f 1259 1261 1262
f 403 347 284
f 955 953 952
f 462 51 330
f 1096 687 1263
f 429 60 57
f 896 1265 932
f 1267 1268 1266
f 423 327 420
f 37 180 40
f 20 1187 1186
f 1256 1071 1070
f 155 156 504
f 1188 1269 1232
f 1236 1271 1262
f 1272 535 621
f 565 463 464
f 1273 745 1239
f 876 1255 1274
f 316 164 315
f 437 503 1509
f 194 1495 197
f 1275 864 863
f 624 631 630
f 1277 1137 1278
f 569 567 566
f 1481 125 366
f 324 547 326
f 1279 1107 1280
f 1525 329 1523
f 1281 1137 918
f 171 1553 1552
f 1488 396 1533
f 1557 1562 1559
f 1282 1206 1205
f 1053 1278 1281
f 778 607 1283
f 713 9010 9013
f 251 144 124
f 4 348 383
f 709 707 706
f 728 45 246
f 261 1563 544
f 789 1287 790
f 74 263 282
f 403 385 434
f 1178 1240 1189
f 1223 1289 1224
f 158 150 151
f 1220 1186 1221
f 296 354 433
f 784 1538 1566
f 1181 1291 1222
f 1269 1257 1246
f 1566 438 399
f 136 1566 1564
f 1563 169 1565
f 107 109 108
f 1297 1298 1296
f 1464 1476 1461
f 1520 507 508
f 1301 1303 1304
f 1306 1308 1305
f 175 1532 272
f 1532 200 201
f 1311 1312 1313
f 872 1315 1316
f 1317 1318 1319
f 9288 878 9280
f 1305 864 1276
f 1040 863 1320
f 1564 399 169
f 592 1575 591
f 591 1088 689
f 1581 1583 1582
f 1196 1147 1176
f 710 583 713
f 285 408 386
f 953 961 963
f 1594 1589 1593
f 1585 1587 1586
f 1592 1590 1589
f 9337 944 9351
f 1600 1598 1597
f 1604 1602 1601
f 1399 979 980
f 1589 1596 1595
f 1610 1608 1607
f 298 361 360
f 551 276 277
f 1627 9266 9271
f 859 818 860
f 1078 1328 1329
f 1555 1530 1556
f 572 680 681
f 772 776 774
f 977 918 917
f 404 392 393
f 1054 750 753
f 1644 1643 1642
f 932 1082 933
f 1067 1334 1068
f 1540 264 114
f 597 643 1336
f 471 762 470
f 1642 9283 9294
f 1644 9294 9295
f 923 950 927
f 96 548 95
f 520 522 521
f 445 443 442
f 849 848 842
f 480 755 493
f 1646 481 1639
f 311 1567 170
f 464 8941 8939
f 8941 1361 8939
f 234 236 235
f 190 192 191
f 153 152 149
f 231 286 230
f 1552 1551 1550
f 760 1648 488
f 9284 1649 9282
f 828 826 825
f 52 166 165
f 1663 1661 1660
f 287 115 286
f 668 670 669
f 634 640 639
f 553 559 554
f 118 33 516
f 492 491 490
f 8996 1651 8997
f 582 584 583
f 384 392 415
f 1381 1383 1380
f 1562 435 436
f 952 951 947
f 8973 583 584
f 1660 1667 1666
f 1394 1396 1393
f 1660 1664 1663
f 1671 1669 1668
f 1624 1673 1672
f 1407 1409 1410
f 1677 1675 1674
f 1613 1677 1625
f 1679 1676 1677
f 1626 9263 9266
f 534 198 539
f 176 150 159
f 803 734 800
f 400 191 192
f 65 143 144
f 8970 1656 8984
f 402 157 283
f 629 627 626
f 461 49 50
f 758 495 756
f 796 786 785
f 406 1513 1560
f 342 166 167
f 1694 1658 1695
f 1692 1694 1696
f 9001 1652 8996
f 9373 1703 9375
f 326 302 90
f 9368 1702 1706
f 9371 1698 1701
f 1699 9379 9370
f 1557 1560 1561
f 1127 1117 1128
f 400 289 346
f 1706 1707 1708
f 1707 1599 1600
f 1709 1708 1588
f 1714 1711 1713
f 9371 1709 1700
f 1704 1577 1703
f 1716 1713 1715
f 1559 1549 297
f 1722 1720 1719
f 1335 596 1489
f 410 377 378
f 973 1163 972
f 168 399 398
f 1571 1089 1093
f 1572 682 1571
f 749 647 754
f 1730 1723 1729
f 1594 1729 1592
f 1729 1591 1592
f 1731 1730 1583
f 1384 1377 1379
f 1732 1712 1714
f 1724 1731 1732
f 1712 1731 1580
f 1722 1732 1733
f 1721 1733 1734
f 1734 1716 1717
f 1735 1736 1697
f 1733 1714 1716
f 1663 1741 1668
f 1742 1740 1743
f 1738 1737 1735
f 1665 1666 1740
f 1665 1744 1664
f 1725 1746 1745
f 1591 1745 1590
f 1590 1747 1596
f 1745 1748 1747
f 1659 8982 8986
f 5650 8989 5617
f 1185 1182 1190
f 1664 1749 1741
f 1741 1739 1738
f 1746 1743 1748
f 1726 1742 1746
f 1153 924 925
f 1115 1153 1154
f 1654 9019 1655
f 1896 8993 1686
f 1720 1744 1726
f 1721 1749 1720
f 1750 1701 1698
f 1697 1750 1696
f 1151 1063 1062
f 1751 1670 1671
f 1695 1752 1751
f 961 986 981
f 1770 1768 1767
f 1766 1593 1765
f 1731 1579 1580
f 1579 1774 1578
f 9380 1771 9381
f 1764 9380 9369
f 1777 1775 1774
f 9214 1699 1700
f 1004 1128 1003
f 1774 1771 1772
f 987 1399 980
f 1578 1772 1764
f 1783 1781 1778
f 1597 1770 1767
f 639 9347 9336
f 9380 1769 1770
f 1793 1789 1788
f 9381 1798 1769
f 8952 9225 1806
f 1802 9376 9374
f 1788 1794 1793
f 1793 1795 1776
f 9225 1675 1806
f 1584 1783 1789
f 1771 9372 9381
f 1801 1798 1800
f 1768 1798 1799
f 1775 1797 1771
f 508 515 1520
f 1796 1802 1797
f 1800 9372 9374
f 1794 1804 1795
f 8976 1752 8991
f 485 1807 775
f 9261 1640 768
f 9289 1810 1653
f 485 1640 1808
f 1690 9222 9224
f 487 1648 1811
f 9291 1816 9274
f 9290 1648 9282
f 9291 1811 9290
f 1812 487 1811
f 1641 767 768
f 465 755 776
f 767 9275 9260
f 9274 9278 9299
f 1809 1815 767
f 9289 1651 9292
f 675 8985 8940
f 1814 1822 1821
f 1821 9273 9272
f 1824 1649 1825
f 1827 1850 1805
f 1668 1662 1663
f 1779 1848 1828
f 1790 1805 1794
f 1833 1853 1852
f 8965 693 575
f 1614 1616 1617
f 1852 8942 8945
f 1620 1622 1623
f 1855 1574 1861
f 1847 8945 8957
f 1766 1855 1782
f 1629 1631 1628
f 1633 1634 1632
f 1635 1637 1638
f 1848 1852 1847
f 1855 1863 1862
f 1803 1867 1802
f 1862 1831 1832
f 1782 1862 1781
f 9374 1865 1800
f 1873 1870 1869
f 1874 799 804
f 2045 9349 2044
f 1219 1295 1225
f 1615 1396 1395
f 9336 1877 1876
f 645 9238 9003
f 1345 1035 1346
f 634 9336 9332
f 15 1327 14
f 9362 1878 1893
f 1894 605 1893
f 8950 627 693
f 9004 645 9003
f 340 454 1558
f 1897 195 1898
f 1889 1877 1890
f 1901 129 1900
f 196 754 232
f 1705 9373 9368
f 340 166 343
f 1570 563 561
f 1904 194 1897
f 1781 1832 1780
f 1905 55 1906
f 1000 995 996
f 986 920 987
f 1191 1190 1194
f 2094 2075 2093
f 1920 1919 1915
f 453 1912 1911
f 1915 1918 1916
f 9334 2106 9353
f 1655 8975 1868
f 1916 1926 1925
f 704 9005 703
f 278 1925 1900
f 9009 1818 1820
f 1097 1115 1114
f 1927 727 1923
f 9030 9106 9210
f 1920 307 1929
f 1929 48 728
f 503 1497 1509
f 1902 787 796
f 1816 9272 9278
f 1925 1923 1924
f 1535 1568 1534
f 254 258 255
f 1509 366 367
f 119 35 36
f 219 293 294
f 141 47 431
f 542 244 245
f 1940 430 431
f 1779 1827 1790
f 1701 9367 9371
f 1661 8959 1667
f 270 754 647
f 197 749 196
f 1727 1212 1211
f 53 232 754
f 1465 1479 1478
f 1284 9306 1293
f 1951 412 413
f 168 1554 1553
f 1486 206 207
f 506 78 361
f 994 1007 993
f 951 963 964
f 1013 9313 1351
f 9278 1820 1818
f 1498 1954 1482
f 299 543 132
f 1754 1756 1753
f 1681 1683 1682
f 1696 1695 1697
f 13 738 737
f 473 475 474
f 482 768 1640
f 204 30 205
f 1761 820 819
f 611 1125 612
f 1501 1908 1909
f 1074 711 699
f 1960 82 83
f 120 1960 123
f 35 87 34
f 1773 1025 1031
f 1965 1569 1535
f 494 471 479
f 1966 1969 1968
f 446 1971 1967
f 174 125 126
f 1580 1578 1577
f 1785 1787 1784
f 1972 304 305
f 1254 875 999
f 1973 342 514
f 321 1973 509
f 1910 275 1907
f 509 514 508
f 1486 1527 1485
f 1974 804 1975
f 1977 1974 1978
f 1980 1966 1981
f 379 2 295
f 1718 1710 1701
f 884 992 883
f 1680 1678 1679
f 902 525 524
f 344 256 299
f 135 137 136
f 236 228 333
f 448 1967 1966
f 589 604 584
f 910 908 907
f 1981 1968 1987
f 1982 1987 1979
f 1988 1987 1989
f 1990 1989 1991
f 1991 1993 1992
f 322 320 319
f 992 830 883
f 1144 1086 1143
f 1995 1978 1994
f 1133 1118 1126
f 1997 1994 1996
f 870 1335 1489
f 805 1982 1998
f 727 2000 1999
f 1996 1988 1990
f 1994 1979 1988
f 1829 792 1273
f 1830 941 983
f 798 800 799
f 729 731 730
f 2011 2023 2022
f 1834 846 1159
f 402 284 347
f 2022 2024 2025
f 1838 989 988
f 810 952 809
f 1823 1840 644
f 1430 1432 1431
f 1215 1841 1079
f 149 176 177
f 1316 873 872
f 2112 1384 2106
f 1842 1844 1845
f 1159 845 1160
f 837 1846 1120
f 1971 2030 2027
f 517 370 189
f 858 833 812
f 1471 2027 1888
f 8995 626 627
f 2174 770 490
f 935 1854 1010
f 1613 1611 1618
f 1231 1225 1295
f 1856 891 892
f 1300 748 741
f 1150 1858 1859
f 1643 696 1642
f 1215 1264 1216
f 1320 902 901
f 1956 1944 1960
f 2031 669 1474
f 2034 1310 1299
f 1879 1656 1657
f 40 242 39
f 1992 2039 1456
f 888 957 889
f 1882 1996 1990
f 1078 1255 1077
f 1871 1192 1090
f 294 218 219
f 1323 2026 1471
f 123 83 1484
f 1324 2041 1323
f 384 359 352
f 1324 2038 2036
f 1883 1885 1829
f 287 114 107
f 1096 1134 661
f 915 931 916
f 806 1981 1982
f 8977 584 604
f 1425 2042 1018
f 1018 1948 1017
f 9006 740 8963
f 1948 649 646
f 1881 1990 1991
f 1900 130 278
f 992 994 993
f 923 925 924
f 9330 2047 9328
f 1643 625 606
f 2050 2051 2049
f 2045 1404 2047
f 9328 945 9337
f 1139 1079 1841
f 1037 892 982
f 2055 2057 2056
f 1198 718 717
f 1619 1612 1611
f 2058 1606 2059
f 2059 1607 2058
f 2058 1624 1605
f 71 179 37
f 405 1557 382
f 976 1006 977
f 322 1972 1911
f 2061 2063 2062
f 2066 2067 1825
f 2052 2064 2051
f 1609 2066 1647
f 1515 152 1516
f 1009 993 1007
f 1644 9267 2118
f 279 1916 278
f 1285 9314 1284
f 1647 1825 1649
f 2056 2067 2065
f 319 1953 1952
f 667 1913 1914
f 2070 625 2048
f 2052 2055 2063
f 2038 1655 1458
f 1606 2073 2072
f 1235 1270 1236
f 2072 2075 2074
f 2059 2072 2062
f 2074 2077 2076
f 1601 2078 2073
f 2049 1643 1645
f 1000 1001 994
f 1089 684 689
f 1931 1306 1930
f 1462 1021 1022
f 1932 1934 1935
f 875 1846 998
f 1936 1937 1938
f 44 46 92
f 1534 1956 120
f 1541 317 391
f 2081 2084 2083
f 146 1959 300
f 1360 1942 1361
f 985 1032 1033
f 1995 1892 2043
f 2079 2082 2081
f 2095 2076 2077
f 2081 2078 2079
f 2055 2054 2053
f 501 2095 500
f 2097 2099 2098
f 2098 2094 2083
f 2140 9345 9318
f 2141 9346 9345
f 2051 2048 2049
f 592 2101 1576
f 2071 2076 2096
f 2102 2098 2101
f 593 2102 592
f 1019 746 747
f 1950 12 1327
f 725 2096 501
f 1385 2104 1379
f 1379 2106 1384
f 2107 2100 2097
f 9360 502 9348
f 9348 499 9353
f 940 2109 944
f 928 1170 973
f 9320 684 9351
f 1962 1964 1961
f 9330 573 9349
f 2039 1968 1969
f 1389 2110 2109
f 1398 2113 1397
f 9209 9205 9195
f 9363 2107 2103
f 949 924 1115
f 260 324 326
f 1390 2113 2110
f 2070 2064 2071
f 9319 2103 593
f 2105 1421 2114
f 2114 1423 2115
f 9344 2115 9355
f 9360 2114 9344
f 554 1902 553
f 972 967 966
f 1765 1573 1574
f 1984 1986 1983
f 2053 2069 2057
f 9017 724 714
f 1625 1674 1673
f 9333 2119 2122
f 9355 2123 9356
f 56 1906 55
f 626 9331 629
f 2001 2003 2004
f 9364 2127 9359
f 2006 2008 2009
f 2127 1412 2128
f 2014 2016 2017
f 2018 2020 2021
f 1495 1947 197
f 1379 1386 1385
f 9266 1680 1618
f 2029 1884 2028
f 9354 2120 9339
f 629 9366 9324
f 682 943 1089
f 724 2121 716
f 1757 9273 9297
f 765 9296 9261
f 9303 715 9304
f 706 9322 9324
f 981 987 980
f 1457 1656 1880
f 2017 2032 2033
f 1458 1868 1457
f 1776 1792 1793
f 1959 1946 1958
f 9115 9177 9113
f 9365 2122 9302
f 1093 689 1088
f 966 968 972
f 9304 9333 9365
f 2172 2170 2171
f 670 2137 669
f 9213 1903 233
f 1429 28 1449
f 964 978 971
f 9293 1413 2127
f 1473 669 2137
f 9286 1359 1358
f 2138 1870 2137
f 1872 2137 1870
f 715 9340 9333
f 1881 1992 1880
f 9295 739 740
f 1837 8957 8958
f 253 59 85
f 1808 9292 1807
f 1647 9270 1609
f 9317 671 668
f 2112 9335 2111
f 1405 2044 1438
f 9281 1364 1366
f 273 391 249
f 576 8964 8999
f 9327 668 2031
f 1430 2140 2139
f 2136 9312 28
f 1430 18 19
f 9345 570 695
f 1442 2046 2141
f 1431 2141 2140
f 9321 9302 2136
f 9260 1817 766
f 9318 695 671
f 2142 798 2138
f 571 2142 694
f 9271 1618 1611
f 2143 2025 2142
f 694 2138 670
f 681 2144 572
f 2144 2022 2143
f 328 457 290
f 1572 2011 2144
f 630 9355 624
f 2085 2087 2088
f 2090 2092 2089
f 572 2143 571
f 1875 2153 2149
f 1873 2149 2154
f 2103 2097 2102
f 2157 2155 2156
f 2128 1414 2120
f 9326 589 582
f 9324 628 629
f 2149 2158 2159
f 2159 9357 9342
f 698 9354 705
f 9275 9279 1817
f 2158 9326 9357
f 1438 2046 1439
f 2035 2160 2161
f 2161 9341 9338
f 9323 605 589
f 9325 18 9327
f 370 61 451
f 649 413 648
f 2153 2156 2158
f 1428 1449 1450
f 1490 73 1488
f 9342 710 633
f 2155 9343 9323
f 1456 1880 1992
f 2125 2087 2124
f 2160 9342 9341
f 300 505 323
f 1064 1046 1065
f 2043 1891 2155
f 2129 2004 2003
f 2131 2133 2134
f 9300 1450 1449
f 1998 804 805
f 9331 9316 9366
f 474 490 770
f 1164 1182 1177
f 707 9361 9322
f 708 2162 707
f 2162 9338 9361
f 548 1905 458
f 1145 1114 1171
f 705 1650 704
f 2043 1977 1995
f 737 554 559
f 1034 1191 1023
f 458 1907 275
f 195 232 233
f 2040 1969 1970
f 2145 2147 2148
f 2054 2049 1645
f 9284 1639 9270
f 9 11 10
f 252 506 258
f 472 479 471
f 1865 9243 8947
f 900 910 907
f 1941 2151 1942
f 1921 1927 1919
f 2163 1898 2116
f 271 153 178
f 1904 12 9
f 282 264 460
f 1872 2154 2035
f 1326 1897 2163
f 628 693 627
f 1724 1719 1723
f 1549 436 172
f 1582 1730 1729
f 1921 1929 1928
f 9007 10 11
f 2152 1950 1949
f 475 774 771
f 769 2171 473
f 2171 476 473
f 476 772 475
f 1791 464 1760
f 2166 2168 2169
f 595 372 98
f 483 1641 482
f 762 2173 470
f 771 484 492
f 486 1809 483
f 297 1517 296
f 763 2174 762
f 776 759 489
f 184 2176 2000
f 412 303 414
f 2005 185 224
f 9263 1682 9298
f 2164 756 764
f 1472 2161 2162
f 950 964 965
f 2177 2179 2180
f 227 1510 333
f 764 467 2164
f 2182 2184 2181
f 2186 2018 2185
f 1985 2181 1986
f 214 729 1531
f 1545 1546 1569
f 865 842 866
f 849 1357 1362
f 452 1558 454
f 559 3188 737
f 16 737 3188
f 560 498 374
f 3193 3195 3194
f 3200 3198 3199
f 3211 3213 3212
f 3215 3217 3216
f 2187 2002 2001
f 3233 3235 3234
f 3223 3222 3224
f 3229 3231 3230
f 3245 3247 3246
f 2169 2189 2190
f 2192 2085 2191
f 2193 2195 2196
f 2198 2200 2197
f 1998 1979 1975
f 9116 9120 9123
f 3253 3255 3254
f 2116 1903 1902
f 1859 2009 1150
f 9356 2126 9358
f 1135 1087 1130
f 2201 2015 2014
f 1149 110 1858
f 3261 3263 3262
f 3269 3271 3270
f 3265 3267 3266
f 3229 3284 3283
f 3289 3291 3290
f 3299 3301 3300
f 3307 3264 3308
f 3293 3295 3294
f 3297 3224 3298
f 3319 3291 3320
f 3322 3318 3315
f 3314 3312 3311
f 3285 3287 3286
f 3332 3218 3215
f 3329 3330 3328
f 3324 3227 3298
f 3298 3326 3324
f 2203 2205 2206
f 579 1895 1019
f 1755 2208 1756
f 3337 3339 3338
f 9343 1893 605
f 1211 2150 1727
f 868 2210 2209
f 3347 3349 3348
f 944 930 940
f 2130 2202 2201
f 233 1898 195
f 665 750 666
f 1167 999 618
f 2211 2213 2214
f 2215 2217 2218
f 9319 590 9320
f 2220 220 2219
f 823 948 1094
f 3375 3377 3376
f 3393 3391 3390
f 3353 3357 3356
f 3363 3365 3364
f 3402 3404 3403
f 266 455 265
f 9334 2107 9335
f 2221 8963 8961
f 2223 2225 2226
f 2207 2124 2208
f 3293 3336 3286
f 673 9321 9316
f 817 996 815
f 2227 2146 2145
f 1947 646 749
f 9352 17 9325
f 2229 1638 1381
f 1679 1618 1680
f 1637 2232 2230
f 2233 1617 1616
f 2231 2236 2237
f 3406 3408 3407
f 1381 2238 1382
f 9038 2242 9039
f 3414 3341 3415
f 1630 2233 1631
f 1681 472 469
f 1408 2243 2244
f 3423 3425 3424
f 3433 3263 3307
f 3434 3430 3435
f 3440 3442 3441
f 3444 3446 3445
f 3436 3450 3439
f 3442 3456 3455
f 1637 2238 1638
f 3445 3437 3438
f 3448 3440 3449
f 1409 1634 2245
f 1380 2247 2246
f 1628 2245 1621
f 3463 3465 3464
f 3308 3462 3307
f 2249 1622 1633
f 1632 1408 2244
f 2248 1631 2250
f 3478 3480 3479
f 3509 3511 3510
f 2235 1637 1636
f 3505 3507 3506
f 3457 3199 3198
f 631 2071 725
f 515 52 49
f 782 2251 1251
f 2253 2255 2252
f 397 459 784
f 1456 2040 1455
f 2040 2036 1455
f 3434 3518 3517
f 1401 2111 1398
f 2041 1970 2026
f 3367 3338 3368
f 1535 414 1965
f 1586 2080 2079
f 2256 1132 1886
f 3528 3530 3529
f 3519 3520 3517
f 3537 3506 3538
f 3543 3545 3544
f 1700 9370 9371
f 3486 3550 3549
f 3455 3497 3563
f 3558 3559 3323
f 3456 3500 3497
f 3572 3252 3249
f 3308 3285 3569
f 3316 3574 3573
f 3575 3479 3533
f 3576 3578 3577
f 3580 3582 3581
f 3584 3586 3585
f 3505 3588 3503
f 3589 3591 3590
f 3600 3602 3601
f 3542 3595 3594
f 3604 3592 3589
f 3611 3613 3612
f 3622 3624 3623
f 3618 3620 3619
f 3626 3628 3627
f 3644 3646 3645
f 3634 3636 3635
f 3638 3641 3640
f 9267 1686 9269
f 1263 1886 1096
f 3613 3654 3614
f 598 844 599
f 2257 2259 2260
f 2258 2262 2259
f 2259 2263 2216
f 2260 2216 2215
f 1967 1970 1969
f 2212 1963 2213
f 922 2218 2217
f 1312 1101 2264
f 1307 1286 789
f 1548 1546 1972
f 2266 2268 2265
f 2265 2270 2269
f 2272 2269 2271
f 2273 2265 2272
f 2275 2277 2274
f 2278 2277 2279
f 2284 9069 9091
f 2287 2286 2281
f 2288 2283 2287
f 2290 9091 9072
f 2291 2293 2294
f 2295 2294 2279
f 2296 2291 2295
f 2297 2292 2291
f 2294 2299 2300
f 2279 2300 2278
f 2298 2302 2292
f 2292 2303 2293
f 2293 2304 2299
f 2304 2306 2299
f 2306 2300 2299
f 2308 2310 2307
f 2302 2310 2303
f 2301 2307 2302
f 2312 2307 2311
f 2313 2315 2316
f 2318 2320 2317
f 9200 2322 2323
f 2324 2273 2326
f 2313 2326 2327
f 2328 2313 2316
f 2329 2324 2328
f 2331 2333 2330
f 2330 2267 2266
f 2325 2266 2273
f 2329 2330 2325
f 2333 2335 2267
f 2336 2333 2332
f 2338 2332 2337
f 2331 2337 2332
f 2329 2339 2331
f 2328 2340 2329
f 2316 2341 2328
f 2342 2315 2343
f 2344 2346 2347
f 2341 2347 2340
f 2342 2344 2341
f 2348 2345 2344
f 2350 2352 2353
f 2339 2353 2337
f 2340 2350 2339
f 2347 2351 2350
f 2337 2354 2338
f 2353 2355 2354
f 2356 2276 2357
f 2356 2358 2359
f 2356 2296 2295
f 2279 2356 2295
f 2360 2270 2268
f 2267 2360 2268
f 2362 2364 2365
f 2362 2361 2358
f 2366 2358 2357
f 2366 2363 2362
f 2357 2368 2366
f 2366 2369 2367
f 2276 2370 2368
f 2368 2282 2369
f 2372 2374 2371
f 2375 2377 2007
f 2378 2380 2381
f 2382 2381 2383
f 2384 2378 2382
f 2385 2379 2378
f 2388 2390 2387
f 2387 2392 2391
f 2393 2387 2391
f 2394 2388 2387
f 2186 2402 2400
f 2403 2327 2326
f 2272 2326 2273
f 2271 2403 2272
f 2405 2404 2403
f 2404 2408 2327
f 2409 2411 2412
f 2409 2271 2269
f 2413 2269 2270
f 2413 2410 2409
f 2417 2416 2418
f 2417 2406 2405
f 2412 2405 2271
f 2411 2417 2412
f 2406 2407 2404
f 9013 632 713
f 2420 2397 2421
f 2420 2423 2422
f 2424 2422 2419
f 2424 2398 2420
f 2425 2392 2426
f 2421 2426 2423
f 2397 2425 2421
f 2396 2391 2425
f 2427 2315 2314
f 2427 2408 2428
f 2430 2428 2429
f 2343 2427 2430
f 2432 2430 2431
f 2431 2429 2433
f 2435 2433 2434
f 2436 2431 2435
f 2428 2407 2437
f 2422 2407 2419
f 2438 2422 2423
f 2429 2437 2438
f 2440 2433 2439
f 2441 2433 2429
f 2442 2439 2441
f 2443 2440 2439
f 2445 2444 2443
f 2447 2443 2442
f 2383 2445 2447
f 2381 2446 2445
f 2448 2423 2426
f 2449 2426 2392
f 2441 2449 2442
f 2441 2438 2448
f 2449 2390 2450
f 2450 2389 2451
f 2447 2451 2383
f 2442 2450 2447
f 2451 2453 2452
f 2452 2455 2454
f 2382 2454 2384
f 2383 2452 2382
f 2456 2373 2372
f 2459 2461 2458
f 2463 2465 2462
f 2462 2285 2284
f 2466 2284 2290
f 2467 2462 2466
f 2461 9155 9153
f 2468 2470 2471
f 2472 2471 2473
f 2474 9153 9140
f 2475 2477 2478
f 2458 2453 2479
f 2479 2389 2388
f 2395 2479 2388
f 2480 2458 2479
f 2481 2483 2478
f 2484 2485 221
f 2471 2464 2463
f 2473 2463 2467
f 2487 2466 2486
f 2486 2290 2488
f 2490 2488 2489
f 2491 2486 2490
f 2492 2467 2487
f 2493 2487 2491
f 2494 2492 2493
f 2495 2473 2492
f 9142 2474 9140
f 9143 2496 9142
f 2498 2493 2499
f 2500 2499 2501
f 9152 2498 2500
f 9139 2494 2498
f 2306 2278 2300
f 2305 2504 2306
f 2504 2507 2506
f 2506 2288 2508
f 2274 2508 2275
f 2278 2506 2274
f 9085 2489 2488
f 9072 2488 2290
f 2507 2289 2288
f 2505 2509 2507
f 2508 2287 2511
f 2511 2281 2280
f 2370 2280 2282
f 2275 2511 2370
f 2512 2489 2513
f 2514 2513 2515
f 2517 2514 2516
f 2517 2490 2512
f 2499 2491 2517
f 2499 2516 2501
f 2510 2519 2518
f 2518 2521 2520
f 9068 2520 9073
f 9084 2518 9068
f 2522 2303 2310
f 2523 2310 2309
f 2305 2522 2524
f 2524 2523 2525
f 2519 2525 2521
f 2505 2524 2519
f 2308 2527 2526
f 2526 2529 2528
f 2531 2528 2530
f 2309 2526 2531
f 1214 2151 1211
f 2419 2418 2424
f 2533 2349 2317
f 2534 2317 2320
f 2535 2533 2534
f 2536 2345 2533
f 2537 2346 2536
f 2538 2536 2535
f 2539 2537 2538
f 2540 2351 2537
f 2312 2541 2527
f 2527 2542 2529
f 2543 2434 2544
f 2545 2544 2546
f 2319 2543 2545
f 2318 2435 2543
f 2514 2548 2547
f 2547 2550 2549
f 2552 2549 2551
f 2552 2514 2547
f 2520 2554 2553
f 2553 2556 2555
f 9042 2555 9045
f 9073 2553 9042
f 2523 2531 2557
f 2557 2530 2558
f 2525 2557 2559
f 2559 2558 2560
f 2554 2560 2556
f 2521 2559 2554
f 2561 2007 2006
f 2376 2225 2377
f 2564 2566 2563
f 2563 338 2567
f 2569 2567 2568
f 2570 2563 2569
f 2572 2574 2571
f 2571 2576 2575
f 2544 2575 2546
f 2544 2572 2571
f 2578 2569 2577
f 2579 2569 2568
f 2574 2579 2576
f 2573 2577 2574
f 2581 2583 2580
f 2584 2583 2585
f 9149 2580 2584
f 9128 2580 9127
f 2582 2552 2583
f 2583 2551 2585
f 2500 2589 2588
f 2590 2589 2591
f 9145 2588 2590
f 9147 2500 2588
f 2501 2591 2589
f 2592 2594 2595
f 2386 2503 2502
f 2596 2386 2374
f 2596 2373 2597
f 2599 2597 2598
f 2599 2379 2596
f 2600 2380 2599
f 2600 2598 2601
f 2603 2601 2602
f 2603 2446 2600
f 2604 2602 2605
f 2440 2605 2434
f 2444 2604 2440
f 2606 2581 2607
f 2606 2590 2591
f 2591 2582 2606
f 9128 2456 9141
f 9141 2372 9145
f 2478 2608 2481
f 2609 2611 2199
f 2564 2613 2612
f 2612 2598 2597
f 2457 2597 2373
f 2565 2612 2457
f 2614 2570 2578
f 2615 2578 2573
f 2602 2614 2615
f 2601 2613 2614
f 2572 2605 2616
f 2616 2602 2615
f 2573 2616 2615
f 1459 1045 1021
f 1265 1079 1082
f 1612 1609 1611
f 2067 2069 2068
f 1135 1136 1148
f 1938 2618 2617
f 95 458 128
f 2058 1608 1612
f 1454 1445 1367
f 655 1048 2619
f 722 2621 723
f 3665 3634 3666
f 1131 1033 1134
f 562 366 1497
f 1723 1725 1591
f 1786 1122 1787
f 267 323 266
f 1325 1654 2038
f 1468 1435 1479
f 658 529 528
f 8 247 7
f 382 1559 3
f 3631 3680 3630
f 788 1307 789
f 940 929 928
f 911 2623 912
f 2621 655 654
f 2624 2625 2626
f 998 27 26
f 635 2626 2625
f 2627 644 1840
f 2628 1840 2629
f 1200 2627 2628
f 1199 641 2627
f 1520 49 477
f 1452 1349 1451
f 2630 1859 1858
f 644 1335 1823
f 3683 3699 3698
f 1197 717 2632
f 2632 719 1166
f 2628 1166 1200
f 2629 2632 2628
f 1762 1050 821
f 1823 873 1839
f 2634 794 652
f 1028 1027 1161
f 1042 2635 1043
f 93 1901 1924
f 2036 1458 1455
f 1527 1525 1526
f 877 1274 1277
f 134 797 1544
f 1328 931 1329
f 607 1091 1161
f 1043 2637 2636
f 2636 2639 2638
f 1275 2638 1276
f 1275 1043 2636
f 1272 2626 2640
f 2640 638 637
f 1110 2640 637
f 536 2640 2641
f 1472 1474 1473
f 2042 1951 649
f 3668 3633 3669
f 1058 1105 1059
f 2642 2643 2644
f 1192 2644 1193
f 912 2642 1192
f 9350 8970 9238
f 1049 2620 2621
f 616 1885 613
f 1331 666 750
f 990 1198 525
f 1911 321 322
f 1298 1205 2645
f 76 1504 75
f 1502 421 422
f 610 658 691
f 1146 659 938
f 2646 914 936
f 1280 1238 1279
f 975 2647 2648
f 2647 975 974
f 1453 1452 1451
f 1514 158 151
f 835 1843 1842
f 1271 1173 1289
f 2649 813 2650
f 1893 1826 1894
f 1050 1937 1051
f 2651 814 813
f 1006 1281 977
f 2653 2654 2655
f 1001 1003 1002
f 585 679 558
f 2624 621 620
f 555 2028 556
f 1207 1197 2629
f 1626 478 472
f 3729 3731 3730
f 3746 3748 3747
f 3770 3750 3753
f 426 419 1567
f 1030 1773 1031
f 9350 634 9332
f 534 138 262
f 1125 1042 1041
f 333 88 227
f 569 561 730
f 3691 3693 3692
f 1489 871 870
f 1857 620 891
f 1673 9222 9215
f 622 864 1308
f 2647 974 2657
f 619 891 620
f 261 545 262
f 393 1556 404
f 2658 2647 2657
f 1075 2657 917
f 1081 2658 1075
f 1080 2659 2658
f 2644 1141 2660
f 2660 1140 1336
f 642 1336 643
f 1193 2660 642
f 679 555 558
f 3762 3764 3763
f 1503 1500 1502
f 1318 1101 1100
f 2661 1139 1142
f 2661 2663 2662
f 2662 2659 2661
f 2662 2622 2664
f 2664 911 2646
f 2648 2646 1146
f 2648 2662 2664
f 3586 3779 3777
f 2083 2093 2081
f 1442 1437 1439
f 3732 3733 3731
f 519 330 51
f 1885 1209 613
f 799 805 804
f 1946 1952 1953
f 1302 1253 1252
f 3741 3757 3756
f 3660 3662 3661
f 566 224 533
f 1389 928 1388
f 683 681 680
f 836 1842 2665
f 2665 1845 1303
f 2666 1303 1302
f 24 2665 2666
f 831 2650 832
f 1845 1304 1303
f 2010 2012 2011
f 1051 2667 2668
f 1522 1511 1523
f 531 441 522
f 782 1251 1250
f 1250 2625 2669
f 2669 1857 1856
f 783 1856 1037
f 782 2669 783
f 720 2671 721
f 1055 1930 1056
f 1333 1251 2251
f 619 1308 1307
f 652 2619 2634
f 521 1539 1540
f 1838 537 2672
f 2672 536 2641
f 1113 2641 1110
f 1113 1838 2672
f 1016 1351 1045
f 9349 570 9346
f 226 104 101
f 9008 9279 1818
f 1036 1884 1883
f 2674 1304 2673
f 2673 1844 2675
f 1334 2675 1039
f 1333 2673 1334
f 2676 1039 2675
f 1843 2675 1844
f 942 2676 1843
f 1074 702 2676
f 811 859 858
f 752 1055 753
f 1200 656 1026
f 1120 874 2677
f 2677 877 1052
f 1241 1052 1005
f 1119 2677 1241
f 1560 151 1515
f 1208 611 523
f 215 736 214
f 1460 1462 1461
f 3717 3719 3718
f 1208 1839 873
f 854 1282 1297
f 3682 3696 3681
f 72 182 179
f 544 1565 512
f 217 456 457
f 3673 3781 3780
f 2047 930 945
f 1204 1937 2633
f 913 686 685
f 3705 3707 3706
f 840 1113 1112
f 1531 730 561
f 2678 1283 801
f 601 1914 602
f 1537 459 460
f 1819 8953 8971
f 991 862 538
f 2679 1073 1830
f 3776 3581 3582
f 2680 983 2256
f 779 2256 1263
f 778 2680 779
f 2678 1830 2680
f 180 245 40
f 1886 1131 1134
f 3766 3767 3749
f 1138 1274 1255
f 3777 3585 3586
f 1841 1140 1139
f 75 314 74
f 193 420 192
f 2681 1099 1098
f 3658 3587 3659
f 170 1565 169
f 349 417 432
f 1121 2684 2683
f 547 409 302
f 123 121 120
f 2643 1142 1141
f 1542 513 1543
f 899 907 919
f 1210 676 867
f 791 982 892
f 24 837 836
f 893 932 931
f 1860 863 862
f 535 862 861
f 3640 3683 3638
f 832 813 812
f 2650 813 832
f 1569 1547 1568
f 181 542 180
f 660 937 688
f 2013 568 2012
f 3781 3644 3782
f 887 2631 2630
f 1524 361 78
f 520 162 1529
f 2653 854 2685
f 1238 2655 2686
f 718 527 530
f 1492 518 1491
f 792 615 793
f 599 1835 596
f 290 456 175
f 312 1552 425
f 1248 1179 1249
f 153 177 178
f 1240 1222 1221
f 1257 1235 1071
f 1291 1083 1222
f 1052 1277 1053
f 743 2618 1204
f 444 430 443
f 23 1172 1187
f 2687 1180 1179
f 102 409 134
f 1283 610 801
f 373 650 651
f 1180 1084 1291
f 855 2655 1237
f 1173 1917 1174
f 2689 853 2688
f 2688 1108 1279
f 2686 1279 1238
f 2687 2688 2686
f 2691 1252 2690
f 2690 850 2689
f 1248 2689 2687
f 1248 2691 2690
f 2692 24 2666
f 2691 2666 1302
f 1247 2692 2691
f 1258 617 2692
f 394 1555 393
f 2693 1259 1223
f 1072 1262 1261
f 1257 1168 1258
f 398 1555 1554
f 871 1314 872
f 1178 1249 1179
f 1224 1173 1172
f 1010 2618 742
f 1175 1292 1269
f 2654 2686 2655
f 2694 1216 1264
f 71 1487 70
f 701 1111 1038
f 1072 2649 2650
f 1085 22 21
f 895 1264 896
f 1601 1605 1604
f 1259 1271 1289
f 21 1220 1083
f 988 538 537
f 3533 3535 3532
f 598 1336 1140
f 820 1762 821
f 1050 818 821
f 1298 1761 2652
f 1168 618 617
f 3629 3670 3628
f 858 1256 833
f 39 516 1536
f 2652 819 814
f 313 315 314
f 2026 1971 2027
f 2656 596 1835
f 814 818 811
f 2696 813 2649
f 1260 2649 1261
f 2693 2696 1260
f 2697 2651 2696
f 381 390 380
f 9270 1611 1609
f 1475 1428 1227
f 1292 1917 1235
f 1551 354 1518
f 1526 1523 1511
f 1593 1595 1573
f 1232 1246 1249
f 2695 1223 22
f 2698 1296 2697
f 2698 2693 2695
f 2685 2695 1085
f 2685 1297 2698
f 562 271 272
f 2652 1296 1298
f 1365 1364 1363
f 1958 1953 1957
f 585 2210 997
f 1561 1515 435
f 975 1146 976
f 347 68 346
f 1038 636 1068
f 2700 780 2699
f 2699 1036 1883
f 2701 1883 1829
f 851 2699 2701
f 2674 2251 2702
f 2702 781 2700
f 1253 2700 851
f 1301 2702 1253
f 1519 388 1550
f 1273 1280 2703
f 2703 1107 852
f 2701 852 851
f 1829 2703 2701
f 91 326 90
f 1784 2656 1785
f 2683 2705 2704
f 604 8943 8977
f 1669 8992 1662
f 2062 2060 2059
f 621 861 622
f 2023 732 2024
f 686 1263 687
f 857 2668 1328
f 883 882 879
f 3648 3650 3649
f 637 1111 1110
f 2668 893 1328
f 3692 3711 3691
f 2667 894 2668
f 1039 1068 1334
f 313 1504 1505
f 1911 305 453
f 1936 1964 2212
f 2707 2401 2183
f 2708 2183 2182
f 738 2116 554
f 3785 3709 3786
f 2349 2432 2436
f 2711 2020 2019
f 2400 2019 2186
f 2714 2716 2713
f 2717 2719 2720
f 2721 2723 2724
f 2726 2728 2725
f 2725 2730 2729
f 2731 2729 2709
f 2732 2725 2731
f 2734 2736 2733
f 2738 2740 2737
f 2737 2741 2742
f 2744 2746 2743
f 2745 2748 2747
f 2749 2747 2751
f 2753 2751 2752
f 2250 2246 2248
f 3417 3419 3418
f 2754 1614 2755
f 9050 2755 9061
f 9060 2747 9061
f 1617 2755 1614
f 2242 1620 2757
f 3429 3431 3430
f 2191 2760 2759
f 2761 2760 2762
f 9100 2761 9101
f 9075 2759 9100
f 3209 3354 3355
f 1395 2236 2235
f 1395 1636 1615
f 3741 3790 3740
f 1616 2229 2233
f 3410 3412 3411
f 1617 2763 2756
f 2756 9080 9060
f 2765 2234 1630
f 2766 9080 9074
f 3202 3458 3459
f 1516 435 1515
f 2768 8996 8997
f 1495 578 1424
f 2135 28 17
f 8970 2773 2774
f 1690 9378 9377
f 2778 2780 2777
f 2777 2781 2782
f 2784 2777 2783
f 8999 575 576
f 1494 9 540
f 8973 2015 9010
f 451 505 450
f 2786 2788 2785
f 2779 2785 2780
f 2789 2741 2740
f 2790 2752 2789
f 2792 2794 2791
f 2793 2796 2794
f 2796 2750 2749
f 2794 2749 2753
f 2798 1396 2754
f 9043 2754 9050
f 2798 2800 1393
f 9043 2799 2798
f 2797 2795 2801
f 2791 2753 2790
f 216 232 54
f 9256 2807 9255
f 9257 2804 9255
f 2769 9001 8996
f 183 184 97
f 2811 2775 2776
f 2804 2776 2805
f 2809 2811 2804
f 2812 2813 2814
f 9257 2816 9247
f 9248 2815 9247
f 9250 2820 2821
f 9245 2819 9250
f 2824 2735 2819
f 2823 2824 2819
f 2825 2826 2724
f 9245 2827 9244
f 9248 2826 9244
f 2713 2829 2828
f 2828 2831 2830
f 2822 2828 2830
f 2821 2713 2828
f 2832 2822 2830
f 2833 2830 2831
f 2834 2832 2833
f 2835 2827 2832
f 2837 2839 2836
f 2836 2841 2840
f 2842 2840 2727
f 2843 2836 2842
f 2840 2845 2844
f 2718 2845 2719
f 2730 2844 2718
f 2727 2844 2728
f 2846 2719 2845
f 2846 2841 2847
f 2829 2847 2831
f 2829 2716 2846
f 2847 2839 2848
f 2848 2838 2849
f 2833 2849 2834
f 2831 2848 2833
f 2850 2851 2852
f 2853 2852 2854
f 2783 2782 2855
f 2785 2853 2856
f 2780 2856 2781
f 2857 2855 2782
f 2859 2782 2781
f 2861 2842 2860
f 2860 2727 2726
f 2862 2726 2732
f 2863 2860 2862
f 2861 2858 2857
f 2843 2857 2859
f 2856 2854 2864
f 2781 2864 2859
f 2837 2859 2864
f 2838 2864 2854
f 2852 2834 2849
f 2854 2849 2838
f 2865 2818 2835
f 2851 2835 2834
f 2813 2815 2865
f 2814 2865 2851
f 2866 2814 2850
f 2788 2850 2853
f 2866 2787 2867
f 2812 2867 2775
f 1892 1890 1891
f 2720 2846 2870
f 298 256 257
f 2872 2713 2820
f 9246 2735 2734
f 2729 2874 2873
f 2846 2715 2870
f 2876 2878 2875
f 2733 2878 2734
f 9258 2879 2880
f 9258 2872 9246
f 2882 2884 2881
f 2881 2715 2714
f 2880 2714 2872
f 2879 2881 2880
f 2885 2887 2888
f 2888 2890 2885
f 2885 2892 2891
f 2893 2885 2891
f 1942 2532 2894
f 2895 2720 2870
f 2884 2870 2715
f 2883 2895 2884
f 2896 2892 2895
f 2889 2717 2890
f 2890 2720 2892
f 2897 2891 2896
f 2898 2896 2883
f 2899 2883 2882
f 2900 2882 2879
f 9249 2879 9259
f 2876 2901 2877
f 2901 2904 2903
f 1785 1835 1834
f 2905 2899 2900
f 2907 2897 2898
f 9249 2903 9251
f 632 577 633
f 8976 2867 2787
f 434 550 350
f 2768 9092 9095
f 2910 1623 2249
f 2241 2758 2242
f 9092 2913 9104
f 1623 2757 1620
f 9039 2757 9104
f 2229 1380 2250
f 2765 1629 2914
f 2915 1629 2912
f 9094 2914 2915
f 9093 2765 2914
f 2919 9094 9065
f 2918 2912 2241
f 9066 2241 9038
f 9070 9065 9122
f 8985 2180 8940
f 8965 2188 8950
f 3694 3627 3693
f 9157 714 9303
f 2925 2917 2924
f 2924 2916 2919
f 9062 2919 9070
f 9063 2924 9062
f 2926 2766 2925
f 9110 2925 9063
f 1715 1705 1710
f 785 498 796
f 1387 565 1791
f 374 1899 560
f 9017 2206 9000
f 2929 2886 2893
f 2932 2934 2931
f 1905 1908 1907
f 2930 2936 2937
f 2938 2930 2929
f 1493 517 518
f 1603 1586 1602
f 2939 2929 2908
f 2940 2908 2907
f 9117 1600 9113
f 2886 2937 2887
f 2906 2898 2899
f 2908 2893 2897
f 2942 2933 2941
f 2941 2937 2936
f 8945 2936 8957
f 8942 2941 8945
f 2943 2710 2873
f 2943 2874 2889
f 2945 2889 2888
f 2946 2943 2945
f 2932 2888 2887
f 2931 2945 2932
f 727 1929 728
f 2903 2947 2948
f 545 42 262
f 1480 533 251
f 2907 2949 2940
f 2906 2950 2949
f 1558 215 202
f 9251 2948 9253
f 2054 1644 2118
f 9157 2203 9017
f 1828 1849 1827
f 2953 2955 2952
f 2952 2957 2956
f 2956 2258 2952
f 2953 2258 2257
f 2454 2474 2496
f 9199 2959 9218
f 9199 2131 9189
f 2961 2963 2958
f 2958 2964 2959
f 222 2485 2965
f 2477 2966 2608
f 2631 2006 1859
f 2384 2496 2497
f 2967 2959 2964
f 2968 2970 2969
f 9211 2971 9236
f 9236 2960 9218
f 2972 2033 2032
f 2007 2973 2008
f 9004 2134 2133
f 1836 1832 1831
f 8950 2090 8995
f 955 959 956
f 672 674 673
f 633 713 632
f 2024 733 803
f 2025 803 798
f 425 1550 388
f 2975 888 887
f 1319 1157 2694
f 1212 2977 1213
f 889 2228 2227
f 1978 1975 1979
f 1138 1329 915
f 751 2979 2978
f 1619 1625 1624
f 2252 1728 1727
f 1157 845 1216
f 2706 1938 2617
f 2980 2254 2981
f 2982 887 2630
f 802 711 2679
f 678 2029 2028
f 527 690 528
f 1839 2629 1840
f 2983 602 1914
f 2983 1913 1331
f 2985 1331 1054
f 2986 2983 2985
f 2987 2635 2634
f 2985 2639 2986
f 2990 1318 2989
f 2991 2993 2994
f 2995 2994 2996
f 1106 2991 2995
f 1058 2992 2991
f 1415 1365 1367
f 1317 2217 2997
f 1932 2255 2980
f 926 2999 664
f 3001 2992 3000
f 3000 1057 2978
f 2999 2978 2979
f 2998 3000 2999
f 3002 2209 3003
f 3002 2996 2994
f 2993 3002 2994
f 3001 2998 3002
f 1103 2995 3004
f 3004 2996 3003
f 2209 3004 3003
f 588 3004 2210
f 295 433 381
f 2638 2988 3005
f 3005 1056 1930
f 1305 1930 1306
f 1276 3005 1305
f 1987 1993 1989
f 2633 1761 2645
f 1423 1417 1419
f 9005 739 703
f 2671 2704 2705
f 1473 2035 1472
f 922 2694 895
f 1401 1378 1384
f 556 1884 1037
f 842 9277 9288
f 1854 2617 1010
f 933 1081 1075
f 1440 1436 1437
f 529 719 530
f 1031 1027 1028
f 777 912 1871
f 2645 1204 2633
f 441 1538 1537
f 3771 3773 3772
f 790 587 586
f 2065 1610 1607
f 1860 990 902
f 60 87 59
f 1424 1948 1947
f 332 1507 331
f 261 138 135
f 187 449 507
f 1719 1726 1725
f 1931 1059 3006
f 3006 1105 1104
f 1287 1104 587
f 1286 3006 1287
f 3007 3009 3010
f 3009 653 795
f 618 26 25
f 2029 1210 1209
f 957 600 2228
f 1049 2228 600
f 2631 3011 2561
f 890 2227 3011
f 3011 2145 3012
f 2561 3012 2375
f 1026 609 608
f 2706 1961 1964
f 3013 2485 3014
f 2148 1267 3015
f 3015 1266 1311
f 2997 1101 1317
f 642 1773 1193
f 186 461 511
f 1041 1320 901
f 1121 3017 1122
f 2984 2987 3018
f 3018 2634 2619
f 1048 3018 2619
f 603 2984 3018
f 2679 801 802
f 2062 2074 2061
f 2061 2076 2064
f 414 1545 1965
f 3016 2683 3019
f 3019 2704 2670
f 3020 2670 720
f 3007 3019 3020
f 1871 1091 777
f 3021 1122 3017
f 3022 3017 3010
f 1314 3022 1315
f 1784 3021 1314
f 1316 1763 611
f 3023 3010 3009
f 3023 795 1092
f 1763 1092 1125
f 1315 3023 1763
f 3016 3010 3017
f 752 2978 1057
f 2986 2637 2987
f 3024 653 3008
f 3020 3008 3007
f 720 3024 3020
f 723 654 3024
f 2681 1268 3025
f 2671 1268 721
f 2705 3025 2671
f 1313 3027 1311
f 3026 3029 3027
f 3027 3030 3031
f 1311 3031 3015
f 2012 731 2023
f 917 974 977
f 3742 3744 3743
f 743 856 744
f 1888 2030 1425
f 2682 2684 3032
f 3032 1124 2989
f 1100 2989 1318
f 1099 3032 1100
f 1123 2989 1124
f 3033 1159 1158
f 2990 1158 1319
f 1123 3033 2990
f 1786 1834 3033
f 1054 2988 2985
f 2979 664 2999
f 2623 2663 2643
f 1095 688 687
f 3034 2261 2956
f 3036 2956 2957
f 3037 3034 3036
f 3038 3035 3034
f 3040 3026 1313
f 2263 3041 3040
f 3042 3043 3041
f 3041 3028 3026
f 3044 3043 3039
f 3046 3045 3044
f 3047 3049 3045
f 3043 3049 3028
f 3038 3051 3050
f 3050 3053 3052
f 3052 3044 3050
f 3039 3050 3044
f 3054 3039 3042
f 3042 2262 3054
f 2261 3054 2262
f 2216 2997 2217
f 2212 2667 1936
f 3056 2209 3055
f 934 1961 1854
f 2013 9209 567
f 3058 3060 3061
f 3059 3063 3060
f 3060 2213 1963
f 3061 1963 1962
f 3063 2214 2213
f 3062 3064 3063
f 3065 2260 3064
f 3064 2215 2214
f 3066 3031 3030
f 2608 3067 3066
f 2966 3068 3067
f 3031 3068 3015
f 2455 2461 2474
f 2476 2226 2477
f 8995 2089 8969
f 8970 9221 9238
f 433 355 381
f 2115 1419 2123
f 8953 2922 8971
f 9221 2131 2134
f 3069 2167 2166
f 2971 2928 2960
f 2961 2773 2962
f 3070 2478 2483
f 2610 3071 2954
f 2502 2374 2386
f 3072 2595 3073
f 2964 3052 2967
f 3048 3074 3049
f 2593 3075 3074
f 3075 3029 3074
f 3074 3028 3049
f 3072 3075 2592
f 3076 2482 2481
f 2481 3066 3076
f 3076 3030 3075
f 2967 3053 2970
f 2482 3073 2483
f 479 493 494
f 706 9325 709
f 9005 2221 8961
f 2013 9206 9207
f 8977 2016 8973
f 9006 2222 2974
f 1171 1155 1176
f 3782 3689 3783
f 2586 2565 2587
f 2982 113 2484
f 2562 3077 3068
f 2376 3012 3077
f 3012 2148 3077
f 3077 3015 3068
f 2963 3046 2964
f 3051 2970 3053
f 1683 491 775
f 9302 1447 9312
f 1986 9186 9220
f 3079 2546 2575
f 3081 2575 2576
f 1983 9220 9217
f 3082 2319 2545
f 3080 2545 2546
f 9186 3082 3080
f 9184 2323 3082
f 1309 1888 748
f 3073 2772 2771
f 2760 3084 2762
f 2760 2088 3083
f 3085 3086 3087
f 3089 3090 3088
f 3089 3084 3085
f 3092 3090 3091
f 3093 2744 2743
f 2751 2748 3093
f 3093 2752 2751
f 2742 3093 3094
f 3094 2743 3095
f 3096 3098 3087
f 3099 3087 3086
f 3097 3095 3098
f 3100 2746 3101
f 3101 3102 3100
f 2764 2927 3101
f 2745 3101 2746
f 3102 3091 3100
f 3100 3095 2743
f 2869 9044 9086
f 3102 3104 3092
f 9110 2869 9086
f 2927 3103 3102
f 3098 3091 3090
f 3087 3090 3085
f 2088 3105 3083
f 3083 3086 3084
f 2483 2771 3070
f 2401 2185 2321
f 3099 3105 3106
f 2125 3106 3105
f 3108 2742 3107
f 3107 3094 3097
f 3110 3107 3109
f 3109 3097 3096
f 3111 3096 3099
f 3112 3109 3111
f 3113 2737 3108
f 3115 2722 3114
f 3117 3114 3116
f 3119 3116 3118
f 3118 3120 3121
f 3116 3113 3120
f 3122 3111 3123
f 3122 1755 1754
f 3124 3126 3127
f 3125 3121 3126
f 3128 3118 3125
f 3129 3125 3124
f 2020 3128 3129
f 9305 1346 1352
f 1065 1047 1066
f 1814 9282 1649
f 2021 3129 3130
f 3111 3106 3123
f 3123 2207 1755
f 2377 2224 2973
f 3014 113 112
f 1756 9234 9219
f 3131 2530 2528
f 3133 2528 2529
f 1753 9219 9227
f 3134 3127 3135
f 2327 2314 2313
f 2436 2317 2349
f 2018 9163 9164
f 2534 3137 2535
f 2320 3136 2534
f 2185 9164 9223
f 3138 2542 2539
f 3134 9196 9197
f 9237 3134 9197
f 3140 2539 2538
f 2535 3140 2538
f 9163 3130 9237
f 2558 3132 3141
f 9234 3141 3132
f 2560 3141 3142
f 9212 3142 3141
f 958 2976 2981
f 1933 2980 3143
f 3714 3729 3713
f 2399 2418 2416
f 2348 2343 2432
f 2322 2319 2323
f 2718 2874 2730
f 2709 2873 2710
f 2894 1361 1942
f 3788 3720 3717
f 346 176 347
f 1876 1882 1881
f 2802 9059 9044
f 3104 3088 3092
f 2974 9101 9055
f 3089 2761 2762
f 3088 3145 3089
f 2803 9055 9059
f 9322 692 628
f 2123 1418 2126
f 1365 1368 1367
f 3346 3344 3343
f 1581 1782 1783
f 9013 2129 8964
f 8999 2002 8965
f 3146 2551 3147
f 9203 3147 9202
f 9194 3146 9203
f 3149 2585 3146
f 3196 3197 3195
f 9056 2191 9075
f 3142 2556 2560
f 9229 3150 3142
f 9098 2550 9045
f 3150 2555 2556
f 9230 3151 3150
f 9240 3152 9098
f 3153 2551 2549
f 3152 2549 2550
f 9233 3153 3152
f 9228 3147 3153
f 3148 2206 2205
f 2183 2321 2184
f 2132 2928 2133
f 3299 3321 3319
f 9136 2204 2203
f 9171 2197 9173
f 2594 2773 2951
f 2595 2951 2772
f 1870 799 1869
f 3257 3259 3258
f 9165 2178 9158
f 9158 9188 9242
f 336 9226 9174
f 339 3154 336
f 9241 3149 9194
f 9135 2584 3149
f 2963 3048 3047
f 9174 337 336
f 339 2566 2586
f 3156 2168 2167
f 2610 2167 2611
f 2954 3156 2610
f 3157 2953 2257
f 9159 2169 9161
f 2567 3159 2568
f 337 2567 338
f 9182 2166 9159
f 9216 1983 9217
f 2579 3081 2576
f 2568 3160 2579
f 9161 2190 9216
f 3065 3162 3161
f 3161 1984 2189
f 3157 2189 2168
f 2257 3161 3157
f 734 1922 806
f 3059 2708 3163
f 3163 2182 1985
f 3162 1985 1984
f 3062 3163 3162
f 3203 3205 3204
f 3806 3808 3807
f 2122 1448 1447
f 9269 1685 9264
f 139 444 69
f 1570 566 533
f 2957 3165 3036
f 2955 3164 2957
f 1912 341 1973
f 3130 3124 3134
f 1548 319 1547
f 1949 1327 1887
f 2969 3078 3167
f 3167 3169 3168
f 9176 2017 9172
f 9172 2033 9211
f 3168 3165 3170
f 3170 3164 3171
f 9231 3171 9208
f 9176 3170 9231
f 3171 3166 3172
f 3172 3071 3173
f 9204 3173 9201
f 9208 3172 9204
f 3169 3036 3165
f 2593 2962 2594
f 3173 2609 3174
f 3174 2199 2198
f 9235 2198 9171
f 9201 3174 9235
f 2190 1984 1983
f 2196 2767 3148
f 3326 3328 3327
f 2119 1414 1448
f 1464 1466 1465
f 2199 3069 2200
f 2457 2587 2565
f 2226 2562 2966
f 481 1627 1639
f 333 235 236
f 3078 3037 3169
f 3040 2997 2263
f 3351 3262 3263
f 2219 1933 2220
f 2385 2497 2503
f 221 3175 2484
f 2220 3143 3175
f 3175 2976 2975
f 2484 2975 2982
f 2954 3166 2955
f 2630 110 2982
f 1547 1952 1955
f 2091 2188 2187
f 9185 2178 2177
f 1918 1927 1926
f 9007 111 8955
f 3398 3400 3399
f 955 960 954
f 2037 112 9007
f 3143 2981 2976
f 2218 2214 2215
f 672 9239 8985
f 2152 3014 2037
f 1147 1143 1145
f 2248 1409 2245
f 1615 1635 1616
f 1410 2246 2247
f 3486 3487 3310
f 3468 3502 3501
f 3451 3452 3450
f 3177 1383 1382
f 2238 3176 1382
f 3176 2230 3178
f 1410 3179 1407
f 3179 2243 1407
f 1633 2800 2249
f 3816 3817 3814
f 1621 2758 2912
f 3642 3662 3675
f 3422 3260 3257
f 1622 2245 1634
f 2236 3181 3182
f 3793 3795 3794
f 3493 3495 3494
f 2237 3182 3183
f 3513 3515 3514
f 2250 2233 2229
f 3654 3667 3802
f 2912 1628 1621
f 3819 3821 3820
f 3432 3823 3431
f 135 1564 1563
f 1567 512 1565
f 1085 2653 2685
f 3184 868 3056
f 869 3057 934
f 3389 3387 3386
f 1266 1098 1312
f 1267 722 721
f 937 2646 936
f 2146 722 2147
f 2211 921 2667
f 1957 507 449
f 1313 2264 3040
f 1496 1493 1492
f 2681 2705 2682
f 2887 2933 2932
f 1687 1659 1694
f 145 1498 81
f 1317 1319 2694
f 3831 3830 3834
f 37 418 71
f 1935 3185 2977
f 104 301 103
f 2101 2083 2084
f 543 360 207
f 1934 3186 3185
f 234 212 237
f 9297 1822 1824
f 3825 3827 3826
f 1976 1874 1974
f 223 2219 220
f 9107 9057 9064
f 468 773 2165
f 3673 3659 3672
f 1935 1728 1932
f 3490 3840 3549
f 3362 3848 3847
f 3862 3864 3863
f 3465 3484 3868
f 3893 3525 3874
f 3352 3430 3431
f 3869 3871 3870
f 3529 3567 3564
f 3420 3922 3921
f 3304 3236 3303
f 3929 3931 3930
f 3324 3327 3561
f 3219 3939 3331
f 3220 3937 3219
f 3450 3376 3439
f 3942 3833 3941
f 3215 3454 3945
f 3946 3215 3945
f 3422 3948 3421
f 3950 3198 3196
f 3205 3957 3920
f 3261 3961 3288
f 3852 3964 3963
f 3214 3946 3958
f 3965 3214 3192
f 3797 3799 3798
f 3988 3990 3989
f 3777 3806 3822
f 3855 3447 3444
f 3737 3800 3736
f 3949 3952 3948
f 3651 3783 4000
f 4001 3787 3812
f 4019 4021 4020
f 4027 4029 4028
f 3258 4030 4027
f 4033 4035 4034
f 3424 4047 4046
f 3242 4058 4057
f 3970 3547 3971
f 3829 4057 3825
f 3333 3947 4060
f 4063 4065 4064
f 4073 4075 4074
f 3568 3443 3448
f 3981 3335 4050
f 3540 3862 3539
f 4078 4031 4032
f 3565 4088 3993
f 3442 4089 4082
f 4092 4094 4093
f 4093 4097 4096
f 3619 3623 3624
f 3660 3821 3807
f 3809 3649 3808
f 3610 3655 3613
f 3656 3623 3657
f 3621 3804 3620
f 3503 3481 3504
f 3436 3438 3437
f 3356 3427 3353
f 3628 3669 3633
f 3734 4002 3733
f 3276 3370 3369
f 3763 4107 3762
f 4006 3754 3755
f 3747 3752 3746
f 3863 4110 3992
f 3994 4003 3501
f 3653 3664 3652
f 3296 4115 3295
f 4117 4119 4118
f 3249 3251 3250
f 4127 4129 4128
f 3478 3903 3867
f 3410 3921 3922
f 3977 4038 3976
f 3216 3453 3454
f 3967 3548 3966
f 4140 4032 4039
f 3509 4149 3916
f 4151 3659 3587
f 4153 3656 3671
f 4153 3646 3672
f 4156 3645 4155
f 4139 4078 4140
f 3743 4163 4162
f 3861 3987 4166
f 3468 4067 3467
f 3306 3980 3835
f 4172 4010 4024
f 4169 3836 3835
f 4187 4189 4188
f 4213 4215 4214
f 4220 4222 4221
f 4225 4211 4204
f 4230 4232 4231
f 4240 4242 4241
f 3606 3608 3607
f 4250 4252 4251
f 4258 4260 4259
f 4077 4079 4078
f 4276 4278 4277
f 4308 4263 4309
f 4017 3872 3869
f 3196 3951 3950
f 4316 4270 4271
f 3870 4307 3869
f 4324 4326 4325
f 4333 4247 4244
f 4338 4340 4339
f 4348 4350 4349
f 4283 4289 4286
f 4356 4358 4357
f 4359 4020 4358
f 4362 4196 4197
f 4320 4279 4276
f 4370 4296 4371
f 4377 4303 4249
f 4231 4201 4178
f 4203 4331 4381
f 4037 4039 4038
f 4371 4386 4370
f 4387 4347 4314
f 3309 3294 3310
f 4099 3724 3818
f 4355 3257 4313
f 3630 3693 3627
f 4277 4302 4390
f 4350 4319 4349
f 4353 4351 4348
f 3637 3639 3638
f 4394 3827 3320
f 3311 4399 4398
f 3755 4005 4006
f 4363 4259 4260
f 3454 3919 3920
f 3446 3459 3458
f 4298 4404 4406
f 3749 3769 3766
f 3791 3756 3792
f 3643 3684 3640
f 3845 3399 3400
f 4313 3258 4312
f 4411 4408 4412
f 3843 4423 3842
f 4214 4329 4328
f 4431 4433 4432
f 3918 3798 3799
f 3927 3388 3389
f 4453 3874 3873
f 4138 4457 4456
f 3346 4459 3345
f 4100 4108 4107
f 3974 3976 3975
f 3665 3652 3664
f 3773 3993 3992
f 3945 3920 3957
f 4144 4462 4461
f 4464 4466 4465
f 3268 4479 3267
f 4484 4136 4485
f 3348 4487 3347
f 3313 3912 3913
f 3803 3617 3802
f 4086 3510 4087
f 4034 3305 4033
f 3403 4171 4489
f 4481 4492 4491
f 4177 4179 4178
f 4398 3923 3311
f 4451 4494 4450
f 4501 4076 4502
f 4509 4506 4503
f 3304 4462 4517
f 4485 3312 4484
f 3419 3349 4064
f 4356 4385 4305
f 4026 4358 4020
f 4354 4357 4358
f 3599 4091 4090
f 4341 4254 4274
f 4251 4524 4335
f 3482 3484 3483
f 3843 3544 4085
f 4295 4274 4294
f 4381 4206 4203
f 4204 4531 4225
f 4533 4535 4534
f 4542 4544 4543
f 4546 4548 4547
f 4573 4547 4548
f 4575 4577 4576
f 4221 4580 4220
f 4587 4589 4588
f 4328 4589 4214
f 4187 4563 4332
f 4595 4593 4591
f 4597 4604 4596
f 4609 4611 4610
f 4620 4622 4621
f 4612 4614 4613
f 4636 4600 4637
f 4649 4650 4648
f 4652 4654 4653
f 4662 4664 4663
f 4666 4668 4667
f 4637 4685 4684
f 4627 4700 4626
f 4684 4636 4637
f 4663 4661 4662
f 4699 4697 4696
f 4647 4703 4702
f 4709 4603 4710
f 4724 4726 4725
f 4742 4744 4743
f 3311 3924 3314
f 4698 4758 4679
f 4749 4609 4610
f 4342 4344 4343
f 4797 4799 4798
f 4490 3974 4143
f 4019 4306 3870
f 4512 4514 4513
f 3991 4508 4507
f 4692 4694 4693
f 4680 4818 4810
f 4821 4824 4823
f 4367 4243 4240
f 4833 4831 4830
f 4837 4757 4754
f 4332 4562 4561
f 4683 4819 4682
f 4845 4850 4849
f 4751 4752 4669
f 4854 4695 4692
f 4858 4718 4857
f 4822 4859 4824
f 4674 4647 4675
f 4771 4773 4772
f 4726 4537 4540
f 4714 4719 4715
f 4633 4688 4687
f 4616 4618 4617
f 4686 4842 4841
f 4869 4708 4629
f 3502 3528 3529
f 4777 4737 4745
f 4734 4779 4873
f 4883 4663 4664
f 4375 4274 4275
f 4290 4335 4524
f 4799 4826 4825
f 4816 4812 4810
f 4778 4732 4659
f 4158 4160 4159
f 4195 4197 4196
f 3860 4166 4167
f 3758 3763 3764
f 3694 4157 4156
f 4249 4391 4377
f 3467 3469 3468
f 4209 4211 4210
f 4142 4144 4143
f 3615 3617 3616
f 3479 3536 3535
f 4883 4672 4886
f 4802 4642 4643
f 3698 3638 3683
f 4105 3726 3730
f 4848 4896 4895
f 4878 4744 4837
f 4610 4748 4749
f 4036 4489 4035
f 4355 4314 4347
f 4171 4049 4048
f 3875 3216 3217
f 4868 4863 4864
f 4623 4691 4622
f 3629 4155 4154
f 4654 4898 4683
f 4012 4014 4013
f 4902 4866 4867
f 4768 4908 4906
f 4370 4385 4384
f 4888 4914 4913
f 3546 3917 3916
f 4932 4931 4919
f 3625 4151 4150
f 3804 3670 3657
f 3816 4103 4101
f 4911 4887 4912
f 4928 4927 4929
f 4925 4927 4921
f 3655 3666 3654
f 4932 4910 4911
f 4937 4912 4913
f 4939 4942 4941
f 4228 4530 4381
f 4946 4942 4947
f 4938 4923 4937
f 4942 4937 4947
f 4951 4930 4928
f 4955 4928 4954
f 4748 4615 4749
f 4914 4847 4956
f 4824 4584 4856
f 4940 4941 4943
f 4916 4960 4917
f 4909 4891 4862
f 4971 4968 4949
f 4966 4948 4944
f 4962 4953 4965
f 4940 4924 4939
f 4831 4917 4895
f 4935 4925 4924
f 4275 4261 4258
f 4679 4791 4678
f 4016 4373 4376
f 4668 4766 4795
f 4539 4727 4845
f 4929 4936 4933
f 4607 4882 4881
f 4775 4801 4802
f 4801 4742 4774
f 4732 4611 4733
f 4985 4983 4982
f 4534 4562 4533
f 4847 4645 4848
f 4788 4619 4616
f 4787 4678 4791
f 4657 4605 4597
f 4994 4878 4837
f 5006 5008 5007
f 5001 4973 4988
f 4814 4619 4785
f 5014 4974 5012
f 5003 4972 4973
f 5019 5007 5018
f 5024 5017 5025
f 5036 5035 5032
f 4990 4975 4972
f 5045 5034 5044
f 5048 5034 5035
f 5025 5014 5026
f 5046 5043 5031
f 5051 5055 5054
f 5044 5060 5059
f 5011 5021 5020
f 5013 5068 5012
f 5028 5072 5029
f 5077 5064 5065
f 5065 5079 5077
f 5083 5080 5060
f 5063 5080 5065
f 5054 5071 5078
f 4602 4711 4851
f 5058 5083 5053
f 4982 4792 4793
f 5041 5045 5061
f 3909 3278 3250
f 3471 3473 3472
f 5002 4994 4995
f 5060 5067 5059
f 4892 4862 4891
f 4891 4884 4892
f 4996 5003 5001
f 4997 5005 5000
f 4813 4614 4829
f 4618 4827 4613
f 5089 5093 5092
f 3303 3305 3304
f 5100 5102 5101
f 5107 5109 5108
f 5110 5092 5114
f 4610 4734 4874
f 5112 5100 5084
f 5088 5090 5089
f 5119 5117 5116
f 5092 5096 5089
f 3826 3829 3825
f 5108 5102 5126
f 5100 5087 5084
f 5118 5133 5138
f 3783 3690 3784
f 4444 4446 4445
f 5151 5150 5152
f 4790 4617 4813
f 4332 4190 4187
f 3266 4451 4448
f 3211 3332 3946
f 4741 4760 4652
f 4775 4777 4776
f 4764 4691 4766
f 4489 4048 4490
f 4466 4511 4497
f 4518 3930 4514
f 4786 4791 4807
f 4980 4984 4977
f 5144 5150 5143
f 5159 5148 5158
f 5121 5120 5114
f 5169 5162 5165
f 5016 4979 5017
f 5123 5179 5122
f 5181 5140 5183
f 5175 5184 5141
f 4575 4586 4534
f 4984 4976 4977
f 4596 4598 4597
f 5182 5183 5186
f 4785 4787 4786
f 5137 5122 5179
f 5167 5180 5181
f 4835 4898 4897
f 4687 4726 4633
f 4176 4170 4398
f 4760 4655 4652
f 4681 4649 4646
f 5121 5132 5131
f 5171 5178 5170
f 5174 5191 5176
f 5169 5194 5164
f 4909 5095 4907
f 5105 5112 5113
f 4767 5126 4803
f 5201 5205 5204
f 5219 5217 5216
f 5229 5200 5209
f 5234 5236 5235
f 4069 4071 4070
f 4724 4717 4713
f 5108 4768 5107
f 5103 5126 5102
f 5227 5211 5226
f 5015 4884 4885
f 4997 4892 4884
f 5197 5215 5214
f 5241 5247 5246
f 5013 5019 5018
f 5205 5232 5204
f 4969 4971 4970
f 5239 5249 5248
f 4808 5225 4809
f 5216 5199 5196
f 5253 5242 5254
f 5235 5255 5256
f 5135 5157 5134
f 5264 5267 5266
f 5245 5215 5242
f 5260 5269 5267
f 5264 5274 5265
f 5154 5173 5142
f 5287 5278 5288
f 5256 5300 5257
f 5173 5176 5175
f 4631 4629 4628
f 4781 4783 4782
f 5309 5311 5310
f 5155 5144 5145
f 4826 4827 4825
f 5291 5308 5293
f 5310 5281 5286
f 5311 5308 5288
f 4036 4176 4175
f 4641 4704 4702
f 5220 4804 5223
f 4770 5207 4905
f 5188 5175 5176
f 5180 5129 5140
f 4626 5314 5313
f 4731 5315 5317
f 5222 5210 5221
f 4728 5316 5315
f 5230 5216 5196
f 5297 5240 5241
f 5204 5208 5201
f 5318 4864 5319
f 5273 5287 5289
f 5221 5219 5230
f 4700 5321 5314
f 5313 5328 5329
f 5157 5154 5142
f 5275 5263 5265
f 5324 5318 5325
f 5323 5331 5328
f 5343 5345 5344
f 5306 5286 5282
f 5278 5311 5288
f 4882 5320 5316
f 5109 5114 5120
f 5123 5130 5129
f 5299 5284 5298
f 5240 5199 5241
f 5229 5197 5214
f 5305 5292 5293
f 5233 5225 5243
f 5192 5194 5193
f 5104 4670 4746
f 5146 5160 5145
f 5337 5347 5338
f 5347 5341 5332
f 5353 5335 5352
f 5349 5354 5352
f 5355 5357 5354
f 5358 5360 5359
f 5355 5348 5360
f 5342 5365 5364
f 5345 5362 5344
f 5332 5367 5331
f 5372 5315 5316
f 5370 5366 5369
f 5361 5354 5357
f 5364 5368 5367
f 5369 5362 5370
f 5316 5330 5372
f 5373 5371 5372
f 5341 5364 5332
f 5374 5359 5373
f 5329 5375 5330
f 5377 5379 5378
f 5377 5331 5367
f 5380 5367 5368
f 5363 5370 5362
f 5357 5374 5381
f 5381 5361 5357
f 4814 4825 4827
f 4825 4816 4799
f 4806 4747 4805
f 5119 5131 5118
f 4696 4893 5387
f 4696 5390 4699
f 5213 5388 5387
f 5393 5388 5394
f 5380 5384 5379
f 5213 4893 5212
f 4813 4908 4790
f 5390 4693 4694
f 5294 5287 5295
f 5184 5186 5183
f 5285 5253 5254
f 4769 4790 4908
f 5327 5359 5360
f 4598 4690 4656
f 4608 4733 4611
f 4627 4609 4839
f 4596 4851 4711
f 4900 4706 4707
f 4668 5395 4667
f 4863 4639 4601
f 5392 4666 4667
f 4872 4651 4807
f 4807 4758 4872
f 5348 5325 5326
f 5176 5190 5188
f 5046 5022 5023
f 4853 4869 4870
f 5346 5363 5362
f 4709 4620 4599
f 4672 4904 4886
f 4680 4651 4649
f 4841 4688 4686
f 4823 4818 4821
f 4729 4602 4851
f 4881 4851 4604
f 5360 5326 5327
f 4852 4707 4869
f 4890 4669 4666
f 5392 5389 5393
f 5189 5186 5187
f 4881 4605 4607
f 5343 5369 5366
f 4607 4625 4882
f 5056 5052 5057
f 4850 4798 4894
f 3260 5398 3259
f 4855 4899 4871
f 5339 5366 5342
f 4789 4808 4677
f 5400 3948 3952
f 3872 4046 3871
f 4018 3424 3872
f 4025 4172 4024
f 4011 4024 4010
f 4065 3900 3901
f 3413 4013 3412
f 5056 5069 5070
f 5055 5070 5071
f 4062 5399 4061
f 5269 5294 5268
f 4685 4903 4846
f 5254 5240 5296
f 4606 4658 4733
f 4729 4882 4728
f 4030 4043 4029
f 4664 4753 4883
f 3575 3904 3903
f 3413 3922 3426
f 4949 4955 4934
f 4947 4913 4914
f 4849 4894 4856
f 4143 3975 4142
f 4912 4932 4911
f 3774 3995 3994
f 3956 3342 4168
f 4871 4758 4759
f 4270 4272 4271
f 4039 5400 4140
f 3555 5402 3554
f 5403 3906 3907
f 3908 3823 3907
f 4124 5408 5407
f 3901 4046 4047
f 4120 5410 5409
f 4124 4125 4123
f 5420 5404 5421
f 5424 5425 3557
f 3400 5428 3845
f 5432 5435 3226
f 4941 4945 4944
f 4935 4949 4934
f 3895 3897 3896
f 5426 4121 5418
f 5430 3906 5420
f 4045 5398 4062
f 5395 5392 4667
f 4846 4701 4840
f 4880 4710 4879
f 4624 4608 4609
f 4656 4662 4661
f 5305 5309 5304
f 5220 5222 5221
f 4230 4327 4324
f 5030 5028 5027
f 5213 5211 5210
f 5440 3269 5441
f 4396 3980 5444
f 5447 3244 3241
f 3328 5451 5396
f 4208 4248 4207
f 4599 4621 4598
f 4528 4391 4208
f 4529 4199 4207
f 4526 4339 4528
f 4256 5452 4532
f 4532 4241 4242
f 3834 5446 3831
f 5443 5444 4050
f 4530 4334 4206
f 4754 4904 4837
f 4229 4381 4331
f 4205 4383 4531
f 4892 4987 4861
f 4039 3976 4038
f 4738 4796 4741
f 4833 4897 4832
f 4232 4200 4201
f 4194 4241 4193
f 4889 4750 4748
f 4194 4365 4368
f 4531 4195 4238
f 5043 5062 5031
f 4182 4561 4180
f 5446 3241 3831
f 5237 5248 5236
f 4206 4382 4205
f 5210 5218 5219
f 3426 3417 3425
f 4216 4192 4215
f 4219 4184 4185
f 4180 4380 4179
f 4327 4591 4326
f 4223 4231 4222
f 4215 4360 4329
f 4186 4218 4185
f 4190 4209 4189
f 4223 4595 4327
f 4326 4328 4329
f 4366 4568 4186
f 4570 4549 4569
f 4579 4548 4570
f 4563 4533 4562
f 4583 4220 4580
f 4586 4561 4562
f 4239 4363 4243
f 4572 4567 4564
f 4536 4585 4535
f 4538 4566 4541
f 4536 5453 4538
f 3573 3983 3316
f 5427 3552 3556
f 4553 4588 4552
f 4593 4555 4592
f 4368 4183 4227
f 4361 4235 4236
f 4233 4527 4232
f 4233 4324 4237
f 4212 4330 4331
f 4237 4325 4236
f 4193 5452 4361
f 4983 4885 4792
f 5002 4986 4993
f 5074 5076 5075
f 4698 5391 4759
f 5391 5390 4694
f 4871 4650 4872
f 4546 4543 4544
f 4553 4901 4574
f 4552 4555 4556
f 5223 4805 5394
f 5386 5383 5363
f 5317 5371 5327
f 3240 4429 3377
f 5384 5381 5379
f 3938 3218 3937
f 3942 5455 5454
f 5361 5386 5356
f 4542 4541 4545
f 3910 5420 3428
f 3939 4060 3940
f 3851 5351 5454
f 3838 3556 3837
f 4547 4857 4546
f 5442 4050 3335
f 3385 5428 5429
f 4257 4235 4256
f 5312 4893 4809
f 4212 4204 4211
f 3854 5461 4392
f 4226 4210 4211
f 4202 4178 4201
f 3316 3897 3315
f 5464 4432 4433
f 5465 3883 4432
f 4472 4449 4450
f 4501 4450 4494
f 4074 4080 4077
f 5473 5401 4173
f 4173 5475 5473
f 3432 3520 5413
f 3462 5504 3461
f 4075 4494 4080
f 5482 3387 3392
f 5468 5470 5469
f 3427 5422 3523
f 4498 4487 3386
f 5403 5414 4128
f 3382 5522 3873
f 3492 5511 3491
f 3429 3517 3520
f 3873 5524 4453
f 5480 3350 3347
f 3477 5505 3462
f 4507 5544 4475
f 4396 5551 4051
f 3374 5553 3373
f 3373 5554 3390
f 5479 4063 3350
f 3390 5555 3393
f 5531 5566 5565
f 3368 5567 3367
f 5556 5560 5559
f 3393 5557 5556
f 4433 5463 5464
f 5464 5458 5456
f 4435 4439 3380
f 4055 3277 3274
f 3273 3911 3370
f 3395 3358 3394
f 5486 4071 5484
f 5526 4453 5524
f 5525 5569 5566
f 5568 3527 5567
f 3527 3847 3366
f 3365 3849 5462
f 5462 3850 5459
f 4435 5571 4430
f 3378 3943 3944
f 5573 5577 5574
f 4438 3943 3379
f 5477 5579 5476
f 5582 5580 5579
f 5583 5581 5584
f 5586 5588 5587
f 4074 5586 4073
f 5583 5474 5473
f 4507 5590 3991
f 5573 4522 4520
f 3989 5596 3988
f 5594 3407 5593
f 4436 5572 5571
f 5591 3991 5590
f 4507 4476 5589
f 3990 5587 5588
f 5578 3406 5577
f 5595 5584 5581
f 5484 3358 5486
f 4441 5467 3882
f 5472 4077 4139
f 5522 5570 5524
f 5486 3353 3524
f 5481 3386 3387
f 3475 5492 3518
f 5476 3899 5477
f 5540 5606 5603
f 5542 5603 5607
f 5608 5542 5607
f 5608 5545 5544
f 5607 5609 5545
f 5599 5548 5612
f 5598 5543 5608
f 5595 5593 5596
f 5588 3989 3990
f 5626 3266 5627
f 5627 4448 5628
f 5469 4469 5468
f 4515 5625 4491
f 4503 4474 4509
f 4481 5627 4480
f 4500 5469 5470
f 3414 5466 5465
f 5594 5581 5582
f 3376 4430 5571
f 3444 3941 3855
f 5572 3444 3445
f 4273 4287 4272
f 4345 4357 4344
f 4386 4305 4385
f 4517 4463 5625
f 4352 4319 4379
f 4352 4251 4336
f 4268 4390 4388
f 4264 4320 4323
f 4346 4282 4283
f 4337 4343 4344
f 4289 4245 4288
f 4303 4287 4288
f 4343 4291 4342
f 4284 4244 4289
f 4375 4291 4294
f 4379 4271 4272
f 4337 4348 4336
f 4524 4295 4290
f 4364 4197 4279
f 4285 4390 4302
f 5206 5208 5207
f 4297 4371 4296
f 4346 4286 4273
f 4285 4333 4284
f 3571 4395 5460
f 5341 5339 5342
f 5346 5334 5335
f 5269 5273 5289
f 4510 5609 5610
f 4509 5545 5609
f 4445 5611 5546
f 5566 5568 3368
f 5349 5338 5348
f 5489 3401 3398
f 5565 3368 3338
f 5496 5417 5630
f 5523 3383 5634
f 5325 5347 5324
f 5523 5599 5522
f 5429 3401 5633
f 3887 5631 5630
f 5634 5600 5523
f 5276 5279 5277
f 5298 5257 5300
f 5087 5085 5084
f 3361 5612 5548
f 5041 5066 5040
f 5487 3383 3384
f 5101 5130 5100
f 5299 5300 5303
f 5333 5335 5334
f 5302 5304 5303
f 5234 5216 5217
f 5301 5255 5258
f 4868 5322 4867
f 5281 5277 5279
f 5323 5322 5324
f 5298 5296 5297
f 4885 4750 4792
f 5231 5196 5197
f 4625 5313 5320
f 5111 5085 5098
f 5600 5549 5548
f 5531 5563 5527
f 5165 5182 5189
f 5283 5285 5284
f 4269 4277 4268
f 5610 5603 5606
f 5127 5091 5128
f 4907 5125 4906
f 5277 5272 5262
f 5596 5592 5598
f 5212 5226 5211
f 5273 5262 5272
f 5302 5258 5292
f 5635 5645 5640
f 4250 4379 4378
f 4485 3405 3402
f 4354 4023 4351
f 4265 4304 4386
f 4388 4282 4387
f 4345 4384 4385
f 4362 4297 4259
f 4836 4612 4828
f 4360 4236 4325
f 4369 4237 4234
f 5647 3986 3573
f 5650 3192 3189
f 5337 5336 5333
f 4467 4477 4466
f 4253 4340 4252
f 4429 5457 4428
f 3997 3915 3540
f 5535 3839 3982
f 5538 4460 4456
f 3439 5571 3438
f 5570 5526 5524
f 3438 5572 3445
f 4440 3879 3876
f 3440 4407 3449
f 3886 5695 5694
f 5534 5396 5451
f 5685 3471 5684
f 4278 4301 4302
f 5628 4449 5469
f 3579 3538 3578
f 4480 5628 4500
f 4402 5517 5518
f 4279 4198 4278
f 3603 3532 3602
f 3580 4088 4090
f 4095 3531 4094
f 5248 5251 5250
f 3778 3999 3776
f 4617 4613 4614
f 4375 4372 4519
f 3411 4136 3410
f 5094 5111 5097
f 3602 3535 3605
f 4023 4350 4351
f 4349 4336 4348
f 3605 3536 3592
f 4469 4471 4470
f 4094 3593 4097
f 4248 4245 4246
f 3519 5518 5517
f 5254 5284 5285
f 4852 4795 4766
f 4265 5629 4264
f 5632 5503 5631
f 3604 3612 3601
f 5549 5502 3360
f 3653 3607 3661
f 4780 4873 4779
f 4988 4979 4976
f 4491 5626 4481
f 4837 4995 4994
f 4615 4765 4749
f 5468 4470 4504
f 3514 3467 3513
f 5491 4409 5679
f 4093 3619 4092
f 4364 5629 4297
f 3488 5509 3487
f 5606 5611 5610
f 4210 4189 4209
f 4600 4602 4601
f 5242 5198 5240
f 5073 5075 5072
f 5651 3940 4060
f 3996 3775 3998
f 5200 5202 5201
f 5525 5527 5526
f 3364 4434 3363
f 3775 3542 3581
f 3941 5485 3855
f 3731 4105 3730
f 4997 4999 4998
f 4508 5608 5544
f 4101 3818 3816
f 3728 4103 3727
f 4591 4592 4328
f 4539 4538 4537
f 4550 4552 4551
f 4541 4567 4545
f 4389 4570 4568
f 4582 4580 4576
f 4976 4978 4977
f 4705 4707 4706
f 4797 4843 4844
f 3713 3730 3726
f 4675 4702 4704
f 4977 4981 4980
f 4810 4817 4816
f 4786 4812 4785
f 4715 4628 4714
f 4978 5021 4981
f 5010 5006 4991
f 3722 4162 4161
f 4558 4560 4559
f 4568 4569 4218
f 4584 4535 4585
f 4641 4715 4716
f 5026 5012 5068
f 4776 4745 4742
f 4714 4712 4713
f 4982 5001 4985
f 4576 4560 4582
f 4564 4566 4565
f 5069 5018 5029
f 5057 5048 5047
f 4810 4811 4680
f 3710 3786 3709
f 4991 4999 5010
f 5011 5010 5004
f 5008 5022 5027
f 5066 5063 5040
f 5047 5024 5025
f 5050 5051 5053
f 5023 5016 5024
f 5045 5059 5061
f 5047 5026 5057
f 3711 3724 3721
f 5048 5037 5047
f 5042 5063 5062
f 5058 5051 5054
f 5036 5046 5037
f 3715 3700 3714
f 5235 5257 5246
f 3732 3704 3702
f 5030 5062 5064
f 5020 5023 5022
f 5263 5261 5260
f 5049 5044 5034
f 5236 5250 5255
f 5031 5027 5022
f 5043 5039 5042
f 5320 5329 5330
f 5049 5052 5051
f 5326 5317 5327
f 3264 3288 3285
f 5264 5263 5260
f 4998 4992 4987
f 5009 5020 5008
f 5036 5039 5038
f 5032 5034 5033
f 4355 3949 3422
f 4269 4374 4323
f 4253 4378 4303
f 4525 4252 4340
f 3960 4111 3866
f 4372 4258 4296
f 5681 5673 5675
f 4378 4272 4287
f 4270 4346 4273
f 3244 5644 5643
f 4899 4648 4650
f 3734 3702 3810
f 4138 3343 4137
f 4192 4361 4360
f 3813 3812 3810
f 3817 3696 3814
f 5668 5682 5674
f 5690 5687 5684
f 5499 5700 5517
f 3999 3820 3577
f 3745 4102 4106
f 5684 3472 5690
f 5702 3860 5703
f 5712 5693 5670
f 3249 4393 3572
f 5695 5715 5694
f 5694 5716 5696
f 5719 5601 5602
f 4918 4950 4952
f 4774 4743 4773
f 3844 5605 3735
f 5505 4411 5504
f 3583 3585 3582
f 3710 4157 4160
f 5513 4417 5508
f 5704 4146 5709
f 4141 4062 4049
f 5669 5688 4410
f 3898 5653 5450
f 5718 3972 5719
f 5684 5686 5685
f 3917 5717 3512
f 3463 5662 5660
f 5492 5680 5491
f 4931 4950 4919
f 5665 3441 5663
f 3788 3740 3790
f 3501 3529 3994
f 3569 3477 3308
f 5516 5727 5515
f 3564 3566 3565
f 3892 5406 3889
f 3962 5407 3961
f 4126 4123 4125
f 4116 3287 5411
f 3892 5630 5417
f 3824 5413 5414
f 4408 5680 4412
f 3969 3978 5402
f 4408 3449 4407
f 4414 3449 4413
f 3962 3262 4125
f 4425 5616 4321
f 4418 5727 4419
f 5716 5575 5696
f 5719 5717 5718
f 5698 5692 5697
f 3880 4166 3987
f 5652 5520 5619
f 5621 4167 4166
f 5679 4410 5688
f 3210 3355 5618
f 5622 5451 5657
f 5416 5497 5624
f 5729 5731 5730
f 5733 3761 3758
f 5735 5737 5736
f 5750 5751 5734
f 5744 5740 5741
f 5744 3753 5746
f 5753 5730 5731
f 5757 5736 5737
f 5731 5765 5753
f 5774 5776 5775
f 5790 5792 5791
f 5796 5787 5797
f 5817 5819 5818
f 5828 5830 5829
f 3725 3751 3747
f 4874 4873 4875
f 4700 4903 4902
f 4740 4876 4739
f 3199 3201 3200
f 4100 4099 4101
f 3749 4108 3748
f 3695 3712 3692
f 3378 3380 3379
f 5504 4412 5507
f 4405 5518 5699
f 5838 5835 5836
f 4705 4712 4708
f 5832 5828 5833
f 5697 5678 5698
f 3791 4005 3790
f 5848 5794 5850
f 3714 3701 3704
f 3995 4042 3890
f 3329 3224 3222
f 4005 3705 4004
f 4551 4763 4550
f 5855 5808 5856
f 5851 5792 5852
f 5803 5858 5847
f 5844 5840 5845
f 5762 5743 5740
f 5808 5806 5807
f 4012 3426 3423
f 5558 3467 4067
f 4550 4720 4901
f 4950 4953 4952
f 3885 5694 5696
f 5705 4081 4082
f 5508 4415 5505
f 3745 3760 3744
f 5507 5680 5506
f 3592 3588 3591
f 3895 5658 5653
f 5613 5501 5549
f 3834 4393 4055
f 5527 4455 5526
f 5775 5809 5774
f 5766 5813 5810
f 5858 5812 5859
f 5855 5811 5858
f 5863 5819 5862
f 5826 5863 5829
f 5862 5833 5828
f 5870 5837 5845
f 5782 5831 5832
f 5868 5836 5873
f 5778 5843 5844
f 5866 5845 5840
f 5785 5867 5784
f 5790 5789 5793
f 5796 5794 5795
f 5821 5819 5820
f 5657 5620 5622
f 5793 5852 5792
f 5855 5801 5798
f 5853 5786 5796
f 5804 5802 5803
f 5827 5864 5822
f 5767 5821 5813
f 5854 5776 5777
f 5860 5818 5861
f 5782 5825 5785
f 5781 5844 5834
f 5810 5815 5816
f 5867 5830 5784
f 5809 5798 5799
f 5828 5863 5862
f 5865 5838 5868
f 5801 5802 5800
f 4086 3795 4149
f 5779 5842 5843
f 5827 5829 5830
f 5839 5869 5835
f 5814 5855 5856
f 5711 3859 5702
f 4958 4917 4960
f 5861 5821 5768
f 5863 5812 5820
f 5865 5823 5824
f 5873 5837 5871
f 5872 5842 5780
f 4089 3563 5704
f 3812 3785 3811
f 5770 5787 5788
f 5789 5847 5846
f 5793 5846 5849
f 4145 4146 3498
f 5848 5790 5791
f 3953 4009 3952
f 5748 5874 5747
f 4624 4626 4625
f 4665 4752 4664
f 4775 4779 4778
f 4746 4671 4747
f 4637 4601 4639
f 4828 4613 4827
f 4704 4762 4675
f 4843 4727 4687
f 4543 4725 4542
f 4731 4863 4730
f 4723 4558 4722
f 4842 4840 4838
f 4717 4857 4718
f 4865 4867 4866
f 5841 5866 5840
f 4725 4540 4542
f 4798 4816 4817
f 4632 4634 4633
f 4720 4715 4719
f 4642 4644 4643
f 3754 5874 5876
f 4860 4644 4847
f 4674 4722 4721
f 4808 4676 4677
f 4721 4822 4821
f 5876 5877 5746
f 4836 4840 4839
f 4658 4660 4659
f 4826 4800 4838
f 4877 4743 4744
f 4948 4971 4943
f 4875 4876 4889
f 4954 4934 4955
f 5773 5788 5790
f 5825 5833 5824
f 5834 5836 5835
f 5834 5845 5837
f 3359 3361 3360
f 5732 3756 3757
f 3394 3396 3395
f 3766 5741 5742
f 5774 5799 5777
f 5805 5857 5802
f 5813 5820 5812
f 3969 3964 3968
f 5667 5674 5666
f 5729 3792 3756
f 3770 5741 3769
f 4741 4739 4738
f 4689 4660 4661
f 5772 5787 5771
f 5735 3758 3764
f 5850 5773 5848
f 5617 3965 5650
f 5799 5854 5777
f 5875 5764 5879
f 5840 5842 5841
f 5861 5769 5860
f 5807 5853 5851
f 5869 5834 5835
f 3765 5739 5738
f 5882 5761 5759
f 5881 5887 5889
f 5895 5898 5897
f 5907 5906 5908
f 5909 5908 5910
f 4234 4526 4369
f 3912 3389 3914
f 5934 8730 8729
f 8730 5930 5931
f 4920 4922 4921
f 8845 8853 8851
f 4141 3404 4174
f 3733 3706 3731
f 8849 8848 8850
f 4234 4236 4235
f 8863 5919 8862
f 3733 4004 3705
f 5908 8859 8867
f 8865 8871 8870
f 8859 8863 8864
f 5927 5925 5928
f 5911 5904 5912
f 8878 8866 8879
f 5635 5637 5636
f 5745 5746 5877
f 3552 3554 3553
f 8857 8890 8875
f 5924 8860 5923
f 3553 3556 3552
f 5919 8861 8862
f 8869 8870 8891
f 8873 8878 8876
f 8856 8875 8874
f 8862 5889 5887
f 8846 8844 8843
f 8864 8866 8865
f 8729 8883 8884
f 8848 8887 8886
f 8878 5888 8893
f 8896 8855 8897
f 8853 8896 5885
f 8841 5882 5883
f 3489 3491 3490
f 8867 8864 8868
f 5910 8867 8898
f 5914 8898 8899
f 5916 8899 8900
f 5889 8860 5890
f 8876 8893 8894
f 5918 8900 8901
f 4424 5726 4423
f 8904 8900 8899
f 8909 8904 8905
f 8908 8903 8904
f 8869 8905 8868
f 3632 3667 3635
f 3687 3689 3688
f 3636 3681 3631
f 3664 3639 3665
f 4304 4306 4305
f 8909 8891 8910
f 3681 3695 3680
f 3758 3760 3759
f 3684 3700 3683
f 3721 3723 3722
f 3941 3943 3942
f 3738 3740 3739
f 3687 3709 3690
f 3238 3938 3220
f 4249 4288 4245
f 4499 3344 4464
f 4240 4368 4367
f 3453 3951 3919
f 4401 3547 3967
f 3950 3451 3436
f 3702 3701 3703
f 3725 3727 3726
f 3194 3208 3193
f 4034 4461 4462
f 3914 3913 3912
f 3483 3533 3482
f 3191 3957 3206
f 4292 3970 4293
f 3909 3428 3356
f 3959 3866 3867
f 4017 4309 4016
f 4316 4008 3953
f 4448 4450 4449
f 4414 4417 4416
f 3435 3351 3433
f 4413 4415 4414
f 3899 3901 3900
f 3780 3648 3809
f 3474 3886 3885
f 3958 3192 3214
f 3221 3935 4427
f 3905 3907 3906
f 3913 4486 3313
f 4420 4421 4085
f 3881 3883 3882
f 4004 3790 4005
f 4271 4318 4316
f 4259 4296 4258
f 3501 4066 3468
f 5897 5900 5899
f 5901 5904 5903
f 8854 8856 8855
f 3789 3786 3720
f 3651 3781 3782
f 5924 5901 5925
f 8870 8873 8872
f 8876 8874 8873
f 5912 5918 5911
f 3805 3799 3737
f 3369 3395 3396
f 3923 3925 3924
f 3916 3512 3509
f 3641 3801 3642
f 4276 4323 4320
f 4181 4331 4330
f 4428 3377 4429
f 3495 4321 4322
f 4436 3380 3381
f 4430 4437 4435
f 3945 3958 3946
f 4065 4047 3418
f 4495 3408 4496
f 8913 8915 8914
f 8911 8917 8916
f 8889 8923 8890
f 8919 8931 8921
f 8884 8918 8885
f 8922 8931 8925
f 5852 5909 5851
f 5866 5915 5917
f 8926 8914 8915
f 8914 8883 8913
f 8886 8921 8888
f 5846 5894 5891
f 5873 5900 5868
f 8893 5764 5754
f 8894 5754 5753
f 5890 5927 8936
f 5885 5755 5758
f 5871 5902 5873
f 5763 5883 5762
f 5880 8936 5763
f 4175 4398 4399
f 4274 4255 4275
f 8883 5931 8882
f 8868 8898 8867
f 3289 3247 3292
f 3858 5485 5921
f 8850 8886 8888
f 4116 5409 4115
f 3889 4127 5415
f 3678 8938 8937
f 8857 8888 8889
f 3979 3294 3295
f 4126 3431 3823
f 3651 3679 3650
f 3460 5921 3354
f 4084 3310 3487
f 8905 8899 8898
f 3561 5397 5656
f 3213 5528 5519
f 4191 4193 4192
f 5449 5532 5533
f 4142 4031 4479
f 4060 5652 5651
f 4480 4482 4481
f 5519 3212 3213
f 5657 3330 3940
f 4473 4475 4474
f 3514 5668 5667
f 5663 5669 5665
f 8881 5926 8880
f 5734 5749 5750
f 4788 4677 4678
f 3997 3538 3506
f 3551 3310 3294
f 3577 3998 3999
f 4893 4676 4809
f 4753 4671 4672
f 8729 8885 8843
f 3813 9021 8937
f 8938 3813 8937
f 8882 5929 8881
f 4098 3820 3821
f 3399 5416 3398
f 5494 5503 4403
f 5880 5878 5881
f 4986 4861 4987
f 4999 5004 5010
f 4985 4988 4976
f 5816 5766 5810
f 4372 4384 4519
f 5688 5692 5679
f 8903 8901 8900
f 8879 5887 5888
f 8902 8880 8901
f 5919 5895 5920
f 4519 4342 4291
f 8847 8854 8853
f 5925 5903 5926
f 4021 4523 4025
f 5678 5676 4406
f 4424 4085 4421
f 5701 3577 3820
f 5928 5926 5929
f 5000 4980 5004
f 9022 3545 4113
f 9024 5409 5410
f 4008 4010 4009
f 3931 4516 4513
f 3822 3807 3821
f 8851 8844 8845
f 5728 5509 5721
f 9025 4115 5409
f 5209 5201 5208
f 4820 4653 4682
f 3988 5598 4508
f 3370 3357 3395
f 5639 5641 5640
f 5592 4477 5543
f 3378 5572 3381
f 5625 3265 5626
f 5594 5577 3406
f 3302 5645 3301
f 3274 3278 3273
f 5207 5233 5243
f 5071 5072 5075
f 4815 4785 4812
f 4796 4643 4760
f 3243 5643 5648
f 5301 5303 5300
f 5431 5655 5654
f 5251 5244 5252
f 3353 3523 3524
f 4174 3405 3411
f 3546 4113 3545
f 4002 3788 4004
f 4196 4238 4195
f 3232 5647 3231
f 4373 4266 4310
f 4867 5321 4902
f 5648 4058 3243
f 4455 3893 4453
f 5593 4511 5592
f 5275 5252 5253
f 5252 5274 5251
f 4092 3624 3597
f 3723 3743 3722
f 4780 4802 4796
f 4059 3560 5425
f 4317 4347 4270
f 5188 5192 5187
f 5570 5612 5569
f 3385 5633 3384
f 3526 5569 5612
f 3576 3608 3590
f 3581 3594 3580
f 5239 5238 5232
f 5081 5083 5082
f 4369 4528 4527
f 4325 4329 4360
f 3569 3286 3336
f 9022 4112 5709
f 3661 3801 3653
f 5074 5030 5064
f 5064 5063 5065
f 3563 3498 4146
f 3961 4119 5411
f 4854 4870 4735
f 5018 5028 5029
f 5007 5027 5028
f 5040 5039 5041
f 3240 3875 3239
f 5070 5029 5072
f 3504 3866 4111
f 3537 3591 3588
f 5033 5039 5032
f 4710 4635 4879
f 5017 4989 5014
f 5024 5046 5023
f 4991 5019 4990
f 4587 4574 4573
f 4996 4793 4878
f 5066 5059 5067
f 5221 5231 5220
f 5068 5057 5026
f 3675 3643 3642
f 3663 3675 3662
f 4722 4559 4822
f 3579 3590 3591
f 3686 3677 3678
f 4422 3499 4419
f 5142 5138 5133
f 5078 5075 5076
f 3609 3590 3608
f 3288 5411 3287
f 5424 5410 3246
f 5152 5156 5172
f 3960 5709 4112
f 4946 4957 4958
f 3867 5705 3959
f 9026 4113 5710
f 5192 5189 5187
f 5161 5194 5171
f 3637 3682 3636
f 4392 3847 3848
f 3796 4149 3795
f 4104 3727 4103
f 3594 3993 4088
f 3796 4134 5710
f 3687 4156 4157
f 3760 4164 4165
f 4464 3345 4467
f 3485 3868 3484
f 3846 5423 4130
f 3409 4496 3408
f 3767 3765 3762
f 3711 4159 4160
f 3797 4087 3510
f 4072 5562 5560
f 4502 5590 5589
f 5408 9027 4118
f 5683 5714 5682
f 5702 4110 5711
f 5623 4148 4167
f 5428 3525 3522
f 3668 3802 3667
f 4000 8938 3679
f 4221 4179 4380
f 4267 4388 4315
f 3721 4161 4159
f 3903 5706 5705
f 3583 4090 4091
f 3894 3524 3525
f 4635 4636 4634
f 4173 4009 4010
f 4890 5393 5394
f 5290 5293 5292
f 5339 5337 5333
f 5458 4438 4439
f 3251 5430 3910
f 3252 5419 3251
f 3428 5421 3427
f 3571 5418 3252
f 4583 4554 4593
f 4239 4224 4238
f 3322 5450 5449
f 5309 5306 5304
f 4109 3748 4108
f 5707 3794 3795
f 5139 5183 5140
f 5271 5290 5259
f 5280 5282 5279
f 5110 5125 5115
f 5319 4731 5317
f 5334 5339 5333
f 5423 3523 5422
f 5376 5378 5375
f 4721 4646 4674
f 3719 4159 4161
f 4853 4692 4795
f 5373 5330 5375
f 4428 5456 4437
f 5376 5328 5331
f 3337 4434 4431
f 4692 5395 4795
f 5475 4523 5476
f 5478 4068 4522
f 5421 4129 5422
f 5374 5375 5378
f 5283 5306 5282
f 5246 5234 5235
f 5154 5150 5153
f 4458 5561 4457
f 5163 5158 5168
f 5381 5378 5379
f 3397 5484 5483
f 4457 5563 5537
f 5147 5150 5149
f 4474 5544 5545
f 5325 5319 5326
f 5223 5388 5222
f 5517 3521 3519
f 4499 3347 4487
f 5404 4128 4129
f 3476 5506 3475
f 4084 5515 4083
f 3900 5477 3899
f 5536 5547 5546
f 5491 5493 5492
f 5474 4139 5401
f 4063 4522 4068
f 4459 5541 5540
f 5548 3360 3361
f 5444 5550 4396
f 3888 5415 5412
f 5546 3339 4445
f 5536 5538 5537
f 3570 5508 3477
f 4471 5589 4476
f 4280 3359 5933
f 5499 4403 5503
f 5189 5169 5165
f 5543 4478 5542
f 4051 5552 3374
f 3461 5507 3476
f 4629 4870 4869
f 5106 4909 4862
f 5286 5279 5282
f 5462 3364 3365
f 3491 5514 3840
f 5224 5231 5229
f 4478 5540 5542
f 4099 3742 3723
f 4803 4805 4804
f 4130 5422 4129
f 4470 4476 4473
f 4924 4921 4922
f 4920 4927 4926
f 4993 4987 4992
f 4887 4913 4912
f 3894 4070 4071
f 5472 5585 5586
f 3508 4134 3507
f 3603 4096 4097
f 3772 3992 4110
f 5712 5671 5672
f 3739 4162 4163
f 5683 3515 5715
f 5480 4495 5479
f 5698 5493 5498
f 3578 3996 3998
f 3645 4154 4155
f 5660 3466 3463
f 4135 5710 4134
f 5587 4073 5586
f 5687 5693 5686
f 3584 4091 4150
f 5585 5584 5588
f 4128 5415 4127
f 4257 4338 4526
f 4222 4178 4179
f 4366 4191 4216
f 5098 5091 5088
f 5761 5737 5760
f 5760 5738 5739
f 8852 5934 8844
f 8874 8855 8856
f 8895 8855 8877
f 5884 8842 8852
f 4557 4582 4560
f 8890 8917 8892
f 8918 8930 8920
f 8924 8915 8916
f 4182 4330 4190
f 3864 5711 4110
f 3574 3230 3231
f 3342 3415 3341
f 3488 3549 3840
f 4317 3953 3949
f 3672 4152 4153
f 5708 3865 5707
f 9021 3685 3686
f 3621 3616 3617
f 5728 4419 5727
f 4311 4028 4310
f 4131 3543 3841
f 4426 3842 4423
f 4518 4168 4427
f 5457 5464 5456
f 5425 3558 3837
f 5458 4437 5456
f 3416 5465 5457
f 5638 5437 5637
f 3985 5636 5637
f 5646 5636 5647
f 9023 3554 5402
f 5722 5514 5726
f 3256 3934 3255
f 4164 5734 5751
f 8885 8920 8887
f 3282 3929 3281
f 3292 3320 3291
f 3232 3300 3301
f 3303 3271 3334
f 3562 5432 3325
f 3392 3388 3391
f 3854 5350 3851
f 5463 5459 5458
f 5935 3885 5576
f 3879 3954 3878
f 3928 3391 3388
f 4137 4458 4138
f 5454 3850 3851
f 3548 3549 3550
f 4443 5470 4442
f 4452 4506 4447
f 4468 3415 3879
f 4443 3876 4483
f 3234 4515 4516
f 5434 3896 5433
f 5448 5441 5644
f 5447 5443 5442
f 4442 5471 5467
f 5550 3275 5551
f 5578 4520 3409
f 3464 5666 3463
f 4701 4839 4840
f 3259 4041 4030
f 4015 3423 4018
f 3558 3982 3839
f 4856 4823 4824
f 4741 4653 4740
f 3759 4106 3763
f 3560 3290 3559
f 9024 3557 3553
f 5438 3280 5439
f 3321 3290 3291
f 5557 4072 5560
f 5553 3396 5554
f 4045 4174 4044
f 4539 4849 4585
f 3536 3503 3588
f 5478 5574 5477
f 3800 3510 3511
f 4755 4886 4754
f 5561 5527 5563
f 5752 5732 5751
f 5752 5756 5765
f 3518 5493 5521
f 3767 4107 4108
f 3534 4097 3593
f 4395 3826 3827
f 3926 3371 3925
f 4446 5610 5611
f 4050 3980 3981
f 8887 8843 8885
f 5649 5640 5645
f 4643 4761 4760
f 3709 3784 3690
f 4778 4660 4777
f 5649 4054 5648
f 5646 3301 5645
f 3250 3910 3909
f 5884 5757 5761
f 5655 5936 5937
f 4224 4226 4225
f 4043 3412 4013
f 4286 4288 4287
f 4267 4310 4266
f 4493 4080 4494
f 3325 3226 3227
f 3925 3372 3928
f 4312 4314 4313
f 3996 3540 3541
f 8908 8912 8907
f 4023 4025 4024
f 3995 3891 3994
f 5482 5559 4137
f 4486 3921 4484
f 4300 4302 4301
f 5438 5644 5441
f 3233 3282 3270
f 3225 3227 3226
f 5446 5445 5443
f 5554 3397 5555
f 4834 4830 4772
f 4064 3350 4063
f 3596 3598 3597
f 5639 5648 5643
f 5434 5654 5658
f 4895 4830 4831
f 3674 3676 3675
f 3551 3978 3550
f 3835 3305 3306
f 3813 3702 3703
f 3691 4160 4157
f 4109 4101 4103
f 4565 4188 4564
f 3490 3547 3489
f 3672 3647 3673
f 8906 8912 8913
f 3810 3811 3734
f 4051 4397 4396
f 3566 4090 4088
f 5580 5476 5579
f 4456 5537 5538
f 5539 5546 5611
f 8844 8729 8843
f 8872 8874 8875
f 4383 4198 4195
f 4931 4927 4930
f 5529 5397 5396
f 5314 5323 5328
f 5347 5323 5324
f 4711 4599 4596
f 5387 5389 4696
f 5259 5292 5258
f 5195 4803 5126
f 5195 4746 4806
f 4639 4866 4685
f 4821 4681 4721
f 3421 5399 3260
f 4730 4601 4602
f 4807 4811 4786
f 4040 3421 3948
f 4844 4800 4797
f 3936 3929 3930
f 4894 4817 4823
f 5365 5383 5368
f 4657 4661 4658
f 5224 4770 4804
f 5368 5382 5380
f 5336 5352 5335
f 5353 5386 5363
f 4070 4454 4069
f 5396 3327 3328
f 5225 5312 4809
f 5384 5386 5385
f 5391 4695 4759
f 4735 4870 4630
f 4407 4409 4408
f 4623 4880 4706
f 5356 5352 5354
f 4578 4859 4577
f 3239 3217 3938
f 3937 3333 3939
f 4578 4534 4535
f 5467 4505 4452
f 4836 4826 4838
f 4422 5721 4421
f 3392 5556 5482
f 5564 5565 5547
f 3807 3663 3660
f 5922 4392 4281
f 3680 3692 3693
f 3630 3632 3631
f 4416 5725 4418
f 4033 3836 4176
f 3238 4168 3342
f 3466 3483 3484
f 3678 3650 3679
f 3677 3649 3650
f 3340 4431 3884
f 3562 5656 5655
f 5658 5938 5939
f 3642 3640 3641
f 3306 3334 3981
f 3256 3280 3281
f 8910 8892 8917
f 5868 5898 5859
f 8924 8922 8925
f 8935 8925 8931
f 8882 8913 8883
f 8925 8926 8924
f 8840 8936 5927
f 5852 5905 5907
f 5136 5124 5137
f 4243 4260 4242
f 5238 5228 5232
f 5642 5643 5644
f 3924 3928 3927
f 5412 5700 3888
f 3750 3751 3707
f 3746 3770 3769
f 3859 3861 3860
f 3972 3493 3494
f 5923 8861 5920
f 4945 4958 4959
f 3296 3286 3287
f 3824 3907 3823
f 3671 4154 4153
f 4137 5481 5482
f 3614 3802 3617
f 3283 3559 3290
f 4936 4934 4933
f 5511 5726 5514
f 4170 3926 3923
f 3572 3830 3826
f 3459 3858 3460
f 3496 4425 3495
f 3457 3436 3437
f 3984 3986 3985
f 3914 3386 4487
f 5512 5723 5511
f 4500 4483 4480
f 4501 4471 4472
f 4503 4505 4504
f 4143 4461 4490
f 3331 3222 3219
f 4016 4018 4017
f 3998 3776 3999
f 4114 5710 4113
f 4405 4406 4404
f 5602 5720 5719
f 4767 4804 4770
f 4929 4954 4928
f 4410 5665 5669
f 3888 5632 3887
f 4048 3977 3974
f 3947 3212 5652
f 5676 3472 3473
f 5782 5784 5783
f 4315 4311 4267
f 5699 5521 5493
f 5864 5825 5822
f 5826 5822 5823
f 5775 5805 5806
f 3236 3270 3271
f 5823 5859 5826
f 4957 4895 4917
f 8868 8865 8869
f 4281 3848 4280
f 4940 4971 4949
f 4013 4029 4043
f 3685 3701 3684
f 4339 4377 4391
f 8891 8872 8892
f 3753 3755 3754
f 4427 3220 3221
f 3809 3779 3780
f 3568 4418 3500
f 3880 3918 3805
f 3543 3842 3841
f 4646 4648 4647
f 4656 4597 4598
f 4781 4820 4784
f 4972 4974 4973
f 5101 5109 5120
f 5095 5115 5125
f 5090 5132 5093
f 5131 5134 5133
f 5134 5127 5135
f 5117 5140 5129
f 3539 3863 3595
f 4006 3792 4007
f 5128 5099 5124
f 5097 5089 5096
f 5274 5271 5259
f 4571 4569 4549
f 4225 4238 4224
f 5156 5170 5172
f 4538 4540 4537
f 4622 4665 4662
f 4981 5004 4980
f 5012 4975 5013
f 5148 5149 5157
f 5157 5133 5134
f 5161 5145 5160
f 4261 4242 4260
f 5294 5291 5268
f 4255 4532 4261
f 5274 5250 5251
f 4246 4207 4248
f 3314 3927 3912
f 4670 4672 4671
f 4995 4673 4986
f 4638 4603 4600
f 4341 4525 4340
f 5163 5165 5162
f 4834 4784 4819
f 4784 4682 4819
f 4844 4687 4688
f 5280 5275 5285
f 4217 4564 4188
f 4554 4556 4555
f 4551 4556 4594
f 4549 4544 4571
f 5141 5173 5175
f 4653 4683 4682
f 4973 4989 4988
f 4984 5015 4983
f 5177 5170 5178
f 5166 5181 5182
f 5141 5139 5138
f 5178 5151 5177
f 5244 5203 5245
f 5252 5245 5253
f 4479 4079 4493
f 4402 4404 4403
f 3500 4419 3499
f 5856 5909 5913
f 4488 3348 3349
f 8851 5885 5886
f 3607 5701 4098
f 3508 3503 3504
f 5847 5896 5894
f 4374 4309 4263
f 3380 4438 3379
f 9025 3553 3554
f 5718 4131 3973
f 3300 3283 3321
f 5551 3276 5552
f 5552 3369 5553
f 5555 5483 5557
f 5859 5896 5858
f 4133 3794 3915
f 3606 3652 3610
f 4900 4766 4691
f 4616 4789 4788
f 3738 4164 3757
f 4774 4642 4801
f 4399 3402 4175
f 5853 5795 5851
f 3936 4427 3935
f 3418 4064 4065
f 5510 3840 5514
f 3270 3279 3269
f 3274 4056 4055
f 4359 4305 4306
f 4135 3504 4111
f 3610 3609 3606
f 3837 3557 5425
f 5940 4401 5941
f 5853 5803 5847
f 5725 5515 5727
f 3246 4117 3245
f 5713 5672 5681
f 4918 4916 4915
f 4148 3771 5703
f 5106 5113 5111
f 4147 5709 4146
f 5152 5177 5151
f 9026 4111 4112
f 5104 5103 5112
f 3531 3485 3593
f 3713 3715 3714
f 3699 3815 3697
f 4467 4459 4478
f 4703 4736 4640
f 5405 3846 5406
f 3555 3963 3964
f 4120 5411 4119
f 4217 4185 4218
f 3279 5441 3269
f 4944 4959 4966
f 4353 4344 4357
f 3815 3716 4104
f 3374 4052 4051
f 4491 4516 4515
f 5865 5833 5866
f 5819 5856 5862
f 5807 5856 5808
f 3933 3281 3929
f 3208 3920 3919
f 8907 8902 8903
f 5288 5295 5287
f 3728 3747 3748
f 3309 4083 3336
f 5119 5101 5120
f 3811 3789 4002
f 3595 3992 3993
f 4106 4100 4107
f 5696 5576 3885
f 3708 3750 3707
f 3744 4165 4163
f 5905 5892 5906
f 3403 4175 3402
f 4133 3506 3507
f 4147 3544 3545
f 3561 3325 3324
f 3237 3239 3238
f 4877 4793 4794
f 3241 3243 3242
f 3597 3625 3596
f 3279 3281 3280
f 3371 3373 3372
f 3599 3567 3598
f 3975 4032 4031
f 3277 3250 3278
f 3774 3565 3773
f 3658 3780 3779
f 4961 4963 4960
f 3600 3616 4096
f 4228 4202 4199
f 4011 4318 4350
f 4307 4262 4308
f 4838 4841 4842
f 4782 4773 4743
f 4914 4946 4947
f 4839 4765 4836
f 4771 4645 4642
f 4962 4964 4963
f 4966 4963 4964
f 3601 3615 3600
f 5878 5879 5881
f 5890 5881 5889
f 3720 4158 3719
f 4755 4689 4663
f 3740 3718 3739
f 5695 5686 5714
f 5740 5742 5741
f 5733 5736 5749
f 5755 5750 5749
f 5745 5762 5740
f 5798 5800 5799
f 4706 4879 4705
f 5651 5619 5620
f 5850 5797 5772
f 5804 5806 5805
f 4087 5707 4086
f 5915 5914 5916
f 5703 4167 4148
f 5893 5896 5895
f 5892 5919 8858
f 5706 5664 4081
f 5786 5788 5787
f 3973 3841 3493
f 4831 4915 4916
f 5906 8858 8859
f 4965 4969 4964
f 4684 4846 4842
f 3589 3611 3604
f 3596 4150 4091
f 5877 5763 5745
f 4121 4123 4122
f 3469 3868 3502
f 3204 3208 3207
f 3716 3726 3727
f 5460 5426 3571
f 3465 3470 3464
f 5738 3764 3765
f 4887 4655 4888
f 4203 4205 4204
f 3959 4082 4089
f 5758 5886 5885
f 5781 5872 5780
f 4675 4723 4674
f 3757 5751 5732
f 3334 3272 3335
f 8880 5903 5911
f 5615 3473 5614
f 5759 5760 5743
f 8845 8848 8847
f 5778 5780 5779
f 8857 8849 8850
f 4132 3798 3859
f 5839 5841 5842
f 560 3187 559
f 5747 4007 3792
f 5928 8840 5927
f 5766 5768 5767
f 4848 4956 4847
f 4953 4967 4965
f 4832 4910 4915
f 5879 5888 5887
f 3598 3530 4095
f 5747 5730 5748
f 5754 5748 5730
f 5810 5812 5811
f 5758 5749 5736
f 4315 4387 4314
f 5917 5916 5918
f 5913 5910 5914
f 5930 8841 8840
f 4951 4968 4953
f 3209 3201 3202
f 4059 3246 3247
f 8731 8842 8841
f 3776 3585 3778
f 5770 5772 5771
f 5891 5893 5892
f 9028 5641 5439
f 5814 5816 5815
f 5662 5673 5661
f 3522 3524 3523
f 5630 5942 5496
f 5791 5795 5794
f 5746 3754 5876
f 5928 5931 5930
f 5743 5739 5742
f 5876 5875 5878
f 3678 9021 3686
f 4200 4207 4199
f 4114 3916 4149
f 3601 3605 3604
f 3818 3712 3817
f 3315 3317 3316
f 5899 5902 5901
f 8840 5883 8936
f 5562 5559 5560
f 4416 3448 4414
f 3189 3191 3190
f 4751 4747 4671
f 4181 4180 4177
f 3832 5454 5351
f 3362 3526 3361
f 5678 5699 5698
f 3497 3499 3498
f 448 807 447
f 647 122 270
f 5690 5677 5697
f 4183 4185 4184
f 1833 1780 1832
f 5920 5897 5923
f 510 508 507
f 4401 5944 5941
f 5656 5530 5936
f 3970 5940 4293
f 5653 5939 5946
f 5450 5946 5532
f 3384 5945 5487
f 4403 4299 5494
f 5944 3968 5949
f 3963 5951 3852
f 5614 3474 5935
f 5427 3857 5951
f 3210 1887 3201
f 1887 3200 3201
f 15 3197 3200
f 16 3195 3197
f 3195 3187 3194
f 3194 1899 3207
f 3207 375 3204
f 387 126 127
f 3189 1760 5650
f 9029 757 758
f 763 2172 2175
f 9035 9032 9033
f 9033 9031 9030
f 9046 9048 9047
f 8751 9054 8752
f 9078 9077 9079
f 9083 9051 9053
f 9088 9047 9048
f 9099 9040 9097
f 9102 9036 9099
f 9105 9032 9103
f 9105 9106 9031
f 1801 9108 9107
f 9103 9034 9102
f 9096 9047 9089
f 1767 9111 9112
f 1597 9113 1600
f 1708 9117 9116
f 9123 9119 9118
f 9118 9125 9124
f 1588 9116 1587
f 2080 9118 2082
f 2082 9124 2084
f 9126 9087 9083
f 9129 9088 9087
f 5512 5943 5947
f 5634 5488 5948
f 5724 5947 5616
f 9134 9097 9133
f 9144 9102 9138
f 9133 9096 9132
f 786 9144 785
f 9146 9103 9144
f 785 9138 497
f 497 9134 650
f 650 9133 564
f 9148 9133 9132
f 8756 9057 8753
f 9154 9130 9129
f 9151 9131 9130
f 9097 9090 9096
f 1799 9111 1768
f 5949 3964 3853
f 9160 8809 8811
f 8813 9160 8811
f 9166 564 9148
f 9067 9054 9052
f 9162 9148 9150
f 9087 9048 9051
f 9081 9079 9082
f 9049 9051 9048
f 9082 9167 9081
f 9079 9049 9046
f 9169 9175 9170
f 9167 9112 9081
f 9168 9177 9167
f 9120 9113 9177
f 9120 9169 9119
f 9119 9170 9125
f 9179 9125 9170
f 9180 9124 9125
f 9178 9170 9175
f 1576 2084 9124
f 9179 9183 9181
f 3203 1387 3190
f 3190 1791 3189
f 5618 1949 3210
f 317 259 391
f 2000 9105 9146
f 9053 9052 9054
f 9041 9036 9037
f 9029 756 2170
f 9037 9034 9035
f 9130 9089 9088
f 3204 376 3203
f 1801 9109 1799
f 9181 9180 9179
f 1575 9190 1088
f 9187 1576 9180
f 1776 1796 1775
f 1293 1290 1284
f 1326 1327 12
f 1294 1234 1290
f 878 1330 1337
f 5633 5490 5945
f 5933 3360 5502
f 5613 5948 5500
f 5604 3844 5720
f 3972 5950 5601
f 3494 4322 5950
f 4406 5615 4298
f 3492 4292 5943
f 5631 5495 5942
f 497 374 498
f 122 413 121
f 5624 3398 5416
f 9151 9156 9160
f 9058 8752 9054
f 9160 9150 9151
f 8815 9162 8813
f 9156 8794 8809
f 439 399 438
f 1512 1526 1511
f 1668 1738 1671
f 839 1362 838
f 1362 826 1012
f 3425 3418 4047
f 4905 5243 4808
f 4621 4662 4690
f 5582 5574 5577
f 4754 4756 4755
f 3902 4021 4022
f 9295 1896 9267
f 2053 2118 2117
f 9340 2120 2119
f 696 9268 9283
f 4922 4939 4924
f 4365 4186 4183
f 5105 4862 4670
f 5228 5226 5225
f 4781 4877 4794
f 5218 5238 5217
f 4990 4992 4991
f 4335 4336 4251
f 4993 4972 5002
f 4794 4792 4750
f 5886 8852 8851
f 5405 5417 5416
f 4669 4764 4668
f 4676 4698 4679
f 1826 639 640
f 9192 9181 9183
f 5232 5233 5204
f 5418 4122 5419
f 956 886 960
f 5720 3512 5717
f 4728 4730 4729
f 8879 8863 8862
f 1980 1922 807
f 4969 4966 4964
f 33 105 164
f 9028 3254 5437
f 3837 3839 3838
f 4382 4301 4383
f 3908 4122 4123
f 4290 4294 4291
f 4400 4055 4056
f 3219 3221 3220
f 8894 8877 8876
f 4640 4735 4630
f 4389 4216 4213
f 3267 4493 4451
f 3268 4463 4144
f 5097 5098 5088
f 5094 5096 5095
f 5654 5937 5938
f 4089 3960 3959
f 5159 5162 5160
f 5202 5249 5205
f 5412 5414 5413
f 5715 3516 5716
f 5723 4423 5726
f 4263 4323 4374
f 3994 3564 3774
f 1343 9308 9309
f 3470 5667 3464
f 5659 5671 5706
f 3319 4053 3299
f 9359 2128 9354
f 1766 1582 1594
f 14 2163 738
f 595 99 594
f 5703 3772 5702
f 5206 5229 5209
f 3437 3458 3457
f 5516 3487 5509
f 5122 5087 5123
f 3223 3934 3935
f 3979 5402 3978
f 3828 3320 3827
f 5663 4081 5664
f 4035 4490 4461
f 4426 5724 4425
f 3881 4447 4444
f 5407 4118 4119
f 5691 5689 5687
f 5661 5672 5671
f 5911 8901 8880
f 3902 3871 4046
f 5541 5539 5606
f 4069 5561 5562
f 3248 3292 3247
f 1346 1044 1352
f 748 1425 747
f 3297 3255 3934
f 5445 4056 5550
f 5783 5830 5831
f 4310 4376 4373
f 5857 5800 5802
f 3882 4452 3881
f 3193 3919 3951
f 3190 3206 3203
f 4266 4268 4267
f 4488 3420 4486
f 3331 3940 3330
f 4282 4284 4283
f 4606 4607 4605
f 4628 4708 4712
f 4659 4733 4658
f 4615 4829 4614
f 4718 4713 4717
f 5722 4421 5721
f 3307 3461 3433
f 4686 4634 4636
f 3966 3550 3978
f 4738 4875 4873
f 3416 3237 3341
f 4527 4208 4200
f 5093 5114 5092
f 5124 5086 5122
f 5117 5138 5139
f 4631 4640 4630
f 5166 5168 5167
f 5185 5187 5186
f 5194 5191 5171
f 3245 4118 9027
f 5214 5203 5200
f 3230 3318 3284
f 5237 5217 5238
f 5250 5258 5255
f 5113 5084 5085
f 5270 5269 5268
f 4906 5107 4768
f 5271 5267 5270
f 5276 5262 5263
f 5153 5174 5173
f 5290 5268 5291
f 5306 5303 5304
f 5147 5146 5143
f 4585 4856 4584
f 3226 5436 3225
f 4473 4504 4470
f 5765 8897 8895
f 4529 4247 4530
f 8923 8916 8917
f 5713 5682 5714
f 3315 3898 3322
f 5564 5537 5563
f 4468 4441 5466
f 3738 4163 4165
f 4577 4559 4560
f 5567 3366 3363
f 3587 4150 4151
f 5471 4504 4505
f 5860 5816 5817
f 3516 5558 5932
f 5436 5637 5437
f 5050 5083 5060
f 5547 3338 3339
f 9023 3295 4115
f 5708 4132 5711
f 4104 3814 3815
f 3718 4161 4162
f 5498 5679 5692
f 3884 4432 3883
f 3955 3877 3878
f 4049 4061 3977
f 8892 8875 8890
f 4572 4218 4569
f 4440 4442 4441
f 4497 3407 3408
f 4632 4633 4724
f 8906 8881 8902
f 5664 5670 5663
f 3751 3706 3707
f 3511 3736 3800
f 5129 5116 5117
f 5086 5098 5085
f 5135 5128 5136
f 5143 5145 5144
f 5168 5136 5137
f 5297 5246 5257
f 5164 5160 5162
f 5155 5171 5170
f 5137 5167 5168
f 5293 5307 5305
f 5513 4083 5515
f 4053 3825 4057
f 3228 3298 3227
f 3631 3635 3636
f 5689 5670 5693
f 5759 5883 5882
f 3793 3507 4134
f 4906 4891 4907
f 4719 4901 4720
f 3597 4095 4092
f 3352 4125 3262
f 9064 9058 9067
f 9076 9067 9077
f 9083 8794 9126
f 9131 9096 9089
f 9138 9099 9134
f 9154 9126 9156
f 9077 9052 9049
f 9053 8766 9083
f 9191 9187 9181
f 9082 9046 9193
f 9193 9168 9082
f 1284 1288 1285
f 9150 9132 9131
f 3841 3496 3493
f 3570 3336 4083
f 4027 4312 3258
f 4889 4781 4794
f 4041 4044 4043
f 4885 4813 4829
f 5419 3905 5430
f 4367 4227 4224
f 1778 1780 1779
f 1792 1584 1789
f 4308 3869 4307
f 4594 4762 4551
f 4767 4769 4768
f 5461 3366 3847
f 4763 4716 4720
f 4919 4915 4910
f 4300 4334 4333
f 5196 5198 5197
f 5158 5135 5136
f 5431 5433 5432
f 4545 4571 4544
f 4557 4594 4556
f 695 571 694
f 4156 3626 3694
f 4861 4670 4862
f 5681 5674 5682
f 5473 5580 5583
f 3622 4152 4151
f 5647 3574 3231
f 3674 3808 3649
f 4420 3498 3499
f 5675 5666 5674
f 3253 5439 3280
f 5870 5917 5912
f 8887 8919 8886
f 5862 5913 5915
f 3534 3485 3482
f 3313 4484 3312
f 9090 9046 9047
f 4871 4695 4855
f 3778 3822 3819
f 4889 4874 4875
f 4000 3784 4001
f 4897 4911 4910
f 3856 3838 3839
f 4772 4896 4771
f 4015 4376 4014
f 3433 3476 3435
f 4053 3302 3299
f 3367 3363 4434
f 3242 3831 3241
f 3441 4082 4081
f 4735 4855 4854
f 4756 4737 4689
f 3382 3384 3383
f 3698 3697 3682
f 4676 4678 4677
f 4948 4941 4944
f 4890 4805 4747
f 4757 4745 4737
f 4581 4380 4586
f 5716 5932 5597
f 4923 4926 4932
f 5077 5081 5076
f 5078 5058 5054
f 4009 5400 3952
f 5081 5078 5076
f 3930 4513 4514
f 4014 4028 4029
f 4025 4020 4021
f 3618 4096 3616
f 4581 4576 4580
f 4219 4188 4189
f 5440 3335 3272
f 5449 3323 3322
f 4229 4177 4202
f 4590 4214 4589
f 4227 4184 4226
f 4574 4858 4547
f 4565 5453 4563
f 4592 4588 4589
f 4590 4573 4579
f 3517 5521 3519
f 3845 3522 5423
f 4444 3884 3881
f 3982 5533 5535
f 4465 4497 4495
f 4520 4521 4496
f 4076 5591 5590
f 3635 3666 3634
f 3343 4498 5481
f 4022 3870 3871
f 3661 4098 3660
f 5691 5697 5692
f 3768 5742 5739
f 4514 3956 4518
f 3697 3814 3696
f 4394 5460 4395
f 4054 4057 4058
f 3284 3323 3559
f 4052 4169 4397
f 4447 4510 4446
f 4456 3346 4138
f 4483 3877 4482
f 4482 4512 4492
f 4492 4513 4516
f 5642 5439 5641
f 5448 5442 5440
f 5466 3882 3883
f 3340 4445 3339
f 8908 8910 8911
f 4397 3835 3980
f 5413 3521 5412
f 3234 3932 3233
f 5753 8895 8894
f 8896 5756 5755
f 8921 8889 8888
f 8915 8911 8916
f 3933 3935 3934
f 3620 3657 3623
f 3966 3968 3967
f 4905 4769 4770
f 3225 5437 3254
f 5433 3984 5435
f 5714 5693 5713
f 5435 3985 5436
f 3954 3955 3878
f 4713 4632 4724
f 4879 4632 4705
f 3983 3896 3897
f 9027 3248 3245
f 5871 5912 5904
f 5849 5891 5905
f 4702 4640 4641
f 4213 4579 4389
f 3644 3688 3689
f 9193 9040 9041
f 8920 8935 8919
f 5406 4130 4127
f 4140 5401 4139
f 5659 3904 5660
f 4772 4783 4834
f 4244 4246 4245
f 4061 4037 4038
f 3669 3803 3668
f 3459 3209 3202
f 4072 5484 4071
f 4835 4834 4819
f 5660 5661 5659
f 4262 4264 4263
f 3633 3627 3628
f 3685 3676 3686
f 4517 3235 3304
f 4145 4085 3544
f 5455 5459 3850
f 5638 5640 5641
f 3228 3254 3255
f 4044 3411 3412
f 3614 3612 3613
f 3273 3275 3274
f 4952 4961 4918
f 4959 4960 4963
f 4888 4761 4860
f 4254 4256 4255
f 4199 4201 4200
f 4499 4465 5480
f 5479 4496 4521
f 5952 5954 5955
f 5956 5958 5959
f 5959 5960 5961
f 5962 5964 5965
f 5966 5968 5969
f 5967 5971 5968
f 5963 5961 5960
f 5972 5964 5973
f 5974 5976 5977
f 5978 5980 5981
f 5982 5984 5985
f 5986 5985 5984
f 5988 5990 5991
f 5992 5994 5995
f 5996 5998 5999
f 6000 6002 6003
f 6004 6006 6007
f 6008 6010 6011
f 6012 6014 6015
f 6016 6018 6019
f 6020 6022 6023
f 6024 6026 6027
f 6028 6030 6031
f 6032 6034 6035
f 6036 6038 6039
f 6040 6013 6012
f 6042 6044 6045
f 5992 6047 5993
f 6048 6050 6051
f 6052 6054 6055
f 6056 6058 6059
f 6060 5987 5986
f 6062 6064 6065
f 6066 6068 6069
f 6070 6027 6026
f 6072 6057 6056
f 6075 6077 6074
f 6078 6080 6081
f 6082 6054 6084
f 6085 6081 6086
f 6087 5990 6088
f 6061 6089 5987
f 6089 6091 6092
f 6092 6093 6094
f 6095 5981 6096
f 6062 6084 6063
f 6097 6035 6034
f 6056 6099 6072
f 6100 6102 6103
f 6001 6104 6105
f 6107 6109 6106
f 6110 6112 6113
f 6114 6025 6115
f 6116 6118 6119
f 6120 6122 6123
f 6124 6126 6127
f 6128 6101 6100
f 6039 6131 6036
f 6132 6134 6135
f 6136 6138 6003
f 6139 6141 6142
f 6143 6145 6146
f 6148 6150 6147
f 6152 6154 6151
f 6155 6157 6158
f 6159 6161 6162
f 6163 6165 6166
f 6167 6169 6170
f 6171 6173 6174
f 6175 6104 6177
f 6178 6180 6181
f 6023 6183 6020
f 6184 6186 6187
f 6117 6188 6189
f 6190 6192 6193
f 6194 6026 6114
f 6195 6191 6190
f 6197 6199 6200
f 6201 6203 6204
f 6205 6207 6208
f 6209 6201 6204
f 6197 6211 6212
f 6212 6213 6214
f 5979 6214 6213
f 6203 6217 6204
f 6206 6198 6207
f 6218 5962 6219
f 5965 6219 5962
f 5972 3354 6221
f 6070 6222 6223
f 6224 6226 6227
f 6228 6230 6231
f 6232 6234 6235
f 6196 6236 6237
f 6071 6223 6238
f 6239 6241 6242
f 6243 6245 6246
f 6247 6248 6249
f 6250 6252 6253
f 6254 6256 6257
f 6258 6260 6261
f 6229 6263 6230
f 6264 6242 6241
f 6266 6268 6269
f 6270 6272 6273
f 6274 6276 6277
f 6195 6279 6236
f 6280 6281 6282
f 6283 6285 6286
f 6123 6287 6288
f 6289 6291 6292
f 6293 6243 6295
f 6240 6297 6241
f 6298 6267 6266
f 6300 6302 6303
f 6304 6306 6307
f 6251 6308 6309
f 6247 6311 6312
f 6313 6315 6316
f 6314 6317 6318
f 6319 6320 6321
f 6322 6088 6323
f 6216 6258 6217
f 6325 6327 6328
f 6217 6261 6329
f 6330 6238 6331
f 6071 6048 6027
f 6015 6333 6012
f 6079 6335 6080
f 6336 6240 6239
f 6294 6296 6240
f 6337 6339 6340
f 6341 6343 6344
f 6345 6347 6348
f 6266 6349 6298
f 6350 6352 6353
f 6295 6246 6354
f 6303 6356 6300
f 6357 6359 6360
f 6361 6363 6364
f 6365 6353 6366
f 6367 6369 6370
f 6371 6370 6372
f 6372 6374 6371
f 6375 6373 6376
f 6376 6378 6375
f 6379 6381 6382
f 6383 6385 6386
f 6387 6389 6390
f 6391 6393 6394
f 6395 6397 6398
f 6398 6400 6395
f 6399 6402 6400
f 6403 6401 6404
f 6405 6407 6408
f 6409 6411 6412
f 6367 6413 6414
f 6374 6415 6416
f 6417 6384 6383
f 6419 6348 6347
f 6421 6423 6424
f 6425 6400 6402
f 6426 6395 6400
f 6393 6428 6429
f 6429 6394 6393
f 6390 6431 6432
f 6433 6408 6407
f 6435 6437 6438
f 6439 6411 6438
f 6392 6441 6442
f 6397 6442 6443
f 6401 6444 6445
f 6446 6437 6404
f 6448 6450 6451
f 6452 6454 6455
f 6442 6456 6457
f 6443 6457 6458
f 6444 6460 6461
f 6445 6461 6462
f 6463 6462 6465
f 6446 6462 6464
f 6466 6468 6469
f 6448 6470 6471
f 6453 6472 6473
f 6474 6476 6477
f 6478 6480 6481
f 6482 6484 6485
f 6486 6488 6489
f 6490 6492 6493
f 6493 6494 6495
f 6496 6498 6499
f 6500 6502 6503
f 6504 6506 6507
f 6508 6509 6510
f 6511 6513 6508
f 6499 6515 6496
f 6516 6518 6519
f 6520 6522 6523
f 6524 6525 6526
f 6507 6527 6504
f 6504 6528 6510
f 6528 6508 6510
f 6529 6531 6532
f 6342 6534 6343
f 6535 6346 6536
f 6347 6537 6419
f 6434 6539 6408
f 6539 6405 6408
f 6541 6451 6450
f 6543 6470 6545
f 6546 6481 6547
f 6499 6548 6549
f 6549 6514 6499
f 6551 6553 6554
f 6555 6557 6558
f 6403 6423 6559
f 6426 6413 6416
f 6415 6428 6427
f 6430 6561 6562
f 6434 6420 6419
f 6563 6565 6566
f 6404 6445 6446
f 6459 6399 6398
f 6455 6388 6387
f 6405 6449 6406
f 6540 6450 6405
f 6567 6568 6569
f 6570 6463 6567
f 6475 6490 6465
f 6458 6571 6572
f 6573 6574 6575
f 6576 6578 6579
f 6193 6580 6581
f 6582 6584 6585
f 6583 6586 6587
f 6588 6587 6586
f 6590 6068 6591
f 6592 6594 6319
f 6251 6595 6252
f 6304 6597 6598
f 6272 6599 6273
f 3737 6558 6557
f 6600 6160 6601
f 6123 6603 6120
f 6604 6606 6607
f 6608 6208 6609
f 5972 6220 5965
f 6610 6612 6556
f 6613 6615 6616
f 6242 6618 6239
f 6226 6245 6227
f 6620 6622 6623
f 6624 6146 6625
f 6626 6211 6136
f 6627 6629 6630
f 6631 6633 6634
f 6235 6636 6232
f 6637 6639 6640
f 6641 6286 6642
f 6643 6645 6646
f 6647 6649 6650
f 6244 6294 6336
f 6336 6652 6244
f 6194 6237 6222
f 6196 6114 6191
f 6115 6191 6114
f 6653 6655 6656
f 6657 6189 6658
f 6117 6659 6118
f 6130 6156 6131
f 6133 6151 6134
f 6661 6662 6660
f 6663 6616 6552
f 6664 6273 6665
f 6418 6432 6431
f 6290 6328 6291
f 6666 6556 6612
f 6557 3805 3737
f 5971 6668 5968
f 6181 6670 6178
f 6671 6673 6674
f 6676 6672 6675
f 6675 6149 6676
f 6067 5999 5998
f 6677 6679 6680
f 6681 6683 6684
f 6087 6090 6089
f 5983 6685 6686
f 5982 6687 6685
f 6094 6688 6687
f 6211 6137 6136
f 6689 6691 6692
f 6690 3833 3832
f 6001 6686 6002
f 5978 6215 5979
f 6694 5978 6095
f 5974 6095 6695
f 6183 6696 6697
f 6698 5961 6218
f 5959 6699 5956
f 6697 6700 6701
f 6702 6703 6704
f 5968 6705 5969
f 6706 5955 5954
f 6707 6617 6708
f 6024 6709 6710
f 6402 6559 6425
f 3852 6712 3853
f 3856 6593 3857
f 5977 6694 5974
f 6713 5977 5976
f 6714 6716 6717
f 6718 6308 6250
f 6720 6254 6721
f 6722 6724 6725
f 6312 6726 6727
f 6069 6728 6729
f 6319 6730 6086
f 6731 6644 6732
f 6732 6734 6731
f 6046 6320 6047
f 3880 6666 6735
f 6736 6738 6739
f 6531 6741 6326
f 6300 6614 6613
f 6742 6325 6290
f 6743 3891 3890
f 6744 6301 6745
f 6746 6534 6533
f 6536 6579 6535
f 6535 6563 6537
f 6566 6537 6563
f 6538 6409 6539
f 6412 6539 6409
f 6412 6541 6540
f 6748 6542 6541
f 6749 6545 6542
f 6568 6547 6543
f 6751 6548 6546
f 6753 6550 6549
f 6755 6757 6758
f 6759 6761 6762
f 6763 6765 6762
f 6764 6623 6765
f 6766 6768 6769
f 6770 6772 6773
f 6774 6776 6777
f 6021 6777 6022
f 6723 6779 6724
f 6780 6782 6783
f 6784 6786 6787
f 6788 6790 6791
f 6185 6793 6186
f 6794 6725 6795
f 6729 6098 6097
f 6135 6798 6132
f 6799 6065 6800
f 6037 6802 6038
f 6005 6588 6586
f 6005 6804 6006
f 6052 6010 6805
f 6586 6803 6005
f 6092 5987 6089
f 6094 5985 6092
f 6096 6695 6095
f 6082 6799 6585
f 6657 6041 6659
f 6013 6658 6014
f 6795 6807 6808
f 6809 6811 6812
f 6813 6815 6816
f 6817 6819 6820
f 6821 6823 6824
f 6329 6204 6217
f 6202 6826 6203
f 6072 6827 6828
f 6598 6305 6304
f 6301 6613 6663
f 6830 6271 6270
f 6822 6778 6823
f 6326 6832 6327
f 6203 6833 6216
f 6027 6051 6024
f 6360 6835 6357
f 6836 6838 6839
f 6837 6841 6838
f 6362 6366 6363
f 6380 6384 6381
f 6421 6578 6842
f 6566 6410 6409
f 6394 6388 6391
f 6414 6368 6367
f 6371 6416 6413
f 6561 6378 6382
f 6382 6562 6561
f 6381 6418 6562
f 6389 6430 6431
f 6391 6454 6441
f 6441 6453 6456
f 6456 6473 6574
f 6495 6750 6568
f 6843 6485 6484
f 6844 6843 6846
f 6573 6847 6848
f 6849 6487 6486
f 6513 6752 6469
f 6517 6850 6503
f 6521 6851 6850
f 6844 6852 6853
f 6505 6510 6509
f 6753 6512 6754
f 6516 6521 6517
f 6614 6854 6615
f 6742 4003 3891
f 6708 6855 6856
f 6307 6857 6858
f 6307 6665 6304
f 6414 6425 6559
f 6416 6427 6426
f 6562 6431 6430
f 6419 6538 6434
f 6358 6839 6359
f 6059 6859 6860
f 6861 6863 6864
f 6865 6867 6868
f 6115 6869 6870
f 6871 6873 6874
f 6721 6596 6875
f 6876 6556 6555
f 6877 6552 6551
f 6551 6268 6877
f 6879 6265 6269
f 6239 6651 6336
f 6230 6619 6226
f 6171 6669 6880
f 6106 6882 6881
f 6883 6822 6821
f 6759 6187 6174
f 6725 6785 6807
f 6885 6808 6791
f 6886 6888 6031
f 6701 6756 6755
f 6884 6779 6822
f 6715 6309 6308
f 6889 6890 6891
f 6743 4042 6892
f 6270 6893 6830
f 6386 6895 6383
f 6895 6420 6896
f 6897 6417 6896
f 6897 6407 6898
f 6390 6899 6387
f 6900 6406 6449
f 6455 6901 6452
f 6902 6904 6471
f 6482 6905 6483
f 6501 6907 6502
f 6496 6908 6909
f 6532 6326 6325
f 6532 6743 6529
f 6612 6735 6666
f 6611 6910 6612
f 6626 5979 6213
f 6704 6105 6702
f 6913 6591 6914
f 6915 6795 6885
f 6229 4067 4066
f 6263 6289 6619
f 6745 6663 6877
f 6916 6757 6917
f 6885 6165 6915
f 6920 6783 6919
f 6921 6923 6924
f 6925 6924 6926
f 6927 6929 6930
f 6931 6933 6934
f 6935 6937 6938
f 6939 6941 6942
f 6943 6945 6946
f 6947 6949 6950
f 6944 6951 6952
f 6953 6955 6956
f 6957 6959 6960
f 6961 6929 6963
f 6964 6966 6967
f 6968 6970 6971
f 6969 6955 6970
f 6972 6946 6973
f 6974 6976 6977
f 6978 6980 6981
f 6940 6982 6983
f 6984 6986 6987
f 6988 6990 6991
f 6992 6989 6993
f 6994 6996 6997
f 6998 7000 7001
f 7002 7004 7005
f 7006 7008 7009
f 7010 7012 7013
f 7014 7016 7017
f 7018 6999 6998
f 7020 7022 7023
f 7024 7026 7027
f 7028 7030 7031
f 7032 7034 7035
f 7003 7036 7037
f 7038 7040 7027
f 6993 7030 7041
f 7042 7044 7045
f 7046 7007 7006
f 7011 7048 7049
f 7050 7052 7053
f 7054 7014 7055
f 7015 7056 7057
f 6621 7045 7044
f 7049 6775 6774
f 7051 6021 6020
f 7055 6701 7054
f 7054 6755 7056
f 6764 7047 7046
f 7020 7059 7013
f 7060 7062 7063
f 6958 7065 6959
f 6925 7067 6973
f 7068 6934 6926
f 7069 6991 7070
f 7071 7072 7073
f 7074 7076 7077
f 7078 7080 7081
f 7014 7082 7083
f 7084 7086 7087
f 7025 7031 7026
f 7085 7072 7088
f 7089 7087 7090
f 7055 7083 7091
f 7090 6770 6773
f 7092 7094 7095
f 7091 6697 7055
f 6770 7086 6758
f 7095 6767 6766
f 7096 6980 7097
f 7098 6940 7099
f 7058 7023 7100
f 7101 6930 7102
f 6974 7063 6967
f 7103 6971 7104
f 7105 6981 6977
f 7106 7036 7108
f 7109 7010 7110
f 7111 7018 7034
f 7098 7037 7100
f 7048 7112 6775
f 7113 7041 6997
f 6994 7115 7088
f 6965 6923 6966
f 6975 6945 6976
f 7061 7065 7062
f 6954 6933 6963
f 6763 7109 7047
f 7046 6620 6764
f 6947 7067 6956
f 6758 7056 6755
f 7118 7039 7038
f 7038 7070 7118
f 7106 7121 7122
f 7123 7053 7052
f 7123 7083 7082
f 7045 7006 7042
f 7107 7122 7009
f 7091 7052 7051
f 7091 6020 6183
f 6936 7097 6937
f 7125 6960 7102
f 6774 7050 7049
f 7119 6942 7039
f 7019 7005 6999
f 7011 7124 7012
f 7021 7040 7022
f 7114 7016 7115
f 7053 7049 7050
f 7086 7057 7056
f 6993 7127 6992
f 7075 7113 7076
f 4281 6603 7128
f 6012 7129 6040
f 7130 6584 7131
f 6797 7133 6798
f 6074 7135 6075
f 6789 6173 6790
f 6760 6776 6761
f 7136 6801 6589
f 6914 6674 6913
f 7007 7059 7008
f 7099 7003 7098
f 6984 7104 6938
f 7110 7047 7109
f 6333 6587 7129
f 5956 6667 5971
f 5957 5971 5970
f 7137 6308 6719
f 4292 6718 6250
f 6693 6668 6215
f 6215 6667 6214
f 6214 6699 6212
f 6698 6212 6699
f 6219 6198 6218
f 6207 6220 6208
f 6220 6609 6208
f 6262 4066 4003
f 7138 7140 7141
f 4298 7140 4299
f 7143 7145 7146
f 7147 7144 7149
f 7149 7151 7147
f 7150 7153 7151
f 6329 7154 7152
f 6261 7155 7154
f 7156 7157 7158
f 6598 7159 7160
f 6257 7161 7162
f 6256 4321 7161
f 6693 6706 6705
f 5954 6705 6706
f 5953 5969 5954
f 7163 5983 6912
f 7164 6138 7166
f 7167 7169 7170
f 6141 7172 6142
f 7166 7173 7164
f 6141 7174 7175
f 7176 7178 7179
f 7180 7182 7183
f 7184 7186 7187
f 6631 7183 7188
f 6218 6197 6698
f 6625 7189 6624
f 6814 7190 7191
f 6882 7193 7194
f 7195 6109 6108
f 6888 7198 7199
f 7200 7202 7203
f 7176 6630 7204
f 6029 7187 6030
f 7205 7207 7208
f 7209 7211 7212
f 7203 7213 7214
f 6886 6778 6723
f 6031 7215 6886
f 7216 7218 7219
f 7220 6880 6669
f 6076 7220 7222
f 6074 6672 6671
f 6147 6662 7223
f 7223 6111 6110
f 6810 6113 6112
f 6920 6914 6591
f 6077 6675 6672
f 6660 6076 6661
f 7222 6669 6181
f 7224 6181 6180
f 6660 6150 6675
f 7225 6794 6915
f 6783 7225 6164
f 6781 6068 6067
f 7217 7228 7218
f 6031 7199 6028
f 6887 6723 6722
f 6164 6915 6165
f 6780 6591 6068
f 7134 6671 6914
f 7229 6824 6823
f 7187 7230 7229
f 7226 6722 6794
f 7231 6169 7233
f 7201 7233 7202
f 6107 7235 7200
f 7215 6823 6778
f 6030 7229 7215
f 7236 7219 7179
f 7237 6820 6819
f 7237 7207 7238
f 7239 7241 7242
f 6739 7244 6736
f 7245 7242 7246
f 7233 6168 7247
f 7247 7202 7233
f 7195 7203 7214
f 7248 7250 6703
f 7227 7252 7228
f 7253 5998 7251
f 6067 7198 6781
f 6781 7197 6782
f 5984 6683 5986
f 7254 6678 6684
f 6679 7252 5997
f 6887 7197 6888
f 6782 7226 7225
f 7135 6163 7221
f 7221 6075 7135
f 6661 7222 7224
f 7224 6111 6661
f 6180 6112 7224
f 6179 6810 6180
f 6811 6793 6649
f 6650 6622 6769
f 6766 7044 7095
f 7095 7043 7092
f 7092 7121 7081
f 7078 7255 7033
f 7256 7257 7258
f 6768 7259 6647
f 6773 7094 7090
f 7090 7093 7089
f 7089 7080 7073
f 7071 7032 7260
f 7077 6998 7074
f 6995 7260 6996
f 7077 7261 7035
f 7035 7018 7077
f 7108 7111 7255
f 6978 7262 7001
f 7105 7264 7262
f 7263 6952 7264
f 6990 6951 7265
f 6972 7266 7265
f 7117 6950 7266
f 6948 7267 6949
f 6969 6982 7267
f 7103 6987 6983
f 7005 6986 7268
f 6999 7268 7000
f 7269 7271 7272
f 7274 7275 7273
f 7274 7276 7277
f 7278 7280 7281
f 7282 7284 7285
f 7286 7288 7289
f 7290 7292 7293
f 7294 7296 7293
f 7068 7298 7299
f 7300 7302 7303
f 7304 7305 7306
f 7307 7305 7308
f 7309 7283 7310
f 7311 7313 7314
f 7125 7306 7315
f 7285 7280 7282
f 7277 7303 7302
f 6965 7316 7317
f 7318 7316 7319
f 7320 7271 7314
f 7312 7296 7313
f 7270 7298 7322
f 7311 7322 7317
f 6961 7300 7308
f 7323 7325 7326
f 7327 7328 7329
f 7064 7325 7328
f 7287 7292 7288
f 6931 7299 7301
f 7331 7329 7319
f 7332 7334 7335
f 7336 7338 7339
f 7340 7333 7332
f 7342 7343 7344
f 7345 7347 7344
f 7348 7350 7351
f 7352 7354 7355
f 7356 7358 7359
f 7360 7362 7363
f 7365 7367 7364
f 7368 7370 7371
f 7372 7336 7374
f 7373 7337 7336
f 7367 7376 7377
f 7378 7380 7381
f 7382 7384 7385
f 7386 7385 7384
f 7388 7390 7391
f 7392 7333 7393
f 7394 7396 7397
f 7398 7400 7401
f 7402 7404 7405
f 7406 7408 7409
f 7410 7383 7382
f 7412 7414 7415
f 7385 7417 7382
f 7389 7419 7390
f 7373 7421 7375
f 7420 7372 7422
f 7369 7424 7370
f 7399 7397 7425
f 7393 7341 7342
f 7398 7357 7426
f 7358 7401 7427
f 7428 7430 7431
f 7433 7435 7432
f 7363 7436 7437
f 7383 7439 7384
f 7411 7438 7383
f 7441 7443 7444
f 7445 7339 7447
f 7374 7339 7446
f 7444 7364 7448
f 7448 7450 7449
f 7364 7451 7450
f 7451 7377 7452
f 7449 7454 7453
f 7455 7450 7451
f 7456 7451 7452
f 7410 7458 7459
f 7460 7462 7369
f 7423 7462 7463
f 7464 7466 7467
f 7468 7347 7470
f 7376 7471 7472
f 7425 7396 7473
f 7475 7477 7474
f 7478 7480 7481
f 7482 7407 7406
f 7484 7351 7486
f 7487 7488 7489
f 7490 7492 7493
f 7412 7434 7433
f 7494 7434 7415
f 7496 7391 7497
f 7440 7498 7499
f 7401 7488 7500
f 7485 7345 7501
f 7500 7427 7401
f 7395 7469 7468
f 7503 7505 7506
f 7507 7509 7510
f 7511 7513 7514
f 7511 7515 7516
f 7517 7519 7520
f 7521 7523 7355
f 7352 7525 7526
f 7415 7527 7494
f 7528 7530 7486
f 7404 7502 7500
f 7477 7496 7532
f 7512 7481 7513
f 7405 7500 7488
f 7533 7535 7536
f 7378 7510 7537
f 7532 7379 7538
f 7539 7541 7542
f 7524 7355 7523
f 7351 7501 7348
f 7414 7523 7527
f 7522 7527 7523
f 7544 7412 7545
f 7546 7547 7548
f 7526 7353 7352
f 7550 7355 7354
f 7521 7551 7548
f 7552 7548 7551
f 7546 7553 7554
f 7522 7548 7547
f 7418 7520 7555
f 7416 7554 7417
f 7457 7558 7458
f 7557 7560 7558
f 7535 7561 7562
f 7562 7563 7564
f 7564 7349 7348
f 7351 7565 7486
f 7567 7569 7566
f 7570 7520 7519
f 7419 7555 7571
f 7572 7348 7501
f 7389 7556 7418
f 7573 7493 7480
f 7552 7534 7553
f 7562 7536 7535
f 7572 7576 7574
f 7422 7578 7420
f 7423 7580 7424
f 7579 7463 7581
f 7578 7576 7582
f 7583 7381 7380
f 7586 7581 7585
f 7533 7579 7586
f 7447 7338 7587
f 7588 7531 7589
f 7590 7431 7591
f 7321 7592 7585
f 7275 7463 7273
f 7461 7276 7462
f 7279 7461 7453
f 7453 7593 7279
f 7594 7454 7455
f 7330 7498 7459
f 7459 7294 7330
f 7558 7595 7295
f 7560 7320 7595
f 7275 7585 7581
f 7462 7273 7463
f 7596 7380 7497
f 7597 7406 7409
f 7467 7599 7600
f 7601 7603 7604
f 7605 7444 7443
f 7365 7606 7366
f 7607 7494 7608
f 7513 7473 7396
f 7396 7514 7513
f 7514 7468 7515
f 7470 7515 7468
f 7610 7609 7470
f 7612 7476 7475
f 7613 7529 7614
f 7442 7615 7616
f 7343 7617 7618
f 7574 7577 7536
f 7619 7399 7491
f 7518 7509 7519
f 7491 7425 7492
f 7549 7621 7565
f 7491 7622 7619
f 7377 7440 7452
f 7379 7497 7380
f 7453 7460 7449
f 7411 7459 7498
f 7623 7391 7390
f 7625 7610 7484
f 7487 7483 7626
f 7619 7408 7489
f 7627 7620 7549
f 7538 7378 7537
f 7389 7477 7476
f 7629 7412 7433
f 7489 7407 7487
f 7628 7598 7597
f 7413 7524 7414
f 7592 7559 7630
f 7584 7632 7381
f 7569 7633 7571
f 7570 7566 7569
f 7631 7566 7632
f 7508 7519 7509
f 7614 7480 7613
f 7346 7470 7347
f 7572 7562 7564
f 7571 7634 7419
f 7346 7484 7610
f 7607 7431 7495
f 7585 7630 7586
f 7624 7497 7391
f 7635 7384 7439
f 7636 7502 7588
f 7323 7310 7289
f 7420 7582 7421
f 7637 7455 7456
f 7287 7499 7498
f 7458 7295 7294
f 7439 7472 7635
f 7599 7604 7600
f 7359 7427 7636
f 7436 7639 7437
f 7490 7640 7622
f 7481 7493 7473
f 7641 7505 7525
f 7642 7627 7644
f 7492 7473 7493
f 7517 7625 7530
f 7625 7486 7530
f 7634 7390 7419
f 7474 7532 7516
f 7448 7441 7444
f 7368 7449 7460
f 7615 7368 7371
f 7638 7602 7639
f 7575 7501 7345
f 7571 7570 7569
f 7400 7489 7488
f 7508 7632 7566
f 7503 7540 7539
f 6957 7315 7326
f 7376 7438 7377
f 7507 7381 7632
f 7499 7452 7440
f 7286 7456 7499
f 7504 7644 7505
f 7368 7460 7369
f 7645 7627 7643
f 7647 7633 7646
f 7647 7623 7634
f 7649 7623 7648
f 7650 7624 7649
f 7646 7568 7651
f 7651 7567 7652
f 7653 7567 7631
f 7651 7655 7646
f 7656 7658 7659
f 7660 7657 7661
f 7663 7656 7662
f 7664 7663 7666
f 7667 7663 7662
f 7667 7668 7655
f 7663 7661 7657
f 7670 7672 7669
f 7661 7671 7660
f 7659 7662 7656
f 7648 7668 7659
f 7648 7673 7649
f 7659 7674 7673
f 7658 7675 7674
f 7668 7646 7655
f 7660 7676 7675
f 7675 7678 7674
f 7677 7676 7679
f 7677 7681 7678
f 7682 7678 7681
f 7677 7684 7680
f 7673 7678 7683
f 7683 7649 7673
f 7685 7671 7670
f 7667 7686 7666
f 7666 7687 7664
f 7654 7686 7655
f 7689 7686 7688
f 7664 7691 7690
f 7650 7583 7596
f 7693 7631 7584
f 7584 7692 7693
f 7693 7682 7694
f 7694 7681 7695
f 7694 7653 7693
f 7650 7682 7692
f 7696 7652 7653
f 7654 7652 7697
f 7688 7697 7698
f 7699 7697 7696
f 7700 7698 7699
f 7695 7696 7694
f 7699 7702 7700
f 7689 7698 7701
f 7689 7703 7704
f 7705 7707 7703
f 7701 7705 7703
f 7704 7707 7685
f 7685 7691 7704
f 7687 7704 7691
f 7680 7695 7681
f 7684 7702 7680
f 7702 7705 7700
f 7684 7707 7706
f 7676 7707 7679
f 7665 7672 7661
f 7670 7690 7691
f 7665 7690 7669
f 7611 7474 7609
f 7510 7479 7478
f 7511 7537 7512
f 7516 7538 7511
f 7517 7613 7518
f 7537 7478 7512
f 7611 7612 7475
f 7613 7479 7518
f 7556 7517 7520
f 7516 7609 7474
f 7708 7710 7711
f 7712 7714 7715
f 7713 7717 7714
f 7719 7721 7718
f 7722 7597 7409
f 7724 7715 7725
f 7726 7728 7729
f 7731 7573 7730
f 7730 7614 7732
f 7733 7735 7736
f 7721 7724 7737
f 7731 7409 7640
f 7708 7729 7738
f 7737 7709 7739
f 7716 7736 7740
f 7742 7744 7745
f 7740 7735 7746
f 7717 7740 7747
f 7716 7720 7741
f 7748 7711 7710
f 7750 7710 7725
f 7720 7751 7741
f 7734 7728 7735
f 7709 7725 7710
f 7752 7715 7714
f 7739 7708 7738
f 7720 7712 7721
f 7749 7755 7711
f 7745 7756 7747
f 7746 7742 7745
f 7743 7755 7754
f 7727 7735 7728
f 7747 7757 7717
f 7753 7725 7715
f 7751 7620 7733
f 7757 7714 7717
f 7718 7737 7732
f 7747 7746 7745
f 7727 7755 7742
f 7726 7711 7755
f 7759 7756 7758
f 7759 7752 7757
f 7760 7753 7752
f 7761 7750 7753
f 7758 7744 7763
f 7763 7743 7764
f 7754 7764 7743
f 7763 7767 7758
f 7768 7770 7771
f 7772 7771 7773
f 7775 7772 7774
f 7776 7775 7778
f 7779 7775 7774
f 7775 7769 7768
f 7770 7781 7780
f 7782 7772 7773
f 7760 7782 7773
f 7760 7783 7761
f 7773 7784 7783
f 7770 7784 7771
f 7779 7782 7767
f 7782 7758 7767
f 7785 7780 7786
f 7785 7788 7784
f 7787 7786 7789
f 7787 7791 7788
f 7792 7788 7791
f 7787 7794 7790
f 7793 7784 7788
f 7762 7783 7793
f 7796 7780 7795
f 7795 7781 7797
f 7779 7798 7778
f 7799 7778 7798
f 7766 7798 7767
f 7800 7799 7798
f 7802 7799 7803
f 7795 7802 7803
f 7762 7748 7750
f 7805 7754 7749
f 7749 7804 7805
f 7805 7792 7806
f 7806 7791 7807
f 7806 7765 7805
f 7793 7804 7762
f 7808 7764 7765
f 7766 7764 7809
f 7766 7810 7800
f 7811 7809 7808
f 7812 7810 7811
f 7807 7808 7806
f 7811 7814 7812
f 7813 7800 7810
f 7801 7815 7816
f 7817 7819 7815
f 7813 7817 7815
f 7816 7819 7796
f 7796 7803 7816
f 7799 7816 7803
f 7790 7807 7791
f 7794 7814 7790
f 7814 7817 7812
f 7794 7819 7818
f 7786 7819 7789
f 7777 7781 7769
f 7777 7802 7797
f 7528 7718 7529
f 7729 7723 7722
f 7738 7730 7739
f 7732 7739 7730
f 7733 7628 7734
f 7722 7738 7729
f 7621 7719 7528
f 7628 7723 7734
f 7733 7741 7751
f 7732 7529 7718
f 7486 7621 7528
f 7549 7350 7353
f 7353 7349 7354
f 7354 7563 7550
f 7821 7823 7820
f 7824 7826 7827
f 7825 7829 7826
f 7830 7832 7833
f 7834 7827 7835
f 7836 7838 7839
f 7840 7406 7841
f 7841 7598 7842
f 7843 7845 7846
f 7833 7834 7847
f 7848 7836 7839
f 7847 7821 7849
f 7828 7846 7850
f 7853 7855 7852
f 7850 7845 7856
f 7829 7850 7857
f 7828 7832 7851
f 7858 7823 7822
f 7860 7822 7835
f 7831 7851 7832
f 7844 7838 7845
f 7834 7822 7821
f 7863 7827 7826
f 7849 7820 7848
f 7825 7833 7832
f 7859 7866 7823
f 7855 7867 7857
f 7837 7855 7856
f 7865 7852 7866
f 7837 7845 7838
f 7857 7868 7829
f 7864 7835 7827
f 7843 7642 7504
f 7868 7826 7829
f 7830 7847 7842
f 7857 7856 7855
f 7837 7866 7852
f 7836 7823 7866
f 7870 7867 7869
f 7870 7863 7868
f 7871 7864 7863
f 7872 7860 7864
f 7869 7854 7874
f 7874 7853 7875
f 7876 7853 7865
f 7874 7878 7869
f 7879 7881 7882
f 7883 7882 7884
f 7886 7883 7885
f 7887 7886 7889
f 7890 7886 7885
f 7886 7880 7879
f 7891 7880 7892
f 7884 7885 7883
f 7871 7893 7884
f 7871 7894 7872
f 7884 7895 7894
f 7882 7896 7895
f 7890 7893 7878
f 7893 7869 7878
f 7881 7897 7896
f 7898 7895 7896
f 7900 7896 7897
f 7901 7899 7898
f 7904 7902 7903
f 7898 7905 7901
f 7894 7899 7904
f 7904 7872 7894
f 7907 7891 7906
f 7906 7892 7908
f 7890 7909 7889
f 7910 7889 7909
f 7877 7909 7878
f 7912 7909 7911
f 7887 7914 7913
f 7906 7913 7914
f 7873 7858 7860
f 7916 7865 7859
f 7859 7915 7916
f 7916 7903 7917
f 7917 7902 7918
f 7917 7876 7916
f 7873 7903 7915
f 7919 7875 7876
f 7877 7875 7920
f 7911 7920 7921
f 7922 7920 7919
f 7923 7921 7922
f 7918 7919 7917
f 7922 7925 7923
f 7924 7911 7921
f 7912 7926 7927
f 7928 7930 7926
f 7924 7928 7926
f 7927 7930 7907
f 7907 7914 7927
f 7910 7927 7914
f 7901 7918 7902
f 7905 7925 7901
f 7925 7928 7923
f 7905 7930 7929
f 7897 7930 7900
f 7888 7892 7880
f 7888 7913 7908
f 7645 7831 7830
f 7839 7862 7931
f 7841 7848 7840
f 7842 7849 7841
f 7504 7844 7843
f 7839 7840 7848
f 7643 7861 7831
f 7503 7862 7844
f 7846 7861 7843
f 7842 7645 7830
f 7932 7934 7935
f 7936 7938 7939
f 7937 7941 7938
f 7942 7944 7945
f 7947 7949 7946
f 7950 7939 7951
f 7953 7955 7952
f 7956 7958 7959
f 7956 7540 7960
f 7962 7964 7961
f 7936 7965 7945
f 7946 7958 7957
f 7966 7952 7955
f 7965 7933 7967
f 7968 7969 7964
f 7970 7972 7973
f 7974 7964 7963
f 7941 7968 7975
f 7940 7944 7969
f 7976 7935 7934
f 7978 7934 7951
f 7943 7969 7944
f 7947 7963 7962
f 7933 7951 7934
f 7980 7939 7938
f 7967 7932 7966
f 7937 7945 7944
f 7977 7983 7935
f 7973 7984 7975
f 7953 7973 7974
f 7982 7970 7983
f 7974 7954 7953
f 7975 7985 7941
f 7981 7951 7939
f 7961 7544 7545
f 7985 7938 7941
f 7942 7965 7960
f 7975 7974 7973
f 7952 7970 7953
f 7952 7935 7983
f 7987 7984 7986
f 7987 7980 7985
f 7988 7981 7980
f 7989 7978 7981
f 7986 7972 7991
f 7991 7971 7992
f 7993 7971 7982
f 7986 7994 7995
f 7997 7999 7996
f 8000 7999 8001
f 8003 8000 8002
f 8005 8006 8004
f 8007 8003 8002
f 7996 8005 7997
f 7998 8009 8008
f 8010 8000 8001
f 7988 8010 8001
f 7988 8011 7989
f 8011 7999 8012
f 7998 8012 7999
f 8007 8010 7995
f 8010 7986 7995
f 8013 8008 8014
f 8015 8012 8013
f 8017 8013 8014
f 8018 8016 8015
f 8021 8019 8020
f 8015 8022 8018
f 8011 8016 8021
f 8021 7989 8011
f 8023 8014 8008
f 8023 8009 8025
f 8007 8026 8006
f 8026 8004 8006
f 8028 7995 7994
f 8029 8026 8028
f 8030 8027 8031
f 8023 8030 8031
f 7990 7976 7978
f 8033 7982 7977
f 7976 8033 7977
f 8034 8032 8020
f 8035 8020 8019
f 8034 7993 8033
f 7990 8020 8032
f 8036 7992 7993
f 7991 8037 7994
f 7994 8038 8028
f 8039 8037 8036
f 8040 8038 8039
f 8035 8036 8034
f 8039 8042 8040
f 8041 8028 8038
f 8029 8043 8044
f 8045 8047 8043
f 8041 8045 8043
f 8044 8047 8024
f 8024 8031 8044
f 8027 8044 8031
f 8042 8019 8018
f 8022 8042 8018
f 8042 8045 8040
f 8017 8046 8022
f 8014 8047 8017
f 8005 8009 7997
f 8005 8030 8025
f 7506 7943 7942
f 7954 7946 7955
f 7967 7957 7956
f 7960 7967 7956
f 7948 7962 8048
f 7955 7957 7966
f 7641 7979 7943
f 7969 7961 7964
f 7960 7506 7942
f 7362 8050 7436
f 8052 7464 8051
f 8051 7467 8053
f 8054 7600 7604
f 8056 7618 8052
f 7436 8057 7638
f 8049 7361 8056
f 8057 7603 7638
f 8055 7467 7600
f 8058 7604 7603
f 8059 8058 8057
f 8060 8054 8058
f 8061 8055 8054
f 8062 8053 8055
f 8059 8050 8064
f 8064 8049 8065
f 8056 8065 8049
f 8059 8067 8068
f 8069 8071 8072
f 8073 8072 8074
f 8075 8073 8076
f 8077 8075 8076
f 8075 8070 8069
f 8079 8081 8070
f 8082 8070 8081
f 8083 8073 8074
f 8061 8083 8074
f 8061 8084 8062
f 8074 8085 8084
f 8072 8086 8085
f 8077 8083 8068
f 8083 8059 8068
f 8071 8087 8086
f 8088 8085 8086
f 8090 8086 8087
f 8091 8089 8088
f 8094 8092 8093
f 8088 8095 8091
f 8084 8089 8094
f 8094 8062 8084
f 8097 8082 8096
f 8096 8081 8080
f 8077 8098 8078
f 8099 8078 8098
f 8101 8068 8067
f 8102 8098 8101
f 8100 8104 8103
f 8096 8103 8104
f 8075 8100 8079
f 8079 8103 8080
f 8105 8053 8063
f 8066 8052 8106
f 8051 8106 8052
f 8107 8105 8093
f 8108 8093 8092
f 8107 8066 8106
f 8063 8093 8105
f 8109 8065 8066
f 8064 8110 8067
f 8067 8111 8101
f 8112 8110 8109
f 8113 8111 8112
f 8108 8109 8107
f 8112 8115 8113
f 8114 8101 8111
f 8102 8116 8117
f 8118 8120 8116
f 8114 8118 8116
f 8117 8120 8097
f 8097 8104 8117
f 8099 8117 8104
f 8091 8108 8092
f 8095 8115 8091
f 8115 8118 8113
f 8095 8120 8119
f 8087 8120 8090
f 7550 7561 7551
f 7552 7561 7535
f 7931 7539 7542
f 7640 7408 7622
f 7549 7644 7627
f 7525 7544 7641
f 7931 7482 7840
f 7483 7542 7541
f 7626 7405 7487
f 7629 7432 8121
f 7629 7949 7948
f 8122 7949 8121
f 8123 8121 7432
f 8124 7432 7435
f 7434 8125 7435
f 8125 8124 7435
f 8124 7429 8126
f 8123 8126 8127
f 8122 8127 8128
f 7541 7959 8128
f 7404 8129 7531
f 8125 7431 7430
f 7526 7505 7644
f 7626 7541 8128
f 7959 8122 8128
f 7961 8048 7962
f 7629 8048 7545
f 8127 7626 8128
f 7402 8126 7403
f 8129 8126 7429
f 7428 8129 7429
f 7589 7428 7590
f 7471 7366 7606
f 7334 7426 7357
f 7335 7357 7356
f 7616 7446 7445
f 7392 7398 7426
f 7393 7397 7392
f 7342 7394 7393
f 7344 7469 7342
f 7343 7361 7360
f 7360 7344 7343
f 7363 7345 7360
f 7437 7575 7363
f 7582 7437 7639
f 7421 7639 7602
f 7375 7602 7601
f 7599 7375 7601
f 7465 7618 7617
f 7332 7587 7340
f 7447 7335 7445
f 7445 7356 7616
f 7359 7616 7356
f 7636 7442 7359
f 7588 7443 7636
f 7589 7605 7588
f 7590 7606 7589
f 7471 7591 7472
f 7446 7371 7374
f 7371 7372 7374
f 7422 7370 7424
f 7577 7424 7580
f 7536 7580 7533
f 7591 7635 7472
f 7607 7386 7635
f 7543 7494 7527
f 7547 7543 7522
f 7608 7387 7386
f 7387 7416 7385
f 7457 7382 7417
f 7557 7417 7554
f 7559 7554 7553
f 7630 7553 7534
f 7534 7586 7630
f 7466 7337 7599
f 7465 7338 7466
f 7617 7587 7465
f 7341 7617 7343
f 8130 6090 8131
f 6023 8132 8133
f 6182 8133 6784
f 6623 6792 6185
f 6787 6182 6784
f 8134 6696 6787
f 6917 6756 8135
f 6762 7112 6763
f 6762 6184 6759
f 6765 6185 6184
f 6650 6768 6647
f 6772 6916 7259
f 6777 6789 6788
f 6022 6788 8132
f 6756 8134 8135
f 6758 6771 6770
f 6761 6775 7112
f 6769 6621 6766
f 6772 6767 6773
f 6174 6760 6759
f 6187 6178 6670
f 6811 6648 6812
f 6786 6724 6779
f 6791 6918 6885
f 6186 6179 6178
f 6808 8133 8132
f 6884 8135 8134
f 6174 6670 6171
f 6807 6784 8133
f 6791 8132 6788
f 6786 8134 6787
f 6790 6172 6918
f 6649 6792 6650
f 6316 8136 6717
f 8137 6654 8138
f 8139 6601 6160
f 6656 6580 6870
f 6868 8142 6865
f 6316 6711 6313
f 6864 8144 6861
f 6864 8145 6860
f 6868 6869 6710
f 6656 6866 6653
f 8146 8148 8149
f 8139 8151 6640
f 8152 6866 6865
f 8154 8138 6654
f 6874 8156 8157
f 8158 8159 6805
f 8160 6865 8142
f 8161 6313 6711
f 6161 8162 8163
f 8164 6654 6653
f 8153 6653 6866
f 8165 8167 8168
f 8166 8169 8167
f 5989 8170 8169
f 5988 8171 8170
f 8172 6043 6042
f 8174 6032 6035
f 8174 6098 8176
f 8176 6796 8177
f 8177 8178 8179
f 7132 6728 7133
f 6589 8180 7136
f 8180 6004 8181
f 8181 6007 8182
f 6334 6731 6734
f 6079 6645 6731
f 6078 6646 6645
f 6085 8184 6646
f 6091 8185 6093
f 6086 8183 6085
f 6950 7118 7070
f 6952 6992 7127
f 6983 6968 7103
f 6987 7004 7099
f 7001 6979 6978
f 7001 7074 6998
f 7262 7075 7074
f 7264 7127 7075
f 7265 6943 6972
f 7265 6991 6990
f 7266 7070 6991
f 6949 7119 7118
f 7267 6939 7119
f 6983 7099 6940
f 7268 6985 8186
f 7000 8186 6979
f 6938 6985 6984
f 6946 6922 6921
f 6956 6948 6947
f 6971 6928 6927
f 6970 6954 6928
f 6973 6921 6925
f 6977 7263 7105
f 6981 7061 7060
f 6973 7117 6972
f 7097 6979 8186
f 7104 6927 7101
f 6977 7060 6974
f 6976 6944 7263
f 6956 7066 6953
f 6937 8186 6985
f 6938 7101 6935
f 6924 7116 7297
f 6926 7297 7068
f 6930 6962 7304
f 6934 6953 7066
f 6960 6936 6935
f 6963 6928 6954
f 6967 6975 6974
f 7063 7327 7331
f 6959 7096 6936
f 6926 7066 6925
f 7102 7304 7125
f 6967 7331 6964
f 6966 6922 6975
f 7062 7064 7327
f 6963 6932 6961
f 7102 6935 7101
f 7299 7269 8187
f 7301 6932 6931
f 7306 7285 7284
f 7308 6962 6961
f 7315 7284 7309
f 7317 7312 7311
f 7319 6964 7331
f 7322 7297 7116
f 7317 7116 6965
f 7308 7303 7307
f 7326 6958 6957
f 7329 7291 7290
f 7328 7324 7291
f 7301 8187 7302
f 7319 7290 7318
f 7326 7309 7323
f 7272 7321 7275
f 7272 8187 7269
f 7274 7302 8187
f 7281 7307 7303
f 7283 7593 7594
f 7289 7324 7323
f 7293 7330 7294
f 7293 7318 7290
f 7310 7594 7637
f 7314 7595 7320
f 7282 7279 7593
f 7278 7277 7276
f 7314 7270 7311
f 7313 7295 7595
f 7288 7291 7324
f 7289 7637 7286
f 6003 6626 6136
f 6003 7165 6000
f 6690 8189 6691
f 6686 5981 5980
f 6685 6096 5981
f 6687 6806 6096
f 6002 5980 6626
f 6606 5351 5350
f 7164 8190 8191
f 8192 7174 8193
f 6015 8153 8152
f 6189 8155 8154
f 8157 6284 6283
f 6332 8152 8160
f 6593 6317 8161
f 6658 8154 8164
f 6014 8164 8153
f 6332 7131 6333
f 6805 6321 6052
f 6146 8162 6625
f 6607 8195 6604
f 8196 6125 8197
f 8198 7168 8199
f 8199 6633 8200
f 7177 8201 7178
f 8202 8204 8205
f 7208 7185 7205
f 7237 7186 7208
f 6819 7230 7237
f 6818 6824 6819
f 8206 6821 6818
f 8207 8135 8208
f 6917 8209 6916
f 8209 7259 6916
f 8210 6647 7259
f 6812 8212 7258
f 6809 7258 7257
f 6809 8213 6113
f 6113 8214 6110
f 7235 6110 8214
f 7223 7234 6147
f 6147 8215 6148
f 6148 8216 6153
f 8218 6158 8217
f 8219 6116 6119
f 6284 6116 6285
f 6188 8156 8155
f 8155 6873 8138
f 8138 6872 8137
f 8137 8148 6581
f 6193 6281 6190
f 6190 6278 6195
f 8220 8222 8223
f 8224 7139 7138
f 6223 8226 8227
f 6237 8228 8229
f 6238 8227 8230
f 6249 8231 8232
f 6253 8233 8234
f 6236 8221 8228
f 6331 8230 8235
f 6252 8236 8233
f 6222 8229 8226
f 6828 8237 8238
f 6280 8240 8241
f 8208 6883 8206
f 6648 8211 8212
f 6143 8242 8243
f 6624 8244 8242
f 8245 8247 8248
f 8249 8251 8252
f 7195 8254 7196
f 7214 8253 7195
f 8256 7214 7213
f 7243 8257 7244
f 7210 8257 7211
f 8259 6102 8260
f 8261 6121 8262
f 8178 8263 8179
f 7132 8264 8263
f 6797 8265 8264
f 6135 8266 8265
f 6134 8267 8266
f 6151 8268 8267
f 6154 8270 8268
f 8269 8272 8270
f 7194 8273 8274
f 7193 8275 8273
f 8249 8260 8276
f 8248 8278 8245
f 6129 8279 8280
f 7169 8197 6125
f 8198 8192 8197
f 7171 7175 7173
f 6589 7129 6587
f 6801 6040 7129
f 6037 6041 6040
f 6036 6659 6041
f 6131 6118 6659
f 6156 6119 6118
f 8218 6119 6155
f 8219 6815 6642
f 7191 6641 6814
f 8246 7189 7191
f 8245 8281 8282
f 8280 6288 6287
f 6125 7170 7169
f 6288 6602 6123
f 6126 6604 8195
f 8196 6605 6604
f 7174 6691 8189
f 6691 6139 6692
f 7171 8283 7172
f 7172 8284 6142
f 6139 8284 6692
f 8285 8287 8288
f 8211 8289 8286
f 8290 8292 8289
f 8293 8291 8290
f 8293 8208 8295
f 8296 8298 8295
f 6818 8296 8206
f 8285 7258 8212
f 7243 7212 7211
f 7243 8300 8299
f 8301 6739 6738
f 8302 7213 7247
f 8303 7247 6168
f 8304 6168 6167
f 6738 8297 8301
f 8288 6167 6170
f 8304 8291 8305
f 8305 8294 6737
f 6737 8306 8305
f 6736 8307 8306
f 8243 8308 8309
f 8242 8282 8308
f 8247 7191 7190
f 7196 8251 7192
f 8253 8311 8254
f 8255 8310 8253
f 8313 8255 8256
f 7244 8313 8307
f 8313 8258 8312
f 8312 8314 8310
f 8315 8310 8314
f 8311 8316 8252
f 8282 8317 8308
f 8308 8261 8309
f 8309 8262 8318
f 8248 8275 8276
f 8282 8246 8245
f 8307 8256 8302
f 8306 8302 8303
f 8305 8303 8304
f 8298 6737 8294
f 8287 8304 6167
f 7253 7199 7198
f 8319 6028 7199
f 8320 6029 6028
f 8321 7184 6029
f 8322 7185 7184
f 8203 7205 7185
f 8202 7206 7205
f 7239 7210 7209
f 7251 8319 7253
f 7227 8320 8319
f 7217 8321 8320
f 7216 8322 8321
f 7236 8203 8322
f 6175 8200 7204
f 7165 8191 6177
f 6137 7166 6138
f 6200 8283 6137
f 6199 8284 8283
f 8284 6205 6692
f 6205 6689 6692
f 6689 5485 3833
f 7009 8323 7107
f 7013 7021 7020
f 7017 7029 7028
f 7013 7110 7010
f 7073 7084 7089
f 7081 7093 7092
f 7082 7028 7025
f 7088 6995 6994
f 7088 7057 7085
f 7122 7043 7042
f 7124 7024 7126
f 7082 7024 7123
f 7009 7042 7006
f 7012 7126 7021
f 7115 7015 7057
f 7008 7058 8323
f 7081 7120 7078
f 7073 7079 7071
f 6997 7076 7113
f 7023 6942 6941
f 7027 7069 7038
f 7031 6989 6988
f 7079 7033 7032
f 7037 7107 8323
f 7027 7126 7024
f 7041 7029 7114
f 7026 6988 7069
f 7100 6941 7098
f 7108 7002 7019
f 7100 8323 7058
f 6997 7114 6994
f 7022 7039 6942
f 7111 7033 7255
f 7035 7260 7032
f 7261 6996 7260
f 7108 7120 7106
f 7245 8258 7210
f 7246 8314 7245
f 7181 8316 7182
f 8277 6129 8278
f 8278 8280 8281
f 6287 8281 8280
f 6122 8317 6287
f 5487 6144 5488
f 5489 6162 5490
f 6637 8325 8326
f 8326 8225 8224
f 5494 8225 5495
f 6160 8150 8139
f 5496 8151 5497
f 8163 6162 6161
f 6146 8327 8163
f 8243 6144 6143
f 8328 8309 8318
f 8318 5501 5500
f 8262 5502 5501
f 8329 8331 8332
f 8333 8335 8336
f 8338 6007 8337
f 8329 8339 8340
f 8341 6734 8330
f 6006 8337 6007
f 8342 6804 6800
f 6065 8339 8343
f 5995 8341 8340
f 6918 6166 6165
f 7221 6166 6880
f 6172 6880 6166
f 8344 5955 6713
f 5519 5975 5520
f 6806 8346 6695
f 6646 8347 6643
f 8165 8349 6323
f 6322 8131 6090
f 8345 6688 8351
f 6695 5975 5974
f 5976 5528 6713
f 5529 8131 5530
f 6643 8352 8168
f 8183 5532 8184
f 5534 8130 5529
f 6730 5533 8183
f 8351 6093 8185
f 5535 6594 3856
f 8353 6652 6651
f 8354 8355 8356
f 8357 6825 6202
f 8359 6202 6201
f 6224 8356 8360
f 6275 8362 6276
f 6201 7143 8359
f 7146 8359 7143
f 8357 8363 8364
f 8355 8366 8367
f 8361 8368 8362
f 8356 8367 8369
f 8370 8372 7142
f 8220 7145 8374
f 6275 6228 6231
f 5558 6228 6274
f 8375 8367 8366
f 8362 8376 8377
f 8378 8380 8381
f 8363 8382 8383
f 8384 8381 8385
f 8382 8386 8385
f 8383 8364 8363
f 6226 6231 6230
f 6231 8361 6275
f 6636 8389 8379
f 6635 8388 6636
f 8390 5576 5575
f 8379 6232 6636
f 8378 6233 6232
f 8384 8371 6233
f 8372 8393 7141
f 7138 8239 8224
f 8224 8394 8326
f 8146 8394 6282
f 6638 8326 8394
f 6340 6299 6298
f 6747 6577 6576
f 6344 6346 6345
f 6342 6355 6303
f 6353 6349 6297
f 6337 6369 8395
f 6360 6328 6327
f 6358 6386 6385
f 6364 6293 6295
f 6362 6376 6373
f 6366 6297 6296
f 6350 6372 6370
f 6533 6303 6302
f 6534 6346 6343
f 6744 6533 6302
f 6536 6747 6576
f 6357 6894 6386
f 6341 6832 6355
f 6839 6292 6291
f 6837 6380 6379
f 6838 6354 6292
f 6361 6377 6376
f 6363 6296 6293
f 6365 6373 6372
f 6359 6291 6328
f 6836 6385 6380
f 6481 6902 6544
f 6484 6501 6500
f 6477 6487 6474
f 6849 6492 6491
f 6494 6467 6466
f 6547 6544 6543
f 6750 6546 6547
f 6494 6751 6750
f 6843 6500 6846
f 6845 6575 6843
f 6489 6847 6853
f 6474 6491 6490
f 6483 6906 6501
f 6493 6465 6490
f 6471 6544 6902
f 6472 6485 6473
f 6476 6461 6460
f 6470 6542 6545
f 6570 6569 6749
f 6495 6463 6493
f 6475 6462 6461
f 6572 6477 6476
f 6574 6457 6456
f 6569 6543 6545
f 6575 6473 6485
f 6471 6901 6448
f 6469 6508 6513
f 6498 6479 6478
f 6503 6518 6517
f 6489 6505 6486
f 6467 6509 6468
f 6546 6498 6478
f 6549 6752 6753
f 6752 6466 6469
f 6503 6846 6500
f 6850 6844 6846
f 6507 6852 6525
f 6486 6509 6849
f 6502 6909 6518
f 6858 6664 6307
f 8396 6611 6610
f 6833 6324 6216
f 8399 6825 8400
f 6831 8401 8402
f 6707 6826 8399
f 8398 6890 6324
f 6858 8404 6554
f 8405 6610 6876
f 6830 6553 8401
f 8397 6911 6611
f 8400 8358 8365
f 8358 8364 8406
f 8406 8387 8407
f 8389 8380 8379
f 8389 8409 8377
f 8388 8410 8409
f 5575 8410 8390
f 6665 8411 6875
f 8412 6720 6721
f 8413 5601 6720
f 8411 8413 8412
f 6262 6290 6263
f 5602 8414 5604
f 6599 3735 5605
f 7141 7142 8372
f 8393 8241 8240
f 8227 7147 7151
f 8229 8374 7148
f 8230 7151 7153
f 8232 8415 8416
f 8234 8417 8418
f 8221 8374 8228
f 8235 7153 8419
f 8233 8420 8417
f 8226 7148 7147
f 8238 8421 8422
f 7141 8240 7138
f 6581 6655 8137
f 6640 8140 8139
f 6710 8141 6868
f 6717 6712 6316
f 6860 8143 6864
f 6870 6867 6656
f 6717 6726 6714
f 6870 6192 6115
f 6860 6050 6059
f 6710 6025 6024
f 6639 6871 8140
f 6640 8324 6637
f 6581 8147 6193
f 5615 6234 8370
f 7144 8374 7145
f 7144 6210 7149
f 7150 6210 6209
f 7152 6209 6329
f 7152 8419 7153
f 7154 8421 8419
f 7158 8415 8422
f 7160 8420 8416
f 7162 8418 8417
f 7161 5616 8418
f 8370 6233 8371
f 8373 7146 7145
f 8392 8386 8223
f 8391 8372 8371
f 5617 6713 5528
f 5973 3355 5972
f 8345 5619 8346
f 3880 6910 5621
f 8351 5620 8345
f 8346 5520 5975
f 5621 6911 5623
f 5622 8185 5534
f 8150 5497 8151
f 8423 8425 8426
f 8427 6519 8428
f 8429 8431 8432
f 6523 8433 6526
f 8434 8436 8437
f 8438 8434 8439
f 8438 6511 6528
f 8441 8424 8423
f 8427 8430 8429
f 8444 8445 8446
f 8447 8424 8448
f 8449 8444 8450
f 8451 8430 8452
f 8453 8454 8455
f 8456 8437 8453
f 8439 8456 8457
f 8448 8442 8458
f 8452 8443 8449
f 8425 8459 8446
f 8460 8462 8463
f 8464 8466 8467
f 8468 8470 8471
f 8472 8474 8475
f 8476 8478 8479
f 8480 8482 8483
f 8484 8486 8487
f 8485 8489 8486
f 8490 8481 8480
f 8492 8494 8495
f 8495 8496 8497
f 8498 8500 8501
f 8502 8500 8503
f 8504 8506 8507
f 8508 8510 8511
f 8513 8511 8512
f 8507 8514 8515
f 8516 8518 8519
f 8520 8516 8521
f 8522 8524 8525
f 8526 8522 8525
f 8528 8530 8531
f 8532 8529 8533
f 8534 8536 8537
f 8538 8534 8537
f 8464 8481 8465
f 8483 8541 8480
f 8542 8484 8467
f 8487 8540 8483
f 8488 8542 8544
f 8545 8486 8489
f 8481 8466 8465
f 8547 8489 8490
f 8548 8493 8471
f 8549 8502 8492
f 8551 8494 8548
f 8497 8552 8495
f 8469 8499 8470
f 8547 8497 8498
f 8469 8503 8500
f 8501 8550 8545
f 8460 8507 8461
f 8552 8506 8505
f 8554 8510 8463
f 8549 8505 8509
f 8554 8512 8511
f 8513 8550 8508
f 8461 8515 8462
f 8557 8513 8514
f 8558 8519 8479
f 8559 8527 8518
f 8521 8558 8561
f 8553 8517 8520
f 8477 8524 8478
f 8520 8557 8553
f 8476 8525 8477
f 8527 8556 8522
f 8563 8528 8475
f 8564 8531 8565
f 8533 8563 8566
f 8562 8530 8532
f 8473 8536 8474
f 8559 8532 8535
f 8472 8537 8473
f 8560 8539 8564
f 8463 8555 8554
f 8544 8467 8466
f 8470 8548 8471
f 8475 8566 8563
f 8479 8561 8558
f 8484 8483 8482
f 8490 8488 8491
f 8503 8492 8502
f 8498 8496 8499
f 8504 8509 8505
f 8515 8513 8512
f 8519 8527 8526
f 8521 8523 8520
f 8528 8539 8538
f 8533 8535 8532
f 8467 8482 8464
f 8487 8546 8543
f 8544 8491 8488
f 8480 8547 8490
f 8493 8468 8471
f 8495 8549 8492
f 8551 8499 8496
f 8501 8547 8498
f 8460 8510 8504
f 8508 8549 8509
f 8555 8515 8512
f 8506 8557 8514
f 8519 8476 8479
f 8517 8559 8518
f 8561 8524 8521
f 8522 8557 8523
f 8475 8538 8472
f 8567 8531 8530
f 8566 8536 8533
f 8560 8535 8534
f 8442 8568 8569
f 6512 8568 6754
f 8570 8571 8572
f 8426 6514 8423
f 8428 8443 8427
f 6522 8432 6523
f 8437 8433 8454
f 6524 8435 6527
f 6528 8435 8438
f 8423 6550 8441
f 8429 6516 8427
f 6515 8445 6908
f 8441 6754 8568
f 8570 8569 8568
f 8440 6512 6511
f 8569 8458 8442
f 8574 8572 8571
f 8572 8573 8569
f 8453 8577 8456
f 8576 8455 8578
f 8452 8580 8451
f 8573 8582 8458
f 8575 8581 8573
f 8584 8575 8574
f 8571 8457 8574
f 8439 8440 8438
f 8585 8587 8588
f 8587 8590 8588
f 8589 8592 8590
f 8591 8594 8592
f 8593 8596 8594
f 8595 8598 8596
f 8599 8586 8585
f 8601 8600 8599
f 8603 8602 8601
f 8605 8598 8597
f 8607 8604 8603
f 8609 8608 8607
f 8611 8610 8609
f 8606 8612 8611
f 8613 8589 8587
f 8614 8591 8589
f 8615 8593 8591
f 8616 8595 8593
f 8617 8597 8595
f 8619 8617 8616
f 8620 8618 8617
f 8620 8623 8621
f 8624 8626 8627
f 8626 8622 8627
f 8620 8628 8622
f 8622 8629 8627
f 8627 8630 8624
f 8632 8634 8631
f 8636 8633 8635
f 8637 8636 8635
f 8639 8632 8640
f 8633 8641 8635
f 8635 8642 8637
f 8642 8644 8637
f 8645 8637 8644
f 8586 8613 8587
f 8600 8646 8586
f 8616 8648 8619
f 8615 8649 8648
f 8613 8649 8614
f 8651 8613 8646
f 8647 8651 8646
f 8652 8654 8651
f 8602 8647 8600
f 8655 8652 8647
f 8656 8653 8652
f 8653 8659 8654
f 8658 8661 8659
f 8644 8663 8645
f 8664 8662 8665
f 8661 8666 8659
f 8666 8654 8659
f 8667 8651 8654
f 8668 8597 8618
f 8669 8618 8621
f 8670 8621 8623
f 8671 8623 8626
f 8671 8625 8672
f 8625 8673 8672
f 8636 8675 8634
f 8638 8674 8636
f 8645 8676 8638
f 8645 8678 8677
f 8679 8660 8658
f 8657 8658 8653
f 8583 8648 8649
f 8650 8583 8649
f 8667 8581 8650
f 8666 8582 8667
f 8664 8681 8666
f 8682 8665 8683
f 8684 8643 8642
f 8684 8641 8579
f 8639 8579 8641
f 8580 8640 8578
f 8629 8576 8630
f 8604 8655 8602
f 8608 8686 8604
f 8610 8687 8608
f 8612 8688 8610
f 8605 8689 8612
f 8690 8668 8669
f 8691 8689 8690
f 8692 8688 8691
f 8693 8687 8692
f 8656 8686 8693
f 8694 8669 8670
f 8695 8690 8694
f 8696 8691 8695
f 8697 8692 8696
f 8657 8693 8697
f 8697 8679 8657
f 8696 8698 8697
f 8696 8700 8699
f 8694 8700 8695
f 8670 8701 8694
f 8702 8671 8672
f 8701 8703 8700
f 8703 8699 8700
f 8699 8705 8698
f 8698 8680 8679
f 8672 8706 8702
f 8675 8707 8708
f 8674 8709 8707
f 8709 8677 8710
f 8677 8711 8710
f 8712 8710 8711
f 8702 8714 8703
f 8713 8714 8715
f 8707 8716 8717
f 8717 8713 8715
f 8710 8716 8709
f 8708 8717 8715
f 8546 8599 8543
f 8546 8603 8601
f 8550 8603 8545
f 8556 8607 8550
f 8560 8609 8556
f 8564 8611 8560
f 8565 8606 8564
f 8565 8596 8598
f 8567 8594 8596
f 8562 8592 8594
f 8553 8590 8592
f 8590 8541 8588
f 8540 8588 8541
f 8543 8585 8540
f 8684 8450 8685
f 8579 8449 8684
f 8682 8448 8681
f 8447 8683 8459
f 8681 8458 8582
f 8628 8619 8718
f 8584 8619 8648
f 8628 8577 8629
f 8457 8577 8718
f 8574 8718 8584
f 7134 6919 7135
f 6164 6919 6783
f 5485 6609 5921
f 3832 8188 6690
f 5921 6221 3354
f 5922 7128 6607
f 6439 8720 6440
f 8720 6570 6749
f 6570 8721 6464
f 6439 8721 8719
f 6727 6057 6312
f 6312 6073 6247
f 6828 6073 6072
f 6877 6267 6745
f 6745 6299 6744
f 6891 6305 6889
f 6338 6746 6339
f 6438 6410 6435
f 6412 6440 6748
f 6564 6424 6565
f 6842 6577 8395
f 6889 6829 7156
f 6579 6564 6563
f 6435 6565 6424
f 8722 6306 6891
f 8723 6058 6727
f 6269 6878 6879
f 7160 6829 6598
f 8724 8143 8725
f 8238 6248 6828
f 6339 6744 6299
f 8395 6338 6337
f 6879 8404 8726
f 8422 8231 8238
f 8725 6859 8723
f 8416 7157 7160
f 6059 6049 6056
f 6330 6049 6048
f 7156 6259 6889
f 6269 6264 6266
f 6297 6264 6241
f 6340 6351 6337
f 6368 8395 6369
f 6422 6559 6423
f 6436 6404 6437
f 6447 6438 6437
f 6424 6436 6435
f 6331 6099 6330
f 6422 6842 6368
f 8722 6856 8726
f 8141 6862 8142
f 6265 6617 6242
f 6324 6259 6258
f 7158 6260 7156
f 6709 6863 8141
f 8235 6827 6331
f 6298 6352 6340
f 6370 6351 6350
f 6891 8403 8722
f 8419 8237 8235
f 6051 8145 6709
f 8422 7155 7158
f 8721 6446 6464
f 6748 8720 6749
f 8727 6011 8194
f 8158 8144 8724
f 6009 6861 8144
f 6008 6862 6861
f 8142 8727 8160
f 6554 6893 6858
f 6833 6708 8398
f 6708 8403 8398
f 5623 6892 4042
f 8406 8365 8358
f 8407 8366 8406
f 8377 8408 8389
f 8397 6530 6529
f 6651 8400 8353
f 8402 6616 6615
f 6618 8399 6651
f 6554 6878 6551
f 8396 6854 6530
f 8401 6552 6616
f 6892 6529 6743
f 8353 8365 8355
f 8377 6276 8362
f 8409 6277 6276
f 8410 5932 6277
f 8726 6857 8722
f 8726 6855 6879
f 7234 6106 8215
f 8279 6127 6288
f 8354 6227 6652
f 6246 6619 6289
f 8239 6282 8394
f 8162 6286 6625
f 6292 6246 6289
f 6382 6377 6379
f 6392 6396 6393
f 6396 6427 6428
f 6398 6443 6459
f 6459 6458 6460
f 6525 6523 6526
f 6558 6271 6555
f 6429 6560 6561
f 6460 6572 6476
f 6272 3736 3735
f 7128 6602 8195
f 6227 6244 6652
f 7180 6634 6103
f 6642 6285 8219
f 6356 6740 6614
f 6816 8218 8217
f 6820 8301 6817
f 6355 6741 6356
f 6344 6834 6341
f 6364 6840 6361
f 6375 6560 6415
f 6848 6488 6477
f 6853 6506 6489
f 6530 6740 6531
f 8140 6874 6601
f 6555 6831 6876
f 8215 6881 8216
f 6348 6894 6345
f 6383 6896 6417
f 6433 6896 6420
f 6432 6898 6390
f 6406 6898 6407
f 6900 6387 6899
f 6900 6448 6901
f 6472 6903 6482
f 6480 6903 6902
f 6497 6906 6479
f 6908 6518 6909
f 4280 6120 6603
f 6100 7170 6128
f 6632 7188 8201
f 7235 7201 7200
f 7206 7212 7207
f 8213 7232 7231
f 8214 7231 7201
f 6108 7200 7203
f 7238 8300 6820
f 7207 8299 7238
f 8205 7240 8202
f 6170 7232 7256
f 6638 8149 6639
f 6601 8157 6600
f 6600 6283 8162
f 8392 8222 8393
f 6278 8241 6279
f 6816 8274 6813
f 6642 6814 6641
f 6128 6124 8279
f 8195 6127 6126
f 8212 8286 8285
f 8292 8286 8289
f 8290 8210 8209
f 8207 8290 8209
f 8294 8295 8298
f 8206 8295 8208
f 6817 8297 8296
f 8288 7256 8285
f 7209 7240 7239
f 6225 8360 8361
f 8369 8360 8356
f 8375 8368 8369
f 8381 8387 8383
f 8385 8383 8382
f 8385 8391 8384
f 8147 6282 6281
f 6345 6835 6344
f 6327 6834 6360
f 6295 6841 6364
f 6379 6840 6837
f 6853 6845 6844
f 6479 6905 6480
f 6848 6571 6573
f 6452 6904 6472
f 6525 6851 6520
f 6496 6907 6497
f 8402 6876 6831
f 8408 8387 8380
f 6279 8222 8221
f 6872 8149 8148
f 8223 8373 8220
f 6526 8436 6524
f 8446 8426 8425
f 8455 8431 8451
f 8446 8450 8444
f 8454 8432 8431
f 6908 8428 6519
f 8578 8451 8580
f 8632 8625 8624
f 8640 8624 8630
f 8660 8662 8661
f 8662 8643 8665
f 8675 8631 8634
f 8680 8663 8660
f 8683 8643 8685
f 8578 8630 8576
f 8673 8708 8706
f 8678 8705 8711
f 8711 8704 8712
f 8706 8715 8714
f 8703 8712 8704
f 8459 8685 8450
f 8407 8376 8375
f 6615 8405 8402
f 5993 6335 5994
f 6060 6018 5991
f 5993 6081 6080
f 6105 6176 6702
f 6177 6000 7165
f 6309 6310 6251
f 8725 6314 8724
f 8724 6318 8158
f 6321 6053 6052
f 6249 6310 6247
f 6596 6257 6597
f 8188 6605 8189
f 5986 6682 6060
f 6714 6311 6309
f 6047 6086 6081
f 6875 6304 6665
f 6001 6912 5983
f 7162 6597 6257
f 7254 6912 6704
f 6684 7163 7254
f 8723 6315 8725
f 6592 6318 6317
f 8332 8171 8728
f 6607 5350 5922
f 8191 8198 8199
f 8197 8193 8196
f 8159 6319 6321
f 8232 6595 6249
f 8192 7173 7175
f 8189 8193 7174
f 6177 8199 6175
f 6733 8330 6734
f 8340 8330 8329
f 8341 6335 6334
f 8412 6875 8411
f 8414 6273 6599
f 8416 8236 8232
f 6727 8136 8723
f 8417 7159 7162
f 6277 5558 6274
f 5935 6635 6235
f 5991 6061 6060
f 6019 6682 6681
f 5999 6033 5996
f 6045 6677 6680
f 6055 6083 7130
f 5995 6063 5992
f 6084 6053 6046
f 6088 5989 8166
f 6063 6046 5992
f 6066 6034 5999
f 6103 7181 7180
f 6673 6133 6132
f 6149 6153 6152
f 6323 8166 8165
f 6585 6083 6082
f 6630 6702 6176
f 6634 7168 7167
f 6676 6152 6133
f 6703 6628 7248
f 6796 6728 8178
f 6069 6097 6066
f 6132 6674 6673
f 6803 6800 6804
f 6011 6055 7130
f 6799 6582 6585
f 7194 6881 6882
f 7131 6583 6333
f 6798 6913 6674
f 7179 8204 7236
f 7183 7246 7242
f 7188 7242 7241
f 6109 7192 6882
f 7204 6176 6175
f 7219 6628 6627
f 7218 7248 6628
f 7179 6627 7176
f 7250 6704 6703
f 7228 7249 7248
f 6678 7249 6679
f 5997 7251 5998
f 8168 6644 6643
f 8167 6732 6644
f 8169 6733 6732
f 8170 8331 6733
f 8336 8173 8172
f 8182 8175 8174
f 8182 8176 8181
f 8181 8177 8180
f 8180 8179 7136
f 7133 6590 6913
f 7130 8194 6011
f 8200 6632 7177
f 7178 8205 8204
f 8269 6153 8216
f 8254 8252 8251
f 8260 6101 8277
f 8179 6802 7136
f 8263 6038 6802
f 8264 6039 6038
f 8265 6130 6039
f 8266 6157 6130
f 8267 6158 6157
f 8268 8217 6158
f 8270 6816 8217
f 6813 8273 7190
f 8273 8247 7190
f 8276 8277 8248
f 7192 8250 7193
f 8252 8259 8249
f 8276 8250 8249
f 7204 7177 7176
f 7182 8315 7246
f 8343 8334 8333
f 8333 8342 8343
f 8343 6800 6065
f 8340 6064 5995
f 6323 8350 6322
f 8168 8348 8165
f 8349 5936 8350
f 8352 5938 8348
f 6103 7167 6100
f 8271 8216 6881
f 8201 7241 8205
f 8274 8271 7194
f 5991 6017 5988
f 8728 6017 6016
f 5997 6680 6679
f 5996 6045 6680
f 6033 6042 6045
f 6042 8175 8172
f 8172 8338 8336
f 8336 8337 8333
f 6684 6677 6681
f 6681 6044 6019
f 6019 6043 6016
f 6016 8173 8728
f 8728 8335 8332
f 8332 8334 8329
f 8194 8160 8727
f 6805 6009 8158
f 5940 7137 6719
f 8324 5942 8325
f 8325 5495 8225
f 6253 4292 6250
f 7137 5944 6715
f 8348 5937 8349
f 8350 5530 8131
f 5624 6159 5489
f 6718 5940 6719
f 8327 5490 6162
f 8347 5939 8352
f 5933 6121 6120
f 8184 5946 8347
f 7142 5615 8370
f 6145 5945 8327
f 8234 5943 6253
f 8328 5488 6144
f 8318 5948 8328
f 7139 4299 7140
f 8418 5947 8234
f 5604 6599 5605
f 5949 6712 6716
f 5944 6716 6715
f 6720 5950 6255
f 6255 4322 6256
f 5614 6235 6234
f 6711 5951 8161
f 8161 3857 6593
f 5973 2965 3013
f 2965 5963 222
f 222 5960 223
f 223 5958 3186
f 5958 3185 3186
f 5957 2977 3185
f 5970 1213 2977
f 5967 1214 1213
f 2532 5966 5953
f 2894 5953 5952
f 2871 5952 8344
f 5510 5721 5509
f 5822 5824 5823
f 3511 3844 3735
f 3887 3889 3888
f 3876 3878 3877
f 3356 3911 3909
f 3372 3390 3391
f 3849 3851 3850
f 3481 3867 3866
f 3873 3385 3382
f 3875 3450 3452
f 3915 3865 3862
f 3657 3671 3656
f 5618 3013 2152
f 1997 1889 1892
f 1237 744 855
f 1535 120 121
f 1531 201 214
f 1119 1032 984
f 946 824 947
f 163 5 162
f 9041 9175 9193
f 1155 1162 1164
f 427 327 424
f 553 796 498
f 8732 2231 2237
f 8732 2230 2232
f 2237 3180 8732
f 8734 8736 8733
f 8735 8738 8736
f 8737 8740 8738
f 8739 8742 8740
f 8743 8745 8746
f 8746 8747 8748
f 8749 8748 8747
f 8751 8750 8749
f 8754 8756 8753
f 8757 8755 8754
f 8759 8758 8757
f 8761 8760 8759
f 8763 8762 8761
f 8766 8749 8765
f 8765 8747 8767
f 8767 8745 8768
f 8768 8744 8769
f 8744 8771 8769
f 8770 8772 8771
f 8741 8773 8772
f 8739 8774 8773
f 8737 8775 8774
f 8735 8776 8775
f 8776 8777 3184
f 2904 8779 2947
f 8780 2904 2902
f 8781 2902 2876
f 2875 8781 2876
f 8783 2733 2736
f 2825 8786 2824
f 8788 8790 8787
f 8792 8787 8791
f 2724 8785 2825
f 8787 3115 3117
f 8791 3117 3119
f 8794 8765 8793
f 8793 8767 8795
f 8795 8768 8796
f 8796 8769 8797
f 8797 8771 8798
f 8771 8799 8798
f 8772 8800 8799
f 8773 8801 8800
f 8774 8802 8801
f 8775 8803 8802
f 8776 3056 8803
f 8802 2253 2252
f 8801 2252 1727
f 8800 1727 2150
f 8799 2150 1941
f 8804 8799 1941
f 8805 8798 8804
f 8806 8797 8805
f 8807 8796 8806
f 8793 8807 8808
f 8794 8808 8809
f 8810 8809 8808
f 8808 8806 8810
f 8810 8805 8812
f 8813 8810 8812
f 8812 8804 8814
f 8815 8812 8814
f 8814 1941 1360
f 8755 8752 8756
f 8758 8750 8755
f 8760 8748 8758
f 8762 8746 8760
f 8816 8764 8763
f 8818 8820 8817
f 8816 8782 8784
f 8821 8817 8816
f 8789 8783 8786
f 8818 8789 8788
f 8819 8788 8792
f 8822 8819 8823
f 8823 8792 8824
f 8824 8791 2712
f 2712 3119 3128
f 8826 8823 8825
f 8825 8824 8827
f 8827 2712 2711
f 8828 2711 2400
f 8829 8827 8828
f 8830 8825 8829
f 8743 8764 8831
f 8817 8831 8764
f 8770 8743 8831
f 8741 8831 8742
f 8820 8742 8831
f 8740 8822 8826
f 8738 8826 8830
f 8736 8830 8832
f 8833 2400 2402
f 8834 8828 8833
f 8832 8829 8834
f 8835 2402 2707
f 3058 2707 2708
f 3061 8835 3058
f 8836 8833 8835
f 8733 8832 8837
f 8837 8834 8836
f 8777 8733 8838
f 8838 8837 1962
f 8837 3061 1962
f 1961 8838 1962
f 3057 8777 8838
f 8779 8753 8839
f 8778 8754 8779
f 8780 8757 8778
f 8781 8759 8780
f 8782 8761 8781
f 8821 8784 8783
f 8785 8789 8786
f 2723 8790 8785
f 2875 8784 8782
f 2736 8786 8783
f 2947 8839 8944
f 8815 1360 8941
f 1900 1924 1901
f 1736 1718 1750
f 1955 1943 1956
f 1671 1735 1751
f 1696 1698 1692
f 1800 1864 1801
f 2063 2056 2060
f 1737 1717 1736
f 1751 1697 1695
f 943 9351 684
f 9108 8753 9057
f 1577 1764 1703
f 9369 1599 9375
f 1945 82 1944
f 68 7 248
f 147 1543 148
f 1109 1133 1102
f 1503 1907 1908
f 1499 1909 1498
f 452 735 215
f 1824 9287 9297
f 1825 2068 1824
f 1463 1022 1194
f 841 1009 1011
f 1568 1955 1534
f 1926 1927 1923
f 1910 1502 1939
f 1939 422 442
f 309 1940 308
f 1804 1866 1803
f 269 1954 56
f 2065 2060 2056
f 9264 1758 9287
f 280 552 1940
f 1875 1869 1874
f 1739 1734 1737
f 5923 5899 5924
f 1778 1790 1788
f 310 1915 279
f 1909 1906 1954
f 1789 1778 1788
f 978 980 979
f 1584 1731 1583
f 425 311 312
f 148 115 116
f 2044 9346 2046
f 277 1939 551
f 1943 1945 1944
f 1461 1463 1464
f 2253 3056 3055
f 2981 8927 958
f 2209 8927 3055
f 2254 3055 8927
f 2998 958 8927
f 2826 2721 2724
f 8928 2721 2817
f 2816 8928 2817
f 2334 2296 2335
f 2298 2334 2336
f 2301 2336 2338
f 2311 2338 2354
f 2312 2354 2355
f 2359 2361 2360
f 2335 2359 2360
f 2414 2365 2364
f 2413 2361 2365
f 2355 2540 2541
f 2541 2539 2542
f 2722 2739 2738
f 3114 2738 3113
f 3110 3121 3120
f 3108 3120 3113
f 3122 3127 3126
f 3112 3126 3121
f 3127 1753 3135
f 3139 2529 2542
f 9196 3133 3139
f 8928 2740 2739
f 8929 2789 8928
f 228 91 88
f 245 243 242
f 248 247 191
f 2 296 295
f 145 300 267
f 327 210 328
f 329 331 330
f 250 228 236
f 239 240 230
f 373 375 374
f 178 176 175
f 1218 1228 1321
f 9314 1295 9306
f 808 824 823
f 9310 1013 1014
f 9265 1411 1413
f 2154 2159 2160
f 9297 1758 1757
f 306 1922 452
f 2157 1976 1977
f 708 2031 1474
f 1450 1227 1428
f 1672 1605 1624
f 1813 1821 1816
f 1717 1715 1718
f 176 402 347
f 1710 9368 9367
f 1712 1577 1711
f 1705 1711 1704
f 3435 3475 3434
f 971 979 970
f 822 1094 1102
f 2909 2793 2792
f 2810 2795 2793
f 2799 2249 2800
f 9114 2910 2799
f 2769 2801 2795
f 3177 3178 3179
f 3178 3180 3179
f 3181 1393 2800
f 3181 1632 3182
f 3182 2244 3183
f 3183 2243 3180
f 8932 2790 8929
f 2808 8929 2816
f 2239 9016 2240
f 1149 9015 9014
f 1150 9011 9015
f 2202 9010 2015
f 2921 9009 2923
f 9012 2133 2928
f 1777 1759 1792
f 1201 1183 1184
f 9005 2195 2194
f 8997 2770 2768
f 9379 1687 1692
f 1516 154 503
f 8993 2974 2803
f 8994 2779 2778
f 2771 9019 8990
f 3070 8990 9002
f 8991 2775 2867
f 1376 1370 1372
f 2767 9000 2206
f 2195 8987 2767
f 2775 8986 2776
f 8344 8989 2871
f 9256 8983 2806
f 2776 8982 2805
f 2240 8979 2920
f 2920 9121 9071
f 8992 2786 2779
f 1805 1851 1804
f 8978 2787 2786
f 2951 8984 8975
f 2772 8975 9019
f 2973 8974 8980
f 2224 8981 8974
f 1957 320 510
f 306 304 303
f 2770 8972 2913
f 2913 9018 2239
f 2923 8971 2922
f 308 431 47
f 207 132 543
f 1879 1881 1880
f 9185 8969 2089
f 2475 9002 8968
f 2476 8968 8967
f 2223 8967 8981
f 8966 2803 2802
f 2037 11 1950
f 1959 450 505
f 2003 8964 2129
f 9 334 540
f 2009 8962 9011
f 2008 8980 8962
f 9329 673 9331
f 8959 2778 2784
f 2935 8957 2936
f 111 9014 8955
f 3238 3341 3237
f 8954 2935 2938
f 683 9337 943
f 8952 2810 2909
f 736 732 729
f 1795 1803 1796
f 8949 2938 2939
f 8951 2939 2940
f 2950 8948 2949
f 2940 8948 8951
f 9253 8956 2950
f 2868 8946 2869
f 2869 8966 2802
f 1024 1023 1020
f 8944 2948 2947
f 551 442 443
f 2972 9012 2928
f 2032 8943 2972
f 216 1924 1923
f 3532 3482 3533
f 203 201 200
f 3539 3541 3540
f 1828 1847 1837
f 1958 449 450
f 272 178 175
f 2871 8939 1361
f 9071 9008 2921
f 2801 9095 9114
f 2005 9106 2176
f 960 899 962
f 9109 9064 9076
f 9232 9098 3151
f 3151 9045 2555
f 2193 9075 2194
f 9059 3145 3144
f 9055 2761 3145
f 9044 3144 3104
f 2926 9086 3103
f 9086 3104 3103
f 9207 9198 9205
f 566 9210 2005
f 8839 1864 8944
f 1602 2079 2078
f 2868 9063 2922
f 2922 9062 2923
f 2923 9070 2921
f 9122 2918 9066
f 9071 9066 2920
f 2921 9122 9071
f 2920 9038 2240
f 9065 2915 2918
f 2917 9074 9093
f 2916 9093 9094
f 2239 9104 2913
f 2911 9104 2757
f 9095 2911 2910
f 2797 9114 9043
f 2797 9050 2750
f 9074 2763 2765
f 9060 2764 2745
f 2194 9100 2221
f 2221 9101 2222
f 2756 9061 2755
f 2750 9061 2747
f 9121 1817 9279
f 9215 1691 1699
f 2515 9042 2548
f 2548 9045 2550
f 2513 9084 9068
f 2513 9073 2515
f 2509 9072 2289
f 2510 9085 2509
f 2289 9091 2283
f 2283 9069 2286
f 2240 9039 2239
f 9111 9076 9078
f 716 9339 9340
f 727 9213 1923
f 2165 2170 2164
f 9112 9078 9081
f 9195 9030 9209
f 2175 769 770
f 2100 2095 2099
f 9210 9209 9030
f 640 9012 1826
f 1653 8997 1651
f 1895 8974 746
f 746 8981 741
f 1653 8972 9020
f 9214 1604 1672
f 2093 2073 2078
f 959 995 884
f 962 919 986
f 1400 1398 1399
f 1000 1127 1004
f 956 884 885
f 1662 8994 1661
f 2034 8990 1654
f 9378 8983 9254
f 8979 766 1817
f 9016 765 766
f 334 9015 335
f 1868 8984 1656
f 1684 1652 1678
f 1682 775 1807
f 1585 9214 1700
f 9215 1672 1673
f 2173 490 491
f 1658 8991 1752
f 9000 1650 724
f 1571 2010 1572
f 1587 9123 2080
f 2099 2077 2094
f 787 1999 786
f 2000 786 1999
f 3155 9149 9135
f 9165 9135 9241
f 2180 9137 9136
f 8940 9136 9157
f 1684 9292 1651
f 1760 8939 8989
f 2607 9145 2590
f 2581 9141 2607
f 2371 9152 9147
f 2371 9145 2372
f 2587 9127 2586
f 2586 9149 339
f 2497 9139 2503
f 2502 9139 9152
f 2494 9142 2495
f 9142 2472 2495
f 9140 2468 2472
f 9153 2469 2468
f 726 9344 630
f 581 8962 580
f 10 9014 334
f 1837 8954 1849
f 741 8967 1300
f 1299 9002 2034
f 1851 8948 1866
f 8971 1820 1819
f 580 8980 1895
f 1758 8966 8946
f 1693 8952 1806
f 8948 1867 1866
f 1894 9012 8943
f 2126 9265 9293
f 9358 9293 9364
f 2113 9319 2110
f 2179 9241 9137
f 624 9356 623
f 2192 9240 9232
f 2177 9239 9185
f 1364 9285 1338
f 9310 1470 1453
f 3135 9227 9196
f 2069 9287 2068
f 1351 9305 1352
f 2108 9353 499
f 2089 9188 9185
f 9280 1358 866
f 2001 9235 2187
f 2187 9171 2091
f 2130 9204 2004
f 2004 9201 2001
f 2014 9231 2201
f 2201 9208 2130
f 3167 9211 2969
f 3168 9172 3167
f 3159 9216 3160
f 3160 9217 3081
f 9182 3158 337
f 3158 9161 3159
f 2200 9182 9174
f 9137 9194 2204
f 9174 2197 2200
f 9242 2092 9173
f 9226 9173 2197
f 3154 9242 9226
f 3155 9158 3154
f 2091 9173 2092
f 2196 9202 9228
f 2193 9228 9233
f 9056 9233 9240
f 2086 9232 9230
f 2087 9230 9229
f 2204 9203 2205
f 2205 9202 3148
f 9361 574 692
f 2124 9229 9212
f 2208 9212 9234
f 9163 3140 3137
f 9237 3138 3140
f 9197 3139 3138
f 9223 3136 2322
f 9164 3137 3136
f 9227 3131 3133
f 9219 3132 3131
f 1813 9290 1814
f 1293 9308 1344
f 2184 9200 9184
f 2181 9184 9186
f 9217 3079 3081
f 9220 3080 3079
f 709 9327 2031
f 2774 9189 9221
f 9238 2134 9003
f 9261 766 765
f 2968 9218 2959
f 2969 9236 2968
f 2958 9189 2961
f 2132 9218 2960
f 2321 9223 9200
f 9312 1449 28
f 9357 582 710
f 9338 577 574
f 9299 1818 9279
f 705 9339 2121
f 9268 9359 698
f 2111 9363 2113
f 9262 1366 1411
f 1812 9274 1815
f 675 9304 674
f 8940 9303 675
f 2110 9320 2109
f 2104 9353 2106
f 2109 9351 944
f 9294 703 739
f 1680 9298 1684
f 1639 9271 9270
f 623 9358 697
f 2139 9318 9317
f 1808 9296 9289
f 9272 1819 1820
f 9324 9352 706
f 1646 9282 1648
f 9341 633 577
f 2139 9327 18
f 2156 9323 9326
f 674 9365 9321
f 2117 9264 2069
f 1815 9299 9275
f 9307 1444 1470
f 697 9364 9268
f 866 9288 9280
f 9316 2136 2135
f 9037 9178 9041
f 9035 9183 9037
f 9205 9190 9191
f 9192 9033 9195
f 1088 9198 1093
f 9191 9195 9205
f 2791 8933 2792
f 8932 2807 8933
f 2792 8934 2909
f 8933 2806 8934
f 8952 8934 8960
f 8960 2806 8983
f 2948 9243 9253
f 2105 9348 2104
f 8982 9256 2805
f 680 9328 683
f 1891 9362 9343
f 2905 9253 2950
f 2900 9251 2905
f 2901 9259 2877
f 2734 9258 9246
f 2877 9258 2878
f 2820 9246 2872
f 2818 9244 2827
f 2823 9244 2826
f 2822 9250 2821
f 2819 9252 9250
f 2817 9247 2816
f 2809 9247 2815
f 2808 9255 2807
f 2805 9255 2804
f 1702 9375 1599
f 9374 1797 1802
f 9367 1706 1709
f 9370 1692 1698
f 1657 9332 1879
f 1890 9347 9362
f 9224 1674 1675
f 1689 9224 9225
f 9378 8982 1688
f 8960 1689 9225
f 9369 1703 1764
f 1598 9380 1770
f 9332 1876 1879
f 1691 9377 9379
f 9377 1688 1687
f 1117 1118 9382
f 1066 1322 9382
f 1243 847 9382
f 9277 848 9382
f 1128 1117 9382
f 1129 1130 9382
f 841 1011 9382
f 1230 9315 9382
f 1242 1243 9382
f 1322 1229 9382
f 1064 1065 9382
f 1003 1128 9382
f 1229 1230 9382
f 9315 1285 9382
f 1285 1288 9382
f 848 839 9382
f 847 9277 9382
f 1118 1129 9382
f 1065 1066 9382
f 1087 1086 9382
f 1008 1002 9382
f 1011 1008 9382
f 1002 1003 9382
f 1076 1069 9382
f 838 841 9382
f 839 838 9382
f 1288 1242 9382
f 1130 1087 9382
f 1086 1076 9382
f 1069 1064 9382
f 2410 2414 9383
f 2411 2410 9383
f 9069 2285 9383
f 2394 2393 9383
f 2393 2396 9383
f 2281 2286 9383
f 2282 2280 9383
f 2398 2399 9383
f 2465 2464 9383
f 2396 2397 9383
f 2470 2469 9383
f 2399 2416 9383
f 2480 2395 9383
f 2459 2480 9383
f 2369 2282 9383
f 2460 2459 9383
f 2415 2411 9383
f 2416 2415 9383
f 2364 2363 9383
f 2286 9069 9383
f 2464 2470 9383
f 2469 9155 9383
f 2285 2465 9383
f 2414 2364 9383
f 2395 2394 9383
f 2363 2367 9383
f 2397 2398 9383
f 2280 2281 9383
f 9155 2460 9383
f 2367 2369 9383
f 9386 9389 9390
f 9386 9391 9387
f 9384 9389 9385
f 9390 9395 9391
f 9389 9392 9393
f 9389 9394 9390
f 9394 9399 9395
f 9393 9396 9397
f 9394 9397 9398
f 9399 9402 9403
f 9396 9401 9397
f 9397 9402 9398
f 9402 9407 9403
f 9401 9404 9405
f 9402 9405 9406
f 9407 9410 9411
f 9405 9408 9409
f 9405 9410 9406
f 9411 9414 9415
f 9409 9412 9413
f 9410 9413 9414
f 9414 9419 9415
f 9412 9417 9413
f 9413 9418 9414
f 9418 9423 9419
f 9417 9420 9421
f 9418 9421 9422
f 9422 9427 9423
f 9420 9425 9421
f 9421 9426 9422
f 9426 9431 9427
f 9425 9428 9429
f 9426 9429 9430
f 9431 9434 9435
f 9428 9433 9429
f 9429 9434 9430
f 9434 9439 9435
f 9433 9436 9437
f 9434 9437 9438
f 9439 9442 9443
f 9436 9441 9437
f 9437 9442 9438
f 9443 9446 9447
f 9441 9444 9445
f 9442 9445 9446
f 9447 9450 9451
f 9444 9449 9445
f 9445 9450 9446
f 9450 9455 9451
f 9449 9452 9453
f 9450 9453 9454
f 9454 9459 9455
f 9452 9457 9453
f 9453 9458 9454
f 9458 9463 9459
f 9457 9460 9461
f 9458 9461 9462
f 9463 9466 9467
f 9460 9465 9461
f 9461 9466 9462
f 9466 9471 9467
f 9465 9468 9469
f 9466 9469 9470
f 9471 9474 9475
f 9468 9473 9469
f 9469 9474 9470
f 9475 9478 9479
f 9473 9476 9477
f 9474 9477 9478
f 9479 9482 9483
f 9476 9481 9477
f 9477 9482 9478
f 9483 9486 9487
f 9481 9484 9485
f 9482 9485 9486
f 9486 9491 9487
f 9484 9489 9485
f 9485 9490 9486
f 9490 9495 9491
f 9489 9492 9493
f 9490 9493 9494
f 9495 9498 9499
f 9492 9497 9493
f 9493 9498 9494
f 9498 9503 9499
f 9497 9500 9501
f 9498 9501 9502
f 9503 9507 9508
f 9500 9506 9501
f 9501 9507 9502
f 9508 9511 9512
f 9505 9510 9506
f 9507 9510 9511
f 9384 9504 9388
f 9388 9504 9392
f 9392 9504 9396
f 9396 9504 9400
f 9400 9504 9404
f 9404 9504 9408
f 9408 9504 9412
f 9412 9504 9416
f 9416 9504 9420
f 9420 9504 9424
f 9424 9504 9428
f 9428 9504 9432
f 9432 9504 9436
f 9436 9504 9440
f 9440 9504 9444
f 9444 9504 9448
f 9448 9504 9452
f 9452 9504 9456
f 9456 9504 9460
f 9460 9504 9464
f 9464 9504 9468
f 9468 9504 9472
f 9472 9504 9476
f 9476 9504 9480
f 9480 9504 9484
f 9484 9504 9488
f 9488 9504 9492
f 9492 9504 9496
f 9496 9504 9500
f 9500 9504 9505
f 9505 9504 9509
f 9512 9386 9387
f 9510 9384 9385
f 9510 9386 9511
f 9509 9504 9384
f 9521 9533 9534
f 9518 9532 9519
f 9517 9529 9530
f 9515 9527 9528
f 9523 9537 9524
f 9521 9535 9522
f 9519 9533 9520
f 9518 9530 9531
f 9515 9529 9516
f 9513 9527 9514
f 9524 9538 9525
f 9523 9535 9536
f 9528 9542 9529
f 9526 9540 9527
f 9538 9550 9551
f 9535 9549 9536
f 9534 9546 9547
f 9531 9545 9532
f 9530 9542 9543
f 9528 9540 9541
f 9537 9549 9550
f 9534 9548 9535
f 9532 9546 9533
f 9531 9543 9544
f 9541 9555 9542
f 9540 9552 9553
f 9550 9564 9551
f 9548 9562 9549
f 9547 9559 9560
f 9544 9558 9545
f 9542 9556 9543
f 9541 9553 9554
f 9549 9563 9550
f 9547 9561 9548
f 9546 9558 9559
f 9544 9556 9557
f 9555 9567 9568
f 9552 9566 9553
f 9564 9576 9577
f 9562 9574 9575
f 9559 9573 9560
f 9557 9571 9558
f 9555 9569 9556
f 9553 9567 9554
f 9562 9576 9563
f 9561 9573 9574
f 9559 9571 9572
f 9557 9569 9570
f 9567 9581 9568
f 9566 9578 9579
f 9576 9590 9577
f 9575 9587 9588
f 9572 9586 9573
f 9571 9583 9584
f 9569 9581 9582
f 9566 9580 9567
f 9576 9588 9589
f 9574 9586 9587
f 9571 9585 9572
f 9569 9583 9570
f 9581 9593 9594
f 9578 9592 9579
f 9590 9602 9603
f 9588 9600 9601
f 9585 9599 9586
f 9583 9597 9584
f 9582 9594 9595
f 9579 9593 9580
f 9589 9601 9602
f 9587 9599 9600
f 9584 9598 9585
f 9583 9595 9596
f 9594 9606 9607
f 9592 9604 9605
f 9602 9616 9603
f 9601 9613 9614
f 9598 9612 9599
f 9596 9610 9597
f 9594 9608 9595
f 9592 9606 9593
f 9601 9615 9602
f 9600 9612 9613
f 9598 9610 9611
f 9596 9608 9609
f 9607 9619 9620
f 9605 9617 9618
f 9615 9629 9616
f 9613 9627 9614
f 9611 9625 9612
f 9610 9622 9623
f 9607 9621 9608
f 9605 9619 9606
f 9615 9627 9628
f 9613 9625 9626
f 9611 9623 9624
f 9608 9622 9609
f 9619 9633 9620
f 9617 9631 9618
f 9628 9642 9629
f 9627 9639 9640
f 9625 9637 9638
f 9622 9636 9623
f 9621 9633 9634
f 9619 9631 9632
f 9627 9641 9628
f 9625 9639 9626
f 9623 9637 9624
f 9622 9634 9635
f 9632 9646 9633
f 9630 9644 9631
f 9642 9654 9655
f 9639 9653 9640
f 9638 9650 9651
f 9635 9649 9636
f 9634 9646 9647
f 9632 9644 9645
f 9641 9653 9654
f 9638 9652 9639
f 9636 9650 9637
f 9635 9647 9648
f 9645 9659 9646
f 9644 9656 9657
f 9654 9668 9655
f 9652 9666 9653
f 9651 9663 9664
f 9648 9662 9649
f 9646 9660 9647
f 9645 9657 9658
f 9653 9667 9654
f 9651 9665 9652
f 9650 9662 9663
f 9648 9660 9661
f 9659 9671 9672
f 9656 9670 9657
f 9668 9680 9681
f 9665 9679 9666
f 9663 9677 9664
f 9661 9675 9662
f 9659 9673 9660
f 9657 9671 9658
f 9666 9680 9667
f 9665 9677 9678
f 9663 9675 9676
f 9661 9673 9674
f 9671 9685 9672
f 9670 9682 9683
f 9680 9694 9681
f 9678 9692 9679
f 9677 9689 9690
f 9675 9687 9688
f 9673 9685 9686
f 9670 9684 9671
f 9680 9692 9693
f 9678 9690 9691
f 9675 9689 9676
f 9673 9687 9674
f 9685 9697 9698
f 9682 9696 9683
f 9694 9706 9707
f 9692 9704 9705
f 9689 9703 9690
f 9687 9701 9688
f 9686 9698 9699
f 9683 9697 9684
f 9693 9705 9706
f 9691 9703 9704
f 9688 9702 9689
f 9687 9699 9700
f 9698 9710 9711
f 9696 9708 9709
f 9706 9720 9707
f 9705 9717 9718
f 9702 9716 9703
f 9700 9714 9701
f 9698 9712 9699
f 9696 9710 9697
f 9705 9719 9706
f 9704 9716 9717
f 9702 9714 9715
f 9700 9712 9713
f 9711 9723 9724
f 9709 9721 9722
f 9719 9733 9720
f 9717 9731 9718
f 9715 9729 9716
f 9714 9726 9727
f 9711 9725 9712
f 9709 9723 9710
f 9718 9732 9719
f 9717 9729 9730
f 9715 9727 9728
f 9712 9726 9713
f 9723 9737 9724
f 9721 9735 9722
f 9733 9745 9746
f 9731 9743 9744
f 9729 9741 9742
f 9726 9740 9727
f 9725 9737 9738
f 9723 9735 9736
f 9732 9744 9745
f 9729 9743 9730
f 9727 9741 9728
f 9726 9738 9739
f 9736 9750 9737
f 9734 9748 9735
f 9746 9758 9759
f 9743 9757 9744
f 9742 9754 9755
f 9739 9753 9740
f 9738 9750 9751
f 9736 9748 9749
f 9745 9757 9758
f 9742 9756 9743
f 9740 9754 9741
f 9739 9751 9752
f 9749 9763 9750
f 9748 9760 9761
f 9758 9772 9759
f 9756 9770 9757
f 9755 9767 9768
f 9752 9766 9753
f 9750 9764 9751
f 9749 9761 9762
f 9757 9771 9758
f 9756 9768 9769
f 9754 9766 9767
f 9752 9764 9765
f 9762 9776 9763
f 9760 9774 9761
f 9772 9784 9785
f 9770 9782 9783
f 9768 9780 9781
f 9765 9779 9766
f 9763 9777 9764
f 9762 9774 9775
f 9770 9784 9771
f 9768 9782 9769
f 9767 9779 9780
f 9764 9778 9765
f 9775 9789 9776
f 9774 9786 9787
f 9784 9798 9785
f 9782 9796 9783
f 9781 9793 9794
f 9779 9791 9792
f 9777 9789 9790
f 9774 9788 9775
f 9784 9796 9797
f 9782 9794 9795
f 9779 9793 9780
f 9777 9791 9778
f 9789 9802 9803
f 9786 9801 9787
f 9798 9811 9812
f 9796 9809 9810
f 9793 9808 9794
f 9792 9805 9806
f 9790 9803 9804
f 9787 9802 9788
f 9797 9810 9811
f 9795 9808 9809
f 9792 9807 9793
f 9790 9805 9791
f 9803 9815 9816
f 9801 9813 9814
f 9811 9825 9812
f 9810 9822 9823
f 9807 9821 9808
f 9806 9818 9819
f 9803 9817 9804
f 9801 9815 9802
f 9810 9824 9811
f 9809 9821 9822
f 9807 9819 9820
f 9804 9818 9805
f 9816 9828 9829
f 9814 9826 9827
f 9825 9837 9838
f 9822 9836 9823
f 9820 9834 9821
f 9819 9831 9832
f 9816 9830 9817
f 9814 9828 9815
f 9824 9836 9837
f 9822 9834 9835
f 9820 9832 9833
f 9817 9831 9818
f 9828 9842 9829
f 9826 9840 9827
f 9837 9851 9838
f 9836 9848 9849
f 9834 9846 9847
f 9831 9845 9832
f 9830 9842 9843
f 9828 9840 9841
f 9836 9850 9837
f 9834 9848 9835
f 9832 9846 9833
f 9831 9843 9844
f 9841 9855 9842
f 9839 9853 9840
f 9851 9863 9864
f 9848 9862 9849
f 9847 9859 9860
f 9845 9857 9858
f 9843 9855 9856
f 9841 9853 9854
f 9850 9862 9863
f 9847 9861 9848
f 9845 9859 9846
f 9843 9857 9844
f 9854 9868 9855
f 9853 9865 9866
f 9863 9877 9864
f 9861 9875 9862
f 9860 9872 9873
f 9858 9870 9871
f 9855 9869 9856
f 9854 9866 9867
f 9862 9876 9863
f 9860 9874 9861
f 9859 9871 9872
f 9856 9870 9857
f 9868 9880 9881
f 9865 9879 9866
f 9877 9889 9890
f 9875 9887 9888
f 9873 9885 9886
f 9870 9884 9871
f 9868 9882 9869
f 9867 9879 9880
f 9875 9889 9876
f 9873 9887 9874
f 9872 9884 9885
f 9870 9882 9883
f 9880 9894 9881
f 9878 9892 9879
f 9889 9903 9890
f 9887 9901 9888
f 9886 9898 9899
f 9884 9896 9897
f 9882 9894 9895
f 9879 9893 9880
f 9889 9901 9902
f 9887 9899 9900
f 9884 9898 9885
f 9882 9896 9883
f 9894 9906 9907
f 9891 9905 9892
f 9903 9915 9916
f 9901 9913 9914
f 9898 9912 9899
f 9896 9910 9897
f 9895 9907 9908
f 9892 9906 9893
f 9902 9914 9915
f 9899 9913 9900
f 9897 9911 9898
f 9896 9908 9909
f 9907 9919 9920
f 9905 9917 9918
f 9915 9929 9916
f 9914 9926 9927
f 9911 9925 9912
f 9909 9923 9910
f 9907 9921 9908
f 9905 9919 9906
f 9914 9928 9915
f 9913 9925 9926
f 9911 9923 9924
f 9909 9921 9922
f 9799 9525 9538
f 9799 9538 9551
f 9799 9551 9564
f 9799 9564 9577
f 9799 9577 9590
f 9799 9590 9603
f 9799 9603 9616
f 9799 9616 9629
f 9799 9629 9642
f 9799 9642 9655
f 9799 9655 9668
f 9799 9668 9681
f 9799 9681 9694
f 9799 9694 9707
f 9799 9707 9720
f 9799 9720 9733
f 9799 9733 9746
f 9799 9746 9759
f 9799 9759 9772
f 9799 9772 9785
f 9799 9785 9798
f 9799 9798 9812
f 9799 9812 9825
f 9799 9825 9838
f 9799 9838 9851
f 9799 9851 9864
f 9799 9864 9877
f 9799 9877 9890
f 9799 9890 9903
f 9799 9903 9916
f 9799 9916 9929
f 9920 9515 9516
f 9918 9513 9514
f 9929 9524 9525
f 9926 9523 9927
f 9924 9521 9925
f 9923 9518 9519
f 9920 9517 9921
f 9918 9515 9919
f 9799 9929 9525
f 9928 9523 9524
f 9926 9521 9522
f 9924 9519 9520
f 9921 9518 9922
f 9387 9917 9512
f 9917 9508 9512
f 9904 9503 9508
f 9891 9499 9503
f 9499 9865 9495
f 9495 9852 9491
f 9491 9839 9487
f 9839 9483 9487
f 9483 9813 9479
f 9813 9475 9479
f 9800 9471 9475
f 9786 9467 9471
f 9467 9760 9463
f 9463 9747 9459
f 9459 9734 9455
f 9734 9451 9455
f 9451 9708 9447
f 9708 9443 9447
f 9695 9439 9443
f 9682 9435 9439
f 9435 9656 9431
f 9431 9643 9427
f 9427 9630 9423
f 9630 9419 9423
f 9419 9604 9415
f 9604 9411 9415
f 9591 9407 9411
f 9578 9403 9407
f 9403 9552 9399
f 9399 9539 9395
f 9395 9526 9391
f 9526 9387 9391
f 9932 9935 9936
f 9932 9937 9933
f 9931 9934 9935
f 9936 9941 9937
f 9934 9939 9935
f 9935 9940 9936
f 9940 9945 9941
f 9939 9942 9943
f 9940 9943 9944
f 9945 9948 9949
f 9942 9947 9943
f 9943 9948 9944
f 9948 9953 9949
f 9947 9950 9951
f 9948 9951 9952
f 9953 9956 9957
f 9950 9955 9951
f 9951 9956 9952
f 9957 9960 9961
f 9955 9958 9959
f 9956 9959 9960
f 9961 9964 9965
f 9958 9963 9959
f 9959 9964 9960
f 9965 9968 9969
f 9963 9966 9967
f 9964 9967 9968
f 9968 9973 9969
f 9966 9971 9967
f 9967 9972 9968
f 9972 9977 9973
f 9970 9975 9971
f 9972 9975 9976
f 9977 9980 9981
f 9974 9979 9975
f 9975 9980 9976
f 9980 9985 9981
f 9979 9982 9983
f 9980 9983 9984
f 9985 9988 9989
f 9982 9987 9983
f 9983 9988 9984
f 9989 9992 9993
f 9986 9991 9987
f 9988 9991 9992
f 9993 9996 9997
f 9991 9994 9995
f 9991 9996 9992
f 9996 10001 9997
f 9994 9999 9995
f 9996 9999 10000
f 10000 10005 10001
f 9999 10002 10003
f 9999 10004 10000
f 10004 10009 10005
f 10003 10006 10007
f 10004 10007 10008
f 10009 10012 10013
f 10006 10011 10007
f 10007 10012 10008
f 10012 10017 10013
f 10011 10014 10015
f 10012 10015 10016
f 10017 10020 10021
f 10014 10019 10015
f 10015 10020 10016
f 10021 10024 10025
f 10019 10022 10023
f 10020 10023 10024
f 10024 10029 10025
f 10022 10027 10023
f 10023 10028 10024
f 10028 10033 10029
f 10027 10030 10031
f 10028 10031 10032
f 10032 10037 10033
f 10030 10035 10031
f 10031 10036 10032
f 10036 10041 10037
f 10035 10038 10039
f 10036 10039 10040
f 10041 10044 10045
f 10038 10043 10039
f 10039 10044 10040
f 10044 10049 10045
f 10043 10046 10047
f 10044 10047 10048
f 10049 10053 10054
f 10046 10052 10047
f 10047 10053 10048
f 10054 10057 10058
f 10052 10055 10056
f 10053 10056 10057
f 9930 10050 9934
f 9934 10050 9938
f 9938 10050 9942
f 9942 10050 9946
f 9946 10050 9950
f 9950 10050 9954
f 9954 10050 9958
f 9958 10050 9962
f 9962 10050 9966
f 9966 10050 9970
f 9970 10050 9974
f 9974 10050 9978
f 9978 10050 9982
f 9982 10050 9986
f 9986 10050 9990
f 9990 10050 9994
f 9994 10050 9998
f 9998 10050 10002
f 10002 10050 10006
f 10006 10050 10010
f 10010 10050 10014
f 10014 10050 10018
f 10018 10050 10022
f 10022 10050 10026
f 10026 10050 10030
f 10030 10050 10034
f 10034 10050 10038
f 10038 10050 10042
f 10042 10050 10046
f 10046 10050 10051
f 10051 10050 10055
f 10058 9932 9933
f 10055 9931 10056
f 10056 9932 10057
f 10055 10050 9930
f 10067 10079 10080
f 10064 10078 10065
f 10063 10075 10076
f 10061 10073 10074
f 10070 10082 10083
f 10067 10081 10068
f 10065 10079 10066
f 10064 10076 10077
f 10061 10075 10062
f 10059 10073 10060
f 10071 10083 10084
f 10069 10081 10082
f 10074 10088 10075
f 10072 10086 10073
f 10084 10096 10097
f 10081 10095 10082
f 10080 10092 10093
f 10078 10090 10091
f 10076 10088 10089
f 10074 10086 10087
f 10083 10095 10096
f 10080 10094 10081
f 10078 10092 10079
f 10076 10090 10077
f 10087 10101 10088
f 10086 10098 10099
f 10096 10110 10097
f 10094 10108 10095
f 10093 10105 10106
f 10091 10103 10104
f 10088 10102 10089
f 10087 10099 10100
f 10095 10109 10096
f 10094 10106 10107
f 10092 10104 10105
f 10089 10103 10090
f 10100 10114 10101
f 10098 10112 10099
f 10110 10122 10123
f 10108 10120 10121
f 10105 10119 10106
f 10103 10117 10104
f 10101 10115 10102
f 10100 10112 10113
f 10108 10122 10109
f 10106 10120 10107
f 10105 10117 10118
f 10103 10115 10116
f 10113 10127 10114
f 10112 10124 10125
f 10122 10136 10123
f 10120 10134 10121
f 10119 10131 10132
f 10117 10129 10130
f 10115 10127 10128
f 10113 10125 10126
f 10122 10134 10135
f 10119 10133 10120
f 10117 10131 10118
f 10115 10129 10116
f 10127 10139 10140
f 10124 10138 10125
f 10136 10148 10149
f 10134 10146 10147
f 10131 10145 10132
f 10130 10142 10143
f 10128 10140 10141
f 10125 10139 10126
f 10135 10147 10148
f 10133 10145 10146
f 10130 10144 10131
f 10128 10142 10129
f 10140 10152 10153
f 10138 10150 10151
f 10148 10162 10149
f 10147 10159 10160
f 10144 10158 10145
f 10143 10155 10156
f 10140 10154 10141
f 10138 10152 10139
f 10147 10161 10148
f 10146 10158 10159
f 10144 10156 10157
f 10141 10155 10142
f 10153 10165 10166
f 10151 10163 10164
f 10162 10174 10175
f 10159 10173 10160
f 10157 10171 10158
f 10156 10168 10169
f 10153 10167 10154
f 10151 10165 10152
f 10161 10173 10174
f 10159 10171 10172
f 10157 10169 10170
f 10154 10168 10155
f 10165 10179 10166
f 10163 10177 10164
f 10175 10187 10188
f 10173 10185 10186
f 10171 10183 10184
f 10168 10182 10169
f 10167 10179 10180
f 10165 10177 10178
f 10173 10187 10174
f 10171 10185 10172
f 10169 10183 10170
f 10168 10180 10181
f 10178 10192 10179
f 10176 10190 10177
f 10188 10200 10201
f 10185 10199 10186
f 10184 10196 10197
f 10182 10194 10195
f 10180 10192 10193
f 10178 10190 10191
f 10187 10199 10200
f 10184 10198 10185
f 10182 10196 10183
f 10180 10194 10181
f 10191 10205 10192
f 10190 10202 10203
f 10200 10214 10201
f 10198 10212 10199
f 10197 10209 10210
f 10195 10207 10208
f 10192 10206 10193
f 10191 10203 10204
f 10199 10213 10200
f 10197 10211 10198
f 10196 10208 10209
f 10193 10207 10194
f 10205 10217 10218
f 10202 10216 10203
f 10214 10226 10227
f 10211 10225 10212
f 10210 10222 10223
f 10207 10221 10208
f 10205 10219 10206
f 10204 10216 10217
f 10212 10226 10213
f 10210 10224 10211
f 10209 10221 10222
f 10207 10219 10220
f 10217 10231 10218
f 10216 10228 10229
f 10226 10240 10227
f 10224 10238 10225
f 10223 10235 10236
f 10221 10233 10234
f 10219 10231 10232
f 10217 10229 10230
f 10226 10238 10239
f 10223 10237 10224
f 10221 10235 10222
f 10219 10233 10220
f 10231 10243 10244
f 10228 10242 10229
f 10240 10252 10253
f 10238 10250 10251
f 10235 10249 10236
f 10234 10246 10247
f 10232 10244 10245
f 10229 10243 10230
f 10239 10251 10252
f 10237 10249 10250
f 10234 10248 10235
f 10232 10246 10233
f 10244 10256 10257
f 10242 10254 10255
f 10252 10266 10253
f 10251 10263 10264
f 10248 10262 10249
f 10247 10259 10260
f 10244 10258 10245
f 10242 10256 10243
f 10251 10265 10252
f 10250 10262 10263
f 10248 10260 10261
f 10245 10259 10246
f 10257 10269 10270
f 10255 10267 10268
f 10266 10278 10279
f 10263 10277 10264
f 10261 10275 10262
f 10260 10272 10273
f 10257 10271 10258
f 10255 10269 10256
f 10265 10277 10278
f 10263 10275 10276
f 10261 10273 10274
f 10258 10272 10259
f 10269 10283 10270
f 10267 10281 10268
f 10278 10292 10279
f 10277 10289 10290
f 10275 10287 10288
f 10272 10286 10273
f 10271 10283 10284
f 10269 10281 10282
f 10277 10291 10278
f 10275 10289 10276
f 10273 10287 10274
f 10272 10284 10285
f 10282 10296 10283
f 10280 10294 10281
f 10292 10304 10305
f 10289 10303 10290
f 10288 10300 10301
f 10286 10298 10299
f 10284 10296 10297
f 10282 10294 10295
f 10291 10303 10304
f 10288 10302 10289
f 10286 10300 10287
f 10284 10298 10285
f 10295 10309 10296
f 10294 10306 10307
f 10304 10318 10305
f 10302 10316 10303
f 10301 10313 10314
f 10299 10311 10312
f 10296 10310 10297
f 10295 10307 10308
f 10303 10317 10304
f 10301 10315 10302
f 10300 10312 10313
f 10297 10311 10298
f 10309 10321 10322
f 10307 10319 10320
f 10318 10330 10331
f 10316 10328 10329
f 10314 10326 10327
f 10311 10325 10312
f 10309 10323 10310
f 10308 10320 10321
f 10316 10330 10317
f 10314 10328 10315
f 10313 10325 10326
f 10311 10323 10324
f 10321 10335 10322
f 10320 10332 10333
f 10330 10344 10331
f 10329 10341 10342
f 10326 10340 10327
f 10325 10337 10338
f 10323 10335 10336
f 10320 10334 10321
f 10330 10342 10343
f 10328 10340 10341
f 10325 10339 10326
f 10323 10337 10324
f 10335 10348 10349
f 10332 10347 10333
f 10344 10357 10358
f 10342 10355 10356
f 10339 10354 10340
f 10337 10352 10338
f 10336 10349 10350
f 10333 10348 10334
f 10343 10356 10357
f 10341 10354 10355
f 10338 10353 10339
f 10337 10350 10351
f 10349 10361 10362
f 10347 10359 10360
f 10357 10371 10358
f 10356 10368 10369
f 10353 10367 10354
f 10351 10365 10352
f 10349 10363 10350
f 10347 10361 10348
f 10356 10370 10357
f 10355 10367 10368
f 10353 10365 10366
f 10351 10363 10364
f 10362 10374 10375
f 10360 10372 10373
f 10371 10383 10384
f 10368 10382 10369
f 10366 10380 10367
f 10365 10377 10378
f 10362 10376 10363
f 10360 10374 10361
f 10370 10382 10383
f 10368 10380 10381
f 10366 10378 10379
f 10363 10377 10364
f 10374 10388 10375
f 10372 10386 10373
f 10383 10397 10384
f 10382 10394 10395
f 10380 10392 10393
f 10377 10391 10378
f 10376 10388 10389
f 10374 10386 10387
f 10382 10396 10383
f 10380 10394 10381
f 10378 10392 10379
f 10377 10389 10390
f 10387 10401 10388
f 10385 10399 10386
f 10397 10409 10410
f 10394 10408 10395
f 10393 10405 10406
f 10390 10404 10391
f 10389 10401 10402
f 10387 10399 10400
f 10396 10408 10409
f 10393 10407 10394
f 10391 10405 10392
f 10390 10402 10403
f 10400 10414 10401
f 10399 10411 10412
f 10409 10423 10410
f 10407 10421 10408
f 10406 10418 10419
f 10403 10417 10404
f 10401 10415 10402
f 10400 10412 10413
f 10408 10422 10409
f 10406 10420 10407
f 10405 10417 10418
f 10403 10415 10416
f 10414 10426 10427
f 10411 10425 10412
f 10423 10435 10436
f 10420 10434 10421
f 10418 10432 10419
f 10416 10430 10417
f 10414 10428 10415
f 10412 10426 10413
f 10421 10435 10422
f 10419 10433 10420
f 10418 10430 10431
f 10416 10428 10429
f 10427 10439 10440
f 10425 10437 10438
f 10435 10449 10436
f 10433 10447 10434
f 10431 10445 10432
f 10430 10442 10443
f 10428 10440 10441
f 10425 10439 10426
f 10435 10447 10448
f 10433 10445 10446
f 10430 10444 10431
f 10428 10442 10429
f 10440 10452 10453
f 10437 10451 10438
f 10449 10461 10462
f 10447 10459 10460
f 10444 10458 10445
f 10443 10455 10456
f 10441 10453 10454
f 10438 10452 10439
f 10448 10460 10461
f 10446 10458 10459
f 10443 10457 10444
f 10441 10455 10442
f 10453 10465 10466
f 10451 10463 10464
f 10461 10475 10462
f 10460 10472 10473
f 10457 10471 10458
f 10456 10468 10469
f 10453 10467 10454
f 10451 10465 10452
f 10460 10474 10461
f 10459 10471 10472
f 10457 10469 10470
f 10454 10468 10455
f 10345 10071 10084
f 10345 10084 10097
f 10345 10097 10110
f 10345 10110 10123
f 10345 10123 10136
f 10345 10136 10149
f 10345 10149 10162
f 10345 10162 10175
f 10345 10175 10188
f 10345 10188 10201
f 10345 10201 10214
f 10345 10214 10227
f 10345 10227 10240
f 10345 10240 10253
f 10345 10253 10266
f 10345 10266 10279
f 10345 10279 10292
f 10345 10292 10305
f 10345 10305 10318
f 10345 10318 10331
f 10345 10331 10344
f 10345 10344 10358
f 10345 10358 10371
f 10345 10371 10384
f 10345 10384 10397
f 10345 10397 10410
f 10345 10410 10423
f 10345 10423 10436
f 10345 10436 10449
f 10345 10449 10462
f 10345 10462 10475
f 10466 10061 10062
f 10464 10059 10060
f 10474 10071 10475
f 10472 10069 10473
f 10470 10067 10471
f 10469 10064 10065
f 10466 10063 10467
f 10464 10061 10465
f 10345 10475 10071
f 10473 10070 10474
f 10472 10067 10068
f 10470 10065 10066
f 10467 10064 10468
f 9933 10463 10058
f 10463 10054 10058
f 10450 10049 10054
f 10437 10045 10049
f 10045 10411 10041
f 10041 10398 10037
f 10037 10385 10033
f 10385 10029 10033
f 10029 10359 10025
f 10359 10021 10025
f 10346 10017 10021
f 10332 10013 10017
f 10013 10306 10009
f 10009 10293 10005
f 10005 10280 10001
f 10280 9997 10001
f 9997 10254 9993
f 10254 9989 9993
f 10241 9985 9989
f 10228 9981 9985
f 9981 10202 9977
f 9977 10189 9973
f 9973 10176 9969
f 10176 9965 9969
f 9965 10150 9961
f 10150 9957 9961
f 10137 9953 9957
f 10124 9949 9953
f 9949 10098 9945
f 9945 10085 9941
f 9941 10072 9937
f 10072 9933 9937
f 4 3 2
f 8 7 6
f 13 16 15
f 17 28 19
f 32 31 30
f 36 35 34
f 37 40 39
f 21 22 23
f 25 26 27
f 41 44 43
f 48 47 46
f 52 51 50
f 53 56 55
f 60 59 58
f 29 30 62
f 66 65 64
f 67 5 6
f 72 71 70
f 76 75 74
f 77 80 79
f 81 84 83
f 59 87 86
f 88 91 90
f 96 95 94
f 100 99 98
f 101 104 103
f 106 105 34
f 108 116 115
f 117 119 36
f 124 127 126
f 131 130 129
f 132 102 134
f 142 141 140
f 148 106 60
f 144 143 127
f 149 152 151
f 156 155 154
f 159 150 158
f 116 108 164
f 171 170 169
f 174 126 173
f 179 182 181
f 186 189 188
f 194 197 196
f 199 142 139
f 206 209 208
f 213 212 211
f 202 215 214
f 96 93 216
f 92 238 43
f 97 184 246
f 250 249 229
f 252 254 58
f 258 257 256
f 260 91 229
f 110 111 112
f 114 264 263
f 265 268 267
f 56 53 270
f 274 273 249
f 185 183 63
f 280 279 278
f 285 284 283
f 288 219 211
f 141 142 92
f 289 290 175
f 148 116 105
f 312 311 170
f 238 262 42
f 318 163 160
f 310 309 308
f 241 239 325
f 160 230 240
f 47 48 307
f 108 109 315
f 345 85 86
f 348 351 350
f 356 359 358
f 355 354 353
f 363 31 32
f 364 252 253
f 366 125 368
f 183 372 371
f 163 162 161
f 209 226 101
f 378 377 165
f 379 295 381
f 383 382 3
f 284 285 386
f 387 127 389
f 391 259 229
f 73 281 397
f 405 408 407
f 203 218 411
f 414 121 413
f 1 356 357
f 277 276 131
f 254 344 57
f 358 384 415
f 417 416 386
f 401 400 192
f 419 389 127
f 421 181 182
f 103 301 302
f 428 367 368
f 380 390 359
f 62 204 266
f 140 141 431
f 357 358 351
f 356 1 379
f 415 392 403
f 437 428 436
f 438 441 440
f 188 451 450
f 265 455 181
f 224 185 64
f 237 212 213
f 275 131 128
f 281 282 460
f 50 462 79
f 73 74 282
f 468 467 466
f 390 355 352
f 482 485 484
f 489 488 487
f 493 496 495
f 472 471 470
f 502 501 500
f 220 221 222
f 512 419 143
f 518 517 511
f 513 239 230
f 205 30 31
f 189 370 451
f 163 318 532
f 533 224 225
f 446 448 447
f 335 541 540
f 544 512 546
f 329 519 291
f 199 534 262
f 385 386 416
f 532 190 191
f 363 117 118
f 578 581 580
f 573 572 571
f 561 563 562
f 241 260 259
f 590 593 592
f 545 546 595
f 503 154 155
f 606 625 624
f 478 481 480
f 646 649 648
f 590 591 689
f 564 565 651
f 728 246 184
f 714 724 716
f 692 574 575
f 541 335 581
f 346 68 248
f 161 231 230
f 128 129 94
f 698 705 704
f 574 577 576
f 290 289 401
f 630 631 725
f 733 736 735
f 755 466 496
f 759 480 481
f 757 763 762
f 764 496 466
f 768 767 9260
f 759 760 488
f 492 474 475
f 474 770 769
f 773 468 465
f 771 774 486
f 484 485 775
f 774 776 489
f 495 496 764
f 495 757 761
f 137 397 784
f 325 239 797
f 165 519 51
f 369 32 29
f 730 731 568
f 90 302 301
f 243 118 516
f 800 734 806
f 817 815 808
f 816 808 823
f 306 303 447
f 815 810 809
f 829 830 828
f 726 725 501
f 274 427 424
f 879 882 881
f 884 883 879
f 219 218 217
f 906 905 904
f 455 204 205
f 898 882 830
f 903 900 880
f 377 291 519
f 923 949 948
f 946 947 951
f 8963 740 739
f 900 899 886
f 225 64 65
f 182 445 442
f 809 952 947
f 954 960 962
f 927 950 965
f 885 879 880
f 925 927 966
f 343 342 341
f 965 964 971
f 968 971 970
f 972 968 969
f 963 961 981
f 336 337 338
f 992 993 827
f 810 815 996
f 1007 1001 1002
f 1012 826 827
f 1011 1009 1007
f 294 293 292
f 907 908 920
f 1017 579 1019
f 1020 1023 1022
f 1035 1024 1020
f 1061 1060 1047
f 1063 1061 1046
f 1044 1020 1021
f 1102 1094 1097
f 1116 1126 1118
f 1016 1015 1014
f 881 897 904
f 816 1116 1127
f 1094 948 949
f 514 342 167
f 146 145 81
f 1133 1135 1130
f 1102 1133 1126
f 822 1126 1116
f 1145 1143 1148
f 1076 1144 1151
f 1148 1143 1086
f 1109 1097 1114
f 1154 1153 1156
f 1153 925 967
f 8815 8941 463
f 1144 1147 1152
f 1156 967 1163
f 1164 1162 1169
f 1145 1171 1176
f 1114 1115 1154
f 1183 1155 1164
f 1184 1183 1177
f 1069 1151 1062
f 1023 1191 1194
f 1162 1163 1170
f 1195 1184 1185
f 1183 1196 1176
f 1201 1063 1152
f 1061 1063 1201
f 9277 847 843
f 1203 1202 1195
f 1202 1201 1184
f 1218 1060 1203
f 1060 1061 1202
f 1225 1218 1217
f 671 695 694
f 1219 1217 1024
f 1217 1203 1034
f 1226 1014 1015
f 1243 1242 1234
f 1231 1230 1229
f 847 1243 1233
f 843 1233 1244
f 1233 1234 1245
f 1923 9213 233
f 2100 2108 499
f 9366 9316 2135
f 61 62 323
f 210 211 217
f 1299 1310 1309
f 9315 1230 1231
f 1066 1047 1321
f 1322 1321 1228
f 1060 1218 1321
f 1325 1324 1323
f 1244 1245 1332
f 1290 1234 1242
f 1337 1330 1339
f 1330 1332 1340
f 1341 1332 1245
f 1342 1340 1332
f 1343 1342 1341
f 1344 1341 1294
f 9309 9308 1345
f 1347 1348 1342
f 9308 9306 1295
f 1349 1350 1348
f 9313 1349 1347
f 9305 1347 1343
f 906 898 829
f 905 906 1353
f 865 1356 1355
f 1355 1353 829
f 1357 1355 825
f 1356 1354 1353
f 9286 1337 1338
f 866 1358 1356
f 1358 1359 1354
f 9280 878 1337
f 838 1362 1012
f 1363 1364 1338
f 1368 1363 1339
f 1348 1368 1340
f 1371 1369 9276
f 524 525 526
f 528 529 530
f 1372 1370 1369
f 535 536 537
f 1367 1368 1348
f 1370 1354 1359
f 1369 1359 9285
f 1373 910 903
f 555 556 557
f 1374 909 910
f 1373 904 905
f 1374 1373 1375
f 1375 905 1354
f 1378 920 908
f 376 373 651
f 1388 928 973
f 586 587 588
f 1390 1389 1388
f 1391 1388 969
f 597 598 599
f 600 601 602
f 1392 1391 970
f 608 609 610
f 612 524 523
f 614 615 616
f 617 618 25
f 620 621 622
f 1397 1390 1391
f 1398 1397 1392
f 1400 987 920
f 1402 1403 1165
f 636 637 638
f 930 1404 1402
f 641 642 643
f 929 1402 1169
f 1404 1405 1403
f 1411 1366 1365
f 1412 1406 1415
f 652 653 654
f 609 656 657
f 659 660 661
f 558 663 586
f 665 666 667
f 1413 1411 1406
f 1418 1416 9262
f 1417 1372 1371
f 1416 1371 9281
f 1419 1417 1416
f 1386 909 1374
f 677 678 679
f 1385 1386 1420
f 1420 1374 1376
f 685 686 687
f 1421 1420 1422
f 528 690 691
f 1422 1376 1372
f 1018 1019 747
f 699 700 701
f 1424 578 579
f 9115 1597 1767
f 700 699 711
f 1093 9198 9206
f 717 718 530
f 721 722 723
f 704 1650 8987
f 19 1429 1426
f 1429 1428 1427
f 1658 1659 8986
f 1439 1437 1434
f 1437 1436 1435
f 1426 1427 1433
f 1442 1431 1432
f 742 743 744
f 1432 1433 1441
f 751 752 753
f 1438 1434 1403
f 1446 1445 1444
f 1447 1448 1446
f 9312 1447 1443
f 1415 1367 1445
f 1414 1415 1446
f 2173 1683 469
f 777 778 779
f 780 781 782
f 1676 1693 1806
f 9311 1451 1349
f 789 790 791
f 745 792 793
f 652 794 795
f 1455 1458 1457
f 1454 1367 1350
f 610 691 802
f 9283 9268 698
f 1352 1044 1045
f 1015 1016 1459
f 811 812 813
f 2118 9267 9269
f 819 820 821
f 1466 1463 1194
f 1467 1468 1465
f 1182 1165 1468
f 832 812 833
f 835 836 837
f 1467 1466 1190
f 1469 1470 1444
f 840 700 712
f 1453 1470 1469
f 599 844 845
f 1226 1450 9301
f 851 852 853
f 855 744 856
f 858 859 860
f 861 862 863
f 1014 1226 9307
f 867 676 868
f 870 871 872
f 874 875 876
f 1310 1323 1471
f 1476 1433 1427
f 1461 1476 1475
f 887 888 889
f 788 791 892
f 894 895 896
f 1460 1475 1227
f 901 902 524
f 1465 1478 1477
f 1865 8947 8944
f 911 912 913
f 916 917 918
f 1850 8949 8951
f 921 922 895
f 1479 1435 1436
f 926 664 667
f 1481 562 563
f 269 1483 84
f 931 932 933
f 934 935 614
f 936 685 688
f 938 659 662
f 1484 270 122
f 941 942 835
f 320 321 509
f 1849 8954 8949
f 84 1483 1484
f 1487 1490 1488
f 1757 1758 8946
f 365 1492 1491
f 461 79 80
f 117 363 362
f 1494 540 541
f 926 601 957
f 1477 1441 1433
f 1709 1588 1585
f 119 117 1496
f 271 1497 504
f 511 517 189
f 345 1496 1492
f 57 344 299
f 1501 1499 268
f 267 268 1499
f 974 975 976
f 1678 1652 1693
f 9298 1682 1807
f 557 982 663
f 983 941 984
f 1443 1444 9301
f 421 1500 268
f 989 990 991
f 1490 1487 418
f 279 280 309
f 997 868 676
f 998 26 999
f 1504 418 38
f 1506 1508 1507
f 360 361 1508
f 1506 1486 207
f 939 1005 1006
f 270 1484 1483
f 66 63 546
f 1010 742 793
f 367 428 437
f 244 31 363
f 1670 8976 8978
f 209 206 1510
f 388 389 426
f 427 274 250
f 161 520 521
f 100 246 45
f 1025 1026 608
f 1029 1030 1031
f 939 662 1033
f 41 42 594
f 1036 780 783
f 702 701 1038
f 1040 1041 1042
f 362 32 369
f 187 1520 477
f 70 1487 539
f 1049 600 603
f 613 867 869
f 860 1050 1051
f 1005 1052 1053
f 753 1055 1056
f 1057 1058 1059
f 293 288 1522
f 288 212 1521
f 292 1522 1523
f 331 1507 1508
f 306 452 453
f 100 44 41
f 462 1524 78
f 330 331 1524
f 635 1067 1068
f 1485 1527 1526
f 206 1485 1528
f 1070 1071 1072
f 942 941 1073
f 916 933 1075
f 440 1529 1530
f 157 158 1514
f 1529 162 5
f 371 595 546
f 790 586 663
f 1077 858 857
f 1403 1434 1435
f 1080 1081 1082
f 531 520 1529
f 21 1083 1084
f 272 1532 1531
f 690 712 802
f 335 9015 9011
f 1090 1030 1029
f 1092 795 794
f 1533 396 137
f 661 660 1095
f 69 444 445
f 1099 1100 1101
f 38 39 1536
f 1104 1105 1106
f 852 1107 1108
f 1377 908 909
f 291 377 411
f 316 1536 516
f 539 1488 1533
f 1505 1536 316
f 1110 1111 1112
f 1539 1537 460
f 522 441 1537
f 834 837 1120
f 1122 1123 1124
f 612 1125 1041
f 935 793 615
f 276 278 130
f 1686 8993 8966
f 193 190 1541
f 231 521 1540
f 556 1037 982
f 365 253 85
f 190 532 318
f 1810 765 9018
f 9376 1867 8956
f 1132 983 985
f 208 101 102
f 1134 1033 662
f 1491 518 80
f 429 133 1542
f 1137 1138 915
f 172 436 428
f 1139 1140 1141
f 549 96 54
f 1517 1519 1518
f 834 1119 984
f 1543 513 286
f 1544 797 239
f 133 134 1544
f 506 361 257
f 420 327 328
f 1158 1159 1160
f 587 1104 1103
f 607 1161 1027
f 304 1546 1545
f 364 1491 77
f 69 70 198
f 700 840 1112
f 9329 626 8969
f 1166 719 657
f 1167 1168 858
f 1300 8967 8968
f 1172 1173 1174
f 218 203 200
f 1179 1180 1181
f 372 183 97
f 89 104 227
f 1186 1187 1188
f 172 173 1517
f 1482 84 81
f 1090 1192 1193
f 394 395 353
f 526 525 1198
f 1199 1200 1026
f 606 623 697
f 1204 1205 1206
f 1207 1208 523
f 1209 1210 867
f 914 913 685
f 1478 1436 1441
f 1029 1028 1161
f 1211 1212 1213
f 9310 1453 1451
f 844 1215 1216
f 423 193 273
f 1220 1221 1222
f 22 1223 1224
f 882 898 897
f 1519 1517 173
f 1189 1188 1232
f 349 350 550
f 1071 1235 1236
f 1237 1238 1239
f 1221 1186 1189
f 1510 1528 1512
f 939 1032 1241
f 1556 1530 5
f 1553 1554 394
f 404 1556 67
f 1247 1248 1249
f 142 199 238
f 1251 1067 635
f 850 1252 1253
f 1254 1167 1077
f 57 132 133
f 443 430 552
f 1187 1172 1175
f 1256 1070 831
f 432 405 382
f 741 748 747
f 434 350 351
f 349 432 383
f 251 124 1481
f 395 384 352
f 1518 1519 1550
f 1558 410 378
f 109 263 314
f 285 1514 1513
f 395 394 393
f 202 203 410
f 417 408 405
f 1246 1257 1258
f 3 1559 297
f 1259 1260 1261
f 403 404 347
f 955 954 953
f 462 50 51
f 1096 1095 687
f 429 147 60
f 896 1264 1265
f 1267 721 1268
f 423 424 327
f 37 179 180
f 20 23 1187
f 1256 1168 1071
f 1188 1175 1269
f 1236 1270 1271
f 1272 536 535
f 565 564 463
f 1273 792 745
f 876 1254 1255
f 316 33 164
f 437 1516 503
f 194 1494 1495
f 1275 1276 864
f 624 625 631
f 1277 1274 1137
f 569 568 567
f 1481 124 125
f 324 325 547
f 1279 1108 1107
f 1525 332 329
f 1281 1278 1137
f 171 168 1553
f 1488 73 396
f 1557 1561 1562
f 1282 856 1206
f 1053 1277 1278
f 778 777 607
f 713 583 9010
f 251 225 144
f 4 357 348
f 709 708 707
f 728 48 45
f 261 135 1563
f 789 1286 1287
f 74 314 263
f 403 284 385
f 1178 1181 1240
f 1223 1259 1289
f 1220 20 1186
f 296 1518 354
f 784 459 1538
f 1181 1180 1291
f 1269 1292 1257
f 1566 1538 438
f 136 784 1566
f 1563 1564 169
f 107 114 109
f 1297 1282 1298
f 1464 1477 1476
f 1520 187 507
f 1301 1302 1303
f 1306 1307 1308
f 175 456 1532
f 1532 456 200
f 1311 1266 1312
f 872 1314 1315
f 9288 843 878
f 1305 1308 864
f 1040 1275 863
f 1564 1566 399
f 592 1576 1575
f 591 1575 1088
f 1581 1584 1583
f 1196 1152 1147
f 710 582 583
f 285 407 408
f 953 954 961
f 1594 1592 1589
f 1585 1588 1587
f 1592 1591 1590
f 9337 945 944
f 1600 1599 1598
f 1604 1603 1602
f 1399 1392 979
f 1589 1590 1596
f 1610 1609 1608
f 298 257 361
f 551 552 276
f 1627 1626 9266
f 859 811 818
f 1078 857 1328
f 1555 439 1530
f 572 573 680
f 772 465 776
f 977 1281 918
f 404 403 392
f 1054 1331 750
f 1644 1645 1643
f 932 1265 1082
f 1067 1333 1334
f 1540 1539 264
f 597 1335 643
f 471 761 762
f 1642 696 9283
f 1644 1642 9294
f 923 946 950
f 96 549 548
f 520 531 522
f 445 444 443
f 849 839 848
f 480 759 755
f 1646 760 481
f 311 426 1567
f 464 463 8941
f 8941 1360 1361
f 234 237 236
f 190 193 192
f 153 154 152
f 231 287 286
f 1552 1553 1551
f 760 1646 1648
f 9284 1647 1649
f 828 827 826
f 52 167 166
f 1663 1662 1661
f 287 107 115
f 668 671 670
f 634 645 640
f 553 560 559
f 118 36 33
f 492 484 491
f 8996 1652 1651
f 582 589 584
f 384 395 392
f 1381 1382 1383
f 1562 1561 435
f 952 953 951
f 8973 9010 583
f 1660 1661 1667
f 1394 1395 1396
f 1660 1665 1664
f 1671 1670 1669
f 1624 1625 1673
f 1407 1408 1409
f 1677 1676 1675
f 1613 1679 1677
f 1679 1678 1676
f 1626 1681 9263
f 534 199 198
f 803 733 734
f 400 248 191
f 65 66 143
f 8970 1657 1656
f 402 159 157
f 629 628 627
f 461 477 49
f 758 757 495
f 796 787 786
f 406 407 1513
f 342 343 166
f 1694 1659 1658
f 1692 1687 1694
f 9001 1693 1652
f 9373 1704 1703
f 326 547 302
f 9368 9373 1702
f 9371 9370 1698
f 1699 1691 9379
f 1557 406 1560
f 1127 1116 1117
f 400 401 289
f 1706 1702 1707
f 1707 1702 1599
f 1709 1706 1708
f 1714 1712 1711
f 9371 9367 1709
f 1704 1711 1577
f 1716 1714 1713
f 1559 1562 1549
f 1722 1721 1720
f 1335 597 596
f 410 411 377
f 973 1170 1163
f 168 169 399
f 1571 682 1089
f 1572 681 682
f 749 646 647
f 1730 1724 1723
f 1594 1582 1729
f 1729 1723 1591
f 1384 1378 1377
f 1732 1731 1712
f 1724 1730 1731
f 1722 1724 1732
f 1721 1722 1733
f 1734 1733 1716
f 1735 1737 1736
f 1733 1732 1714
f 1663 1664 1741
f 1742 1665 1740
f 1738 1739 1737
f 1665 1660 1666
f 1665 1742 1744
f 1725 1726 1746
f 1591 1725 1745
f 1590 1745 1747
f 1745 1746 1748
f 1659 1688 8982
f 5650 1760 8989
f 1185 1177 1182
f 1664 1744 1749
f 1741 1749 1739
f 1746 1742 1743
f 1726 1744 1742
f 1115 924 1153
f 1654 8990 9019
f 1896 9006 8993
f 1720 1749 1744
f 1721 1739 1749
f 1750 1718 1701
f 1697 1736 1750
f 1151 1152 1063
f 1751 1752 1670
f 1695 1658 1752
f 961 962 986
f 1770 1769 1768
f 1766 1594 1593
f 1731 1759 1579
f 1579 1777 1774
f 9380 1772 1771
f 1764 1772 9380
f 1777 1776 1775
f 9214 9215 1699
f 1004 1127 1128
f 1774 1775 1771
f 987 1400 1399
f 1578 1774 1772
f 1783 1782 1781
f 1597 1598 1770
f 639 1878 9347
f 9380 9381 1769
f 1793 1792 1789
f 9381 9372 1798
f 8952 8960 9225
f 1802 1867 9376
f 1788 1790 1794
f 1793 1794 1795
f 9225 9224 1675
f 1584 1581 1783
f 1771 1797 9372
f 1801 1799 1798
f 1768 1769 1798
f 1775 1796 1797
f 508 514 515
f 1796 1803 1802
f 1800 1798 9372
f 1794 1805 1804
f 8976 1670 1752
f 485 1808 1807
f 9261 9296 1640
f 9289 9296 1810
f 485 482 1640
f 1690 1691 9222
f 487 488 1648
f 9291 1813 1816
f 9290 1811 1648
f 9291 1812 1811
f 1812 1809 487
f 1641 1809 767
f 465 466 755
f 767 1815 9275
f 9274 1816 9278
f 1809 1812 1815
f 9289 1653 1651
f 675 672 8985
f 1814 1649 1822
f 1821 1822 9273
f 1824 1822 1649
f 1827 1849 1850
f 1668 1669 1662
f 1779 1780 1848
f 1790 1827 1805
f 1833 1836 1853
f 8965 8950 693
f 1614 1615 1616
f 1852 1853 8942
f 1620 1621 1622
f 1855 1765 1574
f 1847 1852 8945
f 1766 1765 1855
f 1629 1630 1631
f 1633 1622 1634
f 1635 1636 1637
f 1848 1833 1852
f 1855 1861 1863
f 1803 1866 1867
f 1862 1863 1831
f 1782 1855 1862
f 9374 9376 1865
f 1873 1872 1870
f 1874 1869 799
f 2045 9330 9349
f 1219 1345 1295
f 1615 1614 1396
f 9336 9347 1877
f 645 9350 9238
f 1345 1219 1035
f 634 639 9336
f 15 1887 1327
f 9362 9347 1878
f 1894 604 605
f 8950 8995 627
f 9004 640 645
f 340 341 454
f 1897 194 195
f 1889 1882 1877
f 1901 94 129
f 196 749 754
f 1705 1704 9373
f 340 378 166
f 1570 1480 563
f 1904 1494 194
f 1781 1862 1832
f 1905 549 55
f 1000 994 995
f 986 919 920
f 1191 1185 1190
f 2094 2077 2075
f 1920 1921 1919
f 453 454 1912
f 1915 1919 1918
f 9334 2112 2106
f 1655 9019 8975
f 1916 1918 1926
f 704 8998 9005
f 278 1916 1925
f 9009 9008 1818
f 1097 949 1115
f 1927 1928 727
f 9030 9031 9106
f 1920 310 307
f 1929 307 48
f 503 504 1497
f 1902 1903 787
f 1816 1821 9272
f 1925 1926 1923
f 1535 1569 1568
f 254 252 258
f 1509 1497 366
f 119 86 35
f 219 288 293
f 141 46 47
f 542 205 244
f 1940 552 430
f 1779 1828 1827
f 1701 1710 9367
f 1661 8994 8959
f 270 53 754
f 197 1947 749
f 1727 1728 1212
f 53 54 232
f 1465 1468 1479
f 1284 9314 9306
f 1951 446 412
f 168 398 1554
f 1486 1485 206
f 506 77 78
f 994 1001 1007
f 951 953 963
f 1013 9311 9313
f 9278 9272 1820
f 1498 1909 1954
f 299 298 543
f 1754 1755 1756
f 1681 469 1683
f 1696 1694 1695
f 13 14 738
f 473 476 475
f 482 1641 768
f 204 62 30
f 1761 1762 820
f 611 1763 1125
f 1501 1503 1908
f 1074 1073 711
f 1960 1944 82
f 120 1956 1960
f 35 86 87
f 1773 1199 1025
f 1965 1545 1569
f 494 761 471
f 1966 1967 1969
f 446 1951 1971
f 174 368 125
f 1580 1579 1578
f 1785 1786 1787
f 1972 1546 304
f 1254 876 875
f 1973 341 342
f 321 1912 1973
f 1910 277 275
f 509 1973 514
f 1486 1507 1527
f 1974 1874 804
f 1977 1976 1974
f 1980 448 1966
f 379 1 2
f 1718 1715 1710
f 884 995 992
f 1680 1684 1678
f 902 990 525
f 344 255 256
f 135 138 137
f 448 446 1967
f 589 605 604
f 910 909 908
f 1981 1966 1968
f 1982 1981 1987
f 1988 1979 1987
f 1990 1988 1989
f 1991 1989 1993
f 322 321 320
f 992 828 830
f 1144 1076 1086
f 1995 1977 1978
f 1133 1129 1118
f 1997 1995 1994
f 870 1823 1335
f 805 806 1982
f 727 184 2000
f 1996 1994 1988
f 1994 1978 1979
f 1829 616 792
f 1830 1073 941
f 798 803 800
f 729 732 731
f 2011 2012 2023
f 1834 1835 846
f 402 283 284
f 2022 2023 2024
f 1838 718 989
f 810 955 952
f 1823 1839 1840
f 1430 1426 1432
f 1215 844 1841
f 1316 1208 873
f 2112 1401 1384
f 1842 1843 1844
f 1159 846 845
f 837 27 1846
f 1971 1951 2030
f 517 369 370
f 1471 2026 2027
f 8995 8969 626
f 2174 2175 770
f 935 934 1854
f 1613 1619 1611
f 1231 1228 1225
f 1856 1857 891
f 1300 1309 748
f 1150 1149 1858
f 1643 606 696
f 1215 1265 1264
f 1320 1860 902
f 1956 1943 1944
f 2031 668 669
f 2034 1325 1310
f 1879 1880 1656
f 40 245 242
f 1992 1993 2039
f 888 958 957
f 1882 1889 1996
f 1078 1138 1255
f 1871 912 1192
f 294 411 218
f 1323 2041 2026
f 123 1960 83
f 1324 2036 2041
f 384 358 359
f 1324 1325 2038
f 1883 1884 1885
f 287 1540 114
f 1096 1886 1134
f 915 1329 931
f 806 1980 1981
f 8977 8973 584
f 1425 2030 2042
f 1018 2042 1948
f 9006 1896 740
f 1948 2042 649
f 1881 1882 1990
f 1900 129 130
f 992 995 994
f 923 927 925
f 9330 2045 2047
f 1643 2048 625
f 2050 2052 2051
f 2045 1405 1404
f 9328 2047 945
f 1139 1080 1079
f 1037 1856 892
f 2055 2053 2057
f 1198 989 718
f 1619 2058 1612
f 2058 1605 1606
f 2059 2060 1607
f 2058 1619 1624
f 71 72 179
f 405 406 1557
f 322 1548 1972
f 2061 2052 2063
f 2066 2065 2067
f 2052 2061 2064
f 1609 1610 2066
f 1515 151 152
f 1009 827 993
f 1644 9295 9267
f 279 1915 1916
f 1285 9315 9314
f 1647 2066 1825
f 2056 2057 2067
f 319 320 1953
f 667 666 1913
f 2070 631 625
f 2052 2050 2055
f 2038 1654 1655
f 1606 1601 2073
f 1235 1917 1270
f 2072 2073 2075
f 2059 1606 2072
f 2074 2075 2077
f 1601 1602 2078
f 2049 2048 1643
f 1000 1004 1001
f 1089 943 684
f 1931 1286 1306
f 1462 1459 1021
f 1932 1933 1934
f 875 874 1846
f 1936 1051 1937
f 44 45 46
f 1534 1955 1956
f 1541 318 317
f 2081 2082 2084
f 146 1945 1959
f 1360 1941 1942
f 985 984 1032
f 1995 1997 1892
f 2079 2080 2082
f 2095 2096 2076
f 2081 2093 2078
f 2055 2050 2054
f 501 2096 2095
f 2097 2100 2099
f 2098 2099 2094
f 2140 2141 9345
f 2141 2046 9346
f 2051 2070 2048
f 592 2102 2101
f 2071 2064 2076
f 2102 2097 2098
f 593 2103 2102
f 1019 1895 746
f 1950 11 12
f 725 2071 2096
f 1385 2105 2104
f 1379 2104 2106
f 2107 2108 2100
f 9360 726 502
f 9348 502 499
f 940 1389 2109
f 928 929 1170
f 9320 590 684
f 1962 1963 1964
f 9330 680 573
f 2039 1993 1968
f 1389 1390 2110
f 1398 2111 2113
f 9209 9207 9205
f 9363 9335 2107
f 949 923 924
f 260 241 324
f 1390 1397 2113
f 2070 2051 2064
f 9319 9363 2103
f 2105 1385 1421
f 2114 1421 1423
f 9344 2114 2115
f 9360 2105 2114
f 554 2116 1902
f 972 1163 967
f 1765 1593 1573
f 1984 1985 1986
f 2053 2117 2069
f 9017 9000 724
f 1625 1677 1674
f 9333 9340 2119
f 9355 2115 2123
f 56 1954 1906
f 626 9329 9331
f 2001 2002 2003
f 9364 9293 2127
f 2006 2007 2008
f 2127 1413 1412
f 2014 2015 2016
f 2018 2019 2020
f 1495 1424 1947
f 1379 1377 1386
f 9266 9263 1680
f 2029 1885 1884
f 9354 2128 2120
f 629 9331 9366
f 682 683 943
f 724 1650 2121
f 1757 1819 9273
f 765 1810 9296
f 9303 714 715
f 706 707 9322
f 981 986 987
f 1457 1868 1656
f 2017 2016 2032
f 1458 1655 1868
f 1776 1777 1792
f 1959 1945 1946
f 9115 9167 9177
f 9365 9333 2122
f 1093 1089 689
f 966 965 968
f 9304 715 9333
f 2172 9029 2170
f 670 2138 2137
f 9213 787 1903
f 1429 19 28
f 964 963 978
f 9293 9265 1413
f 1473 1474 669
f 9286 9285 1359
f 2138 798 1870
f 1872 1473 2137
f 715 716 9340
f 1881 1991 1992
f 9295 9294 739
f 1837 1847 8957
f 253 58 59
f 1808 9289 9292
f 1647 9284 9270
f 9317 9318 671
f 2112 9334 9335
f 1405 2045 2044
f 9281 9276 1364
f 273 1541 391
f 576 632 8964
f 9327 9317 668
f 1430 1431 2140
f 2136 9302 9312
f 1430 2139 18
f 9345 9346 570
f 1442 1439 2046
f 1431 1442 2141
f 9321 9365 9302
f 9260 9275 1817
f 9318 9345 695
f 2142 2025 798
f 571 2143 2142
f 9271 9266 1618
f 2143 2022 2025
f 694 2142 2138
f 681 1572 2144
f 2144 2011 2022
f 328 210 457
f 1572 2010 2011
f 630 9344 9355
f 2085 2086 2087
f 2090 2091 2092
f 572 2144 2143
f 1875 1976 2153
f 1873 1875 2149
f 2103 2107 2097
f 2157 2043 2155
f 2128 1412 1414
f 9326 9323 589
f 9324 9322 628
f 2149 2153 2158
f 2159 2158 9357
f 698 9359 9354
f 9275 9299 9279
f 2158 2156 9326
f 1438 2044 2046
f 2035 2154 2160
f 2161 2160 9341
f 9323 9343 605
f 9325 17 18
f 370 29 61
f 649 1951 413
f 2153 2157 2156
f 1428 1429 1449
f 1490 76 73
f 9342 9357 710
f 2155 1891 9343
f 1456 1457 1880
f 2125 2088 2087
f 2160 2159 9342
f 300 1959 505
f 1064 1062 1046
f 2043 1892 1891
f 2129 2130 2004
f 2131 2132 2133
f 9300 9301 1450
f 1998 1975 804
f 9331 673 9316
f 474 492 490
f 1164 1165 1182
f 707 2162 9361
f 708 1472 2162
f 2162 2161 9338
f 548 549 1905
f 1145 1136 1114
f 705 2121 1650
f 2043 2157 1977
f 737 738 554
f 1034 1195 1191
f 458 1905 1907
f 195 196 232
f 2040 2039 1969
f 2145 2146 2147
f 2054 2050 2049
f 9284 1646 1639
f 9 12 11
f 252 364 506
f 472 478 479
f 1865 9376 9243
f 900 903 910
f 1941 2150 2151
f 1921 1928 1927
f 2163 1897 1898
f 271 156 153
f 1904 1326 12
f 282 263 264
f 1872 1873 2154
f 1326 1904 1897
f 628 692 693
f 1724 1722 1719
f 1549 1562 436
f 1582 1583 1730
f 1921 1920 1929
f 9007 8955 10
f 2152 2037 1950
f 475 772 774
f 769 2172 2171
f 2171 2165 476
f 476 773 772
f 1791 565 464
f 2166 2167 2168
f 595 371 372
f 483 1809 1641
f 762 2174 2173
f 771 483 484
f 486 487 1809
f 297 1549 1517
f 763 2175 2174
f 776 755 759
f 184 185 2176
f 412 447 303
f 2005 2176 185
f 9263 1681 1682
f 2164 2170 756
f 1472 2035 2161
f 950 951 964
f 2177 2178 2179
f 227 226 1510
f 2182 2183 2184
f 2186 2019 2018
f 1985 2182 2181
f 214 736 729
f 865 849 842
f 849 865 1357
f 559 3187 3188
f 16 13 737
f 560 553 498
f 3193 3196 3195
f 3200 3197 3198
f 3211 3214 3213
f 3215 3218 3217
f 2187 2188 2002
f 3233 3236 3235
f 3223 3221 3222
f 3229 3232 3231
f 3245 3248 3247
f 2169 2168 2189
f 2192 2086 2085
f 2193 2194 2195
f 2198 2199 2200
f 1998 1982 1979
f 9116 9117 9120
f 3253 3256 3255
f 2116 1898 1903
f 1859 2006 2009
f 9356 2123 2126
f 1135 1148 1087
f 2201 2202 2015
f 1149 111 110
f 3261 3264 3263
f 3269 3272 3271
f 3265 3268 3267
f 3229 3230 3284
f 3289 3292 3291
f 3299 3302 3301
f 3307 3263 3264
f 3293 3296 3295
f 3297 3223 3224
f 3319 3321 3291
f 3322 3323 3318
f 3314 3313 3312
f 3285 3288 3287
f 3332 3333 3218
f 3329 3331 3330
f 3324 3325 3227
f 3298 3224 3326
f 2203 2204 2205
f 579 580 1895
f 1755 2207 2208
f 3337 3340 3339
f 9343 9362 1893
f 1211 2151 2150
f 868 997 2210
f 3347 3350 3349
f 944 945 930
f 2130 2129 2202
f 233 1903 1898
f 665 751 750
f 1167 1254 999
f 2211 2212 2213
f 2215 2216 2217
f 9319 593 590
f 2220 221 220
f 823 824 948
f 3375 3240 3377
f 3393 3392 3391
f 3353 3358 3357
f 3363 3366 3365
f 3402 3405 3404
f 266 204 455
f 9334 2108 2107
f 2221 2222 8963
f 2223 2224 2225
f 2207 2125 2124
f 3293 3309 3336
f 673 674 9321
f 817 1000 996
f 2227 2228 2146
f 1947 1948 646
f 9352 2135 17
f 2229 1635 1638
f 1679 1613 1618
f 1637 2231 2232
f 2233 2234 1617
f 2231 2235 2236
f 3406 3409 3408
f 1381 1638 2238
f 9038 2241 2242
f 3414 3416 3341
f 1630 2234 2233
f 1681 1626 472
f 1408 1407 2243
f 3423 3426 3425
f 3433 3351 3263
f 3434 3429 3430
f 3440 3443 3442
f 3444 3447 3446
f 3436 3451 3450
f 3442 3443 3456
f 1637 2230 2238
f 3445 3446 3437
f 3448 3443 3440
f 1409 1408 1634
f 1380 1383 2247
f 1628 2248 2245
f 3463 3466 3465
f 3308 3477 3462
f 2249 1623 1622
f 1632 1634 1408
f 2248 1628 1631
f 3478 3481 3480
f 3509 3512 3511
f 2235 2231 1637
f 3505 3508 3507
f 3457 3458 3199
f 631 2070 2071
f 515 167 52
f 782 781 2251
f 2253 2254 2255
f 397 281 459
f 1456 2039 2040
f 2040 2041 2036
f 3434 3475 3518
f 1401 2112 2111
f 2041 2040 1970
f 3367 3337 3338
f 1535 121 414
f 1586 1587 2080
f 2256 983 1132
f 3528 3531 3530
f 3519 3521 3520
f 3537 3505 3506
f 3543 3546 3545
f 1700 1699 9370
f 3486 3551 3550
f 3455 3456 3497
f 3558 3560 3559
f 3456 3568 3500
f 3572 3571 3252
f 3308 3264 3285
f 3316 3317 3574
f 3575 3478 3479
f 3576 3579 3578
f 3580 3583 3582
f 3584 3587 3586
f 3505 3537 3588
f 3589 3592 3591
f 3600 3603 3602
f 3542 3539 3595
f 3604 3605 3592
f 3611 3610 3613
f 3622 3625 3624
f 3618 3621 3620
f 3626 3629 3628
f 3644 3647 3646
f 3634 3637 3636
f 3638 3639 3641
f 9267 1896 1686
f 1263 2256 1886
f 3613 3655 3654
f 598 1841 844
f 2257 2258 2259
f 2258 2261 2262
f 2259 2262 2263
f 2260 2259 2216
f 1967 1971 1970
f 2212 1964 1963
f 922 921 2218
f 1312 1098 1101
f 1307 1306 1286
f 1548 1569 1546
f 2266 2267 2268
f 2265 2268 2270
f 2272 2265 2269
f 2273 2266 2265
f 2275 2276 2277
f 2278 2274 2277
f 2284 2285 9069
f 2287 2283 2286
f 2288 2289 2283
f 2290 2284 9091
f 2291 2292 2293
f 2295 2291 2294
f 2296 2297 2291
f 2297 2298 2292
f 2294 2293 2299
f 2279 2294 2300
f 2298 2301 2302
f 2292 2302 2303
f 2293 2303 2304
f 2304 2305 2306
f 2308 2309 2310
f 2302 2307 2310
f 2301 2311 2307
f 2312 2308 2307
f 2313 2314 2315
f 2318 2319 2320
f 9200 9223 2322
f 2324 2325 2273
f 2313 2324 2326
f 2328 2324 2313
f 2329 2325 2324
f 2331 2332 2333
f 2330 2333 2267
f 2325 2330 2266
f 2329 2331 2330
f 2333 2334 2335
f 2336 2334 2333
f 2338 2336 2332
f 2331 2339 2337
f 2329 2340 2339
f 2328 2341 2340
f 2316 2342 2341
f 2342 2316 2315
f 2344 2345 2346
f 2341 2344 2347
f 2342 2348 2344
f 2348 2349 2345
f 2350 2351 2352
f 2339 2350 2353
f 2340 2347 2350
f 2347 2346 2351
f 2337 2353 2354
f 2353 2352 2355
f 2356 2277 2276
f 2356 2357 2358
f 2356 2359 2296
f 2279 2277 2356
f 2360 2361 2270
f 2267 2335 2360
f 2362 2363 2364
f 2362 2365 2361
f 2366 2362 2358
f 2366 2367 2363
f 2357 2276 2368
f 2366 2368 2369
f 2276 2275 2370
f 2368 2370 2282
f 2372 2373 2374
f 2375 2376 2377
f 2378 2379 2380
f 2382 2378 2381
f 2384 2385 2378
f 2385 2386 2379
f 2388 2389 2390
f 2387 2390 2392
f 2393 2394 2387
f 2394 2395 2388
f 2186 2401 2402
f 2403 2404 2327
f 2272 2403 2326
f 2271 2405 2403
f 2405 2406 2404
f 2404 2407 2408
f 2409 2410 2411
f 2409 2412 2271
f 2413 2409 2269
f 2413 2414 2410
f 2417 2415 2416
f 2417 2418 2406
f 2412 2417 2405
f 2411 2415 2417
f 2406 2419 2407
f 9013 8964 632
f 2420 2398 2397
f 2420 2421 2423
f 2424 2420 2422
f 2424 2399 2398
f 2425 2391 2392
f 2421 2425 2426
f 2397 2396 2425
f 2396 2393 2391
f 2427 2314 2408
f 2430 2427 2428
f 2343 2315 2427
f 2432 2343 2430
f 2431 2430 2429
f 2435 2431 2433
f 2436 2432 2431
f 2428 2408 2407
f 2422 2437 2407
f 2438 2437 2422
f 2429 2428 2437
f 2440 2434 2433
f 2441 2439 2433
f 2442 2443 2439
f 2443 2444 2440
f 2445 2446 2444
f 2447 2445 2443
f 2383 2381 2445
f 2381 2380 2446
f 2448 2438 2423
f 2449 2448 2426
f 2441 2448 2449
f 2441 2429 2438
f 2449 2392 2390
f 2450 2390 2389
f 2447 2450 2451
f 2442 2449 2450
f 2451 2389 2453
f 2452 2453 2455
f 2382 2452 2454
f 2383 2451 2452
f 2456 2457 2373
f 2459 2460 2461
f 2463 2464 2465
f 2462 2465 2285
f 2466 2462 2284
f 2467 2463 2462
f 2461 2460 9155
f 2468 2469 2470
f 2472 2468 2471
f 2474 2461 9153
f 2475 2476 2477
f 2458 2455 2453
f 2479 2453 2389
f 2395 2480 2479
f 2480 2459 2458
f 2481 2482 2483
f 2484 113 2485
f 2471 2470 2464
f 2473 2471 2463
f 2487 2467 2466
f 2486 2466 2290
f 2490 2486 2488
f 2491 2487 2486
f 2492 2473 2467
f 2493 2492 2487
f 2494 2495 2492
f 2495 2472 2473
f 9142 2496 2474
f 9143 2497 2496
f 2498 2494 2493
f 2500 2498 2499
f 9152 9139 2498
f 9139 9143 2494
f 2306 2504 2278
f 2305 2505 2504
f 2504 2505 2507
f 2506 2507 2288
f 2274 2506 2508
f 2278 2504 2506
f 9085 9084 2489
f 9072 9085 2488
f 2507 2509 2289
f 2505 2510 2509
f 2508 2288 2287
f 2511 2287 2281
f 2370 2511 2280
f 2275 2508 2511
f 2512 2490 2489
f 2514 2512 2513
f 2517 2512 2514
f 2517 2491 2490
f 2499 2493 2491
f 2499 2517 2516
f 2510 2505 2519
f 2518 2519 2521
f 9068 2518 2520
f 9084 2510 2518
f 2522 2304 2303
f 2523 2522 2310
f 2305 2304 2522
f 2524 2522 2523
f 2519 2524 2525
f 2505 2305 2524
f 2308 2312 2527
f 2526 2527 2529
f 2531 2526 2528
f 2309 2308 2526
f 1214 2532 2151
f 2419 2406 2418
f 2533 2345 2349
f 2534 2533 2317
f 2535 2536 2533
f 2536 2346 2345
f 2537 2351 2346
f 2538 2537 2536
f 2539 2540 2537
f 2540 2352 2351
f 2312 2355 2541
f 2527 2541 2542
f 2543 2435 2434
f 2545 2543 2544
f 2319 2318 2543
f 2318 2436 2435
f 2514 2515 2548
f 2547 2548 2550
f 2552 2547 2549
f 2552 2516 2514
f 2520 2521 2554
f 2553 2554 2556
f 9042 2553 2555
f 9073 2520 2553
f 2523 2309 2531
f 2557 2531 2530
f 2525 2523 2557
f 2559 2557 2558
f 2554 2559 2560
f 2521 2525 2559
f 2561 2375 2007
f 2376 2562 2225
f 2564 2565 2566
f 2563 2566 338
f 2569 2563 2567
f 2570 2564 2563
f 2572 2573 2574
f 2571 2574 2576
f 2544 2571 2575
f 2544 2434 2572
f 2578 2570 2569
f 2579 2577 2569
f 2574 2577 2579
f 2573 2578 2577
f 2581 2582 2583
f 2584 2580 2583
f 9149 9127 2580
f 9128 2581 2580
f 2582 2516 2552
f 2583 2552 2551
f 2500 2501 2589
f 2590 2588 2589
f 9145 9147 2588
f 9147 9152 2500
f 2501 2516 2591
f 2592 2593 2594
f 2386 2385 2503
f 2596 2379 2386
f 2596 2374 2373
f 2599 2596 2597
f 2599 2380 2379
f 2600 2446 2380
f 2600 2599 2598
f 2603 2600 2601
f 2603 2444 2446
f 2604 2603 2602
f 2440 2604 2605
f 2444 2603 2604
f 2606 2582 2581
f 2606 2607 2590
f 2591 2516 2582
f 9128 2587 2456
f 9141 2456 2372
f 2478 2477 2608
f 2609 2610 2611
f 2564 2570 2613
f 2612 2613 2598
f 2457 2612 2597
f 2565 2564 2612
f 2614 2613 2570
f 2615 2614 2578
f 2602 2601 2614
f 2601 2598 2613
f 2572 2434 2605
f 2616 2605 2602
f 2573 2572 2616
f 1459 1016 1045
f 1265 1215 1079
f 1612 1608 1609
f 2067 2057 2069
f 1135 1109 1136
f 1938 1937 2618
f 95 548 458
f 2058 1607 1608
f 1454 1469 1445
f 655 2620 1048
f 722 1049 2621
f 3665 3639 3634
f 1131 985 1033
f 562 1481 366
f 1723 1719 1725
f 1786 1123 1122
f 267 300 323
f 1325 2034 1654
f 1468 1165 1435
f 658 657 529
f 8 532 247
f 382 1557 1559
f 3631 3681 3680
f 788 619 1307
f 940 930 929
f 911 2622 2623
f 2621 2620 655
f 2624 1857 2625
f 998 1846 27
f 635 638 2626
f 2627 641 644
f 2628 2627 1840
f 1200 1199 2627
f 1199 1773 641
f 1520 515 49
f 1452 1350 1349
f 2630 2631 1859
f 644 643 1335
f 3683 3700 3699
f 1197 1198 717
f 2632 717 719
f 2628 2632 1166
f 2629 1197 2632
f 1762 2633 1050
f 1823 870 873
f 2634 2635 794
f 1042 794 2635
f 93 94 1901
f 2036 2038 1458
f 1527 332 1525
f 877 876 1274
f 134 409 797
f 1328 893 931
f 607 777 1091
f 1043 2635 2637
f 2636 2637 2639
f 1275 2636 2638
f 1275 1040 1043
f 1272 2624 2626
f 2640 2626 638
f 1110 2641 2640
f 536 1272 2640
f 1472 708 1474
f 2042 2030 1951
f 3668 3632 3633
f 1058 1106 1105
f 2642 2623 2643
f 1192 2642 2644
f 912 2623 2642
f 9350 1657 8970
f 1049 1048 2620
f 616 1829 1885
f 1331 1913 666
f 990 989 1198
f 1911 1912 321
f 1298 1282 1205
f 76 1490 1504
f 1502 1500 421
f 610 609 658
f 1146 937 659
f 2646 911 914
f 1280 1239 1238
f 1453 1454 1452
f 835 942 1843
f 1271 1270 1173
f 1893 1878 1826
f 1050 2633 1937
f 2651 2652 814
f 1006 1053 1281
f 2653 1084 2654
f 1001 1004 1003
f 585 997 679
f 2624 1272 621
f 555 678 2028
f 1207 526 1197
f 1626 1627 478
f 3729 3732 3731
f 3746 3749 3748
f 3770 3752 3750
f 426 389 419
f 1030 1193 1773
f 9350 645 634
f 534 1533 138
f 1125 1092 1042
f 333 228 88
f 569 1570 561
f 3691 3694 3693
f 1489 2656 871
f 1857 2624 620
f 1673 1674 9222
f 622 861 864
f 619 788 891
f 261 544 545
f 393 1555 1556
f 2658 2659 2647
f 1075 2658 2657
f 1081 1080 2658
f 1080 1139 2659
f 2644 2643 1141
f 2660 1141 1140
f 642 2660 1336
f 1193 2644 2660
f 679 678 555
f 3762 3765 3764
f 1503 1501 1500
f 1318 1317 1101
f 2661 2659 1139
f 2661 1142 2663
f 2662 2647 2659
f 2662 2663 2622
f 2664 2622 911
f 2648 2664 2646
f 2648 2647 2662
f 3586 3658 3779
f 2083 2094 2093
f 1442 1440 1437
f 3732 3734 3733
f 519 329 330
f 1885 2029 1209
f 799 800 805
f 1946 1943 1952
f 1302 1301 1253
f 3741 3738 3757
f 3660 3663 3662
f 566 2005 224
f 1389 940 928
f 683 682 681
f 836 835 1842
f 2665 1842 1845
f 2666 2665 1303
f 24 836 2665
f 831 1072 2650
f 1845 1844 1304
f 2010 2013 2012
f 1051 1936 2667
f 1522 1521 1511
f 531 440 441
f 1250 635 2625
f 2669 2625 1857
f 783 2669 1856
f 782 1250 2669
f 720 2670 2671
f 1055 1931 1930
f 1333 1067 1251
f 619 622 1308
f 652 655 2619
f 521 522 1539
f 1838 988 537
f 2672 537 536
f 1113 2672 2641
f 1113 527 1838
f 1016 1013 1351
f 9349 573 570
f 226 227 104
f 9008 9121 9279
f 1036 1037 1884
f 2674 1301 1304
f 2673 1304 1844
f 1334 2673 2675
f 1333 2674 2673
f 2676 702 1039
f 1843 2676 2675
f 942 1074 2676
f 1074 699 702
f 752 1057 1055
f 1200 1166 656
f 1120 1846 874
f 2677 874 877
f 1241 2677 1052
f 1119 1120 2677
f 1560 1513 151
f 1208 1316 611
f 215 735 736
f 1460 1459 1462
f 3717 3720 3719
f 1208 1207 1839
f 854 856 1282
f 3682 3697 3696
f 72 445 182
f 544 1563 1565
f 217 200 456
f 3673 3647 3781
f 2047 1404 930
f 1204 2618 1937
f 913 777 686
f 3705 3708 3707
f 840 527 1113
f 1531 729 730
f 2678 778 1283
f 601 667 1914
f 1537 1538 459
f 1819 1757 8953
f 991 1860 862
f 2679 711 1073
f 3776 3775 3581
f 2680 1830 983
f 779 2680 2256
f 778 2678 2680
f 2678 2679 1830
f 180 542 245
f 1886 1132 1131
f 3766 3768 3767
f 1138 1137 1274
f 3777 3778 3585
f 1841 598 1140
f 75 313 314
f 193 423 420
f 2681 2682 1099
f 3658 3586 3587
f 170 1567 1565
f 349 416 417
f 1121 1124 2684
f 547 797 409
f 123 122 121
f 2643 2663 1142
f 1542 1544 513
f 899 900 907
f 1210 677 676
f 791 663 982
f 24 27 837
f 893 896 932
f 1860 1320 863
f 535 538 862
f 3640 3684 3683
f 1569 1548 1547
f 181 455 542
f 660 659 937
f 2013 567 568
f 3781 3647 3644
f 887 890 2631
f 1524 1508 361
f 520 161 162
f 2653 855 854
f 1238 1237 2655
f 718 1838 527
f 1492 1493 518
f 792 616 615
f 599 846 1835
f 290 457 456
f 312 171 1552
f 1248 2687 1179
f 153 149 177
f 1240 1181 1222
f 1257 1292 1235
f 1291 1084 1083
f 1052 877 1277
f 743 742 2618
f 444 140 430
f 23 1224 1172
f 2687 2654 1180
f 102 103 409
f 1283 607 610
f 373 497 650
f 1180 2654 1084
f 855 2653 2655
f 1173 1270 1917
f 2689 850 853
f 2688 853 1108
f 2686 2688 1279
f 2687 2689 2688
f 2691 1302 1252
f 2690 1252 850
f 1248 2690 2689
f 1248 1247 2691
f 2692 617 24
f 2691 2692 2666
f 1247 1258 2692
f 1258 1168 617
f 394 1554 1555
f 2693 1260 1259
f 1072 1236 1262
f 1257 1071 1168
f 398 439 1555
f 871 1784 1314
f 1178 1232 1249
f 1224 1289 1173
f 1010 2617 2618
f 1175 1174 1292
f 2654 2687 2686
f 2694 1157 1216
f 71 418 1487
f 701 1112 1111
f 1072 1261 2649
f 1085 2695 22
f 895 2694 1264
f 1601 1606 1605
f 1259 1262 1271
f 21 20 1220
f 988 991 538
f 3533 3479 3535
f 598 597 1336
f 1050 860 818
f 1298 2645 1761
f 1168 1167 618
f 3629 3671 3670
f 858 1168 1256
f 39 242 516
f 2652 1761 819
f 313 316 315
f 2026 1970 1971
f 2656 1489 596
f 814 819 818
f 2696 2651 813
f 1260 2696 2649
f 2693 2697 2696
f 2697 1296 2651
f 381 355 390
f 9270 9271 1611
f 1475 1427 1428
f 1292 1174 1917
f 1551 353 354
f 1526 1525 1523
f 1593 1589 1595
f 1232 1269 1246
f 2695 2693 1223
f 2698 1297 1296
f 2698 2697 2693
f 2685 2698 2695
f 2685 854 1297
f 562 1497 271
f 2652 2651 1296
f 1365 1366 1364
f 1958 1946 1953
f 585 588 2210
f 1561 1560 1515
f 975 2648 1146
f 347 67 68
f 1038 1111 636
f 2700 781 780
f 2699 780 1036
f 2701 2699 1883
f 851 2700 2699
f 2674 1333 2251
f 2702 2251 781
f 1253 2702 2700
f 1301 2674 2702
f 1519 387 388
f 1273 1239 1280
f 2703 1280 1107
f 2701 2703 852
f 1829 1273 2703
f 91 260 326
f 1784 871 2656
f 2683 2684 2705
f 604 1894 8943
f 1669 8978 8992
f 2062 2063 2060
f 621 535 861
f 2023 731 732
f 686 779 1263
f 857 1051 2668
f 883 830 882
f 3648 3651 3650
f 637 636 1111
f 2668 894 893
f 3692 3712 3711
f 2667 921 894
f 1039 1038 1068
f 313 75 1504
f 1911 1972 305
f 1936 2706 1964
f 2707 2402 2401
f 2708 2707 2183
f 738 2163 2116
f 3785 3787 3709
f 2349 2348 2432
f 2711 2712 2020
f 2400 2711 2019
f 2714 2715 2716
f 2717 2718 2719
f 2721 2722 2723
f 2726 2727 2728
f 2725 2728 2730
f 2731 2725 2729
f 2732 2726 2725
f 2734 2735 2736
f 2738 2739 2740
f 2737 2740 2741
f 2744 2745 2746
f 2745 2744 2748
f 2749 2750 2747
f 2753 2749 2751
f 2250 1380 2246
f 3417 3420 3419
f 2754 1396 1614
f 9050 2754 2755
f 9060 2745 2747
f 1617 2756 2755
f 2242 2758 1620
f 3429 3432 3431
f 2191 2085 2760
f 2761 2759 2760
f 9100 2759 2761
f 9075 2191 2759
f 3209 3460 3354
f 1395 1394 2236
f 1395 2235 1636
f 3741 3791 3790
f 1616 1635 2229
f 3410 3413 3412
f 1617 2234 2763
f 2756 2763 9080
f 2765 2763 2234
f 2766 2764 9080
f 3202 3199 3458
f 1516 437 435
f 2768 2769 8996
f 1495 541 578
f 2135 2136 28
f 8970 8984 2773
f 1690 1689 9378
f 2778 2779 2780
f 2777 2780 2781
f 2784 2778 2777
f 8999 8965 575
f 1494 1904 9
f 8973 2016 2015
f 451 61 505
f 2786 2787 2788
f 2779 2786 2785
f 2789 2752 2741
f 2790 2753 2752
f 2792 2793 2794
f 2793 2795 2796
f 2796 2797 2750
f 2794 2796 2749
f 2798 1393 1396
f 9043 2798 2754
f 2798 2799 2800
f 9043 9114 2799
f 2797 2796 2795
f 2791 2794 2753
f 216 233 232
f 9256 2806 2807
f 9257 2809 2804
f 2769 2810 9001
f 183 185 184
f 2811 2812 2775
f 2804 2811 2776
f 2809 2813 2811
f 2812 2811 2813
f 9257 2808 2816
f 9248 2818 2815
f 9250 9252 2820
f 9245 2823 2819
f 2824 2736 2735
f 2823 2825 2824
f 2825 2823 2826
f 9245 2822 2827
f 9248 2817 2826
f 2713 2716 2829
f 2828 2829 2831
f 2822 2821 2828
f 2821 2820 2713
f 2832 2827 2822
f 2833 2832 2830
f 2834 2835 2832
f 2835 2818 2827
f 2837 2838 2839
f 2836 2839 2841
f 2842 2836 2840
f 2843 2837 2836
f 2840 2841 2845
f 2718 2844 2845
f 2730 2728 2844
f 2727 2840 2844
f 2846 2845 2841
f 2829 2846 2847
f 2847 2841 2839
f 2848 2839 2838
f 2833 2848 2849
f 2831 2847 2848
f 2850 2814 2851
f 2853 2850 2852
f 2783 2777 2782
f 2785 2788 2853
f 2780 2785 2856
f 2857 2858 2855
f 2859 2857 2782
f 2861 2843 2842
f 2860 2842 2727
f 2862 2860 2726
f 2863 2861 2860
f 2861 2863 2858
f 2843 2861 2857
f 2856 2853 2854
f 2781 2856 2864
f 2837 2843 2859
f 2838 2837 2864
f 2852 2851 2834
f 2854 2852 2849
f 2865 2815 2818
f 2851 2865 2835
f 2813 2809 2815
f 2814 2813 2865
f 2866 2812 2814
f 2788 2866 2850
f 2866 2788 2787
f 2812 2866 2867
f 1892 1889 1890
f 2720 2719 2846
f 298 299 256
f 2872 2714 2713
f 9246 9252 2735
f 2729 2730 2874
f 2846 2716 2715
f 2876 2877 2878
f 2733 2875 2878
f 9258 9259 2879
f 9258 2880 2872
f 2882 2883 2884
f 2881 2884 2715
f 2880 2881 2714
f 2879 2882 2881
f 2885 2886 2887
f 2888 2889 2890
f 2885 2890 2892
f 2893 2886 2885
f 1942 2151 2532
f 2895 2892 2720
f 2884 2895 2870
f 2883 2896 2895
f 2896 2891 2892
f 2889 2874 2717
f 2890 2717 2720
f 2897 2893 2891
f 2898 2897 2896
f 2899 2898 2883
f 2900 2899 2882
f 9249 2900 2879
f 2876 2902 2901
f 2901 2902 2904
f 1785 2656 1835
f 2905 2906 2899
f 2907 2908 2897
f 9249 2901 2903
f 632 576 577
f 8976 8991 2867
f 434 385 550
f 2768 2770 9092
f 2910 2911 1623
f 2241 2912 2758
f 9092 2770 2913
f 1623 2911 2757
f 9039 2242 2757
f 2229 1381 1380
f 2765 1630 1629
f 2915 2914 1629
f 9094 9093 2914
f 9093 9074 2765
f 2919 2916 9094
f 2918 2915 2912
f 9066 2918 2241
f 9070 2919 9065
f 8985 2177 2180
f 8965 2002 2188
f 3694 3626 3627
f 9157 9017 714
f 2925 2766 2917
f 2924 2917 2916
f 9062 2924 2919
f 9063 2925 2924
f 2926 2927 2766
f 9110 2926 2925
f 1715 1713 1705
f 785 497 498
f 1387 651 565
f 374 375 1899
f 9017 2203 2206
f 2929 2930 2886
f 2932 2933 2934
f 1905 1906 1908
f 2930 2935 2936
f 2938 2935 2930
f 1493 369 517
f 1603 1585 1586
f 2939 2938 2929
f 2940 2939 2908
f 9117 1707 1600
f 2886 2930 2937
f 2906 2907 2898
f 2908 2929 2893
f 2942 2934 2933
f 2941 2933 2937
f 8945 2941 2936
f 8942 2942 2941
f 2943 2944 2710
f 2943 2873 2874
f 2945 2943 2889
f 2946 2944 2943
f 2932 2945 2888
f 2931 2946 2945
f 727 1928 1929
f 2903 2904 2947
f 545 594 42
f 1480 1570 533
f 2907 2906 2949
f 2906 2905 2950
f 1558 452 215
f 9251 2903 2948
f 2054 1645 1644
f 9157 9136 2203
f 1828 1837 1849
f 2953 2954 2955
f 2952 2955 2957
f 2956 2261 2258
f 2953 2952 2258
f 2454 2455 2474
f 9199 2958 2959
f 9199 2132 2131
f 2961 2962 2963
f 2958 2963 2964
f 222 221 2485
f 2477 2226 2966
f 2631 2561 2006
f 2384 2454 2496
f 2967 2968 2959
f 2968 2967 2970
f 9211 2033 2971
f 9236 2971 2960
f 2972 2971 2033
f 2007 2377 2973
f 9004 9003 2134
f 1836 1833 1832
f 8950 2188 2090
f 955 810 959
f 672 675 674
f 633 710 713
f 2024 732 733
f 2025 2024 803
f 425 1552 1550
f 2975 2976 888
f 1319 1158 1157
f 1212 1935 2977
f 889 957 2228
f 1978 1974 1975
f 1138 1078 1329
f 751 665 2979
f 1619 1613 1625
f 2252 2255 1728
f 1157 1160 845
f 2706 1936 1938
f 2980 2255 2254
f 2982 2975 887
f 802 712 711
f 678 677 2029
f 527 840 690
f 1839 1207 2629
f 2983 2984 602
f 2983 1914 1913
f 2985 2983 1331
f 2986 2984 2983
f 2987 2637 2635
f 2985 2988 2639
f 2990 1319 1318
f 2991 2992 2993
f 2995 2991 2994
f 1106 1058 2991
f 1058 1057 2992
f 1415 1406 1365
f 1317 922 2217
f 1932 1728 2255
f 926 2998 2999
f 3001 2993 2992
f 3000 2992 1057
f 2999 3000 2978
f 2998 3001 3000
f 3002 2998 2209
f 3002 3003 2996
f 2993 3001 3002
f 1103 1106 2995
f 3004 2995 2996
f 2209 2210 3004
f 588 1103 3004
f 295 296 433
f 2638 2639 2988
f 3005 2988 1056
f 1305 3005 1930
f 1276 2638 3005
f 1987 1968 1993
f 2633 1762 1761
f 1423 1422 1417
f 9005 8961 739
f 2671 2670 2704
f 1473 1872 2035
f 922 1317 2694
f 1401 1400 1378
f 556 2028 1884
f 842 848 9277
f 1854 2706 2617
f 933 1082 1081
f 1440 1441 1436
f 529 657 719
f 1031 1025 1027
f 777 913 912
f 2645 1205 1204
f 441 438 1538
f 3771 3774 3773
f 790 1287 587
f 2065 2066 1610
f 1860 991 990
f 60 106 87
f 1424 1017 1948
f 332 1527 1507
f 261 262 138
f 187 188 449
f 1719 1720 1726
f 1931 1055 1059
f 3006 1059 1105
f 1287 3006 1104
f 1286 1931 3006
f 3007 3008 3009
f 3009 3008 653
f 618 999 26
f 2029 677 1210
f 957 601 600
f 1049 2146 2228
f 2631 890 3011
f 890 889 2227
f 3011 2227 2145
f 2561 3011 3012
f 1026 656 609
f 2706 1854 1961
f 3013 2965 2485
f 2148 2147 1267
f 3015 1267 1266
f 2997 2264 1101
f 642 641 1773
f 186 477 461
f 1041 1040 1320
f 1121 3016 3017
f 2984 2986 2987
f 3018 2987 2634
f 1048 603 3018
f 603 602 2984
f 2679 2678 801
f 2062 2072 2074
f 2061 2074 2076
f 414 303 1545
f 3016 1121 2683
f 3019 2683 2704
f 3020 3019 2670
f 3007 3016 3019
f 1871 1090 1091
f 3021 1787 1122
f 3022 3021 3017
f 1314 3021 3022
f 1784 1787 3021
f 1316 1315 1763
f 3023 3022 3010
f 3023 3009 795
f 1763 3023 1092
f 1315 3022 3023
f 3016 3007 3010
f 752 751 2978
f 2986 2639 2637
f 3024 654 653
f 3020 3024 3008
f 720 723 3024
f 723 2621 654
f 2681 1098 1268
f 2671 3025 1268
f 2705 2681 3025
f 1313 3026 3027
f 3026 3028 3029
f 3027 3029 3030
f 1311 3027 3031
f 2012 568 731
f 917 2657 974
f 3742 3745 3744
f 743 1206 856
f 1888 2027 2030
f 2682 2705 2684
f 3032 2684 1124
f 1100 3032 2989
f 1099 2682 3032
f 1123 2990 2989
f 3033 1834 1159
f 2990 3033 1158
f 1123 1786 3033
f 1786 1785 1834
f 1054 1056 2988
f 2979 665 664
f 2623 2622 2663
f 1095 660 688
f 3034 3035 2261
f 3036 3034 2956
f 3037 3038 3034
f 3038 3039 3035
f 3040 3041 3026
f 2263 3042 3041
f 3042 3039 3043
f 3041 3043 3028
f 3044 3045 3043
f 3046 3047 3045
f 3047 3048 3049
f 3043 3045 3049
f 3038 3037 3051
f 3050 3051 3053
f 3052 3046 3044
f 3039 3038 3050
f 3054 3035 3039
f 3042 2263 2262
f 2261 3035 3054
f 2216 2263 2997
f 2212 2211 2667
f 3056 868 2209
f 934 3057 1961
f 2013 9207 9209
f 3058 3059 3060
f 3059 3062 3063
f 3060 3063 2213
f 3061 3060 1963
f 3063 3064 2214
f 3062 3065 3064
f 3065 2257 2260
f 3064 2260 2215
f 3066 3067 3031
f 2608 2966 3067
f 2966 2562 3068
f 3031 3067 3068
f 2455 2458 2461
f 2476 2223 2226
f 8995 2090 2089
f 8970 2774 9221
f 433 354 355
f 2115 1423 1419
f 8953 2868 2922
f 9221 9189 2131
f 3069 2611 2167
f 2971 2972 2928
f 2961 2774 2773
f 3070 2475 2478
f 2610 2609 3071
f 2502 2371 2374
f 3072 2592 2595
f 2964 3046 3052
f 3048 2593 3074
f 2593 2592 3075
f 3075 3030 3029
f 3074 3029 3028
f 3072 3076 3075
f 3076 3072 2482
f 2481 2608 3066
f 3076 3066 3030
f 2967 3052 3053
f 2482 3072 3073
f 479 480 493
f 706 9352 9325
f 9005 2194 2221
f 2013 2010 9206
f 8977 2032 2016
f 9006 8963 2222
f 1171 1154 1155
f 3782 3644 3689
f 2586 2566 2565
f 2982 110 113
f 2562 2376 3077
f 2376 2375 3012
f 3012 2145 2148
f 3077 2148 3015
f 2963 3047 3046
f 3051 3078 2970
f 1683 2173 491
f 9302 2122 1447
f 1986 2181 9186
f 3079 3080 2546
f 3081 3079 2575
f 1983 1986 9220
f 3082 2323 2319
f 3080 3082 2545
f 9186 9184 3082
f 9184 9200 2323
f 1309 1471 1888
f 3073 2595 2772
f 2760 3083 3084
f 2760 2085 2088
f 3085 3084 3086
f 3089 3085 3090
f 3089 2762 3084
f 3092 3088 3090
f 3093 2748 2744
f 2751 2747 2748
f 3093 2741 2752
f 2742 2741 3093
f 3094 3093 2743
f 3096 3097 3098
f 3099 3096 3087
f 3097 3094 3095
f 3100 2743 2746
f 3101 2927 3102
f 2764 2766 2927
f 2745 2764 3101
f 3102 3092 3091
f 3100 3091 3095
f 2869 2802 9044
f 3102 3103 3104
f 9110 2868 2869
f 2927 2926 3103
f 3098 3095 3091
f 3087 3098 3090
f 2088 2125 3105
f 3083 3105 3086
f 2483 3073 2771
f 2401 2186 2185
f 3099 3086 3105
f 2125 2207 3106
f 3108 2737 2742
f 3107 2742 3094
f 3110 3108 3107
f 3109 3107 3097
f 3111 3109 3096
f 3112 3110 3109
f 3113 2738 2737
f 3115 2723 2722
f 3117 3115 3114
f 3119 3117 3116
f 3118 3116 3120
f 3116 3114 3113
f 3122 3112 3111
f 3122 3123 1755
f 3124 3125 3126
f 3125 3118 3121
f 3128 3119 3118
f 3129 3128 3125
f 2020 2712 3128
f 9305 9309 1346
f 1065 1046 1047
f 1814 9290 9282
f 2021 2020 3129
f 3111 3099 3106
f 3123 3106 2207
f 2377 2225 2224
f 3014 2485 113
f 1756 2208 9234
f 3131 3132 2530
f 3133 3131 2528
f 1753 1756 9219
f 3134 3124 3127
f 2327 2408 2314
f 2436 2318 2317
f 2018 2021 9163
f 2534 3136 3137
f 2320 2322 3136
f 2185 2018 9164
f 3138 3139 2542
f 3134 3135 9196
f 9237 3130 3134
f 3140 3138 2539
f 2535 3137 3140
f 9163 2021 3130
f 2558 2530 3132
f 9234 9212 3141
f 2560 2558 3141
f 9212 9229 3142
f 958 888 2976
f 1933 1932 2980
f 3714 3704 3729
f 2399 2424 2418
f 2348 2342 2343
f 2322 2320 2319
f 2718 2717 2874
f 2709 2729 2873
f 2894 2871 1361
f 3788 3789 3720
f 346 289 176
f 1876 1877 1882
f 2802 2803 9059
f 3104 3144 3088
f 2974 2222 9101
f 3089 3145 2761
f 3088 3144 3145
f 2803 2974 9055
f 9322 9361 692
f 2123 1419 1418
f 1365 1363 1368
f 3346 3345 3344
f 1581 1766 1782
f 9013 2202 2129
f 8999 2003 2002
f 3146 2585 2551
f 9203 3146 3147
f 9194 3149 3146
f 3149 2584 2585
f 3196 3198 3197
f 9056 2192 2191
f 3142 3150 2556
f 9229 9230 3150
f 9098 3152 2550
f 3150 3151 2555
f 9230 9232 3151
f 9240 9233 3152
f 3153 3147 2551
f 3152 3153 2549
f 9233 9228 3153
f 9228 9202 3147
f 3148 2767 2206
f 2183 2401 2321
f 2132 2960 2928
f 3299 3300 3321
f 9136 9137 2204
f 9171 2198 2197
f 2594 2962 2773
f 2595 2594 2951
f 1870 798 799
f 3257 3260 3259
f 9165 2179 2178
f 9158 2178 9188
f 336 3154 9226
f 339 3155 3154
f 9241 9135 3149
f 9135 9149 2584
f 2963 2962 3048
f 9174 9182 337
f 339 338 2566
f 3156 3157 2168
f 2610 3156 2167
f 2954 2953 3156
f 3157 3156 2953
f 9159 2166 2169
f 2567 3158 3159
f 337 3158 2567
f 9182 3069 2166
f 9216 2190 1983
f 2579 3160 3081
f 2568 3159 3160
f 9161 2169 2190
f 3065 3062 3162
f 3161 3162 1984
f 3157 3161 2189
f 2257 3065 3161
f 734 735 1922
f 3059 3058 2708
f 3163 2708 2182
f 3162 3163 1985
f 3062 3059 3163
f 3203 3206 3205
f 3806 3809 3808
f 2122 2119 1448
f 9269 1686 1685
f 139 140 444
f 1570 569 566
f 2957 3164 3165
f 2955 3166 3164
f 1912 454 341
f 3130 3129 3124
f 1548 322 319
f 1949 1950 1327
f 2969 2970 3078
f 3167 3078 3169
f 9176 2014 2017
f 9172 2017 2033
f 3168 3169 3165
f 3170 3165 3164
f 9231 3170 3171
f 9176 3168 3170
f 3171 3164 3166
f 3172 3166 3071
f 9204 3172 3173
f 9208 3171 3172
f 3169 3037 3036
f 2593 3048 2962
f 3173 3071 2609
f 3174 2609 2199
f 9235 3174 2198
f 9201 3173 3174
f 2190 2189 1984
f 2196 2195 2767
f 3326 3329 3328
f 2119 2120 1414
f 1464 1463 1466
f 2199 2611 3069
f 2457 2456 2587
f 2226 2225 2562
f 481 478 1627
f 333 1512 235
f 3078 3051 3037
f 3040 2264 2997
f 3351 3352 3262
f 2219 1934 1933
f 2385 2384 2497
f 221 2220 3175
f 2220 1933 3143
f 3175 3143 2976
f 2484 3175 2975
f 2954 3071 3166
f 2630 1858 110
f 1547 319 1952
f 2091 2090 2188
f 9185 9188 2178
f 1918 1919 1927
f 9007 112 111
f 3398 3401 3400
f 955 956 960
f 2037 3014 112
f 3143 2980 2981
f 2218 2211 2214
f 672 9329 9239
f 2152 3013 3014
f 1147 1144 1143
f 2248 2246 1409
f 1615 1636 1635
f 1410 1409 2246
f 3486 3488 3487
f 3468 3469 3502
f 3451 3453 3452
f 1382 3176 3177
f 3177 1410 2247
f 2247 1383 3177
f 3176 2238 2230
f 1410 3177 3179
f 3179 3180 2243
f 1633 3181 2800
f 3816 3818 3817
f 1621 1620 2758
f 3642 3801 3662
f 3422 3421 3260
f 1622 1621 2245
f 2236 1394 3181
f 3793 3796 3795
f 3493 3496 3495
f 2237 2236 3182
f 3513 3516 3515
f 2250 1631 2233
f 3654 3666 3667
f 2912 1629 1628
f 3819 3822 3821
f 3432 3824 3823
f 135 136 1564
f 1567 419 512
f 1085 1084 2653
f 3184 869 868
f 869 3184 3057
f 3389 3388 3387
f 1266 1268 1098
f 1267 2147 722
f 937 1146 2646
f 2146 1049 722
f 2211 2218 921
f 1957 510 507
f 1313 1312 2264
f 1496 362 1493
f 2887 2937 2933
f 1687 1688 1659
f 145 1499 1498
f 3831 3829 3830
f 37 38 418
f 1935 1934 3185
f 104 89 301
f 2101 2098 2083
f 543 298 360
f 1934 2219 3186
f 234 1521 212
f 9297 9273 1822
f 3825 3828 3827
f 1976 1875 1874
f 223 3186 2219
f 9107 9108 9057
f 2165 2164 467
f 467 468 2165
f 773 476 2165
f 3673 3658 3659
f 1935 1212 1728
f 3490 3491 3840
f 3362 3359 3848
f 3862 3865 3864
f 3465 3466 3484
f 3893 3894 3525
f 3352 3351 3430
f 3869 3872 3871
f 3529 3530 3567
f 3420 3417 3922
f 3304 3235 3236
f 3929 3932 3931
f 3324 3326 3327
f 3219 3937 3939
f 3220 3938 3937
f 3450 3375 3376
f 3942 3832 3833
f 3215 3216 3454
f 3946 3332 3215
f 3422 3949 3948
f 3950 3457 3198
f 3205 3206 3957
f 3261 3962 3961
f 3852 3853 3964
f 3214 3211 3946
f 3965 3213 3214
f 3797 3800 3799
f 3988 3991 3990
f 3777 3779 3806
f 3855 3858 3447
f 3737 3799 3800
f 3949 3953 3952
f 3651 3782 3783
f 4001 3784 3787
f 4019 4022 4021
f 4027 4030 4029
f 3258 3259 4030
f 4033 4036 4035
f 3424 3425 4047
f 3242 3243 4058
f 3970 3489 3547
f 3829 3242 4057
f 3333 3332 3947
f 4063 4068 4065
f 4073 4076 4075
f 3568 3456 3443
f 3981 3334 3335
f 3540 3915 3862
f 4078 4079 4031
f 3565 3566 4088
f 3442 3455 4089
f 4092 4095 4094
f 4093 4094 4097
f 3619 3620 3623
f 3660 4098 3821
f 3809 3648 3649
f 3610 3652 3655
f 3656 3622 3623
f 3621 3803 3804
f 3503 3480 3481
f 3436 3439 3438
f 3356 3428 3427
f 3628 3670 3669
f 3734 3811 4002
f 3276 3273 3370
f 3763 4106 4107
f 4006 4007 3754
f 3747 3751 3752
f 3863 3864 4110
f 3994 3891 4003
f 3653 3801 3664
f 3296 4116 4115
f 4117 4120 4119
f 3249 3252 3251
f 4127 4130 4129
f 3478 3575 3903
f 3410 4136 3921
f 3977 4061 4038
f 3216 3452 3453
f 3967 3547 3548
f 4140 4078 4032
f 3509 4086 4149
f 4151 4152 3659
f 4153 4152 3656
f 4153 4154 3646
f 4156 3688 3645
f 4139 4077 4078
f 3743 3744 4163
f 3861 3918 3987
f 3468 4066 4067
f 3306 3981 3980
f 4172 4173 4010
f 4169 4170 3836
f 4187 4190 4189
f 4213 4216 4215
f 4220 4223 4222
f 4225 4226 4211
f 4230 4233 4232
f 4240 4243 4242
f 3606 3609 3608
f 4250 4253 4252
f 4258 4261 4260
f 4077 4080 4079
f 4276 4279 4278
f 4308 4262 4263
f 4017 4018 3872
f 3196 3193 3951
f 4316 4317 4270
f 3870 4306 4307
f 4324 4327 4326
f 4333 4334 4247
f 4338 4341 4340
f 4348 4351 4350
f 4283 4284 4289
f 4356 4359 4358
f 4359 4019 4020
f 4362 4363 4196
f 4320 4364 4279
f 4370 4372 4296
f 4377 4253 4303
f 4231 4232 4201
f 4203 4212 4331
f 4037 4040 4039
f 4371 4265 4386
f 4387 4346 4347
f 3309 3293 3294
f 4099 3723 3724
f 4355 3422 3257
f 3630 3680 3693
f 4277 4278 4302
f 4350 4318 4319
f 4353 4354 4351
f 3637 3634 3639
f 4394 4395 3827
f 3311 3312 4399
f 3755 3708 4005
f 4363 4362 4259
f 3454 3453 3919
f 3446 3447 3459
f 4298 4299 4404
f 3749 3746 3769
f 3791 3741 3756
f 3643 3685 3684
f 3845 3846 3399
f 4313 3257 3258
f 4411 4413 4408
f 3843 4424 4423
f 4214 4215 4329
f 4431 4434 4433
f 3918 3861 3798
f 3927 3928 3388
f 4453 3893 3874
f 4138 4458 4457
f 3346 4460 4459
f 4100 4109 4108
f 3974 3977 3976
f 3665 3655 3652
f 3773 3565 3993
f 3945 3454 3920
f 4144 4463 4462
f 4464 4467 4466
f 3268 4142 4479
f 4484 3921 4136
f 3348 3914 4487
f 3313 3314 3912
f 3803 3621 3617
f 4086 3509 3510
f 4034 3304 3305
f 3403 3404 4171
f 4481 4482 4492
f 4177 4180 4179
f 4398 4170 3923
f 4451 4493 4494
f 4501 4075 4076
f 4509 4510 4506
f 3304 4034 4462
f 4485 4399 3312
f 3419 4488 3349
f 4356 4345 4385
f 4026 4354 4358
f 4354 4353 4357
f 3599 3596 4091
f 4341 4338 4254
f 4251 4252 4524
f 3482 3485 3484
f 3843 3543 3544
f 4295 4341 4274
f 4381 4530 4206
f 4204 4205 4531
f 4533 4536 4535
f 4542 4545 4544
f 4546 4549 4548
f 4573 4574 4547
f 4575 4578 4577
f 4221 4581 4580
f 4587 4590 4589
f 4328 4592 4589
f 4187 4565 4563
f 4595 4583 4593
f 4597 4605 4604
f 4609 4608 4611
f 4620 4623 4622
f 4612 4615 4614
f 4636 4638 4600
f 4649 4651 4650
f 4652 4655 4654
f 4662 4665 4664
f 4666 4669 4668
f 4637 4639 4685
f 4627 4701 4700
f 4684 4686 4636
f 4663 4689 4661
f 4699 4698 4697
f 4647 4648 4703
f 4709 4711 4603
f 4724 4633 4726
f 4742 4745 4744
f 3311 3923 3924
f 4698 4759 4758
f 4749 4765 4609
f 4342 4345 4344
f 4797 4800 4799
f 4490 4048 3974
f 4019 4359 4306
f 4512 3955 4514
f 3991 3988 4508
f 4692 4695 4694
f 4680 4681 4818
f 4821 4822 4824
f 4367 4239 4243
f 4833 4832 4831
f 4837 4744 4757
f 4332 4563 4562
f 4683 4835 4819
f 4845 4843 4850
f 4751 4753 4752
f 4854 4855 4695
f 4858 4719 4718
f 4822 4559 4859
f 4674 4646 4647
f 4771 4774 4773
f 4726 4727 4537
f 4714 4718 4719
f 4633 4634 4688
f 4616 4619 4618
f 4686 4684 4842
f 4869 4707 4708
f 3502 3868 3528
f 4777 4660 4737
f 4734 4732 4779
f 4883 4755 4663
f 4375 4294 4274
f 4290 4343 4335
f 4816 4815 4812
f 4778 4779 4732
f 4158 3710 4160
f 4195 4198 4197
f 3860 3861 4166
f 3758 3759 3763
f 3694 3691 4157
f 4249 4248 4391
f 3467 3470 3469
f 4209 4212 4211
f 4142 3268 4144
f 3615 3614 3617
f 3479 3480 3536
f 4883 4753 4672
f 4802 4801 4642
f 3698 3637 3638
f 4105 3725 3726
f 4848 4645 4896
f 4878 4877 4744
f 4610 4874 4748
f 4036 3403 4489
f 4355 4313 4314
f 4171 4141 4049
f 3875 3452 3216
f 4868 4865 4863
f 4623 4900 4691
f 3629 3626 4155
f 4654 4887 4898
f 4012 4015 4014
f 4902 4903 4866
f 4768 4769 4908
f 4370 4386 4385
f 4888 4860 4914
f 3546 3543 3917
f 4932 4926 4931
f 3625 3622 4151
f 3804 3669 3670
f 3816 4104 4103
f 4911 4898 4887
f 4928 4930 4927
f 4925 4929 4927
f 3655 3665 3666
f 4932 4919 4910
f 4937 4923 4912
f 4939 4938 4942
f 4228 4529 4530
f 4946 4945 4942
f 4938 4922 4923
f 4942 4938 4937
f 4951 4950 4930
f 4955 4951 4928
f 4748 4750 4615
f 4914 4860 4847
f 4824 4859 4584
f 4940 4939 4941
f 4916 4961 4960
f 4909 4907 4891
f 4971 4967 4968
f 4966 4970 4948
f 4962 4952 4953
f 4940 4935 4924
f 4831 4916 4917
f 4935 4936 4925
f 4275 4255 4261
f 4679 4758 4791
f 4016 4309 4373
f 4668 4764 4766
f 4539 4537 4727
f 4929 4925 4936
f 4775 4776 4801
f 4801 4776 4742
f 4732 4734 4611
f 4985 4984 4983
f 4534 4586 4562
f 4847 4644 4645
f 4788 4787 4619
f 4787 4788 4678
f 4657 4606 4605
f 4994 4996 4878
f 5006 5009 5008
f 5001 5003 4973
f 4814 4618 4619
f 5014 4989 4974
f 5003 5002 4972
f 5019 5006 5007
f 5024 5016 5017
f 5036 5037 5035
f 4990 5019 4975
f 5045 5033 5034
f 5048 5049 5034
f 5025 5017 5014
f 5046 5038 5043
f 5051 5052 5055
f 5044 5050 5060
f 5011 4981 5021
f 5013 5069 5068
f 5028 5073 5072
f 5077 5074 5064
f 5065 5080 5079
f 5083 5079 5080
f 5063 5067 5080
f 5054 5055 5071
f 4602 4603 4711
f 5058 5082 5083
f 4982 4983 4792
f 5041 5033 5045
f 3909 3911 3278
f 3471 3474 3473
f 5002 5003 4994
f 5060 5080 5067
f 4892 4861 4862
f 4891 4813 4884
f 4996 4994 5003
f 4997 5015 5005
f 4813 4617 4614
f 4618 4814 4827
f 5089 5090 5093
f 3303 3306 3305
f 5100 5103 5102
f 5107 5110 5109
f 5110 5115 5092
f 4610 4611 4734
f 5112 5103 5100
f 5088 5091 5090
f 5119 5118 5117
f 5092 5115 5096
f 3826 3830 3829
f 5108 5109 5102
f 5100 5130 5087
f 5118 5131 5133
f 3783 3689 3690
f 4444 4447 4446
f 5151 5153 5150
f 4790 4616 4617
f 4332 4182 4190
f 3266 3267 4451
f 3211 3947 3332
f 4741 4796 4760
f 4775 4778 4777
f 4764 4665 4691
f 4489 4171 4048
f 4466 4477 4511
f 4518 3936 3930
f 4786 4787 4791
f 4980 5005 4984
f 5144 5152 5150
f 5159 5146 5148
f 5121 5119 5120
f 5169 5164 5162
f 5016 4978 4979
f 5123 5180 5179
f 5181 5180 5140
f 5175 5185 5184
f 4575 4581 4586
f 4984 4985 4976
f 4596 4599 4598
f 5182 5181 5183
f 4785 4619 4787
f 5137 5124 5122
f 5167 5179 5180
f 4835 4683 4898
f 4687 4727 4726
f 4176 3836 4170
f 4760 4761 4655
f 4681 4680 4649
f 5121 5093 5132
f 5171 5191 5178
f 5174 5178 5191
f 5169 5193 5194
f 4909 5094 5095
f 5105 5104 5112
f 4767 5108 5126
f 5201 5202 5205
f 5219 5218 5217
f 5229 5214 5200
f 5234 5237 5236
f 4069 4072 4071
f 4724 4725 4717
f 5108 4767 4768
f 5103 5195 5126
f 5227 5218 5211
f 5015 4997 4884
f 4997 4998 4892
f 5197 5198 5215
f 5241 5199 5247
f 5013 4975 5019
f 5205 5239 5232
f 4969 4967 4971
f 5239 5205 5249
f 4808 5243 5225
f 5216 5247 5199
f 5253 5245 5242
f 5235 5236 5255
f 5135 5148 5157
f 5264 5260 5267
f 5245 5203 5215
f 5260 5261 5269
f 5264 5266 5274
f 5154 5153 5173
f 5287 5272 5278
f 5256 5301 5300
f 5173 5174 5176
f 4631 4630 4629
f 4781 4784 4783
f 5309 5307 5311
f 5155 5156 5144
f 4826 4828 4827
f 5291 5295 5308
f 5310 5311 5281
f 5311 5307 5308
f 4036 4033 4176
f 4641 4716 4704
f 5220 5224 4804
f 4770 5206 5207
f 5188 5185 5175
f 5180 5123 5129
f 4626 4700 5314
f 4731 4728 5315
f 5222 5213 5210
f 4728 4882 5316
f 5230 5219 5216
f 5297 5296 5240
f 5204 5233 5208
f 5318 4868 4864
f 5273 5272 5287
f 5221 5210 5219
f 4700 4902 5321
f 5313 5314 5328
f 5157 5149 5154
f 5275 5276 5263
f 5324 5322 5318
f 5323 5332 5331
f 5343 5334 5345
f 5306 5310 5286
f 5278 5281 5311
f 4882 4625 5320
f 5109 5110 5114
f 5123 5087 5130
f 5299 5283 5284
f 5240 5198 5199
f 5229 5231 5197
f 5305 5302 5292
f 5233 5228 5225
f 5192 5190 5194
f 5104 5105 4670
f 5146 5159 5160
f 5337 5340 5347
f 5347 5340 5341
f 5353 5346 5335
f 5349 5355 5354
f 5355 5358 5357
f 5358 5355 5360
f 5355 5349 5348
f 5342 5366 5365
f 5345 5346 5362
f 5332 5364 5367
f 5372 5371 5315
f 5370 5365 5366
f 5361 5356 5354
f 5364 5365 5368
f 5369 5344 5362
f 5316 5320 5330
f 5373 5359 5371
f 5341 5342 5364
f 5374 5358 5359
f 5329 5376 5375
f 5377 5380 5379
f 5377 5376 5331
f 5380 5377 5367
f 5363 5383 5370
f 5357 5358 5374
f 5381 5385 5361
f 4814 4815 4825
f 4825 4815 4816
f 4806 4746 4747
f 5119 5121 5131
f 4696 4697 4893
f 4696 5389 5390
f 5213 5222 5388
f 5393 5389 5388
f 5380 5382 5384
f 5213 5387 4893
f 4813 4891 4908
f 5390 5392 4693
f 5294 5289 5287
f 5184 5185 5186
f 5285 5275 5253
f 4769 4789 4790
f 5327 5371 5359
f 4598 4621 4690
f 4608 4606 4733
f 4627 4624 4609
f 4596 4604 4851
f 4900 4623 4706
f 4668 4795 5395
f 4863 4865 4639
f 5392 5393 4666
f 4872 4650 4651
f 4807 4791 4758
f 5348 5338 5325
f 5176 5191 5190
f 5046 5031 5022
f 4853 4852 4869
f 5346 5353 5363
f 4709 4880 4620
f 4672 4673 4904
f 4680 4811 4651
f 4841 4844 4688
f 4823 4817 4818
f 4729 4730 4602
f 4881 4729 4851
f 5360 5348 5326
f 4852 4900 4707
f 4890 4751 4669
f 5392 5390 5389
f 5189 5182 5186
f 4881 4604 4605
f 5343 5344 5369
f 4607 4624 4625
f 5056 5055 5052
f 4850 4797 4798
f 3260 5399 5398
f 4855 4736 4899
f 5339 5343 5366
f 4789 4905 4808
f 5400 4040 3948
f 3872 3424 4046
f 4018 3423 3424
f 4025 4523 4172
f 4011 4023 4024
f 4065 4068 3900
f 3413 4012 4013
f 5056 5068 5069
f 5055 5056 5070
f 4062 5398 5399
f 5269 5289 5294
f 4685 4866 4903
f 5254 5242 5240
f 4606 4657 4658
f 4729 4881 4882
f 4030 4041 4043
f 4664 4752 4753
f 3575 3483 3904
f 3413 3410 3922
f 4949 4968 4955
f 4947 4937 4913
f 4849 4850 4894
f 4143 3974 3975
f 4912 4923 4932
f 3774 3771 3995
f 3956 3954 3342
f 4871 4872 4758
f 4270 4273 4272
f 4039 4040 5400
f 3555 3969 5402
f 5403 5404 3906
f 3908 4126 3823
f 4124 4121 5408
f 3901 3902 4046
f 4120 4117 5410
f 4124 3962 4125
f 5420 3906 5404
f 5424 4059 5425
f 3400 5429 5428
f 5432 5433 5435
f 4941 4942 4945
f 4935 4940 4949
f 3895 3898 3897
f 5426 5408 4121
f 5430 3905 3906
f 4045 4041 5398
f 5395 4693 5392
f 4846 4903 4701
f 4880 4709 4710
f 4624 4607 4608
f 4656 4690 4662
f 5305 5307 5309
f 5220 5223 5222
f 4230 4223 4327
f 5030 5073 5028
f 5213 5212 5211
f 5440 3272 3269
f 4396 4397 3980
f 5447 5448 3244
f 3328 3330 5451
f 4208 4391 4248
f 4599 4620 4621
f 4528 4339 4391
f 4529 4228 4199
f 4526 4338 4339
f 4256 4235 5452
f 4532 5452 4241
f 3834 4400 5446
f 5443 5445 5444
f 4530 4247 4334
f 4754 4886 4904
f 4229 4228 4381
f 4205 4382 4383
f 4892 4998 4987
f 4039 4032 3976
f 4738 4780 4796
f 4833 4835 4897
f 4232 4527 4200
f 4194 4240 4241
f 4889 4794 4750
f 4194 4191 4365
f 4531 4383 4195
f 5043 5042 5062
f 4182 4332 4561
f 5446 5447 3241
f 5237 5239 5248
f 4206 4334 4382
f 5210 5211 5218
f 3426 3922 3417
f 4216 4191 4192
f 4219 4210 4184
f 4180 4561 4380
f 4327 4595 4591
f 4223 4230 4231
f 4215 4192 4360
f 4186 4568 4218
f 4190 4330 4209
f 4223 4220 4595
f 4326 4591 4328
f 4366 4389 4568
f 4570 4548 4549
f 4579 4573 4548
f 4563 5453 4533
f 4583 4595 4220
f 4586 4380 4561
f 4239 4196 4363
f 4572 4571 4567
f 4536 4539 4585
f 4538 5453 4566
f 4536 4533 5453
f 3573 3986 3983
f 5427 3963 3552
f 4553 4587 4588
f 4593 4554 4555
f 4368 4365 4183
f 4361 5452 4235
f 4233 4369 4527
f 4233 4230 4324
f 4212 4209 4330
f 4237 4324 4325
f 4193 4241 5452
f 4983 5015 4885
f 5002 4995 4986
f 5074 5077 5076
f 4698 4699 5391
f 5391 4699 5390
f 4871 4899 4650
f 4546 4857 4543
f 4553 4550 4901
f 4552 4588 4555
f 5223 4804 4805
f 5386 5382 5383
f 5317 5315 5371
f 3240 3237 4429
f 5384 5385 5381
f 3938 3217 3218
f 3942 3943 5455
f 5361 5385 5386
f 4542 4540 4541
f 3910 5430 5420
f 3939 3333 4060
f 3851 5350 5351
f 3838 5427 3556
f 4547 4858 4857
f 5442 5443 4050
f 3385 3874 5428
f 4257 4234 4235
f 5312 5212 4893
f 4212 4203 4204
f 3854 3849 5461
f 4226 4184 4210
f 4202 4177 4178
f 3316 3983 3897
f 5464 5465 4432
f 5465 5466 3883
f 4472 4469 4449
f 4501 4472 4450
f 4074 4075 4080
f 5473 5474 5401
f 4173 4172 5475
f 3432 3429 3520
f 3462 5505 5504
f 4075 4501 4494
f 5482 5481 3387
f 5468 5471 5470
f 3427 5421 5422
f 4498 4499 4487
f 5403 3824 5414
f 3382 5523 5522
f 3492 5512 5511
f 3429 3434 3517
f 3873 5522 5524
f 5480 5479 3350
f 3477 5508 5505
f 4507 4508 5544
f 4396 5550 5551
f 3374 5552 5553
f 3373 5553 5554
f 5479 4521 4063
f 3390 5554 5555
f 5531 5525 5566
f 3368 5568 5567
f 5556 5557 5560
f 3393 5555 5557
f 4433 3364 5463
f 5464 5463 5458
f 4435 4437 4439
f 4055 4393 3277
f 3273 3278 3911
f 3395 3357 3358
f 5486 3894 4071
f 5526 4455 4453
f 5525 5570 5569
f 5568 3526 3527
f 3527 3362 3847
f 3365 5461 3849
f 5462 3849 3850
f 4435 4436 5571
f 3378 3379 3943
f 5573 5578 5577
f 4438 5455 3943
f 5477 5574 5579
f 5582 5581 5580
f 5583 5580 5581
f 5586 5585 5588
f 4074 5472 5586
f 5583 5585 5474
f 4507 5589 5590
f 5573 5478 4522
f 3989 5595 5596
f 5594 3406 3407
f 4436 3381 5572
f 5591 3990 3991
f 4507 4475 4476
f 3990 5591 5587
f 5578 3409 3406
f 5595 3989 5584
f 5484 3394 3358
f 4441 4442 5467
f 5472 4074 4077
f 5522 5599 5570
f 5486 3358 3353
f 5481 4498 3386
f 3475 5506 5492
f 5476 4523 3899
f 5540 5541 5606
f 5542 5540 5603
f 5608 5543 5542
f 5608 5607 5545
f 5607 5603 5609
f 5599 5600 5548
f 5598 5592 5543
f 5595 5594 5593
f 5588 5584 3989
f 5626 3265 3266
f 5627 3266 4448
f 5469 4449 4469
f 4515 4517 5625
f 4503 4473 4474
f 4481 5626 5627
f 4500 5628 5469
f 3414 4468 5466
f 5594 5595 5581
f 3376 3377 4430
f 3444 3944 3941
f 5572 3944 3444
f 4273 4286 4287
f 4345 4356 4357
f 4386 4304 4305
f 4517 4462 4463
f 4352 4349 4319
f 4352 4250 4251
f 4268 4277 4390
f 4264 5629 4320
f 4346 4387 4282
f 4337 4335 4343
f 4289 4244 4245
f 4303 4378 4287
f 4343 4290 4291
f 4284 4333 4244
f 4375 4519 4291
f 4379 4319 4271
f 4337 4353 4348
f 4524 4525 4295
f 4364 4362 4197
f 4285 4282 4390
f 5206 5209 5208
f 4297 5629 4371
f 4346 4283 4286
f 4285 4300 4333
f 3571 3572 4395
f 5341 5340 5339
f 5346 5345 5334
f 5269 5261 5273
f 4510 4509 5609
f 4509 4474 5545
f 4445 4446 5611
f 5566 5569 5568
f 5349 5336 5338
f 5489 5490 3401
f 5565 5566 3368
f 5496 5497 5417
f 5523 3382 3383
f 5325 5338 5347
f 5523 5600 5599
f 5429 3400 3401
f 3887 5632 5631
f 5634 5613 5600
f 5276 5280 5279
f 5298 5297 5257
f 5087 5086 5085
f 3361 3526 5612
f 5041 5061 5066
f 5487 5488 3383
f 5101 5116 5130
f 5299 5298 5300
f 5333 5336 5335
f 5302 5305 5304
f 5234 5247 5216
f 5301 5256 5255
f 4868 5318 5322
f 5281 5278 5277
f 5323 5321 5322
f 5298 5284 5296
f 4885 4829 4750
f 5231 5230 5196
f 4625 4626 5313
f 5111 5113 5085
f 5600 5613 5549
f 5531 5564 5563
f 5165 5166 5182
f 5283 5280 5285
f 4269 4276 4277
f 5610 5609 5603
f 5127 5090 5091
f 4907 5095 5125
f 5277 5278 5272
f 5596 5593 5592
f 5212 5312 5226
f 5273 5261 5262
f 5302 5301 5258
f 5635 5646 5645
f 4250 4352 4379
f 4485 4136 3405
f 4354 4026 4023
f 4265 4262 4304
f 4388 4390 4282
f 4345 4342 4384
f 4362 4364 4297
f 4836 4765 4612
f 4360 4361 4236
f 4369 4233 4237
f 5647 5636 3986
f 5650 3965 3192
f 5337 5338 5336
f 4467 4478 4477
f 4253 4377 4340
f 4429 3416 5457
f 3997 4133 3915
f 5535 3856 3839
f 5538 5541 4460
f 3439 3376 5571
f 5570 5525 5526
f 3438 5571 5572
f 4440 4468 3879
f 3440 5665 4407
f 3886 5685 5695
f 5534 5529 5396
f 5685 3886 3471
f 4278 4198 4301
f 5628 4448 4449
f 3579 3537 3538
f 4480 5627 5628
f 4402 5499 5517
f 4279 4197 4198
f 3603 3534 3532
f 3580 3594 4088
f 4095 3530 3531
f 5248 5249 5251
f 3778 3819 3999
f 4617 4618 4613
f 4375 4275 4372
f 3411 3405 4136
f 5094 5106 5111
f 3602 3532 3535
f 4023 4011 4350
f 4349 4352 4336
f 3605 3535 3536
f 4469 4472 4471
f 4094 3531 3593
f 4248 4249 4245
f 3519 5521 5518
f 5254 5296 5284
f 4852 4853 4795
f 4265 4371 5629
f 5632 5499 5503
f 3604 3611 3612
f 5549 5501 5502
f 3653 3606 3607
f 4780 4738 4873
f 4988 4989 4979
f 4491 5625 5626
f 4837 4904 4995
f 4615 4612 4765
f 5468 4469 4470
f 3514 3470 3467
f 5491 5680 4409
f 4093 3618 3619
f 4364 4320 5629
f 3488 5510 5509
f 5606 5539 5611
f 4210 4219 4189
f 4600 4603 4602
f 5242 5215 5198
f 5073 5074 5075
f 5651 5657 3940
f 3996 3541 3775
f 5200 5203 5202
f 5525 5531 5527
f 3364 4433 4434
f 3775 3541 3542
f 3941 3833 5485
f 3731 3706 4105
f 4997 5000 4999
f 4508 5598 5608
f 4101 4099 3818
f 3728 4109 4103
f 4591 4593 4592
f 4539 4536 4538
f 4550 4553 4552
f 4541 4566 4567
f 4389 4579 4570
f 4582 4583 4580
f 4976 4979 4978
f 4705 4708 4707
f 4797 4850 4843
f 3713 3729 3730
f 4675 4647 4702
f 4977 4978 4981
f 4810 4818 4817
f 4786 4811 4812
f 4715 4631 4628
f 4978 5016 5021
f 5010 5009 5006
f 3722 3743 4162
f 4558 4557 4560
f 4568 4570 4569
f 4584 4578 4535
f 4641 4631 4715
f 5026 5014 5012
f 4776 4777 4745
f 4714 4628 4712
f 4982 4996 5001
f 4576 4577 4560
f 4564 4567 4566
f 5069 5013 5018
f 5057 5052 5048
f 4810 4812 4811
f 3710 4158 3786
f 4991 4992 4999
f 5011 5009 5010
f 5008 5020 5022
f 5066 5067 5063
f 5047 5037 5024
f 5050 5049 5051
f 5023 5021 5016
f 5045 5044 5059
f 5047 5025 5026
f 3711 3712 3724
f 5048 5035 5037
f 5042 5040 5063
f 5058 5053 5051
f 5036 5038 5046
f 3715 3699 3700
f 5235 5256 5257
f 3732 3729 3704
f 5030 5031 5062
f 5020 5021 5023
f 5263 5262 5261
f 5049 5050 5044
f 5236 5248 5250
f 5031 5030 5027
f 5043 5038 5039
f 5320 5313 5329
f 5049 5048 5052
f 5326 5319 5317
f 3264 3261 3288
f 5264 5265 5263
f 4998 4999 4992
f 5009 5011 5020
f 5036 5032 5039
f 5032 5035 5034
f 4355 4317 3949
f 4269 4266 4374
f 4253 4250 4378
f 4525 4524 4252
f 3960 4112 4111
f 4372 4275 4258
f 5681 5672 5673
f 4378 4379 4272
f 4270 4347 4346
f 3244 5448 5644
f 4899 4703 4648
f 3734 3732 3702
f 4138 3346 3343
f 4192 4193 4361
f 3813 4001 3812
f 3817 3695 3696
f 5668 5683 5682
f 5690 5691 5687
f 5499 5632 5700
f 3999 3819 3820
f 3745 3742 4102
f 5684 3471 3472
f 5702 3859 3860
f 5712 5713 5693
f 3249 3277 4393
f 5695 5683 5715
f 5694 5715 5716
f 5719 3972 5601
f 4918 4919 4950
f 4774 4742 4743
f 5505 4415 4411
f 3583 3584 3585
f 3710 3687 4157
f 5513 5725 4417
f 5704 3563 4146
f 4141 4045 4062
f 5669 5689 5688
f 3898 3895 5653
f 5718 3973 3972
f 5684 5687 5686
f 3917 4131 5717
f 3463 5666 5662
f 5492 5506 5680
f 4931 4930 4950
f 5665 3440 3441
f 3788 3717 3740
f 3501 3502 3529
f 3569 3570 3477
f 5516 5728 5727
f 3564 3567 3566
f 3892 5405 5406
f 3962 4124 5407
f 4126 3908 4123
f 4116 3296 3287
f 3892 3887 5630
f 3824 3432 5413
f 4408 4409 5680
f 3969 3966 3978
f 4408 4413 3449
f 4414 3448 3449
f 3962 3261 3262
f 4425 5724 5616
f 4418 5725 5727
f 5716 5597 5575
f 5719 5720 5717
f 5698 5498 5692
f 3880 5621 4166
f 5652 3212 5520
f 5621 5623 4167
f 5679 4409 4410
f 3210 3209 3355
f 5622 5534 5451
f 5416 5417 5497
f 5729 5732 5731
f 5733 5734 3761
f 5735 5738 5737
f 5750 5752 5751
f 5744 5745 5740
f 5744 3770 3753
f 5753 5754 5730
f 5757 5758 5736
f 5731 5752 5765
f 5774 5777 5776
f 5790 5793 5792
f 5796 5786 5787
f 5817 5814 5819
f 5828 5831 5830
f 3725 4105 3751
f 4874 4734 4873
f 4700 4701 4903
f 4740 4820 4876
f 3199 3202 3201
f 4100 4102 4099
f 3749 3767 4108
f 3695 3817 3712
f 3378 3381 3380
f 5504 4411 4412
f 4405 4402 5518
f 5838 5839 5835
f 4705 4632 4712
f 5832 5831 5828
f 5697 5677 5678
f 3791 4006 4005
f 5848 5791 5794
f 3714 3700 3701
f 3995 4148 4042
f 3329 3326 3224
f 4005 3708 3705
f 4551 4762 4763
f 5855 5798 5808
f 5851 5795 5792
f 5803 5801 5858
f 5844 5843 5840
f 5762 5759 5743
f 5808 5809 5806
f 4012 3413 3426
f 5558 3513 3467
f 4550 4763 4720
f 4950 4951 4953
f 3885 3886 5694
f 5705 5706 4081
f 5508 4417 4415
f 3745 3759 3760
f 5507 4412 5680
f 3592 3536 3588
f 3895 5434 5658
f 5613 5500 5501
f 3834 3830 4393
f 5527 4454 4455
f 5775 5806 5809
f 5766 5767 5813
f 5858 5811 5812
f 5855 5815 5811
f 5863 5820 5819
f 5826 5859 5863
f 5862 5866 5833
f 5870 5871 5837
f 5782 5783 5831
f 5868 5838 5836
f 5778 5779 5843
f 5866 5870 5845
f 5785 5864 5867
f 5790 5788 5789
f 5796 5797 5794
f 5821 5818 5819
f 5657 5651 5620
f 5793 5849 5852
f 5855 5858 5801
f 5853 5847 5786
f 5804 5805 5802
f 5827 5867 5864
f 5767 5768 5821
f 5854 5857 5776
f 5860 5817 5818
f 5782 5832 5825
f 5781 5778 5844
f 5810 5811 5815
f 5867 5827 5830
f 5809 5808 5798
f 5828 5829 5863
f 5865 5841 5838
f 5801 5803 5802
f 4086 5707 3795
f 5779 5780 5842
f 5827 5826 5829
f 5839 5872 5869
f 5814 5815 5855
f 5711 4132 3859
f 4958 4957 4917
f 5861 5818 5821
f 5863 5859 5812
f 5865 5868 5823
f 5873 5836 5837
f 5872 5839 5842
f 4089 3455 3563
f 3812 3787 3785
f 5770 5771 5787
f 5789 5786 5847
f 5793 5789 5846
f 4145 4147 4146
f 5848 5773 5790
f 3953 4008 4009
f 5748 5875 5874
f 4624 4627 4626
f 4665 4764 4752
f 4775 4780 4779
f 4746 4670 4671
f 4637 4600 4601
f 4828 4612 4613
f 4704 4763 4762
f 4843 4845 4727
f 4543 4717 4725
f 4731 4864 4863
f 4723 4594 4558
f 4842 4846 4840
f 4717 4543 4857
f 4865 4868 4867
f 5841 5865 5866
f 4725 4726 4540
f 4798 4799 4816
f 4632 4635 4634
f 4720 4716 4715
f 4642 4645 4644
f 3754 4007 5874
f 4860 4761 4644
f 4674 4723 4722
f 4808 4809 4676
f 4721 4722 4822
f 5876 5878 5877
f 4836 4838 4840
f 4658 4661 4660
f 4826 4799 4800
f 4877 4782 4743
f 4948 4970 4971
f 4875 4739 4876
f 4954 4933 4934
f 5773 5770 5788
f 5825 5832 5833
f 5834 5837 5836
f 5834 5844 5845
f 3359 3362 3361
f 5732 5729 3756
f 3394 3397 3396
f 3766 3769 5741
f 5774 5809 5799
f 5805 5776 5857
f 5813 5821 5820
f 3969 3555 3964
f 5667 5668 5674
f 5729 5747 3792
f 3770 5744 5741
f 4741 4740 4739
f 4689 4737 4660
f 5772 5797 5787
f 5735 5733 3758
f 5850 5772 5773
f 5617 5528 3965
f 5799 5800 5854
f 5875 5748 5764
f 5840 5843 5842
f 5861 5768 5769
f 5807 5804 5853
f 5869 5781 5834
f 3765 3768 5739
f 5882 5884 5761
f 5881 5879 5887
f 5895 5896 5898
f 5907 5905 5906
f 5909 5907 5908
f 4234 4257 4526
f 3912 3927 3389
f 5934 8731 8730
f 8730 8731 5930
f 4920 4923 4922
f 8845 8847 8853
f 4141 4171 3404
f 3733 3705 3706
f 8849 8847 8848
f 4234 4237 4236
f 8863 8858 5919
f 3733 4002 4004
f 5908 5906 8859
f 8865 8866 8871
f 8859 8858 8863
f 5927 5924 5925
f 5911 5903 5904
f 8878 8871 8866
f 5635 5638 5637
f 5745 5744 5746
f 3552 3555 3554
f 8857 8889 8890
f 5924 5927 8860
f 3553 3557 3556
f 5919 5920 8861
f 8869 8865 8870
f 8873 8871 8878
f 8856 8857 8875
f 8862 8861 5889
f 8846 8845 8844
f 8864 8863 8866
f 8729 8730 8883
f 8848 8846 8887
f 8878 8879 5888
f 8896 8854 8855
f 8853 8854 8896
f 8841 8842 5882
f 3489 3492 3491
f 8867 8859 8864
f 5910 5908 8867
f 5914 5910 8898
f 5916 5914 8899
f 5889 8861 8860
f 8876 8878 8893
f 5918 5916 8900
f 4424 5722 5726
f 8904 8903 8900
f 8909 8908 8904
f 8908 8907 8903
f 8869 8909 8905
f 3632 3668 3667
f 3687 3690 3689
f 3636 3682 3681
f 3664 3641 3639
f 4304 4307 4306
f 8909 8869 8891
f 3681 3696 3695
f 3758 3761 3760
f 3684 3701 3700
f 3721 3724 3723
f 3941 3944 3943
f 3738 3741 3740
f 3687 3710 3709
f 3238 3239 3938
f 4249 4303 4288
f 4499 4498 3344
f 4240 4194 4368
f 3453 3451 3951
f 4401 3971 3547
f 3950 3951 3451
f 3702 3704 3701
f 3725 3728 3727
f 3194 3207 3208
f 4034 4035 4461
f 3914 3348 3913
f 3483 3575 3533
f 3191 3958 3957
f 4292 3489 3970
f 3909 3910 3428
f 3959 3960 3866
f 4017 4308 4309
f 4316 4318 4008
f 4448 4451 4450
f 4414 4415 4417
f 3435 3430 3351
f 4413 4411 4415
f 3899 3902 3901
f 3780 3781 3648
f 3474 3471 3886
f 3958 3191 3192
f 3221 3223 3935
f 3905 3908 3907
f 3913 4488 4486
f 4420 4422 4421
f 3881 3884 3883
f 4004 3788 3790
f 4271 4319 4318
f 4259 4297 4296
f 3501 4003 4066
f 5897 5898 5900
f 5901 5902 5904
f 8854 8849 8856
f 3789 3785 3786
f 3651 3648 3781
f 5924 5899 5901
f 8870 8871 8873
f 8876 8877 8874
f 5912 5917 5918
f 3805 3918 3799
f 3369 3370 3395
f 3923 3926 3925
f 3916 3917 3512
f 3641 3664 3801
f 4276 4269 4323
f 4181 4229 4331
f 4428 4430 3377
f 3495 4425 4321
f 4436 4435 3380
f 4430 4428 4437
f 3945 3957 3958
f 4065 3901 4047
f 4495 4497 3408
f 8913 8912 8915
f 8911 8910 8917
f 8889 8922 8923
f 8919 8935 8931
f 8884 8914 8918
f 8922 8921 8931
f 5852 5907 5909
f 5866 5862 5915
f 8926 8918 8914
f 8914 8884 8883
f 8886 8919 8921
f 5846 5847 5894
f 5873 5902 5900
f 8893 5888 5764
f 8894 8893 5754
f 5890 8860 5927
f 5885 8896 5755
f 5871 5904 5902
f 5763 8936 5883
f 5880 5890 8936
f 4175 4176 4398
f 4274 4254 4255
f 8883 8730 5931
f 8868 8905 8898
f 3289 4059 3247
f 3858 3855 5485
f 8850 8848 8886
f 4116 4120 5409
f 3889 5406 4127
f 3678 3679 8938
f 8857 8850 8888
f 3979 3551 3294
f 4126 3352 3431
f 3651 4000 3679
f 3460 3858 5921
f 4084 3309 3310
f 8905 8904 8899
f 3561 3327 5397
f 3213 3965 5528
f 4191 4194 4193
f 5449 5450 5532
f 4142 3975 4031
f 4060 3947 5652
f 4480 4483 4482
f 5519 5520 3212
f 5657 5451 3330
f 4473 4476 4475
f 3514 3515 5668
f 5663 5670 5669
f 8881 5929 5926
f 5734 5733 5749
f 4788 4789 4677
f 3997 3996 3538
f 3551 3486 3310
f 3577 3578 3998
f 4893 4697 4676
f 4753 4751 4671
f 8729 8884 8885
f 3813 3703 9021
f 8938 4001 3813
f 8882 5931 5929
f 4098 5701 3820
f 3399 5405 5416
f 5494 5495 5503
f 5880 5877 5878
f 4986 4673 4861
f 4999 5000 5004
f 4985 5001 4988
f 5816 5769 5766
f 4372 4370 4384
f 5688 5691 5692
f 8903 8902 8901
f 8879 8862 5887
f 8902 8881 8880
f 5919 5893 5895
f 4519 4384 4342
f 8847 8849 8854
f 5925 5901 5903
f 4021 3899 4523
f 5678 5677 5676
f 4424 3843 4085
f 5701 3576 3577
f 5928 5925 5926
f 5000 5005 4980
f 9022 4147 3545
f 9024 9025 5409
f 4008 4011 4010
f 3931 3234 4516
f 3822 3806 3807
f 8851 8852 8844
f 5728 5516 5509
f 9025 9023 4115
f 5209 5200 5201
f 4820 4740 4653
f 3988 5596 5598
f 3370 3911 3357
f 5639 5642 5641
f 5592 4511 4477
f 3378 3944 5572
f 5625 4463 3265
f 5594 5582 5577
f 3302 5649 5645
f 3274 3277 3278
f 5207 5208 5233
f 5071 5070 5072
f 4815 4814 4785
f 4796 4802 4643
f 3243 3244 5643
f 5301 5302 5303
f 5431 3562 5655
f 5251 5249 5244
f 3353 3427 3523
f 4174 3404 3405
f 3546 4114 4113
f 4002 3789 3788
f 4196 4239 4238
f 3232 5646 5647
f 4373 4374 4266
f 4867 5322 5321
f 5648 4054 4058
f 4455 4070 3893
f 5593 3407 4511
f 5275 5265 5252
f 5252 5265 5274
f 4092 3619 3624
f 3723 3742 3743
f 4780 4775 4802
f 4059 3289 3560
f 4317 4355 4347
f 5188 5190 5192
f 5570 5599 5612
f 3385 5429 5633
f 3526 5568 5569
f 3576 5701 3608
f 3581 3542 3594
f 5239 5237 5238
f 5081 5079 5083
f 4369 4526 4528
f 4325 4326 4329
f 3569 3285 3286
f 9022 9026 4112
f 3661 3662 3801
f 5074 5073 5030
f 5064 5062 5063
f 3563 3497 3498
f 3961 5407 4119
f 4854 4853 4870
f 5018 5007 5028
f 5007 5008 5027
f 5040 5042 5039
f 3240 3375 3875
f 5070 5069 5029
f 3504 3481 3866
f 3537 3579 3591
f 5033 5041 5039
f 4710 4638 4635
f 5017 4979 4989
f 5024 5037 5046
f 4991 5006 5019
f 4587 4553 4574
f 4996 4982 4793
f 5066 5061 5059
f 5221 5230 5231
f 5068 5056 5057
f 3675 3676 3643
f 3663 3674 3675
f 4722 4558 4559
f 3579 3576 3590
f 3686 3676 3677
f 4422 4420 3499
f 5142 5141 5138
f 5078 5071 5075
f 3609 3589 3590
f 3288 3961 5411
f 5424 9024 5410
f 5152 5144 5156
f 3960 5704 5709
f 4946 4956 4957
f 3867 3903 5705
f 9026 9022 4113
f 5192 5193 5189
f 5161 5164 5194
f 3637 3698 3682
f 4392 5461 3847
f 3796 4114 4149
f 4104 3716 3727
f 3594 3595 3993
f 3796 3793 4134
f 3687 3688 4156
f 3760 3761 4164
f 4464 3344 3345
f 3485 3528 3868
f 3846 3845 5423
f 3409 4520 4496
f 3767 3768 3765
f 3711 3721 4159
f 3797 4132 4087
f 4072 4069 5562
f 4502 4076 5590
f 5408 5426 9027
f 5683 5695 5714
f 5702 3772 4110
f 5623 4042 4148
f 5428 3874 3525
f 3668 3803 3802
f 4000 4001 8938
f 4221 4222 4179
f 4267 4268 4388
f 3721 3722 4161
f 3903 5659 5706
f 3583 3580 4090
f 3894 5486 3524
f 4635 4638 4636
f 4173 5401 4009
f 4890 4666 5393
f 5290 5291 5293
f 5339 5340 5337
f 5458 5459 4438
f 3251 5419 5430
f 3252 5418 5419
f 3428 5420 5421
f 3571 5426 5418
f 4583 4582 4554
f 4239 4367 4224
f 3322 3898 5450
f 5309 5310 5306
f 4109 3728 3748
f 5707 3865 3794
f 5139 5184 5183
f 5271 5270 5290
f 5280 5283 5282
f 5110 5107 5125
f 5319 4864 4731
f 5334 5343 5339
f 5423 3522 3523
f 5376 5377 5378
f 4721 4681 4646
f 3719 4158 4159
f 4853 4854 4692
f 5373 5372 5330
f 4428 5457 5456
f 5376 5329 5328
f 3337 3367 4434
f 4692 4693 5395
f 5475 4172 4523
f 5478 3900 4068
f 5421 5404 4129
f 5374 5373 5375
f 5283 5299 5306
f 5246 5247 5234
f 5154 5149 5150
f 4458 5562 5561
f 5163 5159 5158
f 5381 5374 5378
f 3397 3394 5484
f 4457 5561 5563
f 5147 5143 5150
f 4474 4475 5544
f 5325 5318 5319
f 5223 5394 5388
f 5517 5700 3521
f 4499 5480 3347
f 5404 5403 4128
f 3476 5507 5506
f 4084 5516 5515
f 3900 5478 5477
f 5536 5564 5547
f 5491 5498 5493
f 5474 5472 4139
f 4063 4521 4522
f 4459 4460 5541
f 5548 5549 3360
f 5444 5445 5550
f 3888 3889 5415
f 5546 5547 3339
f 5536 5539 5538
f 3570 5513 5508
f 4471 4502 5589
f 4280 3848 3359
f 5499 4402 4403
f 5189 5193 5169
f 5543 4477 4478
f 4051 5551 5552
f 3461 5504 5507
f 4629 4630 4870
f 5106 5094 4909
f 5286 5281 5279
f 5462 5463 3364
f 3491 5511 5514
f 5224 5220 5231
f 4478 4459 5540
f 4099 4102 3742
f 4803 4806 4805
f 4130 5423 5422
f 4470 4471 4476
f 4924 4925 4921
f 4920 4921 4927
f 4993 4986 4987
f 4887 4888 4913
f 3894 3893 4070
f 5472 5474 5585
f 3508 4135 4134
f 3603 3600 4096
f 3772 3773 3992
f 5712 5664 5671
f 3739 3718 4162
f 5683 5668 3515
f 5480 4465 4495
f 5698 5699 5493
f 3578 3538 3996
f 3645 3646 4154
f 5660 3904 3466
f 4135 9026 5710
f 5587 5591 4073
f 5687 5689 5693
f 3584 3583 4091
f 5585 5583 5584
f 4128 5414 5415
f 4257 4254 4338
f 4222 4231 4178
f 4366 4365 4191
f 5098 5099 5091
f 5761 5757 5737
f 5760 5737 5738
f 8852 8842 5934
f 8874 8877 8855
f 8895 8897 8855
f 5884 5882 8842
f 4557 4554 4582
f 8890 8923 8917
f 8918 8926 8930
f 8924 8926 8915
f 4182 4181 4330
f 3864 5708 5711
f 3574 3317 3230
f 3342 3954 3415
f 3488 3486 3549
f 4317 4316 3953
f 3672 3659 4152
f 5708 3864 3865
f 9021 3703 3685
f 3621 3618 3616
f 5728 4422 4419
f 4311 4027 4028
f 4131 3917 3543
f 4426 3496 3842
f 4518 3956 4168
f 5457 5465 5464
f 5425 3560 3558
f 5458 4439 4437
f 3416 3414 5465
f 5638 9028 5437
f 3985 3986 5636
f 5646 5635 5636
f 9023 9025 3554
f 5722 5510 5514
f 3256 3933 3934
f 4164 3761 5734
f 8885 8918 8920
f 3282 3932 3929
f 3292 4394 3320
f 3232 3229 3300
f 3303 3236 3271
f 3562 5431 5432
f 3392 3387 3388
f 3854 5922 5350
f 5463 5462 5459
f 5935 3474 3885
f 3879 3415 3954
f 3928 3372 3391
f 4137 5559 4458
f 5454 5455 3850
f 3548 3490 3549
f 4443 4500 5470
f 4452 4505 4506
f 4468 3414 3415
f 4443 4440 3876
f 3234 3235 4515
f 5434 3895 3896
f 5448 5440 5441
f 5447 5446 5443
f 4442 5470 5471
f 5550 4056 3275
f 5578 5573 4520
f 3464 5667 5666
f 4701 4627 4839
f 3259 5398 4041
f 4015 4012 3423
f 3558 3323 3982
f 4856 4894 4823
f 4741 4652 4653
f 3759 3745 4106
f 3560 3289 3290
f 9024 5424 3557
f 5438 3279 3280
f 3321 3283 3290
f 5557 5483 4072
f 5553 3369 3396
f 4045 4141 4174
f 4539 4845 4849
f 3536 3480 3503
f 5478 5573 5574
f 3800 3797 3510
f 4755 4883 4886
f 5561 4454 5527
f 5752 5731 5732
f 5752 5750 5756
f 3518 5492 5493
f 3767 3762 4107
f 3534 3603 4097
f 4395 3572 3826
f 3926 4052 3371
f 4446 4510 5610
f 4050 5444 3980
f 8887 8846 8843
f 5649 5639 5640
f 4643 4644 4761
f 3709 3787 3784
f 4778 4659 4660
f 5649 3302 4054
f 5646 3232 3301
f 3250 3251 3910
f 5884 5886 5757
f 5655 5656 5936
f 4224 4227 4226
f 4043 4044 3412
f 4286 4289 4288
f 4267 4311 4310
f 4493 4079 4080
f 3325 5432 3226
f 3925 3371 3372
f 4312 4315 4314
f 3996 3997 3540
f 8908 8911 8912
f 4023 4026 4025
f 3995 3890 3891
f 5482 5556 5559
f 4486 3420 3921
f 4300 4285 4302
f 5438 5642 5644
f 3233 3932 3282
f 3225 3228 3227
f 5446 4400 5445
f 5554 3396 3397
f 4834 4833 4830
f 4064 3349 3350
f 3596 3599 3598
f 5639 5649 5648
f 5434 5431 5654
f 4895 4896 4830
f 3674 3677 3676
f 3551 3979 3978
f 3835 3836 3305
f 3813 3810 3702
f 3691 3711 4160
f 4109 4100 4101
f 4565 4187 4188
f 3490 3548 3547
f 3672 3646 3647
f 8906 8907 8912
f 3810 3812 3811
f 4051 4052 4397
f 3566 3599 4090
f 5580 5475 5476
f 4456 4457 5537
f 5539 5536 5546
f 8844 5934 8729
f 8872 8873 8874
f 4383 4301 4198
f 4931 4926 4927
f 5529 5530 5397
f 5314 5321 5323
f 5347 5332 5323
f 4711 4709 4599
f 5387 5388 5389
f 5259 5290 5292
f 5195 4806 4803
f 5195 5104 4746
f 4639 4865 4866
f 4821 4818 4681
f 3421 4037 5399
f 4730 4863 4601
f 4807 4651 4811
f 4040 4037 3421
f 4844 4841 4800
f 3936 3933 3929
f 4894 4798 4817
f 5365 5370 5383
f 4657 4656 4661
f 5224 5206 4770
f 5368 5383 5382
f 5336 5349 5352
f 5353 5356 5386
f 4070 4455 4454
f 5396 5397 3327
f 5225 5226 5312
f 5384 5382 5386
f 5391 4694 4695
f 4407 4410 4409
f 4623 4620 4880
f 5356 5353 5352
f 4578 4584 4859
f 3239 3875 3217
f 3937 3218 3333
f 4578 4575 4534
f 5467 5471 4505
f 4836 4828 4826
f 4422 5728 5721
f 3392 3393 5556
f 5564 5531 5565
f 3807 3808 3663
f 5922 3854 4392
f 3680 3695 3692
f 3630 3633 3632
f 4416 4417 5725
f 4033 3305 3836
f 3238 3220 4168
f 3466 3904 3483
f 3678 3677 3650
f 3677 3674 3649
f 3340 3337 4431
f 3562 3561 5656
f 5658 5654 5938
f 3642 3643 3640
f 3306 3303 3334
f 3256 3253 3280
f 8910 8891 8892
f 5868 5900 5898
f 8924 8923 8922
f 8935 8930 8925
f 8882 8906 8913
f 8925 8930 8926
f 5852 5849 5905
f 5136 5128 5124
f 4243 4363 4260
f 5238 5227 5228
f 5642 5639 5643
f 3924 3925 3928
f 5412 3521 5700
f 3750 3752 3751
f 3746 3752 3770
f 3859 3798 3861
f 3972 3973 3493
f 5923 8860 8861
f 4945 4946 4958
f 3296 3293 3286
f 3824 5403 3907
f 3671 3629 4154
f 4137 3343 5481
f 3614 3654 3802
f 3283 3284 3559
f 4936 4935 4934
f 5511 5723 5726
f 4170 4169 3926
f 3572 4393 3830
f 3459 3447 3858
f 3496 4426 4425
f 3457 3950 3436
f 3984 3983 3986
f 3914 3389 3386
f 5512 5724 5723
f 4500 4443 4483
f 4501 4502 4471
f 4503 4506 4505
f 4143 4144 4461
f 3331 3329 3222
f 4016 4015 4018
f 3998 3775 3776
f 4114 3796 5710
f 4405 5678 4406
f 5602 5604 5720
f 4767 4803 4804
f 4929 4933 4954
f 4410 4407 5665
f 3888 5700 5632
f 4048 4049 3977
f 3947 3211 3212
f 5676 5677 3472
f 5782 5785 5784
f 4315 4312 4311
f 5699 5518 5521
f 5864 5785 5825
f 5826 5827 5822
f 5775 5776 5805
f 3236 3233 3270
f 5823 5868 5859
f 4957 4848 4895
f 8868 8864 8865
f 4281 4392 3848
f 4940 4943 4971
f 4013 4014 4029
f 3685 3703 3701
f 4339 4340 4377
f 8891 8870 8872
f 3753 3750 3755
f 4427 4168 3220
f 3809 3806 3779
f 3568 4416 4418
f 3880 3987 3918
f 3543 3843 3842
f 4646 4649 4648
f 4656 4657 4597
f 4781 4876 4820
f 4972 4975 4974
f 5101 5102 5109
f 5095 5096 5115
f 5090 5127 5132
f 5131 5132 5134
f 5134 5132 5127
f 5117 5139 5140
f 3539 3862 3863
f 4006 3791 3792
f 5128 5091 5099
f 5097 5088 5089
f 5274 5266 5271
f 4571 4572 4569
f 4225 4531 4238
f 5156 5155 5170
f 4538 4541 4540
f 4622 4691 4665
f 4981 5011 5004
f 5012 4974 4975
f 5148 5147 5149
f 5157 5142 5133
f 5161 5155 5145
f 4261 4532 4242
f 5294 5295 5291
f 4255 4256 4532
f 5274 5259 5250
f 4246 4529 4207
f 3314 3924 3927
f 4670 4673 4672
f 4995 4904 4673
f 4638 4710 4603
f 4341 4295 4525
f 5163 5166 5165
f 4834 4783 4784
f 4784 4820 4682
f 4844 4843 4687
f 5280 5276 5275
f 4217 4572 4564
f 4554 4557 4556
f 4551 4552 4556
f 4549 4546 4544
f 5141 5142 5173
f 4653 4654 4683
f 4973 4974 4989
f 4984 5005 5015
f 5177 5172 5170
f 5166 5167 5181
f 5141 5184 5139
f 5178 5174 5151
f 5244 5202 5203
f 5252 5244 5245
f 4479 4031 4079
f 4402 4405 4404
f 3500 4418 4419
f 5856 5851 5909
f 4488 3913 3348
f 8851 8853 5885
f 3607 3608 5701
f 3508 3505 3503
f 5847 5858 5896
f 4374 4373 4309
f 3380 4439 4438
f 9025 9024 3553
f 5718 5717 4131
f 3300 3229 3283
f 5551 3275 3276
f 5552 3276 3369
f 5555 3397 5483
f 5859 5898 5896
f 4133 3793 3794
f 3606 3653 3652
f 4900 4852 4766
f 4616 4790 4789
f 3738 4165 4164
f 4774 4771 4642
f 4399 4485 3402
f 5853 5796 5795
f 3936 4518 4427
f 3418 3419 4064
f 5510 3488 3840
f 3270 3282 3279
f 3274 3275 4056
f 4359 4356 4305
f 4135 3508 3504
f 3610 3611 3609
f 3837 3556 3557
f 5940 3971 4401
f 5853 5804 5803
f 5725 5513 5515
f 3246 5410 4117
f 5713 5712 5672
f 4918 4961 4916
f 4148 3995 3771
f 5106 5105 5113
f 4147 9022 5709
f 5152 5172 5177
f 9026 4135 4111
f 5104 5195 5103
f 3531 3528 3485
f 3713 3716 3715
f 3699 3715 3815
f 4467 3345 4459
f 4703 4899 4736
f 5405 3399 3846
f 3555 3552 3963
f 4120 4116 5411
f 4217 4219 4185
f 3279 5438 5441
f 4944 4945 4959
f 4353 4337 4344
f 3815 3715 3716
f 3374 3371 4052
f 4491 4492 4516
f 5865 5824 5833
f 5819 5814 5856
f 5807 5851 5856
f 3933 3256 3281
f 3208 3205 3920
f 8907 8906 8902
f 5288 5308 5295
f 3728 3725 3747
f 3309 4084 4083
f 5119 5116 5101
f 3811 3785 3789
f 3595 3863 3992
f 4106 4102 4100
f 5696 5575 5576
f 3708 3755 3750
f 3744 3760 4165
f 5905 5891 5892
f 3403 4036 4175
f 4133 3997 3506
f 4147 4145 3544
f 3561 3562 3325
f 3237 3240 3239
f 4877 4878 4793
f 3241 3244 3243
f 3597 3624 3625
f 3279 3282 3281
f 3371 3374 3373
f 3599 3566 3567
f 3975 3976 4032
f 3277 3249 3250
f 3774 3564 3565
f 3658 3673 3780
f 4961 4962 4963
f 3600 3615 3616
f 4228 4229 4202
f 4011 4008 4318
f 4307 4304 4262
f 4838 4800 4841
f 4782 4783 4773
f 4914 4956 4946
f 4839 4609 4765
f 4771 4896 4645
f 4962 4965 4964
f 4966 4959 4963
f 3601 3612 3615
f 5878 5875 5879
f 5890 5880 5881
f 3720 3786 4158
f 4755 4756 4689
f 3740 3717 3718
f 5695 5685 5686
f 5740 5743 5742
f 5733 5735 5736
f 5755 5756 5750
f 5745 5763 5762
f 5798 5801 5800
f 4706 4880 4879
f 5651 5652 5619
f 5850 5794 5797
f 5804 5807 5806
f 4087 5708 5707
f 5915 5913 5914
f 5703 3860 4167
f 5893 5894 5896
f 5892 5893 5919
f 5706 5671 5664
f 5786 5789 5788
f 3973 4131 3841
f 4831 4832 4915
f 5906 5892 8858
f 4965 4967 4969
f 4684 4685 4846
f 3589 3609 3611
f 3596 3625 4150
f 5877 5880 5763
f 4121 4124 4123
f 3469 3465 3868
f 3204 3205 3208
f 3716 3713 3726
f 5460 9027 5426
f 3465 3469 3470
f 5738 5735 3764
f 4887 4654 4655
f 4203 4206 4205
f 3959 5705 4082
f 5758 5757 5886
f 5781 5869 5872
f 4675 4762 4723
f 3757 4164 5751
f 3334 3271 3272
f 8880 5926 5903
f 5615 5676 3473
f 5759 5761 5760
f 8845 8846 8848
f 5778 5781 5780
f 8857 8856 8849
f 4132 3797 3798
f 5839 5838 5841
f 560 1899 3187
f 5747 5874 4007
f 5928 5930 8840
f 5766 5769 5768
f 4848 4957 4956
f 4953 4968 4967
f 4832 4897 4910
f 5879 5764 5888
f 3598 3567 3530
f 5747 5729 5730
f 5754 5764 5748
f 5810 5813 5812
f 5758 5755 5749
f 4315 4388 4387
f 5917 5915 5916
f 5913 5909 5910
f 5930 8731 8841
f 4951 4955 4968
f 3209 3210 3201
f 4059 5424 3246
f 8731 5934 8842
f 3776 3582 3585
f 5770 5773 5772
f 5891 5894 5893
f 9028 5638 5641
f 5814 5817 5816
f 5662 5675 5673
f 3522 3525 3524
f 5630 5631 5942
f 5791 5792 5795
f 5746 3753 3754
f 5928 5929 5931
f 5743 5760 5739
f 5876 5874 5875
f 3678 8937 9021
f 4200 4208 4207
f 4114 3546 3916
f 3601 3602 3605
f 3818 3724 3712
f 3315 3318 3317
f 5899 5900 5902
f 8840 8841 5883
f 5562 4458 5559
f 4416 3568 3448
f 3189 3192 3191
f 4751 4890 4747
f 4181 4182 4180
f 3832 3942 5454
f 3362 3527 3526
f 5678 4405 5699
f 3497 3500 3499
f 448 1980 807
f 647 648 122
f 5690 3472 5677
f 4183 4186 4185
f 1833 1848 1780
f 5920 5895 5897
f 510 509 508
f 4401 3967 5944
f 5656 5397 5530
f 3970 3971 5940
f 5653 5658 5939
f 5450 5653 5946
f 3384 5633 5945
f 4403 4404 4299
f 5944 3967 3968
f 3963 5427 5951
f 5614 3473 3474
f 5427 3838 3857
f 3210 1949 1887
f 1887 15 3200
f 15 16 3197
f 16 3188 3195
f 3195 3188 3187
f 3194 3187 1899
f 3207 1899 375
f 387 173 126
f 3189 1791 1760
f 9029 763 757
f 763 9029 2172
f 9035 9034 9032
f 9033 9032 9031
f 9046 9049 9048
f 8751 9053 9054
f 9078 9076 9077
f 9083 9087 9051
f 9088 9089 9047
f 9099 9036 9040
f 9102 9034 9036
f 9105 9031 9032
f 9105 2176 9106
f 1801 1864 9108
f 9103 9032 9034
f 9096 9090 9047
f 1767 1768 9111
f 1597 9115 9113
f 1708 1707 9117
f 9123 9120 9119
f 9118 9119 9125
f 1588 1708 9116
f 2080 9123 9118
f 2082 9118 9124
f 9126 9129 9087
f 9129 9130 9088
f 5512 3492 5943
f 5634 3383 5488
f 5724 5512 5947
f 9134 9099 9097
f 9144 9103 9102
f 9133 9097 9096
f 786 9146 9144
f 9146 9105 9103
f 785 9144 9138
f 497 9138 9134
f 650 9134 9133
f 9148 564 9133
f 8756 9058 9057
f 9154 9151 9130
f 9151 9150 9131
f 9097 9040 9090
f 1799 9109 9111
f 5949 3968 3964
f 9160 9156 8809
f 8813 9162 9160
f 9166 463 564
f 9067 9058 9054
f 9162 9166 9148
f 9087 9088 9048
f 9081 9078 9079
f 9049 9052 9051
f 9082 9168 9167
f 9079 9077 9049
f 9169 9168 9175
f 9167 9115 9112
f 9168 9169 9177
f 9120 9117 9113
f 9120 9177 9169
f 9119 9169 9170
f 9179 9180 9125
f 9180 1576 9124
f 9178 9179 9170
f 1576 2101 2084
f 9179 9178 9183
f 3203 376 1387
f 3190 1387 1791
f 5618 2152 1949
f 317 240 259
f 2000 2176 9105
f 9053 9051 9052
f 9041 9040 9036
f 9029 758 756
f 9037 9036 9034
f 9130 9131 9089
f 3204 375 376
f 1801 9107 9109
f 9181 9187 9180
f 1575 9187 9190
f 9187 1575 1576
f 1776 1795 1796
f 1293 1294 1290
f 1326 14 1327
f 1294 1245 1234
f 878 1244 1330
f 5633 3401 5490
f 5933 3359 3360
f 5613 5634 5948
f 5604 5605 3844
f 3972 3494 5950
f 3494 3495 4322
f 4406 5676 5615
f 3492 3489 4292
f 5631 5503 5495
f 497 373 374
f 122 648 413
f 5624 5489 3398
f 9151 9154 9156
f 9058 8756 8752
f 9160 9162 9150
f 8815 9166 9162
f 9156 9126 8794
f 439 398 399
f 1512 1528 1526
f 1668 1741 1738
f 839 849 1362
f 1362 1357 826
f 3425 3417 3418
f 4905 5207 5243
f 4621 4622 4662
f 5582 5579 5574
f 4754 4757 4756
f 3902 3899 4021
f 9295 740 1896
f 2053 2054 2118
f 9340 9339 2120
f 696 697 9268
f 4922 4938 4939
f 4365 4366 4186
f 5105 5106 4862
f 5228 5227 5226
f 4781 4782 4877
f 5218 5227 5238
f 4990 4993 4992
f 4335 4337 4336
f 4993 4990 4972
f 4794 4793 4792
f 5886 5884 8852
f 5405 3892 5417
f 4669 4752 4764
f 4676 4697 4698
f 1826 1878 639
f 9192 9191 9181
f 5232 5228 5233
f 5418 4121 4122
f 956 885 886
f 5720 3844 3512
f 4728 4731 4730
f 8879 8866 8863
f 1980 806 1922
f 4969 4970 4966
f 33 34 105
f 9028 3253 3254
f 3837 3558 3839
f 4382 4300 4301
f 3908 3905 4122
f 4290 4295 4294
f 4400 3834 4055
f 3219 3222 3221
f 8894 8895 8877
f 4640 4736 4735
f 4389 4366 4216
f 3267 4479 4493
f 3268 3265 4463
f 5097 5111 5098
f 5094 5097 5096
f 5654 5655 5937
f 4089 5704 3960
f 5159 5163 5162
f 5202 5244 5249
f 5412 5415 5414
f 5715 3515 3516
f 5723 4426 4423
f 4263 4264 4323
f 3994 3529 3564
f 1343 1344 9308
f 3470 3514 5667
f 5659 5661 5671
f 3319 3828 4053
f 9359 2127 2128
f 1766 1581 1582
f 14 1326 2163
f 595 98 99
f 5703 3771 3772
f 5206 5224 5229
f 3437 3446 3458
f 5516 4084 3487
f 5122 5086 5087
f 3223 3297 3934
f 3979 9023 5402
f 3828 3319 3320
f 5663 3441 4081
f 4035 4489 4490
f 4426 5723 5724
f 3881 4452 4447
f 5407 5408 4118
f 5691 5688 5689
f 5661 5673 5672
f 5911 5918 8901
f 3902 4022 3871
f 5541 5538 5539
f 4069 4454 5561
f 3248 4394 3292
f 1346 1035 1044
f 748 1888 1425
f 3297 3228 3255
f 5445 4400 4056
f 5783 5784 5830
f 4310 4028 4376
f 5857 5854 5800
f 3882 5467 4452
f 3193 3208 3919
f 3190 3191 3206
f 4266 4269 4268
f 4488 3419 3420
f 3331 3939 3940
f 4282 4285 4284
f 4606 4608 4607
f 4628 4629 4708
f 4659 4732 4733
f 4615 4750 4829
f 4718 4714 4713
f 5722 4424 4421
f 3307 3462 3461
f 4686 4688 4634
f 3966 3548 3550
f 4738 4739 4875
f 3416 4429 3237
f 4527 4528 4208
f 5093 5121 5114
f 5124 5099 5086
f 5117 5118 5138
f 4631 4641 4640
f 5166 5163 5168
f 5185 5188 5187
f 5194 5190 5191
f 3245 4117 4118
f 5214 5215 5203
f 3230 3317 3318
f 5237 5234 5217
f 5250 5259 5258
f 5113 5112 5084
f 5270 5267 5269
f 4906 5125 5107
f 5271 5266 5267
f 5276 5277 5262
f 5153 5151 5174
f 5290 5270 5268
f 5306 5299 5303
f 5147 5148 5146
f 4585 4849 4856
f 3226 5435 5436
f 4473 4503 4504
f 5765 5756 8897
f 4529 4246 4247
f 8923 8924 8916
f 5713 5681 5682
f 3315 3897 3898
f 5564 5536 5537
f 4468 4440 4441
f 3738 3739 4163
f 4577 4859 4559
f 5567 3527 3366
f 3587 3584 4150
f 5471 5468 4504
f 5860 5769 5816
f 3516 3513 5558
f 5436 3985 5637
f 5050 5053 5083
f 5547 5565 3338
f 9023 3979 3295
f 5708 4087 4132
f 4104 3816 3814
f 3718 3719 4161
f 5498 5491 5679
f 3884 4431 4432
f 3955 4512 3877
f 4049 4062 4061
f 8892 8872 8875
f 4572 4217 4218
f 4440 4443 4442
f 4497 4511 3407
f 8906 8882 8881
f 5664 5712 5670
f 3751 4105 3706
f 3511 3735 3736
f 5129 5130 5116
f 5086 5099 5098
f 5135 5127 5128
f 5143 5146 5145
f 5168 5158 5136
f 5297 5241 5246
f 5164 5161 5160
f 5155 5161 5171
f 5137 5179 5167
f 5293 5308 5307
f 5513 3570 4083
f 4053 3828 3825
f 3228 3297 3298
f 3631 3632 3635
f 5689 5669 5670
f 5759 5762 5883
f 3793 4133 3507
f 4906 4908 4891
f 4719 4858 4901
f 3597 3598 4095
f 3352 4126 4125
f 9064 9057 9058
f 9076 9064 9067
f 9083 8766 8794
f 9131 9132 9096
f 9138 9102 9099
f 9154 9129 9126
f 9077 9067 9052
f 9053 8751 8766
f 9191 9190 9187
f 9082 9079 9046
f 9193 9175 9168
f 1284 1290 1288
f 9150 9148 9132
f 3841 3842 3496
f 3570 3569 3336
f 4027 4311 4312
f 4889 4876 4781
f 4041 4045 4044
f 4885 4884 4813
f 5419 4122 3905
f 4367 4368 4227
f 1778 1781 1780
f 1792 1759 1584
f 4308 4017 3869
f 4594 4723 4762
f 4767 4770 4769
f 5461 3365 3366
f 4763 4704 4716
f 4919 4918 4915
f 4300 4382 4334
f 5196 5199 5198
f 5158 5148 5135
f 5431 5434 5433
f 4545 4567 4571
f 4557 4558 4594
f 695 570 571
f 4156 4155 3626
f 4861 4673 4670
f 5681 5675 5674
f 5473 5475 5580
f 3622 3656 4152
f 5647 3573 3574
f 3674 3663 3808
f 4420 4145 3498
f 5675 5662 5666
f 3253 9028 5439
f 5870 5866 5917
f 8887 8920 8919
f 5862 5856 5913
f 3534 3593 3485
f 3313 4486 4484
f 9090 9193 9046
f 4871 4759 4695
f 3778 3777 3822
f 4889 4748 4874
f 4000 3783 3784
f 4897 4898 4911
f 3856 3857 3838
f 4772 4830 4896
f 4015 4016 4376
f 3433 3461 3476
f 4053 4054 3302
f 3367 5567 3363
f 3242 3829 3831
f 3441 3442 4082
f 4735 4736 4855
f 4756 4757 4737
f 3382 3385 3384
f 3698 3699 3697
f 4676 4679 4678
f 4948 4943 4941
f 4890 5394 4805
f 4757 4744 4745
f 4581 4221 4380
f 5716 3516 5932
f 4923 4920 4926
f 5077 5079 5081
f 5078 5082 5058
f 4009 5401 5400
f 5081 5082 5078
f 3930 3931 4513
f 4014 4376 4028
f 4025 4026 4020
f 3618 4093 4096
f 4581 4575 4576
f 4219 4217 4188
f 5440 5442 3335
f 5449 3982 3323
f 4229 4181 4177
f 4590 4213 4214
f 4227 4183 4184
f 4574 4901 4858
f 4565 4566 5453
f 4592 4555 4588
f 4590 4587 4573
f 3517 3518 5521
f 3845 5428 3522
f 4444 3340 3884
f 3982 5449 5533
f 4465 4466 4497
f 4520 4522 4521
f 4076 4073 5591
f 3635 3667 3666
f 3343 3344 4498
f 4022 4019 3870
f 3661 3607 4098
f 5691 5690 5697
f 3768 3766 5742
f 4514 3955 3956
f 3697 3815 3814
f 4394 3248 5460
f 4054 4053 4057
f 3284 3318 3323
f 4052 3926 4169
f 4447 4506 4510
f 4456 4460 3346
f 4483 3876 3877
f 4482 3877 4512
f 4492 4512 4513
f 5642 5438 5439
f 5448 5447 5442
f 5466 4441 3882
f 3340 4444 4445
f 8908 8909 8910
f 4397 4169 3835
f 5413 3520 3521
f 3234 3931 3932
f 5753 5765 8895
f 8896 8897 5756
f 8921 8922 8889
f 8915 8912 8911
f 3933 3936 3935
f 3620 3804 3657
f 3966 3969 3968
f 4905 4789 4769
f 3225 5436 5437
f 5433 3896 3984
f 5714 5686 5693
f 5435 3984 3985
f 3954 3956 3955
f 4713 4712 4632
f 4879 4635 4632
f 3983 3984 3896
f 9027 5460 3248
f 5871 5870 5912
f 5849 5846 5891
f 4702 4703 4640
f 4213 4590 4579
f 3644 3645 3688
f 9193 9090 9040
f 8920 8930 8935
f 5406 3846 4130
f 4140 5400 5401
f 5659 3903 3904
f 4772 4773 4783
f 4244 4247 4246
f 4061 5399 4037
f 3669 3804 3803
f 3459 3460 3209
f 4072 5483 5484
f 4835 4833 4834
f 5660 5662 5661
f 4262 4265 4264
f 3633 3630 3627
f 3685 3643 3676
f 4517 4515 3235
f 4145 4420 4085
f 5455 4438 5459
f 5638 5635 5640
f 3228 3225 3254
f 4044 4174 3411
f 3614 3615 3612
f 3273 3276 3275
f 4952 4962 4961
f 4959 4958 4960
f 4888 4655 4761
f 4254 4257 4256
f 4199 4202 4201
f 4499 4464 4465
f 5479 4495 4496
f 5952 5953 5954
f 5956 5957 5958
f 5959 5958 5960
f 5962 5963 5964
f 5966 5967 5968
f 5967 5970 5971
f 5963 5962 5961
f 5972 5965 5964
f 5974 5975 5976
f 5978 5979 5980
f 5982 5983 5984
f 5986 5987 5985
f 5988 5989 5990
f 5992 5993 5994
f 5996 5997 5998
f 6000 6001 6002
f 6004 6005 6006
f 6008 6009 6010
f 6012 6013 6014
f 6016 6017 6018
f 6020 6021 6022
f 6024 6025 6026
f 6028 6029 6030
f 6032 6033 6034
f 6036 6037 6038
f 6040 6041 6013
f 6042 6043 6044
f 5992 6046 6047
f 6048 6049 6050
f 6052 6053 6054
f 6056 6057 6058
f 6060 6061 5987
f 6062 6063 6064
f 6066 6067 6068
f 6070 6071 6027
f 6072 6073 6057
f 6075 6076 6077
f 6078 6079 6080
f 6082 6083 6054
f 6085 6078 6081
f 6087 6061 5990
f 6061 6087 6089
f 6089 6090 6091
f 6092 6091 6093
f 6095 5978 5981
f 6062 6082 6084
f 6097 6098 6035
f 6056 6049 6099
f 6100 6101 6102
f 6001 6000 6104
f 6107 6108 6109
f 6110 6111 6112
f 6114 6026 6025
f 6116 6117 6118
f 6120 6121 6122
f 6124 6125 6126
f 6128 6129 6101
f 6039 6130 6131
f 6132 6133 6134
f 6136 6137 6138
f 6139 6140 6141
f 6143 6144 6145
f 6148 6149 6150
f 6152 6153 6154
f 6155 6156 6157
f 6159 6160 6161
f 6163 6164 6165
f 6167 6168 6169
f 6171 6172 6173
f 6175 6176 6104
f 6178 6179 6180
f 6023 6182 6183
f 6184 6185 6186
f 6117 6116 6188
f 6190 6191 6192
f 6194 6070 6026
f 6195 6196 6191
f 6197 6198 6199
f 6201 6202 6203
f 6205 6206 6207
f 6209 6210 6201
f 6197 6200 6211
f 6212 6211 6213
f 5979 6215 6214
f 6203 6216 6217
f 6206 6199 6198
f 6218 5961 5962
f 5965 6220 6219
f 5972 3355 3354
f 6070 6194 6222
f 6224 6225 6226
f 6228 6229 6230
f 6232 6233 6234
f 6196 6195 6236
f 6071 6070 6223
f 6239 6240 6241
f 6243 6244 6245
f 6247 6073 6248
f 6250 6251 6252
f 6254 6255 6256
f 6258 6259 6260
f 6229 6262 6263
f 6264 6265 6242
f 6266 6267 6268
f 6270 6271 6272
f 6274 6275 6276
f 6195 6278 6279
f 6280 6278 6281
f 6283 6284 6285
f 6123 6122 6287
f 6289 6290 6291
f 6293 6294 6243
f 6240 6296 6297
f 6298 6299 6267
f 6300 6301 6302
f 6304 6305 6306
f 6251 6250 6308
f 6247 6310 6311
f 6313 6314 6315
f 6314 6313 6317
f 6319 6086 6320
f 6322 6087 6088
f 6216 6324 6258
f 6325 6326 6327
f 6217 6258 6261
f 6330 6071 6238
f 6071 6330 6048
f 6015 6332 6333
f 6079 6334 6335
f 6336 6294 6240
f 6294 6293 6296
f 6337 6338 6339
f 6341 6342 6343
f 6345 6346 6347
f 6266 6264 6349
f 6350 6351 6352
f 6295 6243 6246
f 6303 6355 6356
f 6357 6358 6359
f 6361 6362 6363
f 6365 6350 6353
f 6367 6368 6369
f 6371 6367 6370
f 6372 6373 6374
f 6375 6374 6373
f 6376 6377 6378
f 6379 6380 6381
f 6383 6384 6385
f 6387 6388 6389
f 6391 6392 6393
f 6395 6396 6397
f 6398 6399 6400
f 6399 6401 6402
f 6403 6402 6401
f 6405 6406 6407
f 6409 6410 6411
f 6367 6371 6413
f 6374 6375 6415
f 6417 6418 6384
f 6419 6420 6348
f 6421 6422 6423
f 6425 6426 6400
f 6426 6427 6395
f 6393 6396 6428
f 6429 6430 6394
f 6390 6389 6431
f 6433 6434 6408
f 6435 6436 6437
f 6439 6440 6411
f 6392 6391 6441
f 6397 6392 6442
f 6401 6399 6444
f 6446 6447 6437
f 6448 6449 6450
f 6452 6453 6454
f 6442 6441 6456
f 6443 6442 6457
f 6444 6459 6460
f 6445 6444 6461
f 6463 6464 6462
f 6446 6445 6462
f 6466 6467 6468
f 6448 6451 6470
f 6453 6452 6472
f 6474 6475 6476
f 6478 6479 6480
f 6482 6483 6484
f 6486 6487 6488
f 6490 6491 6492
f 6493 6492 6494
f 6496 6497 6498
f 6500 6501 6502
f 6504 6505 6506
f 6508 6468 6509
f 6511 6512 6513
f 6499 6514 6515
f 6516 6517 6518
f 6520 6521 6522
f 6524 6507 6525
f 6507 6524 6527
f 6504 6527 6528
f 6528 6511 6508
f 6529 6530 6531
f 6342 6533 6534
f 6535 6347 6346
f 6347 6535 6537
f 6434 6538 6539
f 6539 6540 6405
f 6541 6542 6451
f 6543 6544 6470
f 6546 6478 6481
f 6499 6498 6548
f 6549 6550 6514
f 6551 6552 6553
f 6555 6556 6557
f 6403 6436 6423
f 6426 6425 6413
f 6415 6560 6428
f 6430 6429 6561
f 6434 6433 6420
f 6563 6564 6565
f 6404 6401 6445
f 6459 6444 6399
f 6455 6454 6388
f 6405 6450 6449
f 6540 6541 6450
f 6567 6495 6568
f 6570 6464 6463
f 6475 6474 6490
f 6458 6457 6571
f 6573 6571 6574
f 6576 6577 6578
f 6193 6192 6580
f 6582 6583 6584
f 6583 6582 6586
f 6588 6589 6587
f 6590 6069 6068
f 6592 6593 6594
f 6251 6310 6595
f 6304 6596 6597
f 6272 3735 6599
f 3737 3736 6558
f 6600 6161 6160
f 6123 6602 6603
f 6604 6605 6606
f 6608 6205 6208
f 5972 6221 6220
f 6610 6611 6612
f 6613 6614 6615
f 6242 6617 6618
f 6226 6619 6245
f 6620 6621 6622
f 6624 6143 6146
f 6626 6213 6211
f 6627 6628 6629
f 6631 6632 6633
f 6235 6635 6636
f 6637 6638 6639
f 6641 6625 6286
f 6643 6644 6645
f 6647 6648 6649
f 6244 6243 6294
f 6336 6651 6652
f 6194 6196 6237
f 6196 6194 6114
f 6115 6192 6191
f 6653 6654 6655
f 6657 6117 6189
f 6117 6657 6659
f 6130 6157 6156
f 6133 6152 6151
f 6661 6111 6662
f 6663 6613 6616
f 6664 6270 6273
f 6418 6417 6432
f 6290 6325 6328
f 6666 6557 6556
f 6557 6666 3805
f 5971 6667 6668
f 6181 6669 6670
f 6671 6672 6673
f 6676 6673 6672
f 6675 6150 6149
f 6067 6066 5999
f 6677 6678 6679
f 6681 6682 6683
f 6087 6322 6090
f 5983 5982 6685
f 5982 6094 6687
f 6094 6093 6688
f 6211 6200 6137
f 6689 6690 6691
f 6690 6689 3833
f 6001 5983 6686
f 5978 6693 6215
f 6694 6693 5978
f 5974 6694 6095
f 6183 6182 6696
f 6698 5959 5961
f 5959 6698 6699
f 6697 6696 6700
f 6702 6629 6703
f 5968 6668 6705
f 6706 5977 5955
f 6707 6618 6617
f 6024 6051 6709
f 6402 6403 6559
f 3852 6711 6712
f 3856 6594 6593
f 5977 6706 6694
f 6713 5955 5977
f 6714 6715 6716
f 6718 6719 6308
f 6720 6255 6254
f 6722 6723 6724
f 6312 6311 6726
f 6069 6590 6728
f 6319 6594 6730
f 6731 6645 6644
f 6732 6733 6734
f 6046 6053 6320
f 3880 3805 6666
f 6736 6737 6738
f 6531 6740 6741
f 6300 6356 6614
f 6742 6532 6325
f 6743 6742 3891
f 6744 6302 6301
f 6746 6747 6534
f 6536 6576 6579
f 6535 6579 6563
f 6566 6538 6537
f 6538 6566 6409
f 6412 6540 6539
f 6412 6748 6541
f 6748 6749 6542
f 6749 6569 6545
f 6568 6750 6547
f 6751 6752 6548
f 6753 6754 6550
f 6755 6756 6757
f 6759 6760 6761
f 6763 6764 6765
f 6764 6620 6623
f 6766 6767 6768
f 6770 6771 6772
f 6774 6775 6776
f 6021 6774 6777
f 6723 6778 6779
f 6780 6781 6782
f 6784 6785 6786
f 6788 6789 6790
f 6185 6792 6793
f 6794 6722 6725
f 6729 6796 6098
f 6135 6797 6798
f 6799 6062 6065
f 6037 6801 6802
f 6005 6004 6588
f 6005 6803 6804
f 6052 6055 6010
f 6586 6582 6803
f 6092 5985 5987
f 6094 5982 5985
f 6096 6806 6695
f 6082 6062 6799
f 6657 6013 6041
f 6013 6657 6658
f 6795 6725 6807
f 6809 6810 6811
f 6813 6814 6815
f 6817 6818 6819
f 6821 6822 6823
f 6329 6209 6204
f 6202 6825 6826
f 6072 6099 6827
f 6598 6829 6305
f 6301 6300 6613
f 6830 6831 6271
f 6822 6779 6778
f 6326 6741 6832
f 6203 6826 6833
f 6027 6048 6051
f 6360 6834 6835
f 6836 6837 6838
f 6837 6840 6841
f 6362 6365 6366
f 6380 6385 6384
f 6421 6564 6578
f 6566 6565 6410
f 6394 6389 6388
f 6414 6422 6368
f 6371 6374 6416
f 6561 6560 6378
f 6382 6381 6562
f 6381 6384 6418
f 6389 6394 6430
f 6391 6388 6454
f 6441 6454 6453
f 6456 6453 6473
f 6495 6494 6750
f 6843 6575 6485
f 6844 6845 6843
f 6573 6845 6847
f 6849 6491 6487
f 6513 6753 6752
f 6517 6521 6850
f 6521 6520 6851
f 6844 6851 6852
f 6505 6504 6510
f 6753 6513 6512
f 6516 6522 6521
f 6614 6740 6854
f 6742 6262 4003
f 6708 6617 6855
f 6307 6306 6857
f 6307 6664 6665
f 6414 6413 6425
f 6416 6415 6427
f 6562 6418 6431
f 6419 6537 6538
f 6358 6836 6839
f 6059 6058 6859
f 6861 6862 6863
f 6865 6866 6867
f 6115 6025 6869
f 6871 6872 6873
f 6721 6254 6596
f 6876 6610 6556
f 6877 6663 6552
f 6551 6878 6268
f 6879 6855 6265
f 6239 6618 6651
f 6230 6263 6619
f 6171 6670 6669
f 6106 6109 6882
f 6883 6884 6822
f 6759 6184 6187
f 6725 6724 6785
f 6885 6795 6808
f 6886 6887 6888
f 6701 6700 6756
f 6884 6786 6779
f 6715 6714 6309
f 6889 6259 6890
f 6743 3890 4042
f 6270 6664 6893
f 6386 6894 6895
f 6895 6348 6420
f 6897 6432 6417
f 6897 6433 6407
f 6390 6898 6899
f 6900 6899 6406
f 6455 6900 6901
f 6902 6903 6904
f 6482 6903 6905
f 6501 6906 6907
f 6496 6515 6908
f 6532 6531 6326
f 6532 6742 6743
f 6612 6910 6735
f 6611 6911 6910
f 6626 5980 5979
f 6704 6912 6105
f 6913 6590 6591
f 6915 6794 6795
f 6229 6228 4067
f 6263 6290 6289
f 6745 6301 6663
f 6916 6771 6757
f 6885 6918 6165
f 6920 6780 6783
f 6921 6922 6923
f 6925 6921 6924
f 6927 6928 6929
f 6931 6932 6933
f 6935 6936 6937
f 6939 6940 6941
f 6943 6944 6945
f 6947 6948 6949
f 6944 6943 6951
f 6953 6954 6955
f 6957 6958 6959
f 6961 6962 6929
f 6964 6965 6966
f 6968 6969 6970
f 6969 6948 6955
f 6972 6943 6946
f 6974 6975 6976
f 6978 6979 6980
f 6940 6939 6982
f 6984 6985 6986
f 6988 6989 6990
f 6992 6990 6989
f 6994 6995 6996
f 6998 6999 7000
f 7002 7003 7004
f 7006 7007 7008
f 7010 7011 7012
f 7014 7015 7016
f 7018 7019 6999
f 7020 7021 7022
f 7024 7025 7026
f 7028 7029 7030
f 7032 7033 7034
f 7003 7002 7036
f 7038 7039 7040
f 6993 6989 7030
f 7042 7043 7044
f 7046 7047 7007
f 7011 7010 7048
f 7050 7051 7052
f 7054 7015 7014
f 7015 7054 7056
f 6621 6620 7045
f 7049 7048 6775
f 7051 7050 6021
f 7055 6697 6701
f 7054 6701 6755
f 6764 6763 7047
f 7020 7058 7059
f 7060 7061 7062
f 6958 7064 7065
f 6925 7066 7067
f 7068 6931 6934
f 7069 6988 6991
f 7071 6995 7072
f 7074 7075 7076
f 7078 7079 7080
f 7014 7017 7082
f 7084 7085 7086
f 7025 7028 7031
f 7085 7084 7072
f 7089 7084 7087
f 7055 7014 7083
f 7090 7087 6770
f 7092 7093 7094
f 7091 6183 6697
f 6770 7087 7086
f 7095 7094 6767
f 7096 7061 6980
f 7098 6941 6940
f 7058 7020 7023
f 7101 6927 6930
f 6974 7060 7063
f 7103 6968 6971
f 7105 6978 6981
f 7106 7107 7036
f 7109 7048 7010
f 7111 7019 7018
f 7098 7003 7037
f 7048 7109 7112
f 7113 6993 7041
f 6994 7114 7115
f 6965 7116 6923
f 6975 6922 6945
f 7061 7096 7065
f 6954 6953 6933
f 6763 7112 7109
f 7046 7045 6620
f 6947 7117 7067
f 6758 7086 7056
f 7118 7119 7039
f 7038 7069 7070
f 7106 7120 7121
f 7123 7124 7053
f 7123 7052 7083
f 7045 7046 7006
f 7107 7106 7122
f 7091 7083 7052
f 7091 7051 6020
f 6936 7096 7097
f 7125 6957 6960
f 6774 6021 7050
f 7119 6939 6942
f 7019 7002 7005
f 7011 7053 7124
f 7021 7126 7040
f 7114 7029 7016
f 7053 7011 7049
f 7086 7085 7057
f 6993 7113 7127
f 7075 7127 7113
f 4281 4280 6603
f 6012 6333 7129
f 7130 6083 6584
f 6797 7132 7133
f 6074 7134 7135
f 6789 6760 6173
f 6760 6789 6776
f 7136 6802 6801
f 6914 6671 6674
f 7007 7110 7059
f 7099 7004 7003
f 6984 7103 7104
f 7110 7007 7047
f 6333 6583 6587
f 5956 6699 6667
f 5957 5956 5971
f 7137 6715 6308
f 4292 4293 6718
f 6693 6705 6668
f 6215 6668 6667
f 6214 6667 6699
f 6698 6197 6212
f 6219 6207 6198
f 6207 6219 6220
f 6220 6221 6609
f 6262 6229 4066
f 7138 7139 7140
f 4298 7142 7140
f 7143 7144 7145
f 7147 7148 7144
f 7149 7150 7151
f 7150 7152 7153
f 6329 6261 7154
f 6261 6260 7155
f 7156 6829 7157
f 6598 6597 7159
f 6257 6256 7161
f 6256 4322 4321
f 6693 6694 6706
f 5954 5969 6705
f 5953 5966 5969
f 7163 5984 5983
f 7164 7165 6138
f 7167 7168 7169
f 6141 7171 7172
f 7166 7171 7173
f 6141 6140 7174
f 7176 7177 7178
f 7180 7181 7182
f 7184 7185 7186
f 6631 7180 7183
f 6218 6198 6197
f 6625 6641 7189
f 6814 6813 7190
f 6882 7192 7193
f 7195 7196 6109
f 6888 7197 7198
f 7200 7201 7202
f 7176 6627 6630
f 6029 7184 7187
f 7205 7206 7207
f 7209 7210 7211
f 7203 7202 7213
f 6886 7215 6778
f 6031 6030 7215
f 7216 7217 7218
f 7220 7221 6880
f 6076 6075 7220
f 6074 6077 6672
f 6147 6150 6662
f 7223 6662 6111
f 6810 6809 6113
f 6920 7134 6914
f 6077 6660 6675
f 6660 6077 6076
f 7222 7220 6669
f 7224 7222 6181
f 6660 6662 6150
f 7225 7226 6794
f 6783 6782 7225
f 6781 6780 6068
f 7217 7227 7228
f 6031 6888 7199
f 6887 6886 6723
f 6164 7225 6915
f 6780 6920 6591
f 7134 6074 6671
f 7229 7230 6824
f 7187 7186 7230
f 7226 6887 6722
f 7231 7232 6169
f 7201 7231 7233
f 6107 7234 7235
f 7215 7229 6823
f 6030 7187 7229
f 7236 7216 7219
f 7237 7238 6820
f 7237 7208 7207
f 7239 7240 7241
f 6739 7243 7244
f 7245 7239 7242
f 7233 6169 6168
f 7247 7213 7202
f 7195 6108 7203
f 7248 7249 7250
f 7227 7251 7252
f 7253 6067 5998
f 6067 7253 7198
f 6781 7198 7197
f 5984 7163 6683
f 7254 7250 6678
f 6679 7249 7252
f 6887 7226 7197
f 6782 7197 7226
f 7135 6919 6163
f 7221 7220 6075
f 6661 6076 7222
f 7224 6112 6111
f 6180 6810 6112
f 6179 6811 6810
f 6811 6179 6793
f 6650 6792 6622
f 6766 6621 7044
f 7095 7044 7043
f 7092 7043 7121
f 7078 7120 7255
f 7256 7232 7257
f 6768 6772 7259
f 6773 6767 7094
f 7090 7094 7093
f 7089 7093 7080
f 7071 7079 7032
f 7077 7018 6998
f 6995 7071 7260
f 7077 7076 7261
f 7035 7034 7018
f 7108 7019 7111
f 6978 7105 7262
f 7105 7263 7264
f 7263 6944 6952
f 6990 6992 6951
f 6972 7117 7266
f 7117 6947 6950
f 6948 6969 7267
f 6969 6968 6982
f 7103 6984 6987
f 7005 7004 6986
f 6999 7005 7268
f 7269 7270 7271
f 7274 7272 7275
f 7274 7273 7276
f 7278 7279 7280
f 7282 7283 7284
f 7286 7287 7288
f 7290 7291 7292
f 7294 7295 7296
f 7068 7297 7298
f 7300 7301 7302
f 7304 6962 7305
f 7307 7285 7305
f 7309 7284 7283
f 7311 7312 7313
f 7125 7304 7306
f 7285 7307 7280
f 7277 7281 7303
f 6965 6964 7316
f 7318 7312 7316
f 7320 7321 7271
f 7312 7318 7296
f 7270 7269 7298
f 7311 7270 7322
f 6961 6932 7300
f 7323 7324 7325
f 7327 7064 7328
f 7064 6958 7325
f 7287 7330 7292
f 6931 7068 7299
f 7331 7327 7329
f 7332 7333 7334
f 7336 7337 7338
f 7340 7341 7333
f 7342 7341 7343
f 7345 7346 7347
f 7348 7349 7350
f 7352 7353 7354
f 7356 7357 7358
f 7360 7361 7362
f 7365 7366 7367
f 7368 7369 7370
f 7372 7373 7336
f 7373 7375 7337
f 7367 7366 7376
f 7378 7379 7380
f 7382 7383 7384
f 7386 7387 7385
f 7388 7389 7390
f 7392 7334 7333
f 7394 7395 7396
f 7398 7399 7400
f 7402 7403 7404
f 7406 7407 7408
f 7410 7411 7383
f 7412 7413 7414
f 7385 7416 7417
f 7389 7418 7419
f 7373 7420 7421
f 7420 7373 7372
f 7369 7423 7424
f 7399 7398 7397
f 7393 7333 7341
f 7398 7358 7357
f 7358 7398 7401
f 7428 7429 7430
f 7433 7434 7435
f 7363 7362 7436
f 7383 7438 7439
f 7411 7440 7438
f 7441 7442 7443
f 7445 7446 7339
f 7374 7336 7339
f 7444 7365 7364
f 7448 7364 7450
f 7364 7367 7451
f 7451 7367 7377
f 7449 7450 7454
f 7455 7454 7450
f 7456 7455 7451
f 7410 7457 7458
f 7460 7461 7462
f 7423 7369 7462
f 7464 7465 7466
f 7468 7469 7347
f 7376 7366 7471
f 7425 7397 7396
f 7475 7476 7477
f 7478 7479 7480
f 7482 7483 7407
f 7484 7485 7351
f 7487 7405 7488
f 7490 7491 7492
f 7412 7415 7434
f 7494 7495 7434
f 7496 7388 7391
f 7440 7411 7498
f 7401 7400 7488
f 7485 7346 7345
f 7500 7502 7427
f 7395 7394 7469
f 7503 7504 7505
f 7507 7508 7509
f 7511 7512 7513
f 7511 7514 7515
f 7517 7518 7519
f 7521 7522 7523
f 7352 7524 7525
f 7415 7414 7527
f 7528 7529 7530
f 7404 7531 7502
f 7477 7388 7496
f 7512 7478 7481
f 7405 7404 7500
f 7533 7534 7535
f 7378 7507 7510
f 7532 7496 7379
f 7539 7540 7541
f 7524 7352 7355
f 7351 7485 7501
f 7414 7524 7523
f 7522 7543 7527
f 7544 7413 7412
f 7546 7416 7547
f 7526 7549 7353
f 7550 7521 7355
f 7521 7550 7551
f 7552 7546 7548
f 7546 7552 7553
f 7522 7521 7548
f 7418 7556 7520
f 7416 7546 7554
f 7457 7557 7558
f 7557 7559 7560
f 7562 7561 7563
f 7564 7563 7349
f 7351 7350 7565
f 7567 7568 7569
f 7570 7555 7520
f 7419 7418 7555
f 7572 7564 7348
f 7389 7476 7556
f 7573 7490 7493
f 7552 7535 7534
f 7562 7574 7536
f 7572 7575 7576
f 7422 7577 7578
f 7423 7579 7580
f 7579 7423 7463
f 7578 7574 7576
f 7583 7584 7381
f 7586 7579 7581
f 7533 7580 7579
f 7447 7339 7338
f 7588 7502 7531
f 7590 7428 7431
f 7321 7320 7592
f 7275 7581 7463
f 7461 7278 7276
f 7279 7278 7461
f 7453 7454 7593
f 7594 7593 7454
f 7330 7287 7498
f 7459 7458 7294
f 7558 7560 7595
f 7560 7592 7320
f 7275 7321 7585
f 7462 7276 7273
f 7596 7583 7380
f 7597 7598 7406
f 7467 7466 7599
f 7601 7602 7603
f 7605 7365 7444
f 7365 7605 7606
f 7607 7495 7494
f 7513 7481 7473
f 7396 7395 7514
f 7514 7395 7468
f 7470 7609 7515
f 7610 7611 7609
f 7612 7556 7476
f 7613 7530 7529
f 7442 7441 7615
f 7574 7578 7577
f 7619 7400 7399
f 7518 7479 7509
f 7491 7399 7425
f 7549 7620 7621
f 7491 7490 7622
f 7377 7438 7440
f 7379 7496 7497
f 7453 7461 7460
f 7411 7410 7459
f 7623 7624 7391
f 7625 7611 7610
f 7487 7407 7483
f 7619 7622 7408
f 7627 7628 7620
f 7538 7379 7378
f 7389 7388 7477
f 7629 7545 7412
f 7489 7408 7407
f 7628 7627 7598
f 7413 7525 7524
f 7592 7560 7559
f 7584 7631 7632
f 7569 7568 7633
f 7570 7508 7566
f 7631 7567 7566
f 7508 7570 7519
f 7614 7573 7480
f 7346 7610 7470
f 7572 7574 7562
f 7571 7633 7634
f 7346 7485 7484
f 7607 7591 7431
f 7585 7592 7630
f 7624 7596 7497
f 7635 7386 7384
f 7636 7427 7502
f 7323 7309 7310
f 7420 7578 7582
f 7637 7594 7455
f 7287 7286 7499
f 7458 7558 7295
f 7439 7376 7472
f 7599 7601 7604
f 7359 7358 7427
f 7436 7638 7639
f 7490 7573 7640
f 7481 7480 7493
f 7641 7506 7505
f 7642 7643 7627
f 7492 7425 7473
f 7517 7612 7625
f 7625 7484 7486
f 7634 7623 7390
f 7474 7477 7532
f 7448 7368 7441
f 7368 7448 7449
f 7615 7441 7368
f 7638 7603 7602
f 7575 7572 7501
f 7571 7555 7570
f 7400 7619 7489
f 7508 7507 7632
f 7503 7506 7540
f 6957 7125 7315
f 7376 7439 7438
f 7507 7378 7381
f 7499 7456 7452
f 7286 7637 7456
f 7504 7642 7644
f 7645 7598 7627
f 7647 7634 7633
f 7647 7648 7623
f 7649 7624 7623
f 7650 7596 7624
f 7646 7633 7568
f 7651 7568 7567
f 7653 7652 7567
f 7651 7654 7655
f 7656 7657 7658
f 7660 7658 7657
f 7663 7657 7656
f 7664 7665 7663
f 7667 7666 7663
f 7667 7662 7668
f 7663 7665 7661
f 7670 7671 7672
f 7661 7672 7671
f 7659 7668 7662
f 7648 7647 7668
f 7648 7659 7673
f 7659 7658 7674
f 7658 7660 7675
f 7668 7647 7646
f 7660 7671 7676
f 7675 7677 7678
f 7677 7675 7676
f 7677 7680 7681
f 7682 7683 7678
f 7677 7679 7684
f 7673 7674 7678
f 7683 7650 7649
f 7685 7676 7671
f 7667 7655 7686
f 7666 7686 7687
f 7654 7688 7686
f 7689 7687 7686
f 7664 7687 7691
f 7650 7692 7583
f 7693 7653 7631
f 7584 7583 7692
f 7693 7692 7682
f 7694 7682 7681
f 7694 7696 7653
f 7650 7683 7682
f 7696 7697 7652
f 7654 7651 7652
f 7688 7654 7697
f 7699 7698 7697
f 7700 7701 7698
f 7695 7699 7696
f 7699 7695 7702
f 7689 7688 7698
f 7689 7701 7703
f 7705 7706 7707
f 7701 7700 7705
f 7704 7703 7707
f 7685 7670 7691
f 7687 7689 7704
f 7680 7702 7695
f 7684 7706 7702
f 7702 7706 7705
f 7684 7679 7707
f 7676 7685 7707
f 7665 7669 7672
f 7670 7669 7690
f 7665 7664 7690
f 7611 7475 7474
f 7510 7509 7479
f 7511 7538 7537
f 7516 7532 7538
f 7517 7530 7613
f 7537 7510 7478
f 7611 7625 7612
f 7613 7480 7479
f 7556 7612 7517
f 7516 7515 7609
f 7708 7709 7710
f 7712 7713 7714
f 7713 7716 7717
f 7719 7720 7721
f 7722 7723 7597
f 7724 7712 7715
f 7726 7727 7728
f 7731 7640 7573
f 7730 7573 7614
f 7733 7734 7735
f 7721 7712 7724
f 7731 7722 7409
f 7708 7726 7729
f 7737 7724 7709
f 7716 7741 7736
f 7742 7743 7744
f 7740 7736 7735
f 7717 7716 7740
f 7716 7713 7720
f 7748 7749 7711
f 7750 7748 7710
f 7720 7719 7751
f 7734 7723 7728
f 7709 7724 7725
f 7752 7753 7715
f 7739 7709 7708
f 7720 7713 7712
f 7749 7754 7755
f 7745 7744 7756
f 7746 7727 7742
f 7743 7742 7755
f 7727 7746 7735
f 7747 7756 7757
f 7753 7750 7725
f 7751 7621 7620
f 7757 7752 7714
f 7718 7721 7737
f 7747 7740 7746
f 7727 7726 7755
f 7726 7708 7711
f 7759 7757 7756
f 7759 7760 7752
f 7760 7761 7753
f 7761 7762 7750
f 7758 7756 7744
f 7763 7744 7743
f 7754 7765 7764
f 7763 7766 7767
f 7768 7769 7770
f 7772 7768 7771
f 7775 7768 7772
f 7776 7777 7775
f 7779 7778 7775
f 7775 7777 7769
f 7770 7769 7781
f 7782 7774 7772
f 7760 7759 7782
f 7760 7773 7783
f 7773 7771 7784
f 7770 7785 7784
f 7779 7774 7782
f 7782 7759 7758
f 7785 7770 7780
f 7785 7787 7788
f 7787 7785 7786
f 7787 7790 7791
f 7792 7793 7788
f 7787 7789 7794
f 7793 7783 7784
f 7762 7761 7783
f 7796 7786 7780
f 7795 7780 7781
f 7779 7767 7798
f 7799 7776 7778
f 7766 7800 7798
f 7800 7801 7799
f 7802 7776 7799
f 7795 7797 7802
f 7762 7804 7748
f 7805 7765 7754
f 7749 7748 7804
f 7805 7804 7792
f 7806 7792 7791
f 7806 7808 7765
f 7793 7792 7804
f 7808 7809 7764
f 7766 7763 7764
f 7766 7809 7810
f 7811 7810 7809
f 7812 7813 7810
f 7807 7811 7808
f 7811 7807 7814
f 7813 7801 7800
f 7801 7813 7815
f 7817 7818 7819
f 7813 7812 7817
f 7816 7815 7819
f 7796 7795 7803
f 7799 7801 7816
f 7790 7814 7807
f 7794 7818 7814
f 7814 7818 7817
f 7794 7789 7819
f 7786 7796 7819
f 7777 7797 7781
f 7777 7776 7802
f 7528 7719 7718
f 7729 7728 7723
f 7738 7731 7730
f 7732 7737 7739
f 7733 7620 7628
f 7722 7731 7738
f 7621 7751 7719
f 7628 7597 7723
f 7733 7736 7741
f 7732 7614 7529
f 7486 7565 7621
f 7549 7565 7350
f 7353 7350 7349
f 7354 7349 7563
f 7821 7822 7823
f 7824 7825 7826
f 7825 7828 7829
f 7830 7831 7832
f 7834 7824 7827
f 7836 7837 7838
f 7840 7482 7406
f 7841 7406 7598
f 7843 7844 7845
f 7833 7824 7834
f 7848 7820 7836
f 7847 7834 7821
f 7828 7851 7846
f 7853 7854 7855
f 7850 7846 7845
f 7829 7828 7850
f 7828 7825 7832
f 7858 7859 7823
f 7860 7858 7822
f 7831 7861 7851
f 7844 7862 7838
f 7834 7835 7822
f 7863 7864 7827
f 7849 7821 7820
f 7825 7824 7833
f 7859 7865 7866
f 7855 7854 7867
f 7837 7852 7855
f 7865 7853 7852
f 7837 7856 7845
f 7857 7867 7868
f 7864 7860 7835
f 7843 7861 7642
f 7868 7863 7826
f 7830 7833 7847
f 7857 7850 7856
f 7837 7836 7866
f 7836 7820 7823
f 7870 7868 7867
f 7870 7871 7863
f 7871 7872 7864
f 7872 7873 7860
f 7869 7867 7854
f 7874 7854 7853
f 7876 7875 7853
f 7874 7877 7878
f 7879 7880 7881
f 7883 7879 7882
f 7886 7879 7883
f 7887 7888 7886
f 7890 7889 7886
f 7886 7888 7880
f 7891 7881 7880
f 7884 7893 7885
f 7871 7870 7893
f 7871 7884 7894
f 7884 7882 7895
f 7882 7881 7896
f 7890 7885 7893
f 7893 7870 7869
f 7881 7891 7897
f 7898 7899 7895
f 7900 7898 7896
f 7901 7902 7899
f 7904 7899 7902
f 7898 7900 7905
f 7894 7895 7899
f 7904 7873 7872
f 7907 7897 7891
f 7906 7891 7892
f 7890 7878 7909
f 7910 7887 7889
f 7877 7911 7909
f 7912 7910 7909
f 7887 7910 7914
f 7906 7908 7913
f 7873 7915 7858
f 7916 7876 7865
f 7859 7858 7915
f 7916 7915 7903
f 7917 7903 7902
f 7917 7919 7876
f 7873 7904 7903
f 7919 7920 7875
f 7877 7874 7875
f 7911 7877 7920
f 7922 7921 7920
f 7923 7924 7921
f 7918 7922 7919
f 7922 7918 7925
f 7924 7912 7911
f 7912 7924 7926
f 7928 7929 7930
f 7924 7923 7928
f 7927 7926 7930
f 7907 7906 7914
f 7910 7912 7927
f 7901 7925 7918
f 7905 7929 7925
f 7925 7929 7928
f 7905 7900 7930
f 7897 7907 7930
f 7888 7908 7892
f 7888 7887 7913
f 7645 7643 7831
f 7839 7838 7862
f 7841 7849 7848
f 7842 7847 7849
f 7504 7503 7844
f 7839 7931 7840
f 7643 7642 7861
f 7503 7539 7862
f 7846 7851 7861
f 7842 7598 7645
f 7932 7933 7934
f 7936 7937 7938
f 7937 7940 7941
f 7942 7943 7944
f 7947 7948 7949
f 7950 7936 7939
f 7953 7954 7955
f 7956 7957 7958
f 7956 7959 7540
f 7962 7963 7964
f 7936 7950 7965
f 7946 7949 7958
f 7966 7932 7952
f 7965 7950 7933
f 7968 7940 7969
f 7970 7971 7972
f 7974 7968 7964
f 7941 7940 7968
f 7940 7937 7944
f 7976 7977 7935
f 7978 7976 7934
f 7943 7979 7969
f 7947 7954 7963
f 7933 7950 7951
f 7980 7981 7939
f 7967 7933 7932
f 7937 7936 7945
f 7977 7982 7983
f 7973 7972 7984
f 7953 7970 7973
f 7982 7971 7970
f 7974 7963 7954
f 7975 7984 7985
f 7981 7978 7951
f 7961 7979 7544
f 7985 7980 7938
f 7942 7945 7965
f 7975 7968 7974
f 7952 7983 7970
f 7952 7932 7935
f 7987 7985 7984
f 7987 7988 7980
f 7988 7989 7981
f 7989 7990 7978
f 7986 7984 7972
f 7991 7972 7971
f 7993 7992 7971
f 7986 7991 7994
f 7997 7998 7999
f 8000 7996 7999
f 8003 7996 8000
f 8005 8003 8006
f 8007 8006 8003
f 7996 8003 8005
f 7998 7997 8009
f 8010 8002 8000
f 7988 7987 8010
f 7988 8001 8011
f 8011 8001 7999
f 7998 8013 8012
f 8007 8002 8010
f 8010 7987 7986
f 8013 7998 8008
f 8015 8016 8012
f 8017 8015 8013
f 8018 8019 8016
f 8021 8016 8019
f 8015 8017 8022
f 8011 8012 8016
f 8021 7990 7989
f 8023 8024 8014
f 8023 8008 8009
f 8007 7995 8026
f 8026 8027 8004
f 8028 8026 7995
f 8029 8027 8026
f 8030 8004 8027
f 8023 8025 8030
f 7990 8032 7976
f 8033 7993 7982
f 7976 8032 8033
f 8034 8033 8032
f 8035 8034 8020
f 8034 8036 7993
f 7990 8021 8020
f 8036 8037 7992
f 7991 7992 8037
f 7994 8037 8038
f 8039 8038 8037
f 8040 8041 8038
f 8035 8039 8036
f 8039 8035 8042
f 8041 8029 8028
f 8029 8041 8043
f 8045 8046 8047
f 8041 8040 8045
f 8044 8043 8047
f 8024 8023 8031
f 8027 8029 8044
f 8042 8035 8019
f 8022 8046 8042
f 8042 8046 8045
f 8017 8047 8046
f 8014 8024 8047
f 8005 8025 8009
f 8005 8004 8030
f 7506 7641 7943
f 7954 7947 7946
f 7967 7966 7957
f 7960 7965 7967
f 7948 7947 7962
f 7955 7946 7957
f 7641 7544 7979
f 7969 7979 7961
f 7960 7540 7506
f 7362 8049 8050
f 8052 7618 7464
f 8051 7464 7467
f 8054 8055 7600
f 8056 7361 7618
f 7436 8050 8057
f 8049 7362 7361
f 8057 8058 7603
f 8055 8053 7467
f 8058 8054 7604
f 8059 8060 8058
f 8060 8061 8054
f 8061 8062 8055
f 8062 8063 8053
f 8059 8057 8050
f 8064 8050 8049
f 8056 8066 8065
f 8059 8064 8067
f 8069 8070 8071
f 8073 8069 8072
f 8075 8069 8073
f 8077 8078 8075
f 8075 8079 8070
f 8079 8080 8081
f 8082 8071 8070
f 8083 8076 8073
f 8061 8060 8083
f 8061 8074 8084
f 8074 8072 8085
f 8072 8071 8086
f 8077 8076 8083
f 8083 8060 8059
f 8071 8082 8087
f 8088 8089 8085
f 8090 8088 8086
f 8091 8092 8089
f 8094 8089 8092
f 8088 8090 8095
f 8084 8085 8089
f 8094 8063 8062
f 8097 8087 8082
f 8096 8082 8081
f 8077 8068 8098
f 8099 8100 8078
f 8101 8098 8068
f 8102 8099 8098
f 8100 8099 8104
f 8096 8080 8103
f 8075 8078 8100
f 8079 8100 8103
f 8105 8051 8053
f 8066 8056 8052
f 8051 8105 8106
f 8107 8106 8105
f 8108 8107 8093
f 8107 8109 8066
f 8063 8094 8093
f 8109 8110 8065
f 8064 8065 8110
f 8067 8110 8111
f 8112 8111 8110
f 8113 8114 8111
f 8108 8112 8109
f 8112 8108 8115
f 8114 8102 8101
f 8102 8114 8116
f 8118 8119 8120
f 8114 8113 8118
f 8117 8116 8120
f 8097 8096 8104
f 8099 8102 8117
f 8091 8115 8108
f 8095 8119 8115
f 8115 8119 8118
f 8095 8090 8120
f 8087 8097 8120
f 7550 7563 7561
f 7552 7551 7561
f 7931 7862 7539
f 7640 7409 7408
f 7549 7526 7644
f 7525 7413 7544
f 7931 7542 7482
f 7483 7482 7542
f 7626 7402 7405
f 7629 7433 7432
f 7629 8121 7949
f 8122 7958 7949
f 8123 8122 8121
f 8124 8123 7432
f 7434 7495 8125
f 8125 7430 8124
f 8124 7430 7429
f 8123 8124 8126
f 8122 8123 8127
f 7541 7540 7959
f 7404 7403 8129
f 8125 7495 7431
f 7526 7525 7505
f 7626 7483 7541
f 7959 7958 8122
f 7961 7545 8048
f 7629 7948 8048
f 8127 7402 7626
f 7402 8127 8126
f 8129 7403 8126
f 7428 7531 8129
f 7589 7531 7428
f 7334 7392 7426
f 7335 7334 7357
f 7616 7615 7446
f 7392 7397 7398
f 7393 7394 7397
f 7342 7469 7394
f 7344 7347 7469
f 7343 7618 7361
f 7360 7345 7344
f 7363 7575 7345
f 7437 7576 7575
f 7582 7576 7437
f 7421 7582 7639
f 7375 7421 7602
f 7599 7337 7375
f 7465 7464 7618
f 7332 7447 7587
f 7447 7332 7335
f 7445 7335 7356
f 7359 7442 7616
f 7636 7443 7442
f 7588 7605 7443
f 7589 7606 7605
f 7590 7471 7606
f 7471 7590 7591
f 7446 7615 7371
f 7371 7370 7372
f 7422 7372 7370
f 7577 7422 7424
f 7536 7577 7580
f 7591 7607 7635
f 7607 7608 7386
f 7543 7608 7494
f 7547 7387 7543
f 7608 7543 7387
f 7387 7547 7416
f 7457 7410 7382
f 7557 7457 7417
f 7559 7557 7554
f 7630 7559 7553
f 7534 7533 7586
f 7466 7338 7337
f 7465 7587 7338
f 7617 7340 7587
f 7341 7340 7617
f 8130 6091 6090
f 6023 6022 8132
f 6182 6023 8133
f 6623 6622 6792
f 6787 6696 6182
f 8134 6700 6696
f 6917 6757 6756
f 6762 6761 7112
f 6762 6765 6184
f 6765 6623 6185
f 6650 6769 6768
f 6772 6771 6916
f 6777 6776 6789
f 6022 6777 6788
f 6756 6700 8134
f 6758 6757 6771
f 6761 6776 6775
f 6769 6622 6621
f 6772 6768 6767
f 6174 6173 6760
f 6187 6186 6178
f 6811 6649 6648
f 6786 6785 6724
f 6791 6790 6918
f 6186 6793 6179
f 6808 6807 8133
f 6884 6883 8135
f 6174 6187 6670
f 6807 6785 6784
f 6791 6808 8132
f 6786 6884 8134
f 6790 6173 6172
f 6649 6793 6792
f 6316 6315 8136
f 8137 6655 6654
f 8139 8140 6601
f 6656 6655 6580
f 6868 8141 8142
f 6316 6712 6711
f 6864 8143 8144
f 6864 6863 8145
f 6868 6867 6869
f 6656 6867 6866
f 8146 8147 8148
f 8139 8150 8151
f 8152 8153 6866
f 8154 8155 8138
f 6874 6873 8156
f 8158 6318 8159
f 8160 8152 6865
f 8161 6317 6313
f 6161 6600 8162
f 8164 8154 6654
f 8153 8164 6653
f 8165 8166 8167
f 8166 5989 8169
f 5989 5988 8170
f 5988 6017 8171
f 8172 8173 6043
f 8174 8175 6032
f 8174 6035 6098
f 8176 6098 6796
f 8177 6796 8178
f 7132 8178 6728
f 6589 6588 8180
f 8180 6588 6004
f 8181 6004 6007
f 6334 6079 6731
f 6079 6078 6645
f 6078 6085 6646
f 6085 8183 8184
f 6091 8130 8185
f 6086 6730 8183
f 6950 6949 7118
f 6952 6951 6992
f 6983 6982 6968
f 6987 6986 7004
f 7001 7000 6979
f 7001 7262 7074
f 7262 7264 7075
f 7264 6952 7127
f 7265 6951 6943
f 7265 7266 6991
f 7266 6950 7070
f 6949 7267 7119
f 7267 6982 6939
f 6983 6987 7099
f 7268 6986 6985
f 7000 7268 8186
f 6938 6937 6985
f 6946 6945 6922
f 6956 6955 6948
f 6971 6970 6928
f 6970 6955 6954
f 6973 6946 6921
f 6977 6976 7263
f 6981 6980 7061
f 6973 7067 7117
f 7097 6980 6979
f 7104 6971 6927
f 6977 6981 7060
f 6976 6945 6944
f 6956 7067 7066
f 6937 7097 8186
f 6938 7104 7101
f 6924 6923 7116
f 6926 6924 7297
f 6930 6929 6962
f 6934 6933 6953
f 6960 6959 6936
f 6963 6929 6928
f 6967 6966 6975
f 7063 7062 7327
f 6959 7065 7096
f 6926 6934 7066
f 7102 6930 7304
f 6967 7063 7331
f 6966 6923 6922
f 7062 7065 7064
f 6963 6933 6932
f 7102 6960 6935
f 7299 7298 7269
f 7301 7300 6932
f 7306 7305 7285
f 7308 7305 6962
f 7315 7306 7284
f 7317 7316 7312
f 7319 7316 6964
f 7322 7298 7297
f 7317 7322 7116
f 7308 7300 7303
f 7326 7325 6958
f 7329 7328 7291
f 7328 7325 7324
f 7301 7299 8187
f 7319 7329 7290
f 7326 7315 7309
f 7272 7271 7321
f 7272 7274 8187
f 7274 7277 7302
f 7281 7280 7307
f 7283 7282 7593
f 7289 7288 7324
f 7293 7292 7330
f 7293 7296 7318
f 7310 7283 7594
f 7314 7313 7595
f 7282 7280 7279
f 7278 7281 7277
f 7314 7271 7270
f 7313 7296 7295
f 7288 7292 7291
f 7289 7310 7637
f 6003 6002 6626
f 6003 6138 7165
f 6690 8188 8189
f 6686 6685 5981
f 6685 6687 6096
f 6687 6688 6806
f 6002 6686 5980
f 6606 8188 5351
f 7164 7173 8190
f 8192 7175 7174
f 6015 6014 8153
f 6189 6188 8155
f 8157 8156 6284
f 6332 6015 8152
f 6593 6592 6317
f 6658 6189 8154
f 6014 6658 8164
f 6332 8194 7131
f 6805 8159 6321
f 6146 8163 8162
f 6607 7128 8195
f 8196 6126 6125
f 8198 7169 7168
f 8199 7168 6633
f 7177 6632 8201
f 8202 8203 8204
f 7208 7186 7185
f 7237 7230 7186
f 6819 6824 7230
f 6818 6821 6824
f 8206 6883 6821
f 8207 6917 8135
f 6917 8207 8209
f 8209 8210 7259
f 8210 8211 6647
f 6812 6648 8212
f 6809 6812 7258
f 6809 7257 8213
f 6113 8213 8214
f 7235 7223 6110
f 7223 7235 7234
f 6147 7234 8215
f 6148 8215 8216
f 8218 6155 6158
f 8219 6285 6116
f 6284 6188 6116
f 6188 6284 8156
f 8155 8156 6873
f 8138 6873 6872
f 8137 6872 8148
f 6193 8147 6281
f 6190 6281 6278
f 8220 8221 8222
f 8224 8225 7139
f 6223 6222 8226
f 6237 6236 8228
f 6238 6223 8227
f 6249 6248 8231
f 6253 6252 8233
f 6236 6279 8221
f 6331 6238 8230
f 6252 6595 8236
f 6222 6237 8229
f 6828 6827 8237
f 6280 8239 8240
f 8208 8135 6883
f 6648 6647 8211
f 6143 6624 8242
f 6624 7189 8244
f 8245 8246 8247
f 8249 8250 8251
f 7195 8253 8254
f 7214 8255 8253
f 8256 8255 7214
f 7243 7211 8257
f 7210 8258 8257
f 8259 7181 6102
f 8261 6122 6121
f 8178 7132 8263
f 7132 6797 8264
f 6797 6135 8265
f 6135 6134 8266
f 6134 6151 8267
f 6151 6154 8268
f 6154 8269 8270
f 8269 8271 8272
f 7194 7193 8273
f 7193 8250 8275
f 8249 8259 8260
f 8248 8277 8278
f 6129 6128 8279
f 7169 8198 8197
f 8198 8190 8192
f 7171 6141 7175
f 6589 6801 7129
f 6801 6037 6040
f 6037 6036 6041
f 6036 6131 6659
f 6131 6156 6118
f 6156 6155 6119
f 8218 8219 6119
f 8219 8218 6815
f 7191 7189 6641
f 8246 8244 7189
f 8245 8278 8281
f 8280 8279 6288
f 6125 6124 7170
f 6288 6127 6602
f 6126 8196 6604
f 8196 8193 6605
f 7174 6140 6691
f 6691 6140 6139
f 7171 7166 8283
f 7172 8283 8284
f 6139 6142 8284
f 8285 8286 8287
f 8211 8210 8289
f 8290 8291 8292
f 8293 8294 8291
f 8293 8207 8208
f 8296 8297 8298
f 6818 6817 8296
f 8285 7256 7258
f 7243 8299 7212
f 7243 6739 8300
f 8301 8300 6739
f 8302 8256 7213
f 8303 8302 7247
f 8304 8303 6168
f 6738 8298 8297
f 8288 8287 6167
f 8304 8292 8291
f 8305 8291 8294
f 6737 6736 8306
f 6736 7244 8307
f 8243 8242 8308
f 8242 8244 8282
f 8247 8246 7191
f 7196 8254 8251
f 8253 8310 8311
f 8255 8312 8310
f 8313 8312 8255
f 7244 8257 8313
f 8313 8257 8258
f 8312 8258 8314
f 8315 8311 8310
f 8311 8315 8316
f 8282 8281 8317
f 8308 8317 8261
f 8309 8261 8262
f 8248 8247 8275
f 8282 8244 8246
f 8307 8313 8256
f 8306 8307 8302
f 8305 8306 8303
f 8298 6738 6737
f 8287 8292 8304
f 7253 8319 7199
f 8319 8320 6028
f 8320 8321 6029
f 8321 8322 7184
f 8322 8203 7185
f 8203 8202 7205
f 8202 7240 7206
f 7239 7245 7210
f 7251 7227 8319
f 7227 7217 8320
f 7217 7216 8321
f 7216 7236 8322
f 7236 8204 8203
f 6175 8199 8200
f 7165 7164 8191
f 6137 8283 7166
f 6200 6199 8283
f 6199 6206 8284
f 8284 6206 6205
f 6205 6608 6689
f 6689 6608 5485
f 7009 7008 8323
f 7013 7012 7021
f 7017 7016 7029
f 7013 7059 7110
f 7073 7072 7084
f 7081 7080 7093
f 7082 7017 7028
f 7088 7072 6995
f 7088 7115 7057
f 7122 7121 7043
f 7124 7123 7024
f 7082 7025 7024
f 7009 7122 7042
f 7012 7124 7126
f 7115 7016 7015
f 7008 7059 7058
f 7081 7121 7120
f 7073 7080 7079
f 6997 6996 7076
f 7023 7022 6942
f 7027 7026 7069
f 7031 7030 6989
f 7079 7078 7033
f 7037 7036 7107
f 7027 7040 7126
f 7041 7030 7029
f 7026 7031 6988
f 7100 7023 6941
f 7108 7036 7002
f 7100 7037 8323
f 6997 7041 7114
f 7022 7040 7039
f 7111 7034 7033
f 7035 7261 7260
f 7261 7076 6996
f 7108 7255 7120
f 7245 8314 8258
f 7246 8315 8314
f 7181 8259 8316
f 8277 6101 6129
f 8278 6129 8280
f 6287 8317 8281
f 6122 8261 8317
f 5487 6145 6144
f 5489 6159 6162
f 6637 8324 8325
f 8326 8325 8225
f 5494 7139 8225
f 6160 6159 8150
f 5496 8324 8151
f 8163 8327 6162
f 6146 6145 8327
f 8243 8328 6144
f 8328 8243 8309
f 8318 8262 5501
f 8262 6121 5502
f 8329 8330 8331
f 8333 8334 8335
f 8338 8182 6007
f 8329 8334 8339
f 8341 6334 6734
f 6006 8342 8337
f 8342 6006 6804
f 6065 6064 8339
f 5995 5994 8341
f 6918 6172 6166
f 7221 6163 6166
f 6172 6171 6880
f 8344 5952 5955
f 5519 5976 5975
f 6806 8345 8346
f 6646 8184 8347
f 8165 8348 8349
f 6322 8350 8131
f 8345 6806 6688
f 6695 8346 5975
f 5976 5519 5528
f 5529 8130 8131
f 6643 8347 8352
f 8183 5533 5532
f 5534 8185 8130
f 6730 5535 5533
f 8351 6688 6093
f 5535 6730 6594
f 8353 8354 6652
f 8354 8353 8355
f 8357 8358 6825
f 8359 8357 6202
f 6224 8354 8356
f 6275 8361 8362
f 6201 6210 7143
f 7146 8363 8359
f 8357 8359 8363
f 8355 8365 8366
f 8361 8360 8368
f 8356 8355 8367
f 8370 8371 8372
f 8220 8373 7145
f 6275 6274 6228
f 5558 4067 6228
f 8375 8369 8367
f 8362 8368 8376
f 8378 8379 8380
f 8363 7146 8382
f 8384 8378 8381
f 8382 8373 8386
f 8383 8387 8364
f 6226 6225 6231
f 6231 6225 8361
f 6636 8388 8389
f 6635 8390 8388
f 8390 6635 5576
f 8379 8378 6232
f 8378 8384 6233
f 8384 8391 8371
f 8372 8392 8393
f 7138 8240 8239
f 8224 8239 8394
f 8146 6638 8394
f 6638 6637 8326
f 6340 6339 6299
f 6747 6338 6577
f 6344 6343 6346
f 6342 6341 6355
f 6353 6352 6349
f 6337 6351 6369
f 6360 6359 6328
f 6358 6357 6386
f 6364 6363 6293
f 6362 6361 6376
f 6366 6353 6297
f 6350 6365 6372
f 6533 6342 6303
f 6534 6536 6346
f 6744 6746 6533
f 6536 6534 6747
f 6357 6835 6894
f 6341 6834 6832
f 6839 6838 6292
f 6837 6836 6380
f 6838 6841 6354
f 6361 6840 6377
f 6363 6366 6296
f 6365 6362 6373
f 6359 6839 6291
f 6836 6358 6385
f 6481 6480 6902
f 6484 6483 6501
f 6477 6488 6487
f 6849 6467 6492
f 6494 6492 6467
f 6547 6481 6544
f 6750 6751 6546
f 6494 6466 6751
f 6843 6484 6500
f 6845 6573 6575
f 6489 6488 6847
f 6474 6487 6491
f 6483 6905 6906
f 6493 6463 6465
f 6471 6470 6544
f 6472 6482 6485
f 6476 6475 6461
f 6470 6451 6542
f 6570 6567 6569
f 6495 6567 6463
f 6475 6465 6462
f 6572 6848 6477
f 6574 6571 6457
f 6569 6568 6543
f 6575 6574 6473
f 6471 6904 6901
f 6469 6468 6508
f 6498 6497 6479
f 6503 6502 6518
f 6489 6506 6505
f 6467 6849 6509
f 6546 6548 6498
f 6549 6548 6752
f 6752 6751 6466
f 6503 6850 6846
f 6850 6851 6844
f 6507 6506 6852
f 6486 6505 6509
f 6502 6907 6909
f 6858 6893 6664
f 8396 8397 6611
f 6833 8398 6324
f 8399 6826 6825
f 6831 6830 8401
f 6707 6833 6826
f 8398 8403 6890
f 6858 6857 8404
f 8405 8396 6610
f 6830 6893 6553
f 8397 6892 6911
f 8400 6825 8358
f 8358 8357 8364
f 8406 8364 8387
f 8389 8408 8380
f 8389 8388 8409
f 8388 8390 8410
f 5575 5597 8410
f 6665 6273 8411
f 8412 8413 6720
f 8413 5602 5601
f 8411 8414 8413
f 6262 6742 6290
f 5602 8413 8414
f 7141 7140 7142
f 8393 8222 8241
f 8227 8226 7147
f 8229 8228 8374
f 8230 8227 7151
f 8232 8231 8415
f 8234 8233 8417
f 8221 8220 8374
f 8235 8230 7153
f 8233 8236 8420
f 8226 8229 7148
f 8238 8237 8421
f 7141 8393 8240
f 6581 6580 6655
f 6640 6639 8140
f 6710 6709 8141
f 6717 6716 6712
f 6860 6859 8143
f 6870 6869 6867
f 6717 8136 6726
f 6870 6580 6192
f 6860 8145 6050
f 6710 6869 6025
f 6639 8149 6871
f 6640 8151 8324
f 6581 8148 8147
f 5615 5614 6234
f 7144 7148 8374
f 7144 7143 6210
f 7150 7149 6210
f 7152 7150 6209
f 7152 7154 8419
f 7154 7155 8421
f 7158 7157 8415
f 7160 7159 8420
f 7162 7161 8418
f 7161 4321 5616
f 8370 6234 6233
f 8373 8382 7146
f 8392 8391 8386
f 8391 8392 8372
f 5617 8344 6713
f 5973 5618 3355
f 8345 5620 5619
f 3880 6735 6910
f 8351 5622 5620
f 8346 5619 5520
f 5621 6910 6911
f 5622 8351 8185
f 8150 5624 5497
f 8423 8424 8425
f 8427 6516 6519
f 8429 8430 8431
f 6523 8432 8433
f 8434 8435 8436
f 8438 8435 8434
f 8438 8440 6511
f 8441 8442 8424
f 8427 8443 8430
f 8444 8428 8445
f 8447 8425 8424
f 8449 8443 8444
f 8451 8431 8430
f 8453 8437 8454
f 8456 8434 8437
f 8439 8434 8456
f 8448 8424 8442
f 8452 8430 8443
f 8425 8447 8459
f 8460 8461 8462
f 8464 8465 8466
f 8468 8469 8470
f 8472 8473 8474
f 8476 8477 8478
f 8480 8481 8482
f 8484 8485 8486
f 8485 8488 8489
f 8490 8491 8481
f 8492 8493 8494
f 8495 8494 8496
f 8498 8499 8500
f 8502 8501 8500
f 8504 8505 8506
f 8508 8509 8510
f 8513 8508 8511
f 8507 8506 8514
f 8516 8517 8518
f 8520 8517 8516
f 8522 8523 8524
f 8526 8527 8522
f 8528 8529 8530
f 8532 8530 8529
f 8534 8535 8536
f 8538 8539 8534
f 8464 8482 8481
f 8483 8540 8541
f 8542 8485 8484
f 8487 8543 8540
f 8488 8485 8542
f 8545 8546 8486
f 8481 8491 8466
f 8547 8545 8489
f 8548 8494 8493
f 8549 8550 8502
f 8551 8496 8494
f 8497 8541 8552
f 8469 8500 8499
f 8547 8541 8497
f 8469 8468 8503
f 8501 8502 8550
f 8460 8504 8507
f 8552 8553 8506
f 8554 8511 8510
f 8549 8552 8505
f 8554 8555 8512
f 8513 8556 8550
f 8461 8507 8515
f 8557 8556 8513
f 8558 8516 8519
f 8559 8560 8527
f 8521 8516 8558
f 8553 8562 8517
f 8477 8525 8524
f 8520 8523 8557
f 8476 8526 8525
f 8527 8560 8556
f 8563 8529 8528
f 8564 8539 8531
f 8533 8529 8563
f 8562 8567 8530
f 8473 8537 8536
f 8559 8562 8532
f 8472 8538 8537
f 8560 8534 8539
f 8463 8462 8555
f 8544 8542 8467
f 8470 8551 8548
f 8475 8474 8566
f 8479 8478 8561
f 8484 8487 8483
f 8490 8489 8488
f 8503 8493 8492
f 8498 8497 8496
f 8504 8510 8509
f 8515 8514 8513
f 8519 8518 8527
f 8521 8524 8523
f 8528 8531 8539
f 8533 8536 8535
f 8467 8484 8482
f 8487 8486 8546
f 8544 8466 8491
f 8480 8541 8547
f 8493 8503 8468
f 8495 8552 8549
f 8551 8470 8499
f 8501 8545 8547
f 8460 8463 8510
f 8508 8550 8549
f 8555 8462 8515
f 8506 8553 8557
f 8519 8526 8476
f 8517 8562 8559
f 8561 8478 8524
f 8522 8556 8557
f 8475 8528 8538
f 8567 8565 8531
f 8566 8474 8536
f 8560 8559 8535
f 8442 8441 8568
f 6512 8570 8568
f 8570 8440 8571
f 8426 6515 6514
f 8428 8444 8443
f 6522 8429 8432
f 8437 8436 8433
f 6524 8436 8435
f 6528 6527 8435
f 8423 6514 6550
f 8429 6522 6516
f 6515 8426 8445
f 8441 6550 6754
f 8570 8572 8569
f 8440 8570 6512
f 8569 8573 8458
f 8574 8575 8572
f 8572 8575 8573
f 8453 8576 8577
f 8576 8453 8455
f 8452 8579 8580
f 8573 8581 8582
f 8575 8583 8581
f 8584 8583 8575
f 8571 8439 8457
f 8439 8571 8440
f 8585 8586 8587
f 8587 8589 8590
f 8589 8591 8592
f 8591 8593 8594
f 8593 8595 8596
f 8595 8597 8598
f 8599 8600 8586
f 8601 8602 8600
f 8603 8604 8602
f 8605 8606 8598
f 8607 8608 8604
f 8609 8610 8608
f 8611 8612 8610
f 8606 8605 8612
f 8613 8614 8589
f 8614 8615 8591
f 8615 8616 8593
f 8616 8617 8595
f 8617 8618 8597
f 8619 8620 8617
f 8620 8621 8618
f 8620 8622 8623
f 8624 8625 8626
f 8626 8623 8622
f 8620 8619 8628
f 8622 8628 8629
f 8627 8629 8630
f 8632 8633 8634
f 8636 8634 8633
f 8637 8638 8636
f 8639 8633 8632
f 8633 8639 8641
f 8635 8641 8642
f 8642 8643 8644
f 8645 8638 8637
f 8586 8646 8613
f 8600 8647 8646
f 8616 8615 8648
f 8615 8614 8649
f 8613 8650 8649
f 8651 8650 8613
f 8647 8652 8651
f 8652 8653 8654
f 8602 8655 8647
f 8655 8656 8652
f 8656 8657 8653
f 8653 8658 8659
f 8658 8660 8661
f 8644 8662 8663
f 8664 8661 8662
f 8661 8664 8666
f 8666 8667 8654
f 8667 8650 8651
f 8668 8605 8597
f 8669 8668 8618
f 8670 8669 8621
f 8671 8670 8623
f 8671 8626 8625
f 8625 8631 8673
f 8636 8674 8675
f 8638 8676 8674
f 8645 8677 8676
f 8645 8663 8678
f 8679 8680 8660
f 8657 8679 8658
f 8583 8584 8648
f 8650 8581 8583
f 8667 8582 8581
f 8666 8681 8582
f 8664 8682 8681
f 8682 8664 8665
f 8684 8685 8643
f 8684 8642 8641
f 8639 8580 8579
f 8580 8639 8640
f 8629 8577 8576
f 8604 8686 8655
f 8608 8687 8686
f 8610 8688 8687
f 8612 8689 8688
f 8605 8668 8689
f 8690 8689 8668
f 8691 8688 8689
f 8692 8687 8688
f 8693 8686 8687
f 8656 8655 8686
f 8694 8690 8669
f 8695 8691 8690
f 8696 8692 8691
f 8697 8693 8692
f 8657 8656 8693
f 8697 8698 8679
f 8696 8699 8698
f 8696 8695 8700
f 8694 8701 8700
f 8670 8671 8701
f 8702 8701 8671
f 8701 8702 8703
f 8703 8704 8699
f 8699 8704 8705
f 8698 8705 8680
f 8672 8673 8706
f 8675 8674 8707
f 8674 8676 8709
f 8709 8676 8677
f 8677 8678 8711
f 8712 8713 8710
f 8702 8706 8714
f 8713 8712 8714
f 8707 8709 8716
f 8717 8716 8713
f 8710 8713 8716
f 8708 8707 8717
f 8546 8601 8599
f 8546 8545 8603
f 8550 8607 8603
f 8556 8609 8607
f 8560 8611 8609
f 8564 8606 8611
f 8565 8598 8606
f 8565 8567 8596
f 8567 8562 8594
f 8562 8553 8592
f 8553 8552 8590
f 8590 8552 8541
f 8540 8585 8588
f 8543 8599 8585
f 8684 8449 8450
f 8579 8452 8449
f 8682 8447 8448
f 8447 8682 8683
f 8681 8448 8458
f 8584 8718 8619
f 8628 8718 8577
f 8457 8456 8577
f 8574 8457 8718
f 7134 6920 6919
f 6164 6163 6919
f 5485 6608 6609
f 3832 5351 8188
f 5921 6609 6221
f 5922 4281 7128
f 6439 8719 8720
f 8720 8719 6570
f 6570 8719 8721
f 6439 6447 8721
f 6727 6058 6057
f 6312 6057 6073
f 6828 6248 6073
f 6877 6268 6267
f 6745 6267 6299
f 6891 6306 6305
f 6338 6747 6746
f 6438 6411 6410
f 6412 6411 6440
f 6564 6421 6424
f 6842 6578 6577
f 6889 6305 6829
f 6579 6578 6564
f 6435 6410 6565
f 8722 6857 6306
f 8723 6859 6058
f 6269 6268 6878
f 7160 7157 6829
f 8724 8144 8143
f 8238 8231 6248
f 6339 6746 6744
f 8395 6577 6338
f 6879 6878 8404
f 8422 8415 8231
f 8725 8143 6859
f 8416 8415 7157
f 6059 6050 6049
f 6330 6099 6049
f 7156 6260 6259
f 6269 6265 6264
f 6297 6349 6264
f 6340 6352 6351
f 6368 6842 8395
f 6422 6414 6559
f 6436 6403 6404
f 6447 6439 6438
f 6424 6423 6436
f 6331 6827 6099
f 6422 6421 6842
f 8722 8403 6856
f 8141 6863 6862
f 6265 6855 6617
f 6324 6890 6259
f 7158 7155 6260
f 6709 8145 6863
f 8235 8237 6827
f 6298 6349 6352
f 6370 6369 6351
f 6891 6890 8403
f 8419 8421 8237
f 6051 6050 8145
f 8422 8421 7155
f 8721 6447 6446
f 6748 6440 8720
f 8727 6008 6011
f 8158 6009 8144
f 6009 6008 6861
f 6008 8727 6862
f 8142 6862 8727
f 6554 6553 6893
f 6833 6707 6708
f 6708 6856 8403
f 5623 6911 6892
f 8406 8366 8365
f 8407 8375 8366
f 8377 8376 8408
f 8397 8396 6530
f 6651 8399 8400
f 8402 8401 6616
f 6618 6707 8399
f 6554 8404 6878
f 8396 8405 6854
f 8401 6553 6552
f 6892 8397 6529
f 8353 8400 8365
f 8377 8409 6276
f 8409 8410 6277
f 8410 5597 5932
f 8726 8404 6857
f 8726 6856 6855
f 7234 6107 6106
f 8279 6124 6127
f 8354 6224 6227
f 6246 6245 6619
f 8239 6280 6282
f 8162 6283 6286
f 6292 6354 6246
f 6382 6378 6377
f 6392 6397 6396
f 6396 6395 6427
f 6398 6397 6443
f 6459 6443 6458
f 6525 6520 6523
f 6558 6272 6271
f 6429 6428 6560
f 6460 6458 6572
f 6272 6558 3736
f 7128 6603 6602
f 6227 6245 6244
f 7180 6631 6634
f 6642 6286 6285
f 6356 6741 6740
f 6816 6815 8218
f 6820 8300 8301
f 6355 6832 6741
f 6344 6835 6834
f 6364 6841 6840
f 6375 6378 6560
f 6848 6847 6488
f 6853 6852 6506
f 6530 6854 6740
f 8140 6871 6874
f 6555 6271 6831
f 8215 6106 6881
f 6348 6895 6894
f 6383 6895 6896
f 6433 6897 6896
f 6432 6897 6898
f 6406 6899 6898
f 6900 6455 6387
f 6900 6449 6448
f 6472 6904 6903
f 6480 6905 6903
f 6497 6907 6906
f 6908 6519 6518
f 4280 5933 6120
f 6100 7167 7170
f 6632 6631 7188
f 7235 8214 7201
f 7206 7209 7212
f 8213 7257 7232
f 8214 8213 7231
f 6108 6107 7200
f 7238 8299 8300
f 7207 7212 8299
f 8205 7241 7240
f 6170 6169 7232
f 6638 8146 8149
f 6601 6874 8157
f 6600 8157 6283
f 8392 8223 8222
f 6278 6280 8241
f 6816 8272 8274
f 6642 6815 6814
f 6128 7170 6124
f 8195 6602 6127
f 8212 8211 8286
f 8292 8287 8286
f 8290 8289 8210
f 8207 8293 8290
f 8294 8293 8295
f 8206 8296 8295
f 6817 8301 8297
f 8288 6170 7256
f 7209 7206 7240
f 6225 6224 8360
f 8369 8368 8360
f 8375 8376 8368
f 8381 8380 8387
f 8385 8381 8383
f 8385 8386 8391
f 8147 8146 6282
f 6345 6894 6835
f 6327 6832 6834
f 6295 6354 6841
f 6379 6377 6840
f 6853 6847 6845
f 6479 6906 6905
f 6848 6572 6571
f 6452 6901 6904
f 6525 6852 6851
f 6496 6909 6907
f 8402 8405 6876
f 8408 8407 8387
f 6279 8241 8222
f 6872 6871 8149
f 8223 8386 8373
f 6526 8433 8436
f 8446 8445 8426
f 8455 8454 8431
f 8446 8459 8450
f 8454 8433 8432
f 6908 8445 8428
f 8578 8455 8451
f 8632 8631 8625
f 8640 8632 8624
f 8660 8663 8662
f 8662 8644 8643
f 8675 8673 8631
f 8680 8678 8663
f 8683 8665 8643
f 8578 8640 8630
f 8673 8675 8708
f 8678 8680 8705
f 8711 8705 8704
f 8706 8708 8715
f 8703 8714 8712
f 8459 8683 8685
f 8407 8408 8376
f 6615 6854 8405
f 5993 6080 6335
f 6060 6682 6018
f 5993 6047 6081
f 6105 6104 6176
f 6177 6104 6000
f 6309 6311 6310
f 8725 6315 6314
f 8724 6314 6318
f 6321 6320 6053
f 6249 6595 6310
f 6596 6254 6257
f 8188 6606 6605
f 5986 6683 6682
f 6714 6726 6311
f 6047 6320 6086
f 6875 6596 6304
f 6001 6105 6912
f 7162 7159 6597
f 7254 7163 6912
f 6684 6683 7163
f 8723 8136 6315
f 6592 8159 6318
f 8332 8331 8171
f 6607 6606 5350
f 8191 8190 8198
f 8197 8192 8193
f 8159 6592 6319
f 8232 8236 6595
f 8192 8190 7173
f 8189 6605 8193
f 6177 8191 8199
f 6733 8331 8330
f 8340 8341 8330
f 8341 5994 6335
f 8412 6721 6875
f 8414 8411 6273
f 8416 8420 8236
f 6727 6726 8136
f 8417 8420 7159
f 6277 5932 5558
f 5935 5576 6635
f 5991 5990 6061
f 6019 6018 6682
f 5999 6034 6033
f 6045 6044 6677
f 6055 6054 6083
f 5995 6064 6063
f 6084 6054 6053
f 6088 5990 5989
f 6063 6084 6046
f 6066 6097 6034
f 6103 6102 7181
f 6673 6676 6133
f 6149 6148 6153
f 6323 6088 8166
f 6585 6584 6083
f 6630 6629 6702
f 6634 6633 7168
f 6676 6149 6152
f 6703 6629 6628
f 6796 6729 6728
f 6069 6729 6097
f 6132 6798 6674
f 6803 6799 6800
f 6011 6010 6055
f 6799 6803 6582
f 7194 8271 6881
f 7131 6584 6583
f 6798 7133 6913
f 7179 7178 8204
f 7183 7182 7246
f 7188 7183 7242
f 6109 7196 7192
f 7204 6630 6176
f 7219 7218 6628
f 7218 7228 7248
f 7179 7219 6627
f 7250 7254 6704
f 7228 7252 7249
f 6678 7250 7249
f 5997 7252 7251
f 8168 8167 6644
f 8167 8169 6732
f 8169 8170 6733
f 8170 8171 8331
f 8336 8335 8173
f 8182 8338 8175
f 8182 8174 8176
f 8181 8176 8177
f 8180 8177 8179
f 7133 6728 6590
f 7130 7131 8194
f 8200 6633 6632
f 7178 8201 8205
f 8269 6154 6153
f 8254 8311 8252
f 8260 6102 6101
f 8179 8263 6802
f 8263 8264 6038
f 8264 8265 6039
f 8265 8266 6130
f 8266 8267 6157
f 8267 8268 6158
f 8268 8270 8217
f 8270 8272 6816
f 6813 8274 8273
f 8273 8275 8247
f 8276 8260 8277
f 7192 8251 8250
f 8252 8316 8259
f 8276 8275 8250
f 7204 8200 7177
f 7182 8316 8315
f 8343 8339 8334
f 8333 8337 8342
f 8343 8342 6800
f 8340 8339 6064
f 6323 8349 8350
f 8168 8352 8348
f 8349 5937 5936
f 8352 5939 5938
f 6103 6634 7167
f 8271 8269 8216
f 8201 7188 7241
f 8274 8272 8271
f 5991 6018 6017
f 8728 8171 6017
f 5997 5996 6680
f 5996 6033 6045
f 6033 6032 6042
f 6042 6032 8175
f 8172 8175 8338
f 8336 8338 8337
f 6684 6678 6677
f 6681 6677 6044
f 6019 6044 6043
f 6016 6043 8173
f 8728 8173 8335
f 8332 8335 8334
f 8194 6332 8160
f 6805 6010 6009
f 5940 5941 7137
f 8324 5496 5942
f 8325 5942 5495
f 6253 5943 4292
f 7137 5941 5944
f 8348 5938 5937
f 8350 5936 5530
f 5624 8150 6159
f 6718 4293 5940
f 8327 5945 5490
f 8347 5946 5939
f 5933 5502 6121
f 8184 5532 5946
f 7142 4298 5615
f 6145 5487 5945
f 8234 5947 5943
f 8328 5948 5488
f 8318 5500 5948
f 7139 5494 4299
f 8418 5616 5947
f 5604 8414 6599
f 5949 3853 6712
f 5944 5949 6716
f 6720 5601 5950
f 6255 5950 4322
f 5614 5935 6235
f 6711 3852 5951
f 8161 5951 3857
f 5973 5964 2965
f 2965 5964 5963
f 222 5963 5960
f 223 5960 5958
f 5958 5957 3185
f 5957 5970 2977
f 5970 5967 1213
f 5967 5966 1214
f 2532 1214 5966
f 2894 2532 5953
f 2871 2894 5952
f 5510 5722 5721
f 5822 5825 5824
f 3511 3512 3844
f 3887 3892 3889
f 3876 3879 3878
f 3356 3357 3911
f 3372 3373 3390
f 3849 3854 3851
f 3481 3478 3867
f 3873 3874 3385
f 3875 3375 3450
f 3915 3794 3865
f 3657 3670 3671
f 5618 5973 3013
f 1997 1996 1889
f 1237 745 744
f 1535 1534 120
f 1531 1532 201
f 1119 1241 1032
f 946 948 824
f 163 8 5
f 9041 9178 9175
f 1155 1156 1162
f 427 213 327
f 553 1902 796
f 8732 2232 2231
f 8732 3178 2230
f 2237 3183 3180
f 8734 8735 8736
f 8735 8737 8738
f 8737 8739 8740
f 8739 8741 8742
f 8743 8744 8745
f 8746 8745 8747
f 8749 8750 8748
f 8751 8752 8750
f 8754 8755 8756
f 8757 8758 8755
f 8759 8760 8758
f 8761 8762 8760
f 8763 8764 8762
f 8766 8751 8749
f 8765 8749 8747
f 8767 8747 8745
f 8768 8745 8744
f 8744 8770 8771
f 8770 8741 8772
f 8741 8739 8773
f 8739 8737 8774
f 8737 8735 8775
f 8735 8734 8776
f 8776 8734 8777
f 2904 8778 8779
f 8780 8778 2904
f 8781 8780 2902
f 2875 8782 8781
f 8783 8784 2733
f 2825 8785 8786
f 8788 8789 8790
f 8792 8788 8787
f 2724 2723 8785
f 8787 8790 3115
f 8791 8787 3117
f 8794 8766 8765
f 8793 8765 8767
f 8795 8767 8768
f 8796 8768 8769
f 8797 8769 8771
f 8771 8772 8799
f 8772 8773 8800
f 8773 8774 8801
f 8774 8775 8802
f 8775 8776 8803
f 8776 3184 3056
f 8802 8803 2253
f 8801 8802 2252
f 8800 8801 1727
f 8799 8800 2150
f 8804 8798 8799
f 8805 8797 8798
f 8806 8796 8797
f 8807 8795 8796
f 8793 8795 8807
f 8794 8793 8808
f 8810 8811 8809
f 8808 8807 8806
f 8810 8806 8805
f 8813 8811 8810
f 8812 8805 8804
f 8815 8813 8812
f 8814 8804 1941
f 8755 8750 8752
f 8758 8748 8750
f 8760 8746 8748
f 8762 8743 8746
f 8816 8817 8764
f 8818 8819 8820
f 8816 8763 8782
f 8821 8818 8817
f 8789 8821 8783
f 8818 8821 8789
f 8819 8818 8788
f 8822 8820 8819
f 8823 8819 8792
f 8824 8792 8791
f 2712 8791 3119
f 8826 8822 8823
f 8825 8823 8824
f 8827 8824 2712
f 8828 8827 2711
f 8829 8825 8827
f 8830 8826 8825
f 8743 8762 8764
f 8817 8820 8831
f 8770 8744 8743
f 8741 8770 8831
f 8820 8822 8742
f 8740 8742 8822
f 8738 8740 8826
f 8736 8738 8830
f 8833 8828 2400
f 8834 8829 8828
f 8832 8830 8829
f 8835 8833 2402
f 3058 8835 2707
f 3061 8836 8835
f 8836 8834 8833
f 8733 8736 8832
f 8837 8832 8834
f 8777 8734 8733
f 8838 8733 8837
f 8837 8836 3061
f 1961 3057 8838
f 3057 3184 8777
f 8779 8754 8753
f 8778 8757 8754
f 8780 8759 8757
f 8781 8761 8759
f 8782 8763 8761
f 8821 8816 8784
f 8785 8790 8789
f 2723 3115 8790
f 2875 2733 8784
f 2736 2824 8786
f 2947 8779 8839
f 8815 8814 1360
f 1900 1925 1924
f 1736 1717 1718
f 1955 1952 1943
f 1671 1738 1735
f 1696 1750 1698
f 1800 1865 1864
f 2063 2055 2056
f 1737 1734 1717
f 1751 1735 1697
f 943 9337 9351
f 9108 8839 8753
f 1577 1578 1764
f 9369 1598 1599
f 1945 146 82
f 68 6 7
f 147 1542 1543
f 1109 1135 1133
f 1503 1910 1907
f 1499 1501 1909
f 452 1922 735
f 1824 2068 9287
f 1825 2067 2068
f 1463 1462 1022
f 841 1012 1009
f 1568 1547 1955
f 1910 1503 1502
f 1939 1502 422
f 309 280 1940
f 1804 1851 1866
f 269 1482 1954
f 2065 1607 2060
f 9264 1685 1758
f 280 276 552
f 1875 1873 1869
f 1739 1721 1734
f 5923 5897 5899
f 1778 1779 1790
f 310 1920 1915
f 1909 1908 1906
f 1789 1783 1778
f 978 981 980
f 1584 1759 1731
f 425 426 311
f 148 1543 115
f 2044 9349 9346
f 277 1910 1939
f 1943 1946 1945
f 1461 1462 1463
f 2253 8803 3056
f 2981 2254 8927
f 2209 2998 8927
f 2254 2253 3055
f 2998 926 958
f 2826 2817 2721
f 8928 2739 2721
f 2816 8929 8928
f 2334 2297 2296
f 2298 2297 2334
f 2301 2298 2336
f 2311 2301 2338
f 2312 2311 2354
f 2359 2358 2361
f 2335 2296 2359
f 2414 2413 2365
f 2413 2270 2361
f 2355 2352 2540
f 2541 2540 2539
f 2722 2721 2739
f 3114 2722 2738
f 3110 3112 3121
f 3108 3110 3120
f 3122 1754 3127
f 3112 3122 3126
f 3127 1754 1753
f 3139 3133 2529
f 9196 9227 3133
f 8928 2789 2740
f 8929 2790 2789
f 228 229 91
f 245 244 243
f 248 7 247
f 2 297 296
f 145 146 300
f 327 213 210
f 329 332 331
f 239 241 240
f 373 376 375
f 178 177 176
f 1218 1225 1228
f 9314 1231 1295
f 808 809 824
f 9310 9311 1013
f 9265 9262 1411
f 2154 2149 2159
f 9297 9287 1758
f 306 807 1922
f 2157 2153 1976
f 708 709 2031
f 1450 1226 1227
f 1672 1604 1605
f 1813 1814 1821
f 1717 1716 1715
f 176 159 402
f 1710 1705 9368
f 1712 1580 1577
f 1705 1713 1711
f 3435 3476 3475
f 971 978 979
f 822 823 1094
f 2909 2810 2793
f 2810 2769 2795
f 2799 2910 2249
f 9114 9095 2910
f 2769 2768 2801
f 3177 3176 3178
f 3178 8732 3180
f 3181 1394 1393
f 3181 1633 1632
f 3182 1632 2244
f 3183 2244 2243
f 8932 2791 2790
f 2808 8932 8929
f 2239 9018 9016
f 1149 1150 9015
f 1150 2009 9011
f 2202 9013 9010
f 2921 9008 9009
f 9012 9004 2133
f 1777 1579 1759
f 1201 1196 1183
f 9005 8998 2195
f 8997 9020 2770
f 9379 9377 1687
f 1516 152 154
f 8993 9006 2974
f 8994 8992 2779
f 2771 2772 9019
f 3070 2771 8990
f 8991 8988 2775
f 1376 1375 1370
f 2767 8987 9000
f 2195 8998 8987
f 2775 8988 8986
f 8344 5617 8989
f 9256 9254 8983
f 2776 8986 8982
f 2240 9016 8979
f 2920 8979 9121
f 8992 8978 2786
f 1805 1850 1851
f 8978 8976 2787
f 2951 2773 8984
f 2772 2951 8975
f 2973 2224 8974
f 2224 2223 8981
f 1957 1953 320
f 306 305 304
f 2770 9020 8972
f 2913 8972 9018
f 2923 9009 8971
f 308 1940 431
f 207 208 132
f 1879 1876 1881
f 9185 9239 8969
f 2475 3070 9002
f 2476 2475 8968
f 2223 2476 8967
f 8966 8993 2803
f 2037 9007 11
f 1959 1958 450
f 2003 8999 8964
f 9 10 334
f 2009 2008 8962
f 2008 2973 8980
f 9329 672 673
f 8959 8994 2778
f 2935 8958 8957
f 111 1149 9014
f 3238 3342 3341
f 8954 8958 2935
f 683 9328 9337
f 8952 9001 2810
f 736 733 732
f 1795 1804 1803
f 8949 8954 2938
f 8951 8949 2939
f 2950 8956 8948
f 2940 2949 8948
f 9253 9243 8956
f 2868 8953 8946
f 2869 8946 8966
f 1024 1034 1023
f 8944 8947 2948
f 551 1939 442
f 2972 8943 9012
f 2032 8977 8943
f 216 93 1924
f 3532 3534 3482
f 203 202 201
f 3539 3542 3541
f 1828 1848 1847
f 1958 1957 449
f 272 271 178
f 2871 8989 8939
f 9071 9121 9008
f 2801 2768 9095
f 2005 9210 9106
f 960 886 899
f 9109 9107 9064
f 9232 9240 9098
f 3151 9098 9045
f 2193 9056 9075
f 9059 9055 3145
f 9055 9101 2761
f 9044 9059 3144
f 2926 9110 9086
f 9086 9044 3104
f 9207 9206 9198
f 566 567 9210
f 8839 9108 1864
f 1602 1586 2079
f 2868 9110 9063
f 2922 9063 9062
f 2923 9062 9070
f 9122 9065 2918
f 9071 9122 9066
f 2921 9070 9122
f 2920 9066 9038
f 9065 9094 2915
f 2917 2766 9074
f 2916 2917 9093
f 2239 9039 9104
f 2911 9092 9104
f 9095 9092 2911
f 2797 2801 9114
f 2797 9043 9050
f 9074 9080 2763
f 9060 9080 2764
f 2194 9075 9100
f 2221 9100 9101
f 2756 9060 9061
f 2750 9050 9061
f 9121 8979 1817
f 9215 9222 1691
f 2515 9073 9042
f 2548 9042 9045
f 2513 2489 9084
f 2513 9068 9073
f 2509 9085 9072
f 2510 9084 9085
f 2289 9072 9091
f 2283 9091 9069
f 2240 9038 9039
f 9111 9109 9076
f 716 2121 9339
f 727 1999 9213
f 2165 2171 2170
f 9112 9111 9078
f 9195 9033 9030
f 2175 2172 769
f 2100 500 2095
f 9210 567 9209
f 640 9004 9012
f 1653 9020 8997
f 1895 8980 8974
f 746 8974 8981
f 1653 1810 8972
f 9214 1603 1604
f 2093 2075 2073
f 959 996 995
f 962 899 919
f 1400 1401 1398
f 1000 817 1127
f 956 959 884
f 1662 8992 8994
f 2034 9002 8990
f 9378 1689 8983
f 8979 9016 766
f 9016 9018 765
f 334 9014 9015
f 1868 8975 8984
f 1684 1651 1652
f 1682 1683 775
f 1585 1603 9214
f 9215 9214 1672
f 2173 2174 490
f 1658 8988 8991
f 9000 8987 1650
f 1571 9206 2010
f 1587 9116 9123
f 2099 2095 2077
f 787 9213 1999
f 2000 9146 786
f 3155 339 9149
f 9165 3155 9135
f 2180 2179 9137
f 8940 2180 9136
f 1684 9298 9292
f 1760 464 8939
f 2607 9141 9145
f 2581 9128 9141
f 2371 2502 9152
f 2371 9147 9145
f 2587 9128 9127
f 2586 9127 9149
f 2497 9143 9139
f 2502 2503 9139
f 2494 9143 9142
f 9142 9140 2472
f 9140 9153 2468
f 9153 9155 2469
f 726 9360 9344
f 581 9011 8962
f 10 8955 9014
f 1837 8958 8954
f 741 8981 8967
f 1299 8968 9002
f 1851 8951 8948
f 8971 9009 1820
f 580 8962 8980
f 1758 1685 8966
f 1693 9001 8952
f 8948 8956 1867
f 1894 1826 9012
f 2126 1418 9265
f 9358 2126 9293
f 2113 9363 9319
f 2179 9165 9241
f 624 9355 9356
f 2192 9056 9240
f 2177 8985 9239
f 1364 9276 9285
f 9310 9307 1470
f 3135 1753 9227
f 2069 9264 9287
f 1351 9313 9305
f 2108 9334 9353
f 2089 2092 9188
f 9280 9286 1358
f 2001 9201 9235
f 2187 9235 9171
f 2130 9208 9204
f 2004 9204 9201
f 2014 9176 9231
f 2201 9231 9208
f 3167 9172 9211
f 3168 9176 9172
f 3159 9161 9216
f 3160 9216 9217
f 9182 9159 3158
f 3158 9159 9161
f 2200 3069 9182
f 9137 9241 9194
f 9174 9226 2197
f 9242 9188 2092
f 9226 9242 9173
f 3154 9158 9242
f 3155 9165 9158
f 2091 9171 9173
f 2196 3148 9202
f 2193 2196 9228
f 9056 2193 9233
f 2086 2192 9232
f 2087 2086 9230
f 2204 9194 9203
f 2205 9203 9202
f 9361 9338 574
f 2124 2087 9229
f 2208 2124 9212
f 9163 9237 3140
f 9237 9197 3138
f 9197 9196 3139
f 9223 9164 3136
f 9164 9163 3137
f 9227 9219 3131
f 9219 9234 3132
f 1813 9291 9290
f 1293 9306 9308
f 2184 2321 9200
f 2181 2184 9184
f 9217 9220 3079
f 9220 9186 3080
f 709 9325 9327
f 2774 2961 9189
f 9238 9221 2134
f 9261 9260 766
f 2968 9236 9218
f 2969 9211 9236
f 2958 9199 9189
f 2132 9199 9218
f 2321 2185 9223
f 9312 9300 1449
f 9357 9326 582
f 9338 9341 577
f 9299 9278 1818
f 705 9354 9339
f 9268 9364 9359
f 2111 9335 9363
f 9262 9281 1366
f 1812 9291 9274
f 675 9303 9304
f 8940 9157 9303
f 2110 9319 9320
f 2104 9348 9353
f 2109 9320 9351
f 9294 9283 703
f 1680 9263 9298
f 1639 1627 9271
f 623 9356 9358
f 2139 2140 9318
f 1808 1640 9296
f 9272 9273 1819
f 9324 9366 9352
f 1646 9284 9282
f 9341 9342 633
f 2139 9317 9327
f 2156 2155 9323
f 674 9304 9365
f 2117 9269 9264
f 1815 9274 9299
f 9307 9301 1444
f 697 9358 9364
f 866 842 9288
f 9316 9321 2136
f 9037 9183 9178
f 9035 9192 9183
f 9205 9198 9190
f 9192 9035 9033
f 1088 9190 9198
f 9191 9192 9195
f 2791 8932 8933
f 8932 2808 2807
f 2792 8933 8934
f 8933 2807 2806
f 8952 2909 8934
f 8960 8934 2806
f 2948 8947 9243
f 2105 9360 9348
f 8982 9254 9256
f 680 9330 9328
f 1891 1890 9362
f 2905 9251 9253
f 2900 9249 9251
f 2901 9249 9259
f 2734 2878 9258
f 2877 9259 9258
f 2820 9252 9246
f 2818 9248 9244
f 2823 9245 9244
f 2822 9245 9250
f 2819 2735 9252
f 2817 9248 9247
f 2809 9257 9247
f 2808 9257 9255
f 2805 9256 9255
f 1702 9373 9375
f 9374 9372 1797
f 9367 9368 1706
f 9370 9379 1692
f 1657 9350 9332
f 1890 1877 9347
f 9224 9222 1674
f 1689 1690 9224
f 9378 9254 8982
f 8960 8983 1689
f 9369 9375 1703
f 1598 9369 9380
f 9332 9336 1876
f 1691 1690 9377
f 9377 9378 1688
f 9386 9385 9389
f 9386 9390 9391
f 9384 9388 9389
f 9390 9394 9395
f 9389 9388 9392
f 9389 9393 9394
f 9394 9398 9399
f 9393 9392 9396
f 9394 9393 9397
f 9399 9398 9402
f 9396 9400 9401
f 9397 9401 9402
f 9402 9406 9407
f 9401 9400 9404
f 9402 9401 9405
f 9407 9406 9410
f 9405 9404 9408
f 9405 9409 9410
f 9411 9410 9414
f 9409 9408 9412
f 9410 9409 9413
f 9414 9418 9419
f 9412 9416 9417
f 9413 9417 9418
f 9418 9422 9423
f 9417 9416 9420
f 9418 9417 9421
f 9422 9426 9427
f 9420 9424 9425
f 9421 9425 9426
f 9426 9430 9431
f 9425 9424 9428
f 9426 9425 9429
f 9431 9430 9434
f 9428 9432 9433
f 9429 9433 9434
f 9434 9438 9439
f 9433 9432 9436
f 9434 9433 9437
f 9439 9438 9442
f 9436 9440 9441
f 9437 9441 9442
f 9443 9442 9446
f 9441 9440 9444
f 9442 9441 9445
f 9447 9446 9450
f 9444 9448 9449
f 9445 9449 9450
f 9450 9454 9455
f 9449 9448 9452
f 9450 9449 9453
f 9454 9458 9459
f 9452 9456 9457
f 9453 9457 9458
f 9458 9462 9463
f 9457 9456 9460
f 9458 9457 9461
f 9463 9462 9466
f 9460 9464 9465
f 9461 9465 9466
f 9466 9470 9471
f 9465 9464 9468
f 9466 9465 9469
f 9471 9470 9474
f 9468 9472 9473
f 9469 9473 9474
f 9475 9474 9478
f 9473 9472 9476
f 9474 9473 9477
f 9479 9478 9482
f 9476 9480 9481
f 9477 9481 9482
f 9483 9482 9486
f 9481 9480 9484
f 9482 9481 9485
f 9486 9490 9491
f 9484 9488 9489
f 9485 9489 9490
f 9490 9494 9495
f 9489 9488 9492
f 9490 9489 9493
f 9495 9494 9498
f 9492 9496 9497
f 9493 9497 9498
f 9498 9502 9503
f 9497 9496 9500
f 9498 9497 9501
f 9503 9502 9507
f 9500 9505 9506
f 9501 9506 9507
f 9508 9507 9511
f 9505 9509 9510
f 9507 9506 9510
f 9512 9511 9386
f 9510 9509 9384
f 9510 9385 9386
f 9521 9520 9533
f 9518 9531 9532
f 9517 9516 9529
f 9515 9514 9527
f 9523 9536 9537
f 9521 9534 9535
f 9519 9532 9533
f 9518 9517 9530
f 9515 9528 9529
f 9513 9526 9527
f 9524 9537 9538
f 9523 9522 9535
f 9528 9541 9542
f 9526 9539 9540
f 9538 9537 9550
f 9535 9548 9549
f 9534 9533 9546
f 9531 9544 9545
f 9530 9529 9542
f 9528 9527 9540
f 9537 9536 9549
f 9534 9547 9548
f 9532 9545 9546
f 9531 9530 9543
f 9541 9554 9555
f 9540 9539 9552
f 9550 9563 9564
f 9548 9561 9562
f 9547 9546 9559
f 9544 9557 9558
f 9542 9555 9556
f 9541 9540 9553
f 9549 9562 9563
f 9547 9560 9561
f 9546 9545 9558
f 9544 9543 9556
f 9555 9554 9567
f 9552 9565 9566
f 9564 9563 9576
f 9562 9561 9574
f 9559 9572 9573
f 9557 9570 9571
f 9555 9568 9569
f 9553 9566 9567
f 9562 9575 9576
f 9561 9560 9573
f 9559 9558 9571
f 9557 9556 9569
f 9567 9580 9581
f 9566 9565 9578
f 9576 9589 9590
f 9575 9574 9587
f 9572 9585 9586
f 9571 9570 9583
f 9569 9568 9581
f 9566 9579 9580
f 9576 9575 9588
f 9574 9573 9586
f 9571 9584 9585
f 9569 9582 9583
f 9581 9580 9593
f 9578 9591 9592
f 9590 9589 9602
f 9588 9587 9600
f 9585 9598 9599
f 9583 9596 9597
f 9582 9581 9594
f 9579 9592 9593
f 9589 9588 9601
f 9587 9586 9599
f 9584 9597 9598
f 9583 9582 9595
f 9594 9593 9606
f 9592 9591 9604
f 9602 9615 9616
f 9601 9600 9613
f 9598 9611 9612
f 9596 9609 9610
f 9594 9607 9608
f 9592 9605 9606
f 9601 9614 9615
f 9600 9599 9612
f 9598 9597 9610
f 9596 9595 9608
f 9607 9606 9619
f 9605 9604 9617
f 9615 9628 9629
f 9613 9626 9627
f 9611 9624 9625
f 9610 9609 9622
f 9607 9620 9621
f 9605 9618 9619
f 9615 9614 9627
f 9613 9612 9625
f 9611 9610 9623
f 9608 9621 9622
f 9619 9632 9633
f 9617 9630 9631
f 9628 9641 9642
f 9627 9626 9639
f 9625 9624 9637
f 9622 9635 9636
f 9621 9620 9633
f 9619 9618 9631
f 9627 9640 9641
f 9625 9638 9639
f 9623 9636 9637
f 9622 9621 9634
f 9632 9645 9646
f 9630 9643 9644
f 9642 9641 9654
f 9639 9652 9653
f 9638 9637 9650
f 9635 9648 9649
f 9634 9633 9646
f 9632 9631 9644
f 9641 9640 9653
f 9638 9651 9652
f 9636 9649 9650
f 9635 9634 9647
f 9645 9658 9659
f 9644 9643 9656
f 9654 9667 9668
f 9652 9665 9666
f 9651 9650 9663
f 9648 9661 9662
f 9646 9659 9660
f 9645 9644 9657
f 9653 9666 9667
f 9651 9664 9665
f 9650 9649 9662
f 9648 9647 9660
f 9659 9658 9671
f 9656 9669 9670
f 9668 9667 9680
f 9665 9678 9679
f 9663 9676 9677
f 9661 9674 9675
f 9659 9672 9673
f 9657 9670 9671
f 9666 9679 9680
f 9665 9664 9677
f 9663 9662 9675
f 9661 9660 9673
f 9671 9684 9685
f 9670 9669 9682
f 9680 9693 9694
f 9678 9691 9692
f 9677 9676 9689
f 9675 9674 9687
f 9673 9672 9685
f 9670 9683 9684
f 9680 9679 9692
f 9678 9677 9690
f 9675 9688 9689
f 9673 9686 9687
f 9685 9684 9697
f 9682 9695 9696
f 9694 9693 9706
f 9692 9691 9704
f 9689 9702 9703
f 9687 9700 9701
f 9686 9685 9698
f 9683 9696 9697
f 9693 9692 9705
f 9691 9690 9703
f 9688 9701 9702
f 9687 9686 9699
f 9698 9697 9710
f 9696 9695 9708
f 9706 9719 9720
f 9705 9704 9717
f 9702 9715 9716
f 9700 9713 9714
f 9698 9711 9712
f 9696 9709 9710
f 9705 9718 9719
f 9704 9703 9716
f 9702 9701 9714
f 9700 9699 9712
f 9711 9710 9723
f 9709 9708 9721
f 9719 9732 9733
f 9717 9730 9731
f 9715 9728 9729
f 9714 9713 9726
f 9711 9724 9725
f 9709 9722 9723
f 9718 9731 9732
f 9717 9716 9729
f 9715 9714 9727
f 9712 9725 9726
f 9723 9736 9737
f 9721 9734 9735
f 9733 9732 9745
f 9731 9730 9743
f 9729 9728 9741
f 9726 9739 9740
f 9725 9724 9737
f 9723 9722 9735
f 9732 9731 9744
f 9729 9742 9743
f 9727 9740 9741
f 9726 9725 9738
f 9736 9749 9750
f 9734 9747 9748
f 9746 9745 9758
f 9743 9756 9757
f 9742 9741 9754
f 9739 9752 9753
f 9738 9737 9750
f 9736 9735 9748
f 9745 9744 9757
f 9742 9755 9756
f 9740 9753 9754
f 9739 9738 9751
f 9749 9762 9763
f 9748 9747 9760
f 9758 9771 9772
f 9756 9769 9770
f 9755 9754 9767
f 9752 9765 9766
f 9750 9763 9764
f 9749 9748 9761
f 9757 9770 9771
f 9756 9755 9768
f 9754 9753 9766
f 9752 9751 9764
f 9762 9775 9776
f 9760 9773 9774
f 9772 9771 9784
f 9770 9769 9782
f 9768 9767 9780
f 9765 9778 9779
f 9763 9776 9777
f 9762 9761 9774
f 9770 9783 9784
f 9768 9781 9782
f 9767 9766 9779
f 9764 9777 9778
f 9775 9788 9789
f 9774 9773 9786
f 9784 9797 9798
f 9782 9795 9796
f 9781 9780 9793
f 9779 9778 9791
f 9777 9776 9789
f 9774 9787 9788
f 9784 9783 9796
f 9782 9781 9794
f 9779 9792 9793
f 9777 9790 9791
f 9789 9788 9802
f 9786 9800 9801
f 9798 9797 9811
f 9796 9795 9809
f 9793 9807 9808
f 9792 9791 9805
f 9790 9789 9803
f 9787 9801 9802
f 9797 9796 9810
f 9795 9794 9808
f 9792 9806 9807
f 9790 9804 9805
f 9803 9802 9815
f 9801 9800 9813
f 9811 9824 9825
f 9810 9809 9822
f 9807 9820 9821
f 9806 9805 9818
f 9803 9816 9817
f 9801 9814 9815
f 9810 9823 9824
f 9809 9808 9821
f 9807 9806 9819
f 9804 9817 9818
f 9816 9815 9828
f 9814 9813 9826
f 9825 9824 9837
f 9822 9835 9836
f 9820 9833 9834
f 9819 9818 9831
f 9816 9829 9830
f 9814 9827 9828
f 9824 9823 9836
f 9822 9821 9834
f 9820 9819 9832
f 9817 9830 9831
f 9828 9841 9842
f 9826 9839 9840
f 9837 9850 9851
f 9836 9835 9848
f 9834 9833 9846
f 9831 9844 9845
f 9830 9829 9842
f 9828 9827 9840
f 9836 9849 9850
f 9834 9847 9848
f 9832 9845 9846
f 9831 9830 9843
f 9841 9854 9855
f 9839 9852 9853
f 9851 9850 9863
f 9848 9861 9862
f 9847 9846 9859
f 9845 9844 9857
f 9843 9842 9855
f 9841 9840 9853
f 9850 9849 9862
f 9847 9860 9861
f 9845 9858 9859
f 9843 9856 9857
f 9854 9867 9868
f 9853 9852 9865
f 9863 9876 9877
f 9861 9874 9875
f 9860 9859 9872
f 9858 9857 9870
f 9855 9868 9869
f 9854 9853 9866
f 9862 9875 9876
f 9860 9873 9874
f 9859 9858 9871
f 9856 9869 9870
f 9868 9867 9880
f 9865 9878 9879
f 9877 9876 9889
f 9875 9874 9887
f 9873 9872 9885
f 9870 9883 9884
f 9868 9881 9882
f 9867 9866 9879
f 9875 9888 9889
f 9873 9886 9887
f 9872 9871 9884
f 9870 9869 9882
f 9880 9893 9894
f 9878 9891 9892
f 9889 9902 9903
f 9887 9900 9901
f 9886 9885 9898
f 9884 9883 9896
f 9882 9881 9894
f 9879 9892 9893
f 9889 9888 9901
f 9887 9886 9899
f 9884 9897 9898
f 9882 9895 9896
f 9894 9893 9906
f 9891 9904 9905
f 9903 9902 9915
f 9901 9900 9913
f 9898 9911 9912
f 9896 9909 9910
f 9895 9894 9907
f 9892 9905 9906
f 9902 9901 9914
f 9899 9912 9913
f 9897 9910 9911
f 9896 9895 9908
f 9907 9906 9919
f 9905 9904 9917
f 9915 9928 9929
f 9914 9913 9926
f 9911 9924 9925
f 9909 9922 9923
f 9907 9920 9921
f 9905 9918 9919
f 9914 9927 9928
f 9913 9912 9925
f 9911 9910 9923
f 9909 9908 9921
f 9920 9919 9515
f 9918 9917 9513
f 9929 9928 9524
f 9926 9522 9523
f 9924 9520 9521
f 9923 9922 9518
f 9920 9516 9517
f 9918 9514 9515
f 9928 9927 9523
f 9926 9925 9521
f 9924 9923 9519
f 9921 9517 9518
f 9387 9513 9917
f 9917 9904 9508
f 9904 9891 9503
f 9891 9878 9499
f 9499 9878 9865
f 9495 9865 9852
f 9491 9852 9839
f 9839 9826 9483
f 9483 9826 9813
f 9813 9800 9475
f 9800 9786 9471
f 9786 9773 9467
f 9467 9773 9760
f 9463 9760 9747
f 9459 9747 9734
f 9734 9721 9451
f 9451 9721 9708
f 9708 9695 9443
f 9695 9682 9439
f 9682 9669 9435
f 9435 9669 9656
f 9431 9656 9643
f 9427 9643 9630
f 9630 9617 9419
f 9419 9617 9604
f 9604 9591 9411
f 9591 9578 9407
f 9578 9565 9403
f 9403 9565 9552
f 9399 9552 9539
f 9395 9539 9526
f 9526 9513 9387
f 9932 9931 9935
f 9932 9936 9937
f 9931 9930 9934
f 9936 9940 9941
f 9934 9938 9939
f 9935 9939 9940
f 9940 9944 9945
f 9939 9938 9942
f 9940 9939 9943
f 9945 9944 9948
f 9942 9946 9947
f 9943 9947 9948
f 9948 9952 9953
f 9947 9946 9950
f 9948 9947 9951
f 9953 9952 9956
f 9950 9954 9955
f 9951 9955 9956
f 9957 9956 9960
f 9955 9954 9958
f 9956 9955 9959
f 9961 9960 9964
f 9958 9962 9963
f 9959 9963 9964
f 9965 9964 9968
f 9963 9962 9966
f 9964 9963 9967
f 9968 9972 9973
f 9966 9970 9971
f 9967 9971 9972
f 9972 9976 9977
f 9970 9974 9975
f 9972 9971 9975
f 9977 9976 9980
f 9974 9978 9979
f 9975 9979 9980
f 9980 9984 9985
f 9979 9978 9982
f 9980 9979 9983
f 9985 9984 9988
f 9982 9986 9987
f 9983 9987 9988
f 9989 9988 9992
f 9986 9990 9991
f 9988 9987 9991
f 9993 9992 9996
f 9991 9990 9994
f 9991 9995 9996
f 9996 10000 10001
f 9994 9998 9999
f 9996 9995 9999
f 10000 10004 10005
f 9999 9998 10002
f 9999 10003 10004
f 10004 10008 10009
f 10003 10002 10006
f 10004 10003 10007
f 10009 10008 10012
f 10006 10010 10011
f 10007 10011 10012
f 10012 10016 10017
f 10011 10010 10014
f 10012 10011 10015
f 10017 10016 10020
f 10014 10018 10019
f 10015 10019 10020
f 10021 10020 10024
f 10019 10018 10022
f 10020 10019 10023
f 10024 10028 10029
f 10022 10026 10027
f 10023 10027 10028
f 10028 10032 10033
f 10027 10026 10030
f 10028 10027 10031
f 10032 10036 10037
f 10030 10034 10035
f 10031 10035 10036
f 10036 10040 10041
f 10035 10034 10038
f 10036 10035 10039
f 10041 10040 10044
f 10038 10042 10043
f 10039 10043 10044
f 10044 10048 10049
f 10043 10042 10046
f 10044 10043 10047
f 10049 10048 10053
f 10046 10051 10052
f 10047 10052 10053
f 10054 10053 10057
f 10052 10051 10055
f 10053 10052 10056
f 10058 10057 9932
f 10055 9930 9931
f 10056 9931 9932
f 10067 10066 10079
f 10064 10077 10078
f 10063 10062 10075
f 10061 10060 10073
f 10070 10069 10082
f 10067 10080 10081
f 10065 10078 10079
f 10064 10063 10076
f 10061 10074 10075
f 10059 10072 10073
f 10071 10070 10083
f 10069 10068 10081
f 10074 10087 10088
f 10072 10085 10086
f 10084 10083 10096
f 10081 10094 10095
f 10080 10079 10092
f 10078 10077 10090
f 10076 10075 10088
f 10074 10073 10086
f 10083 10082 10095
f 10080 10093 10094
f 10078 10091 10092
f 10076 10089 10090
f 10087 10100 10101
f 10086 10085 10098
f 10096 10109 10110
f 10094 10107 10108
f 10093 10092 10105
f 10091 10090 10103
f 10088 10101 10102
f 10087 10086 10099
f 10095 10108 10109
f 10094 10093 10106
f 10092 10091 10104
f 10089 10102 10103
f 10100 10113 10114
f 10098 10111 10112
f 10110 10109 10122
f 10108 10107 10120
f 10105 10118 10119
f 10103 10116 10117
f 10101 10114 10115
f 10100 10099 10112
f 10108 10121 10122
f 10106 10119 10120
f 10105 10104 10117
f 10103 10102 10115
f 10113 10126 10127
f 10112 10111 10124
f 10122 10135 10136
f 10120 10133 10134
f 10119 10118 10131
f 10117 10116 10129
f 10115 10114 10127
f 10113 10112 10125
f 10122 10121 10134
f 10119 10132 10133
f 10117 10130 10131
f 10115 10128 10129
f 10127 10126 10139
f 10124 10137 10138
f 10136 10135 10148
f 10134 10133 10146
f 10131 10144 10145
f 10130 10129 10142
f 10128 10127 10140
f 10125 10138 10139
f 10135 10134 10147
f 10133 10132 10145
f 10130 10143 10144
f 10128 10141 10142
f 10140 10139 10152
f 10138 10137 10150
f 10148 10161 10162
f 10147 10146 10159
f 10144 10157 10158
f 10143 10142 10155
f 10140 10153 10154
f 10138 10151 10152
f 10147 10160 10161
f 10146 10145 10158
f 10144 10143 10156
f 10141 10154 10155
f 10153 10152 10165
f 10151 10150 10163
f 10162 10161 10174
f 10159 10172 10173
f 10157 10170 10171
f 10156 10155 10168
f 10153 10166 10167
f 10151 10164 10165
f 10161 10160 10173
f 10159 10158 10171
f 10157 10156 10169
f 10154 10167 10168
f 10165 10178 10179
f 10163 10176 10177
f 10175 10174 10187
f 10173 10172 10185
f 10171 10170 10183
f 10168 10181 10182
f 10167 10166 10179
f 10165 10164 10177
f 10173 10186 10187
f 10171 10184 10185
f 10169 10182 10183
f 10168 10167 10180
f 10178 10191 10192
f 10176 10189 10190
f 10188 10187 10200
f 10185 10198 10199
f 10184 10183 10196
f 10182 10181 10194
f 10180 10179 10192
f 10178 10177 10190
f 10187 10186 10199
f 10184 10197 10198
f 10182 10195 10196
f 10180 10193 10194
f 10191 10204 10205
f 10190 10189 10202
f 10200 10213 10214
f 10198 10211 10212
f 10197 10196 10209
f 10195 10194 10207
f 10192 10205 10206
f 10191 10190 10203
f 10199 10212 10213
f 10197 10210 10211
f 10196 10195 10208
f 10193 10206 10207
f 10205 10204 10217
f 10202 10215 10216
f 10214 10213 10226
f 10211 10224 10225
f 10210 10209 10222
f 10207 10220 10221
f 10205 10218 10219
f 10204 10203 10216
f 10212 10225 10226
f 10210 10223 10224
f 10209 10208 10221
f 10207 10206 10219
f 10217 10230 10231
f 10216 10215 10228
f 10226 10239 10240
f 10224 10237 10238
f 10223 10222 10235
f 10221 10220 10233
f 10219 10218 10231
f 10217 10216 10229
f 10226 10225 10238
f 10223 10236 10237
f 10221 10234 10235
f 10219 10232 10233
f 10231 10230 10243
f 10228 10241 10242
f 10240 10239 10252
f 10238 10237 10250
f 10235 10248 10249
f 10234 10233 10246
f 10232 10231 10244
f 10229 10242 10243
f 10239 10238 10251
f 10237 10236 10249
f 10234 10247 10248
f 10232 10245 10246
f 10244 10243 10256
f 10242 10241 10254
f 10252 10265 10266
f 10251 10250 10263
f 10248 10261 10262
f 10247 10246 10259
f 10244 10257 10258
f 10242 10255 10256
f 10251 10264 10265
f 10250 10249 10262
f 10248 10247 10260
f 10245 10258 10259
f 10257 10256 10269
f 10255 10254 10267
f 10266 10265 10278
f 10263 10276 10277
f 10261 10274 10275
f 10260 10259 10272
f 10257 10270 10271
f 10255 10268 10269
f 10265 10264 10277
f 10263 10262 10275
f 10261 10260 10273
f 10258 10271 10272
f 10269 10282 10283
f 10267 10280 10281
f 10278 10291 10292
f 10277 10276 10289
f 10275 10274 10287
f 10272 10285 10286
f 10271 10270 10283
f 10269 10268 10281
f 10277 10290 10291
f 10275 10288 10289
f 10273 10286 10287
f 10272 10271 10284
f 10282 10295 10296
f 10280 10293 10294
f 10292 10291 10304
f 10289 10302 10303
f 10288 10287 10300
f 10286 10285 10298
f 10284 10283 10296
f 10282 10281 10294
f 10291 10290 10303
f 10288 10301 10302
f 10286 10299 10300
f 10284 10297 10298
f 10295 10308 10309
f 10294 10293 10306
f 10304 10317 10318
f 10302 10315 10316
f 10301 10300 10313
f 10299 10298 10311
f 10296 10309 10310
f 10295 10294 10307
f 10303 10316 10317
f 10301 10314 10315
f 10300 10299 10312
f 10297 10310 10311
f 10309 10308 10321
f 10307 10306 10319
f 10318 10317 10330
f 10316 10315 10328
f 10314 10313 10326
f 10311 10324 10325
f 10309 10322 10323
f 10308 10307 10320
f 10316 10329 10330
f 10314 10327 10328
f 10313 10312 10325
f 10311 10310 10323
f 10321 10334 10335
f 10320 10319 10332
f 10330 10343 10344
f 10329 10328 10341
f 10326 10339 10340
f 10325 10324 10337
f 10323 10322 10335
f 10320 10333 10334
f 10330 10329 10342
f 10328 10327 10340
f 10325 10338 10339
f 10323 10336 10337
f 10335 10334 10348
f 10332 10346 10347
f 10344 10343 10357
f 10342 10341 10355
f 10339 10353 10354
f 10337 10351 10352
f 10336 10335 10349
f 10333 10347 10348
f 10343 10342 10356
f 10341 10340 10354
f 10338 10352 10353
f 10337 10336 10350
f 10349 10348 10361
f 10347 10346 10359
f 10357 10370 10371
f 10356 10355 10368
f 10353 10366 10367
f 10351 10364 10365
f 10349 10362 10363
f 10347 10360 10361
f 10356 10369 10370
f 10355 10354 10367
f 10353 10352 10365
f 10351 10350 10363
f 10362 10361 10374
f 10360 10359 10372
f 10371 10370 10383
f 10368 10381 10382
f 10366 10379 10380
f 10365 10364 10377
f 10362 10375 10376
f 10360 10373 10374
f 10370 10369 10382
f 10368 10367 10380
f 10366 10365 10378
f 10363 10376 10377
f 10374 10387 10388
f 10372 10385 10386
f 10383 10396 10397
f 10382 10381 10394
f 10380 10379 10392
f 10377 10390 10391
f 10376 10375 10388
f 10374 10373 10386
f 10382 10395 10396
f 10380 10393 10394
f 10378 10391 10392
f 10377 10376 10389
f 10387 10400 10401
f 10385 10398 10399
f 10397 10396 10409
f 10394 10407 10408
f 10393 10392 10405
f 10390 10403 10404
f 10389 10388 10401
f 10387 10386 10399
f 10396 10395 10408
f 10393 10406 10407
f 10391 10404 10405
f 10390 10389 10402
f 10400 10413 10414
f 10399 10398 10411
f 10409 10422 10423
f 10407 10420 10421
f 10406 10405 10418
f 10403 10416 10417
f 10401 10414 10415
f 10400 10399 10412
f 10408 10421 10422
f 10406 10419 10420
f 10405 10404 10417
f 10403 10402 10415
f 10414 10413 10426
f 10411 10424 10425
f 10423 10422 10435
f 10420 10433 10434
f 10418 10431 10432
f 10416 10429 10430
f 10414 10427 10428
f 10412 10425 10426
f 10421 10434 10435
f 10419 10432 10433
f 10418 10417 10430
f 10416 10415 10428
f 10427 10426 10439
f 10425 10424 10437
f 10435 10448 10449
f 10433 10446 10447
f 10431 10444 10445
f 10430 10429 10442
f 10428 10427 10440
f 10425 10438 10439
f 10435 10434 10447
f 10433 10432 10445
f 10430 10443 10444
f 10428 10441 10442
f 10440 10439 10452
f 10437 10450 10451
f 10449 10448 10461
f 10447 10446 10459
f 10444 10457 10458
f 10443 10442 10455
f 10441 10440 10453
f 10438 10451 10452
f 10448 10447 10460
f 10446 10445 10458
f 10443 10456 10457
f 10441 10454 10455
f 10453 10452 10465
f 10451 10450 10463
f 10461 10474 10475
f 10460 10459 10472
f 10457 10470 10471
f 10456 10455 10468
f 10453 10466 10467
f 10451 10464 10465
f 10460 10473 10474
f 10459 10458 10471
f 10457 10456 10469
f 10454 10467 10468
f 10466 10465 10061
f 10464 10463 10059
f 10474 10070 10071
f 10472 10068 10069
f 10470 10066 10067
f 10469 10468 10064
f 10466 10062 10063
f 10464 10060 10061
f 10473 10069 10070
f 10472 10471 10067
f 10470 10469 10065
f 10467 10063 10064
f 9933 10059 10463
f 10463 10450 10054
f 10450 10437 10049
f 10437 10424 10045
f 10045 10424 10411
f 10041 10411 10398
f 10037 10398 10385
f 10385 10372 10029
f 10029 10372 10359
f 10359 10346 10021
f 10346 10332 10017
f 10332 10319 10013
f 10013 10319 10306
f 10009 10306 10293
f 10005 10293 10280
f 10280 10267 9997
f 9997 10267 10254
f 10254 10241 9989
f 10241 10228 9985
f 10228 10215 9981
f 9981 10215 10202
f 9977 10202 10189
f 9973 10189 10176
f 10176 10163 9965
f 9965 10163 10150
f 10150 10137 9957
f 10137 10124 9953
f 10124 10111 9949
f 9949 10111 10098
f 9945 10098 10085
f 9941 10085 10072
f 10072 10059 9933

