# https://github.com/mikedh/trimesh
v 0.04177839 -1.05286288 0.00544410
v 0.04599619 -1.05190718 0.00533542
v 0.04664188 -1.05335569 0.00527328
v 0.04223265 -1.05409384 0.00510732
v 0.05260767 -1.05596471 0.01631094
v 0.05277208 -1.05878580 0.01227660
v 0.05215937 -1.06156874 0.01185503
v 0.05158851 -1.06174374 0.01457670
v -0.00077738 -1.01878691 0.06452580
v -0.01606231 -1.01869237 0.06576742
v -0.01541256 -1.00650179 0.06429330
v -0.00178756 -1.00402141 0.06160143
v 0.01892699 -0.97646189 0.04878084
v 0.01271658 -0.98581195 0.05115260
v 0.01118993 -0.97310972 0.05689473
v 0.02252820 -0.96742201 0.04902875
v 0.03337978 -1.10062909 -0.09010349
v 0.03927754 -1.10020423 -0.08308345
v 0.03924789 -1.09347582 -0.08625162
v -0.07883274 -1.04575944 -0.01488411
v -0.08246443 -1.04438436 -0.01660022
v -0.08300925 -1.04579461 -0.01691919
v -0.07907099 -1.04708719 -0.01524721
v -0.09297536 -1.04705167 -0.00829064
v -0.09218776 -1.05007017 -0.01216323
v -0.09155475 -1.05287611 -0.01276921
v -0.09233294 -1.05299592 -0.00980739
v 0.03348823 -1.09324515 -0.09205692
v 0.06722847 -1.08109319 0.02801919
v 0.06721108 -1.07846653 0.02938611
v 0.06780270 -1.07678151 0.02765841
v 0.06760830 -1.07909000 0.02658029
v 0.06482034 -1.06195843 0.02754259
v 0.06394748 -1.06959653 0.02839772
v 0.06482399 -1.07249212 0.02914667
v 0.06536262 -1.07021308 0.02850505
v 0.06602064 -1.05109572 0.02553818
v 0.06505615 -1.05167520 0.02478270
v 0.06598667 -1.05654609 0.02638402
v 0.06680487 -1.05632567 0.02748307
v 0.05511592 -1.02907538 0.00373100
v 0.05779194 -1.03136849 0.00560492
v 0.05776473 -1.02939343 0.00714532
v 0.05347458 -1.02763486 0.00493472
v 0.05019495 -1.02839363 0.00512412
v 0.05420509 -1.02845991 0.00975170
v 0.05366775 -1.03146267 0.00992662
v 0.05033753 -1.03080642 0.00638165
v 0.06400120 -1.08892488 0.01224565
v 0.06459455 -1.08563066 0.01226093
v 0.06346853 -1.08430099 0.00970901
v 0.06286328 -1.08771217 0.00930967
v 0.05019877 -1.05504572 0.02202499
v 0.04923884 -1.04835415 0.02058464
v 0.05478185 -1.05378652 0.02441462
v 0.05502523 -1.05667925 0.02445358
v 0.06196715 -1.07917666 0.01999404
v 0.06207921 -1.08055782 0.02355304
v 0.06252626 -1.07851541 0.02480027
v 0.06202310 -1.07654822 0.02214582
v 0.06348512 -1.08263254 0.02826505
v 0.06363431 -1.07970285 0.02975110
v 0.05384827 -1.03663743 0.00120170
v 0.05288245 -1.03988230 -0.00015830
v 0.05330187 -1.04166484 0.00086732
v 0.05365076 -1.04088855 0.00231251
v 0.05192553 -1.05509424 0.01279458
v 0.05340940 -1.05922055 0.01101098
v 0.06317565 -1.04002261 0.02111865
v 0.06346353 -1.04188180 0.01985826
v 0.06481634 -1.04629874 0.02300627
v 0.06459331 -1.04495740 0.02450856
v 0.06072214 -1.04393435 0.01738491
v 0.06208884 -1.04697037 0.02090194
v 0.06280366 -1.04781103 0.02266572
v 0.06230827 -1.04544318 0.02070992
v 0.06436727 -1.08276784 0.02001327
v 0.06316268 -1.08418822 0.01485638
v 0.06404104 -1.08386803 0.01497425
v 0.06525274 -1.08228135 0.02016192
v 0.05678338 -1.06913328 0.02318418
v 0.05552457 -1.07392275 0.02071638
v 0.05466404 -1.07305968 0.02058574
v 0.05579137 -1.06887221 0.02295960
v 0.06392328 -1.07997036 0.02670301
v 0.06417693 -1.07743776 0.02797863
v 0.06288761 -1.07600975 0.02633131
v 0.05390028 -1.07448936 0.00773532
v 0.05429367 -1.07564342 0.00876115
v 0.05470185 -1.07409394 0.00943699
v 0.05460947 -1.07268667 0.00870445
v 0.05692810 -1.02842259 0.01034570
v 0.04891041 -1.03902125 0.01538306
v 0.05059303 -1.04007697 0.01701595
v 0.05280762 -1.04452968 0.01986241
v 0.05122260 -1.04541314 0.01991826
v 0.05092267 -1.02956462 0.00118748
v 0.05401364 -1.03017521 0.00154623
v 0.05474449 -1.02932143 0.00275631
v 0.05157132 -1.02852261 0.00263266
v 0.05661306 -1.07943296 0.00889657
v 0.05854278 -1.07922697 0.01163505
v 0.05679184 -1.07801461 0.01072602
v 0.05559007 -1.07801914 0.00861319
v 0.06326319 -1.06735969 0.02664688
v 0.06227297 -1.07386172 0.02394925
v 0.06435201 -1.05743873 0.02222627
v 0.06365722 -1.05794132 0.02516280
v 0.06357026 -1.05372262 0.02406030
v -0.05555725 -1.01625133 0.05393427
v -0.04135497 -1.01783192 0.06042716
v -0.04082735 -1.00588274 0.05997924
v -0.05312802 -1.00201106 0.05139798
v 0.06422805 -1.05330563 0.02122995
v 0.06375653 -1.06550014 0.02122934
v 0.06318046 -1.06594431 0.02462510
v 0.06566101 -1.07577121 0.02615946
v 0.06617282 -1.06958365 0.02710325
v 0.06507702 -1.07632732 0.02693423
v 0.05335981 -1.07670856 0.01805044
v 0.05225164 -1.08004022 0.02167385
v 0.05171224 -1.07334471 0.02355478
v 0.05362108 -1.07425749 0.01955981
v 0.05369167 -1.04562831 0.00074799
v 0.05495343 -1.04784334 0.00199042
v 0.05380866 -1.04565537 0.00346422
v 0.05316878 -1.04347098 0.00324518
v 0.05376899 -1.04260266 0.01893759
v 0.05154599 -1.03914523 0.01648150
v 0.05220689 -1.03874183 0.01585359
v 0.05461882 -1.04084778 0.01784571
v 0.06058452 -1.08094537 0.01397746
v 0.06086478 -1.07583451 0.01532451
v 0.05938271 -1.07547379 0.01364276
v 0.05829448 -1.04407501 0.00884624
v 0.05881240 -1.04558337 0.01054006
v 0.05964545 -1.04291832 0.01281266
v 0.05926154 -1.04078114 0.01141489
v 0.06029947 -1.03276181 0.01563363
v 0.05793358 -1.03228772 0.01597685
v 0.05618441 -1.03002477 0.01275808
v 0.05870057 -1.03008902 0.01291349
v 0.05344643 -1.04242992 0.00263764
v 0.05340290 -1.04305017 0.00098314
v 0.05836221 -1.06987250 0.02529961
v 0.05730683 -1.07567334 0.02253364
v 0.06197765 -1.07453632 0.02002275
v 0.06223548 -1.07222486 0.02146903
v 0.05507880 -1.05880809 0.00516737
v 0.05249498 -1.05936289 0.00577039
v 0.05250806 -1.05847645 0.00590622
v 0.05572983 -1.05716217 0.00539569
v 0.05566087 -1.05864406 0.00390214
v 0.05628319 -1.05700076 0.00411292
v 0.05608407 -1.05667567 0.00291988
v 0.05571713 -1.05757308 0.00258868
v 0.05161123 -1.05970395 0.00600395
v 0.05195357 -1.05931759 0.00586594
v 0.05217781 -1.05995750 0.00610250
v 0.05350626 -1.06483459 0.01791094
v 0.05479543 -1.05715036 0.02038033
v 0.05329535 -1.05654347 0.01907882
v 0.05200553 -1.06309903 0.01640687
v 0.06415221 -1.05929017 0.02661528
v 0.06058728 -1.08330572 0.00496656
v 0.05892295 -1.08543384 0.00438214
v 0.06066483 -1.08952010 0.00877683
v 0.05302783 -1.04616475 0.01204930
v 0.05602869 -1.04719055 0.00955300
v 0.05478019 -1.04657054 0.00776949
v 0.05282112 -1.04562104 0.01038397
v 0.05271940 -1.04991233 0.00548815
v 0.05109770 -1.04646182 0.00472102
v 0.05510684 -1.04834151 0.00477832
v 0.05493546 -1.06481111 0.00292215
v 0.05359945 -1.06104684 0.00554322
v 0.05468994 -1.05981123 0.00468262
v 0.05514666 -1.06010973 0.00345113
v 0.06565417 -1.05036592 0.02702474
v 0.06638652 -1.05593634 0.02904463
v 0.06447379 -1.05571532 0.03031746
v 0.06369825 -1.04982924 0.02834198
v 0.05189778 -1.03280532 -0.00035370
v 0.04801523 -1.03017616 0.00204407
v 0.05147346 -1.03547287 -0.00124093
v 0.06678289 -1.08708906 0.02215187
v 0.06327118 -1.08898449 0.02173582
v 0.06343561 -1.08720255 0.02433149
v 0.06707457 -1.08542371 0.02462064
v 0.05067542 -1.06699669 0.01036871
v 0.05105001 -1.06475639 0.01015672
v 0.05144374 -1.06612515 0.00874134
v 0.05096992 -1.06815314 0.00870566
v 0.02534381 -1.03266203 0.05052832
v 0.03675599 -1.03127587 0.03377333
v 0.03809187 -1.04676664 0.04123469
v 0.02789354 -1.04776037 0.05487186
v 0.06163527 -1.03563452 0.01478508
v 0.06097865 -1.03324246 0.01248796
v 0.05597629 -1.07250965 0.00117216
v 0.05552313 -1.07419193 -0.00064654
v 0.05608538 -1.07999849 0.00034382
v 0.05695006 -1.07676899 0.00084454
v 0.06436887 -1.07173812 0.03187408
v 0.06746066 -1.07106638 0.03080551
v 0.05637536 -1.07965398 0.00724463
v 0.05904252 -1.08369470 0.01054732
v 0.05725880 -1.08096862 0.00945114
v 0.05595586 -1.07915187 0.00751564
v 0.05659319 -1.07065701 0.00668131
v 0.05720806 -1.07204461 0.00628570
v 0.05535954 -1.07290113 0.00592671
v 0.05445039 -1.07140732 0.00608720
v 0.05497159 -1.07884932 -0.00226894
v 0.05564569 -1.08424258 0.00083467
v 0.04698471 -1.03816128 0.01409076
v 0.05714440 -1.07180440 0.00392978
v 0.05800160 -1.07443523 0.00342257
v 0.05804754 -1.07375371 0.00595923
v -0.06653420 -0.97340155 0.03077085
v -0.06262475 -0.98278105 0.03617208
v -0.06310388 -0.97065508 0.04123500
v -0.06875852 -0.96397060 0.02935236
v 0.05217807 -1.04042625 -0.00223213
v 0.05288630 -1.04246175 -0.00043693
v 0.05536336 -1.07816875 0.00730787
v 0.05470356 -1.07687092 0.00729952
v 0.05357962 -1.07280862 0.00698972
v 0.05410346 -1.07102895 0.00862962
v 0.05993803 -1.06581378 0.01720550
v 0.06204955 -1.05766988 0.01970699
v 0.04362395 -1.04664350 0.02794393
v 0.04273478 -1.03028488 0.01508632
v 0.05413016 -1.07326090 0.00577004
v 0.05395564 -1.07369328 0.00593121
v 0.05319913 -1.07267427 0.00629818
v 0.05333571 -1.07207274 0.00601564
v 0.06002918 -1.03129756 0.01036121
v 0.05842943 -1.07183993 0.01388006
v 0.05582437 -1.06960845 0.01187235
v 0.05645917 -1.07166898 0.01081321
v 0.06679881 -1.06128430 0.02686654
v 0.06724580 -1.06948769 0.02704857
v 0.06819050 -1.07010496 0.02881100
v 0.06771832 -1.06133533 0.02843527
v 0.04875163 -1.02927387 0.00328953
v 0.05110375 -1.06410754 0.01106132
v 0.05258958 -1.06237316 0.01077979
v 0.05176615 -1.06962466 0.00885040
v 0.05212573 -1.07100105 0.00699416
v 0.05319237 -1.04544580 -0.00125529
v 0.06330542 -1.08362162 0.02345204
v 0.06362250 -1.08194876 0.02512341
v 0.06214787 -1.08203435 0.02199644
v 0.06206099 -1.08301461 0.02022265
v 0.06165013 -1.08435082 0.01681305
v 0.06173449 -1.08576095 0.01630943
v 0.06282080 -1.08502221 0.02118300
v 0.05486575 -1.07021344 0.01013895
v 0.05560914 -1.07190585 0.00951754
v 0.05776562 -1.04271710 0.00770168
v 0.05871167 -1.03722692 0.00928645
v 0.06302302 -1.05002928 0.02203712
v 0.06341603 -1.05031037 0.01914007
v 0.06137025 -1.06141031 0.02978529
v 0.06056857 -1.07084453 0.02941727
v 0.05951827 -1.07018733 0.02716678
v 0.06045112 -1.06134176 0.02825153
v 0.05469630 -1.06262434 0.02418415
v 0.05148312 -1.06313705 0.02307572
v 0.05516202 -1.05858755 0.00194816
v 0.05434833 -1.06223679 -0.00053612
v 0.05130427 -1.06888056 0.00893302
v 0.05186497 -1.07026553 0.00710740
v 0.05728424 -1.04562020 0.02203713
v 0.05483362 -1.03769565 0.01484067
v 0.05778933 -1.04340649 0.02052309
v 0.05097518 -1.03660202 0.01207106
v 0.05099099 -1.03536284 0.00993288
v 0.05345777 -1.03565812 0.01200733
v 0.06111707 -1.04571259 0.01633840
v 0.06224633 -1.04733586 0.01916829
v 0.05112072 -1.05949783 0.00647600
v 0.04950052 -1.05800772 0.00746563
v 0.05035135 -1.05913508 0.00588712
v 0.06288884 -1.06542408 0.01891637
v 0.06396075 -1.05754948 0.02038513
v 0.05673103 -1.07441306 0.00621057
v 0.05546625 -1.06407046 0.00743691
v 0.05637832 -1.06753111 0.00547654
v 0.05995791 -1.07801592 0.00580612
v 0.05818378 -1.07640076 0.00628186
v 0.05765419 -1.07538450 0.00629413
v 0.05885033 -1.07580829 0.00573138
v 0.04484884 -1.04930305 0.00600746
v 0.04841645 -1.04770041 0.00537329
v 0.04984754 -1.05090952 0.00518933
v 0.06110406 -1.08505869 0.01456459
v 0.06141453 -1.08321822 0.01596593
v 0.05852236 -1.07670641 0.02411264
v 0.05492472 -1.07610977 0.00984913
v 0.05536823 -1.07471991 0.01091708
v 0.05412704 -1.08809614 0.01587286
v 0.05448510 -1.08594537 0.01254406
v 0.05478819 -1.08621323 0.01127125
v 0.05496185 -1.09019649 0.01128024
v 0.05070056 -1.03233576 0.00714963
v 0.05312968 -1.03319371 0.01023990
v 0.05282264 -1.03436232 0.01045802
v 0.05097654 -1.03387022 0.00815176
v 0.05424988 -1.04602599 0.00711659
v 0.05269835 -1.04529154 0.00947360
v 0.06363984 -1.05160630 0.02478058
v 0.06310041 -1.05064225 0.02373085
v 0.06374358 -1.05486226 0.02557910
v 0.06442489 -1.05630040 0.02645150
v 0.05127809 -1.06837773 0.01282493
v 0.05070084 -1.06704891 0.01250462
v 0.05510269 -1.08051515 0.01432618
v 0.05704222 -1.08317268 0.01571086
v 0.05650166 -1.08557999 0.01187189
v 0.05492806 -1.08335352 0.01157736
v 0.05952853 -1.07790720 0.02638984
v 0.05568962 -1.07325172 0.01067278
v 0.05619746 -1.07361042 0.01179601
v 0.05522849 -1.07356906 0.01009099
v 0.05382587 -1.07043982 0.00632559
v 0.05592101 -1.06941950 0.00720563
v 0.05893638 -1.07845473 0.00698138
v 0.06178290 -1.08254576 0.01047459
v 0.06089960 -1.08254218 0.01045588
v 0.05830514 -1.07917523 0.00705918
v 0.05420543 -1.07531452 0.00662494
v -0.01567397 -1.03182673 0.07050922
v -0.01557833 -1.04301608 0.07635155
v -0.04292186 -1.09566224 -0.10364668
v -0.05129042 -1.09436357 -0.09923102
v -0.04899256 -1.08792973 -0.10185289
v -0.04127342 -1.08857298 -0.10525174
v 0.05695803 -1.08524036 0.00405304
v 0.05693370 -1.08743393 0.00793079
v 0.05785286 -1.08849859 0.00828365
v 0.05727876 -1.08625162 0.00493769
v 0.06200068 -1.08170819 0.01975827
v 0.06488539 -1.07881832 0.02582840
v 0.05413949 -1.06068230 0.00962828
v 0.05119444 -1.05756640 0.00921839
v 0.04168769 -1.05556405 0.00639083
v 0.04197714 -1.05680156 0.00632882
v 0.04229684 -1.05659652 0.00767915
v 0.04196175 -1.05529320 0.00797055
v 0.04497995 -1.05081654 0.00922351
v 0.04801412 -1.04981244 0.00856927
v 0.04746630 -1.04766607 0.00745488
v 0.04439333 -1.04857647 0.00886317
v 0.04120173 -1.05244672 0.00706242
v 0.04146963 -1.05404949 0.00663357
v 0.04184899 -1.05361044 0.00833695
v 0.04169720 -1.05182350 0.00904433
v 0.06082706 -1.08468926 0.01238691
v 0.06229020 -1.08499730 0.01442266
v 0.06639744 -1.07793999 0.02508589
v 0.06664565 -1.07575059 0.02594615
v 0.06458224 -1.08242822 0.02259204
v 0.06473974 -1.08079767 0.02422976
v 0.05513669 -1.05054867 0.00167544
v 0.05598138 -1.05088282 0.00357104
v 0.05563183 -1.04922783 0.00367859
v 0.06733707 -1.08105922 0.02508783
v 0.06714238 -1.08329749 0.02642405
v 0.05437348 -1.03349686 0.00124822
v 0.05327426 -1.03200459 0.00050482
v 0.03028785 -0.95376468 -0.00772004
v 0.03745619 -0.96071780 0.00400484
v 0.03698159 -0.94928795 0.00605400
v 0.03002218 -0.94242615 -0.00512476
v 0.05964667 -1.08046639 0.00386023
v 0.05820516 -1.08295488 0.00303132
v 0.04151619 -1.05076396 0.00627629
v 0.04111140 -1.05005968 0.00788401
v 0.04411734 -1.04842067 0.00746385
v 0.04691369 -1.05491507 0.00527417
v 0.04265729 -1.05551314 0.00513444
v 0.04518390 -1.05250227 0.00893088
v 0.04592903 -1.05761075 0.00766745
v 0.04656295 -1.05864656 0.00628255
v 0.05024154 -1.04417562 0.00611805
v 0.05142477 -1.04402316 0.00838289
v 0.05339481 -1.04385710 0.00554908
v 0.04171846 -1.04977965 0.00930176
v 0.05147078 -1.06918979 0.01057153
v 0.04840568 -1.05352151 0.00882521
v 0.05114131 -1.05147696 0.01127965
v 0.05094209 -1.04922104 0.01072112
v 0.04828638 -1.05152309 0.00885066
v 0.05987389 -1.04267025 0.01457978
v 0.06014396 -1.04445243 0.01426832
v 0.05340959 -1.04725456 0.01383203
v 0.05694102 -1.04750872 0.01241250
v 0.05327908 -1.06386471 0.00981111
v 0.05475131 -1.06691742 0.00830321
v 0.05156805 -1.05965567 0.00666164
v 0.04879522 -1.05570471 0.00837673
v 0.05115434 -1.05382550 0.01074375
v 0.04701879 -1.05634141 0.00546349
v 0.05082123 -1.05645394 0.00549922
v 0.05052172 -1.05762494 0.00553121
v 0.04692227 -1.05742729 0.00560211
v 0.05773827 -1.07515788 0.01253730
v 0.05761969 -1.08033705 0.00166323
v 0.05897012 -1.07746601 0.00325641
v 0.05285826 -1.09355164 0.02748941
v 0.05034395 -1.08547807 0.03231107
v 0.05320885 -1.08533812 0.01987108
v 0.04526904 -1.05436504 0.00856422
v 0.04259815 -1.05779469 0.00613794
v 0.04336849 -1.05724120 0.00540141
v 0.06397215 -1.04743361 0.02250847
v 0.05416038 -1.04358625 0.00537911
v 0.05254865 -1.06853652 0.00697208
v 0.06125893 -1.05583453 0.02897478
v 0.06063043 -1.05032873 0.02728412
v 0.05176703 -1.06982434 0.00707382
v 0.05254616 -1.07090712 0.00650547
v 0.05221339 -1.04453981 0.00910106
v 0.05396059 -1.04498744 0.00632442
v 0.05279440 -1.07131863 0.00629728
v 0.05558976 -1.05039823 0.00497349
v 0.06201093 -1.07599902 0.01867396
v 0.05632726 -1.03471613 0.01573280
v 0.05496679 -1.03295970 0.01266035
v 0.04305698 -1.05655122 0.00516040
v 0.04690270 -1.04767907 0.00667609
v 0.04563351 -1.05610967 0.00822106
v 0.05353699 -1.05419898 0.00576548
v 0.05320537 -1.05203581 0.00546289
v 0.05583009 -1.05263638 0.00491346
v 0.05800484 -1.04835272 0.01421587
v 0.05366509 -1.04926515 0.01604830
v 0.05433365 -1.05064583 0.01811639
v 0.05940027 -1.04948807 0.01613786
v 0.05988870 -1.04526222 0.02508552
v 0.05908075 -1.04060066 0.02189085
v 0.06135297 -1.03895366 0.02252707
v 0.06273833 -1.04400587 0.02591163
v 0.05209938 -1.10976219 0.03443184
v 0.05445575 -1.09869528 0.02038721
v 0.05418293 -1.11533451 0.02287394
v 0.05892478 -1.08545136 0.02093991
v 0.05905443 -1.08324504 0.02282761
v 0.06339079 -1.08508790 0.02660543
v 0.05546612 -1.08796322 0.00576540
v 0.05522302 -1.08606923 0.00962180
v 0.05619332 -1.08680105 0.00761261
v 0.06459215 -1.06162632 0.03138999
v 0.05530909 -1.06875241 0.00180603
v 0.05669879 -1.06958556 0.00449051
v 0.05611396 -1.04670966 0.02254095
v 0.06025872 -1.04771447 0.01414688
v 0.06203051 -1.04862928 0.01649384
v 0.06555323 -1.08599591 0.01520222
v 0.06308897 -1.08361566 0.01246678
v 0.00596496 -0.93913442 -0.03949752
v 0.00462616 -0.93050158 -0.03456869
v 0.00886676 -1.03955662 -0.10886621
v 0.00997702 -1.03966153 -0.10715520
v 0.00852232 -1.04160023 -0.10661274
v 0.00803067 -1.04148114 -0.10743093
v 0.00950751 -1.03069949 -0.10630044
v 0.00855013 -1.03236747 -0.10550483
v 0.00925295 -1.03227067 -0.10434122
v 0.01042232 -1.03085136 -0.10513893
v 0.00552982 -1.04107654 -0.10703297
v 0.00470224 -1.03806448 -0.10957515
v 0.00649139 -1.03892004 -0.11074120
v 0.00671257 -1.04157829 -0.10760211
v 0.06523956 -1.08917391 0.01560860
v 0.01250965 -1.03067803 -0.10530533
v 0.01125802 -1.03257942 -0.10460262
v 0.01220462 -1.03282797 -0.10633078
v 0.01398068 -1.03147507 -0.10679980
v 0.00738012 -1.03029132 -0.11493690
v 0.00827591 -1.03242862 -0.11514456
v 0.00684768 -1.03175867 -0.11292841
v 0.00698741 -1.02983952 -0.11233883
v 0.00974020 -1.03304410 -0.11423376
v 0.01186325 -1.03259158 -0.11555044
v 0.01304269 -1.03279352 -0.11350263
v 0.01069682 -1.03311610 -0.11242886
v 0.00531186 -1.03458464 -0.10844088
v 0.00708616 -1.03256917 -0.10929535
v 0.00528110 -1.03426158 -0.11211398
v 0.01202800 -1.03540981 -0.10479823
v 0.01053285 -1.03449297 -0.10350542
v 0.00923085 -1.03824127 -0.10368250
v 0.01058302 -1.03899801 -0.10442059
v 0.03317177 -0.97189128 -0.01113684
v 0.03849973 -0.97584033 0.00307428
v 0.03013800 -1.05722022 -0.08317761
v 0.02963963 -1.05418825 -0.08402479
v 0.02568680 -1.05498862 -0.08562621
v 0.02639239 -1.05769420 -0.08480312
v 0.05649291 -1.05489659 0.00395967
v 0.05607692 -1.05563939 0.00262351
v 0.05893686 -1.08073711 0.02477607
v 0.06405669 -1.08365834 0.02023918
v 0.05901707 -1.08702838 0.01868392
v 0.05854788 -1.08858180 0.01350061
v 0.05736686 -1.08696234 0.01266329
v 0.05780251 -1.08500576 0.01699399
v 0.06684688 -1.08412278 0.02123764
v 0.05535460 -1.04246378 0.00540987
v 0.06060983 -1.07142830 0.01591387
v 0.05818975 -1.08881462 0.01083747
v 0.06140518 -1.09060836 0.01188050
v 0.06572308 -1.06135917 0.02670951
v 0.06700163 -1.08285856 0.02335307
v 0.06559557 -1.08126497 0.02210967
v 0.06088330 -1.08048868 0.00631778
v 0.05485685 -1.05366147 0.02026813
v 0.06165127 -1.05394828 0.01922061
v 0.06080211 -1.05105245 0.01796144
v -0.11317834 -1.06920505 -0.00310393
v -0.11349228 -1.06655967 -0.00187781
v -0.11334848 -1.06487846 -0.00367066
v -0.11306673 -1.06722343 -0.00477375
v -0.10873698 -1.05073774 -0.00242092
v -0.10928364 -1.05842721 -0.00140247
v -0.11050285 -1.06115150 -0.00110186
v -0.11061914 -1.05877674 -0.00186574
v 0.05472206 -1.05162394 0.01938376
v 0.05062714 -1.06573272 0.01199309
v 0.05300553 -1.04587865 -0.00367231
v 0.06005311 -1.03803742 0.01256659
v -0.10756774 -1.03982484 -0.00466520
v -0.10653935 -1.04055655 -0.00505091
v -0.10851552 -1.04521108 -0.00393622
v -0.10970105 -1.04481292 -0.00327845
v 0.06066820 -1.03941512 0.01477498
v 0.00089600 -1.03259993 0.06789796
v 0.00273271 -1.04455328 0.07312600
v 0.06705375 -1.06150985 0.03033838
v 0.06051844 -1.08443749 0.01325500
v 0.05685989 -1.04247236 0.00688008
v 0.05665259 -1.03702748 0.00656842
v 0.05549939 -1.03697777 0.00466058
v 0.05585455 -1.07401049 0.01144459
v 0.05531529 -1.04767990 0.02249977
v 0.05496832 -1.04996073 0.02345730
v 0.04268000 -1.05728793 0.00724725
v 0.05833726 -1.04206467 0.02092951
v 0.05575050 -1.03618956 0.01530990
v 0.04070492 -0.98025924 0.01619318
v 0.03513758 -0.98385441 0.02922358
v -0.08700656 -1.02000308 -0.02162355
v -0.09058081 -1.02189994 -0.02077260
v -0.09086899 -1.01971602 -0.01935697
v -0.08572437 -1.01840687 -0.01982489
v 0.03632473 -0.97116345 0.02940619
v 0.04022898 -0.96655095 0.01693410
v 0.05383451 -1.05994213 -0.00384158
v 0.05436971 -1.05311072 -0.00054252
v 0.05395313 -1.05174959 -0.00238904
v 0.01676685 -0.95016110 -0.03341360
v 0.01373054 -0.93604290 -0.02841106
v 0.05343796 -1.04602647 -0.00756316
v 0.05522415 -1.04437637 -0.01776692
v 0.05631476 -1.06013942 -0.01920261
v 0.05408956 -1.05582380 -0.00889023
v 0.04955089 -1.08710659 -0.06052524
v 0.05008815 -1.08832657 -0.05571491
v 0.05103368 -1.07890689 -0.05455287
v 0.04997654 -1.07957232 -0.05890390
v 0.01126872 -1.14068651 -0.09024920
v 0.00143379 -1.14042366 -0.09462087
v 0.00046721 -1.14895594 -0.08993013
v 0.01020725 -1.14854693 -0.08470019
v 0.00331052 -1.05328929 0.07685409
v 0.00382250 -1.06452632 0.08107607
v -0.01622595 -1.06099677 0.08539694
v -0.01616368 -1.05056858 0.07961400
v 0.00481929 -1.16751194 -0.06354602
v -0.00509151 -1.16850126 -0.06841529
v -0.00710969 -1.17427933 -0.05890474
v -0.08279412 -1.01990175 -0.01858224
v -0.08807506 -1.01953208 -0.01549882
v -0.08793156 -1.02254748 -0.01496723
v -0.08382662 -1.02236545 -0.01751923
v 0.00309887 -1.17284751 -0.05426306
v 0.04633582 -1.05694675 -0.07052623
v 0.04858362 -1.05072975 -0.06930138
v 0.04540928 -1.04954100 -0.07350048
v 0.04360270 -1.05588102 -0.07386912
v 0.05681750 -1.03241515 0.00442970
v 0.05589553 -1.03289580 0.00313179
v -0.10599934 -1.07823300 -0.01750128
v -0.10606712 -1.07496011 -0.01761504
v -0.10381724 -1.07404685 -0.01955941
v -0.10353199 -1.07741845 -0.01977837
v -0.09254434 -1.04559493 -0.00276512
v -0.09060118 -1.03894758 -0.00388352
v -0.09726667 -1.04359603 -0.00210084
v -0.09775475 -1.04646480 -0.00198836
v -0.00922358 -1.17954159 -0.04772342
v 0.00133615 -1.17800355 -0.04352849
v 0.00968695 -1.06223512 -0.09564742
v -0.10551005 -1.06857455 -0.00879320
v -0.10693877 -1.06974459 -0.00569959
v -0.10755672 -1.06762981 -0.00443231
v -0.10609838 -1.06581831 -0.00669464
v -0.10979360 -1.07121992 -0.00160556
v -0.11019450 -1.06828809 -0.00020235
v -0.08585282 -1.02792072 -0.02407195
v -0.08516518 -1.03127730 -0.02520507
v -0.08626428 -1.03299189 -0.02428074
v -0.08683784 -1.03211880 -0.02296828
v -0.09091917 -1.04654276 -0.01117767
v -0.09205206 -1.05047846 -0.01382500
v -0.10238364 -1.02916205 -0.00809309
v -0.10234711 -1.03104889 -0.00920905
v -0.10502889 -1.03525329 -0.00654861
v -0.10525179 -1.03391671 -0.00533498
v 0.00950650 -1.06445968 -0.09300952
v 0.01293227 -1.06154299 -0.09051652
v 0.01295360 -1.05923796 -0.09261814
v 0.00296056 -1.11121058 -0.10315755
v 0.00295826 -1.11943901 -0.10088417
v 0.01144803 -1.12015033 -0.09771194
v 0.01097465 -1.11206257 -0.10037316
v 0.01704635 -1.05940807 -0.08814205
v 0.01647956 -1.05715752 -0.08963922
v -0.00140210 -1.15631783 -0.08360825
v 0.00844379 -1.15554154 -0.07814106
v -0.00845487 -1.18886924 0.00433323
v -0.09926942 -1.03360820 -0.01041736
v -0.10228930 -1.03633535 -0.00761510
v -0.10350613 -1.03710949 -0.00618497
v -0.10214362 -1.03481722 -0.00788831
v -0.00646145 -1.18866944 -0.00383058
v -0.01790116 -1.19070363 -0.00570704
v -0.10821348 -1.07168055 -0.01009919
v -0.10548868 -1.07347596 -0.01456935
v -0.10633227 -1.07304609 -0.01486578
v -0.10904610 -1.07106280 -0.01034521
v -0.01905645 -1.19111669 0.00682268
v 0.04029672 -1.06676197 0.04821637
v 0.04631370 -1.06468046 0.03368714
v 0.04829707 -1.07652044 0.03497119
v 0.04361030 -1.08397257 0.05013266
v 0.02391399 -0.95813715 -0.02339386
v 0.02154644 -0.94434392 -0.01858148
v -0.09984773 -1.05866051 -0.00397887
v -0.09825368 -1.06376934 -0.00598818
v -0.09743830 -1.06290412 -0.00604134
v -0.09905207 -1.05845046 -0.00414689
v -0.10971225 -1.06882191 -0.00324621
v -0.11008529 -1.06620991 -0.00203534
v -0.10817487 -1.06502283 -0.00307597
v -0.09333562 -1.06537104 -0.01767688
v -0.09447865 -1.06624353 -0.01691007
v -0.09490445 -1.06477427 -0.01640592
v -0.09417588 -1.06350541 -0.01713008
v -0.09107386 -1.01879823 -0.01606859
v -0.08668856 -1.02999735 -0.00835782
v -0.08888318 -1.03065145 -0.00721841
v -0.09255711 -1.03475630 -0.00545334
v -0.09129774 -1.03580832 -0.00484165
v 0.04369211 -1.10802102 -0.07110181
v 0.04468126 -1.11407971 -0.06672548
v 0.04738725 -1.10731959 -0.06193099
v 0.04629068 -1.10222828 -0.06675871
v 0.00295064 -1.09801269 -0.10608016
v 0.01014885 -1.09852958 -0.10442014
v 0.00872362 -1.09205115 -0.10469411
v 0.00277352 -1.09160018 -0.10620955
v -0.08208405 -1.02149057 -0.02276426
v -0.08529085 -1.02163100 -0.02326790
v -0.08630112 -1.02054143 -0.02233259
v -0.08310533 -1.02009606 -0.02139821
v 0.05013112 -1.07229400 -0.05873800
v 0.05199940 -1.06987548 -0.05508173
v 0.05227227 -1.06098628 -0.05896494
v 0.04976700 -1.06476557 -0.06181052
v 0.04821756 -1.05883110 -0.06727870
v -0.09720966 -1.06956935 -0.01759991
v -0.09970576 -1.06920969 -0.01576645
v -0.09761892 -1.06826174 -0.01593088
v -0.09599614 -1.06833935 -0.01747245
v 0.05067855 -1.05305743 -0.06559755
v -0.10795295 -1.05636716 -0.00271881
v -0.10664228 -1.06306243 -0.00496902
v 0.01145062 -1.13023317 -0.09464766
v 0.00226544 -1.12970901 -0.09833881
v 0.04913658 -1.09833908 -0.05804831
v 0.04831468 -1.09490907 -0.06319455
v 0.00736982 -1.06494141 -0.09929894
v 0.00730622 -1.06683755 -0.09571370
v 0.00521138 -1.07091808 -0.09948573
v -0.10614064 -1.04660344 -0.00723434
v -0.10670038 -1.04707372 -0.00426968
v -0.10569480 -1.04289472 -0.00512185
v -0.10515162 -1.04252386 -0.00802632
v 0.00287750 -1.06980371 -0.10606128
v 0.00236171 -1.07389736 -0.10523298
v 0.00468075 -1.07432473 -0.10081938
v 0.02731381 -1.11359441 -0.09038563
v 0.02786024 -1.12121046 -0.08706060
v 0.03441190 -1.12093794 -0.08004688
v 0.03379291 -1.11375225 -0.08359552
v 0.00664389 -1.16184199 -0.07118504
v -0.10646526 -1.05469859 -0.00793495
v -0.10726072 -1.05504239 -0.00462723
v -0.00327443 -1.16243672 -0.07622841
v 0.00222192 -1.08322871 -0.10530047
v 0.00602392 -1.08372188 -0.10277130
v 0.00501643 -1.08025634 -0.10149433
v -0.11063487 -1.06426203 -0.00434871
v -0.11087736 -1.05801189 -0.00348025
v -0.11040635 -1.06493020 -0.00335626
v -0.09557742 -1.06685352 -0.00814856
v -0.09634776 -1.07022631 -0.00458795
v -0.09589566 -1.06355739 -0.00216449
v -0.09614426 -1.06434214 -0.00666399
v 0.00223582 -1.07994711 -0.10469604
v 0.02110222 -1.05585384 -0.08751595
v 0.02174773 -1.05829430 -0.08652583
v 0.04724559 -1.03098583 0.00560585
v 0.04890943 -1.03092337 0.00569633
v 0.05456221 -1.07726693 -0.00860495
v 0.05417600 -1.06634486 -0.00933683
v 0.05588683 -1.07339203 -0.02009262
v 0.05575320 -1.08642173 -0.01938300
v 0.05624374 -1.09872508 -0.01632877
v 0.05594924 -1.10865414 -0.01120025
v 0.05631342 -1.09374690 -0.00264533
v 0.05606270 -1.08669877 -0.00669618
v 0.02834886 -0.97459650 0.03970120
v 0.02464212 -0.98618263 0.04037344
v 0.00341821 -1.06640399 -0.10843436
v 0.00390285 -1.06325269 -0.11063138
v -0.01853172 -1.10393941 0.09176648
v -0.08726062 -1.03685486 -0.02426129
v -0.08885821 -1.03912258 -0.02327658
v -0.08809558 -1.03707027 -0.02159886
v -0.08739464 -1.03477955 -0.02188866
v -0.01773336 -1.08962035 0.09279762
v 0.00407330 -1.09477770 0.08776960
v 0.00258244 -1.10722554 0.08673932
v 0.03840521 -1.05567884 0.04433086
v -0.09288526 -1.03267503 -0.00664363
v -0.08944950 -1.02959681 -0.00814093
v -0.08975758 -1.02919185 -0.00902318
v -0.09291761 -1.03106070 -0.00812472
v 0.04478453 -1.05511546 0.03103915
v 0.01121695 -1.03627920 -0.10843228
v 0.00707129 -1.04125118 -0.10500855
v 0.00727294 -1.03780544 -0.10397533
v 0.00682487 -1.04042888 -0.10481039
v 0.01153878 -1.03295231 -0.10987194
v 0.01412012 -1.03254652 -0.11062080
v 0.00824298 -1.03408802 -0.10349052
v 0.00749274 -1.03416049 -0.10426685
v 0.00657382 -1.03801394 -0.10446819
v 0.00827729 -1.04162908 -0.10545015
v 0.00533624 -1.02821183 -0.11743098
v 0.00632324 -1.02944636 -0.12035465
v 0.00965602 -1.03107953 -0.11874130
v 0.00794596 -1.02974379 -0.11681464
v 0.00519839 -1.04029059 -0.10663135
v 0.00459210 -1.03789544 -0.10732124
v 0.00696049 -1.03505135 -0.11397043
v 0.00774530 -1.03929603 -0.11013559
v 0.00742331 -1.04161072 -0.10763767
v 0.00848448 -1.03585029 -0.11290547
v 0.00770685 -1.03019273 -0.10961763
v 0.00979770 -1.03620505 -0.11099730
v -0.10244042 -1.07055640 -0.01416378
v -0.10251740 -1.06555176 -0.01287155
v -0.10061250 -1.06541312 -0.01402208
v -0.09430737 -1.03428125 -0.01784169
v -0.09546258 -1.03565443 -0.01623441
v -0.09649576 -1.03291726 -0.01431809
v -0.09542352 -1.03085232 -0.01566194
v 0.05918158 -1.04671168 0.01224938
v 0.04065056 -0.99294269 -0.00481952
v 0.04350608 -1.00967503 0.00119210
v 0.04182751 -1.00940967 0.00684096
v -0.09697329 -1.02260590 -0.01227733
v -0.09436689 -1.02262831 -0.01110263
v -0.09126793 -1.02046204 -0.01337187
v -0.09400906 -1.02016044 -0.01421069
v -0.08734946 -1.03365576 -0.02263080
v -0.08664697 -1.03436685 -0.02415785
v -0.10221053 -1.05916834 -0.00252625
v -0.10100066 -1.06523693 -0.00511339
v 0.04008479 -0.99253887 0.00463281
v 0.05814113 -1.07360744 0.01324773
v 0.05207952 -1.11610603 -0.04334451
v 0.05020291 -1.12918782 -0.03386174
v 0.05445174 -1.11925983 -0.02105619
v -0.10508572 -1.06398845 -0.00871215
v -0.10581217 -1.06154013 -0.00727669
v 0.05544941 -1.10755217 -0.02608760
v 0.04910881 -1.13954926 -0.02687193
v 0.05304075 -1.13079119 -0.01475229
v 0.05534493 -1.11998129 -0.00368541
v 0.05498812 -1.10113311 0.01184971
v 0.03688287 -1.07170081 -0.07830860
v 0.03721547 -1.07149434 -0.07843903
v 0.03594313 -1.07093430 -0.07995304
v -0.09132121 -1.05011106 -0.02026089
v -0.08924043 -1.05096030 -0.01873104
v -0.08917200 -1.05010557 -0.01860395
v -0.09173417 -1.04840755 -0.02026188
v 0.03590037 -1.07112455 -0.07977536
v 0.03628795 -1.07182407 -0.07775128
v 0.03520706 -1.07112682 -0.07903260
v -0.09130056 -1.04987848 -0.02171721
v -0.09165874 -1.04818451 -0.02169467
v -0.09098605 -1.04789996 -0.02274108
v -0.09064737 -1.04881752 -0.02293742
v 0.03694586 -1.07241023 -0.07671991
v 0.03759501 -1.07221186 -0.07713097
v 0.03790203 -1.07194638 -0.07721880
v 0.02034143 -1.07084060 -0.08459514
v 0.02089113 -1.07129562 -0.08380243
v 0.02357695 -1.07059896 -0.08350763
v 0.02310891 -1.07037020 -0.08472845
v 0.02020111 -1.07048678 -0.08506688
v 0.02315086 -1.06999433 -0.08513163
v -0.08858892 -1.05133140 -0.01814409
v -0.08877704 -1.05097592 -0.01842273
v -0.08918308 -1.05154419 -0.01827523
v -0.09527539 -1.05564189 -0.00762573
v -0.09688463 -1.04762816 -0.00564267
v -0.09509698 -1.04734433 -0.00638632
v -0.09348230 -1.05419660 -0.00851426
v 0.02284447 -1.07380390 -0.07792170
v 0.02232320 -1.07405519 -0.07794501
v -0.10769309 -1.04823148 -0.00294976
v 0.02371047 -1.07352757 -0.07790542
v 0.01807070 -1.07290459 -0.08286132
v 0.01806994 -1.07382596 -0.08309104
v -0.09964594 -1.07324529 -0.02305630
v -0.09816286 -1.07549393 -0.02317375
v -0.10177340 -1.07923424 -0.01975522
v 0.02200277 -1.07470822 -0.07820916
v 0.02202684 -1.07428181 -0.07801580
v 0.01843071 -1.07243323 -0.08288541
v -0.09063779 -1.03731036 -0.01308670
v -0.09279070 -1.03787863 -0.01646800
v -0.09086388 -1.03770900 -0.01761966
v -0.08983265 -1.03693604 -0.01461194
v -0.08829349 -1.04158163 -0.01906554
v -0.08605597 -1.03831959 -0.01928501
v -0.08998377 -1.03971052 -0.02070162
v -0.09113812 -1.05598378 -0.02261283
v -0.09032732 -1.05257738 -0.01933293
v -0.09089308 -1.05115056 -0.02066145
v -0.09098099 -1.05136621 -0.02210787
v -0.10764555 -1.03910828 -0.00332903
v -0.10968591 -1.04451239 -0.00170825
v -0.10819474 -1.04443645 0.00003297
v -0.10613913 -1.03875935 -0.00168990
v 0.01693066 -1.07209110 -0.08330437
v 0.01594521 -1.07238483 -0.08315790
v -0.08291622 -1.02464831 -0.02480000
v -0.07976863 -1.02269530 -0.02090386
v -0.08250454 -1.02725232 -0.02561338
v -0.11170121 -1.07559037 -0.00898660
v -0.10848073 -1.07819915 -0.00813592
v -0.10921542 -1.07615399 -0.00565531
v -0.11251060 -1.07374370 -0.00661982
v -0.09024346 -1.05839705 -0.01395363
v -0.09032114 -1.05624008 -0.01427162
v -0.09032977 -1.05759072 -0.01571928
v -0.09000655 -1.05956173 -0.01558209
v 0.01595041 -1.07363856 -0.08353122
v 0.02833972 -1.06926870 -0.08421454
v 0.02858463 -1.06845617 -0.08419017
v 0.02395402 -1.06846547 -0.08523351
v 0.02351198 -1.06936193 -0.08529770
v 0.02809297 -1.06978035 -0.08411072
v 0.03130790 -1.07018852 -0.08264826
v 0.03143818 -1.06964695 -0.08275220
v 0.03160532 -1.06886971 -0.08268781
v -0.07622355 -1.02682471 0.03207492
v -0.08105826 -1.02423668 0.01249911
v -0.08694530 -1.03917313 0.01932729
v -0.08223110 -1.04077888 0.03563461
v -0.09826580 -1.02529836 -0.01349331
v -0.09647188 -1.02305567 -0.01538594
v -0.09236023 -1.06350434 -0.02483276
v -0.09158028 -1.06520605 -0.02617737
v -0.09320568 -1.07070804 -0.02570822
v -0.09368819 -1.06748128 -0.02526417
v 0.02064221 -1.06919181 -0.08568913
v 0.02043441 -1.07009387 -0.08546498
v 0.03166709 -1.06817341 -0.08265498
v 0.02881387 -1.06777656 -0.08402815
v -0.11088085 -1.06028140 0.00148405
v -0.11335327 -1.05921984 -0.00046277
v 0.02417026 -1.06775928 -0.08514695
v 0.02065226 -1.06868935 -0.08575691
v 0.01769305 -1.06969953 -0.08570930
v 0.01880717 -1.07009470 -0.08553521
v 0.02889485 -1.06699991 -0.08376643
v 0.02878007 -1.06600988 -0.08361847
v 0.02406956 -1.06588709 -0.08503165
v 0.02420414 -1.06690371 -0.08507391
v -0.09637138 -1.06995440 -0.01906317
v -0.10023696 -1.07357419 -0.01693769
v -0.09793442 -1.07115841 -0.01735196
v -0.09607797 -1.06943774 -0.01864794
v -0.09473902 -1.06142688 -0.01964955
v -0.09534828 -1.06268346 -0.02024377
v -0.09368804 -1.06374025 -0.01990886
v -0.09273330 -1.06242406 -0.01939900
v 0.03172222 -1.06740737 -0.08227719
v 0.03163369 -1.06644976 -0.08208793
v -0.09113958 -1.06981993 -0.02780006
v -0.09343404 -1.07483292 -0.02540262
v 0.03869973 -1.07224703 -0.07547470
v 0.03897284 -1.07282591 -0.07453527
v 0.03901113 -1.07226157 -0.07463868
v -0.08471274 -1.02956557 -0.00891158
v 0.03887951 -1.07179713 -0.07512419
v 0.04106729 -1.06997359 -0.07159628
v 0.04164366 -1.07138467 -0.07052216
v 0.04303174 -1.07085967 -0.06898391
v -0.09436832 -1.06256151 -0.02259352
v -0.09519811 -1.06509185 -0.02336284
v -0.09622693 -1.06424141 -0.02090982
v -0.08387990 -1.03185058 -0.02697410
v -0.08554086 -1.03378248 -0.02547434
v -0.09527805 -1.06856871 -0.01857610
v -0.09444156 -1.06743622 -0.01823587
v -0.09252438 -1.06382179 -0.01822314
v -0.09342721 -1.06195498 -0.01683103
v 0.04225691 -1.06924152 -0.07018577
v -0.10165800 -1.05574656 -0.01053277
v -0.10314260 -1.04731297 -0.00864649
v 0.04930579 -1.06123793 -0.06433505
v 0.04430699 -1.06649804 -0.06907550
v 0.04520672 -1.06827426 -0.06718127
v 0.03840313 -1.07190692 -0.07629403
v 0.03796679 -1.07147861 -0.07723770
v 0.03826967 -1.07229209 -0.07626784
v 0.03850906 -1.07271981 -0.07532074
v 0.03857827 -1.07129383 -0.07590009
v 0.03810571 -1.07079482 -0.07704508
v 0.03729925 -1.07110059 -0.07849364
v 0.03743992 -1.07030416 -0.07834397
v 0.03608877 -1.06971228 -0.07990526
v 0.03595810 -1.07051051 -0.08000766
v 0.03407166 -1.07004714 -0.08133120
v -0.08717107 -1.03836536 0.00532541
v -0.08092210 -1.02283955 -0.00697890
v 0.03430858 -1.07061756 -0.08112216
v 0.03421842 -1.06925595 -0.08122866
v 0.03621180 -1.06907511 -0.07963652
v 0.03434351 -1.06858253 -0.08106222
v 0.03747037 -1.06965363 -0.07800183
v 0.03816587 -1.07025909 -0.07666294
v 0.03868061 -1.07086706 -0.07543691
v 0.03910718 -1.07140970 -0.07459611
v 0.03933588 -1.07210088 -0.07403080
v 0.03892205 -1.07037044 -0.07480065
v 0.03943133 -1.06972504 -0.07386013
v 0.03853257 -1.06894684 -0.07535844
v 0.03829846 -1.06969845 -0.07615843
v 0.03951515 -1.07105577 -0.07381649
v 0.04015982 -1.07054722 -0.07273442
v -0.09260483 -1.06421494 -0.01959205
v -0.09260233 -1.06465566 -0.01938987
v -0.09186472 -1.06376266 -0.01872278
v -0.09179066 -1.06318986 -0.01904803
v 0.03752507 -1.06910706 -0.07753026
v 0.03752759 -1.06834531 -0.07703933
v 0.03617532 -1.06766677 -0.07880621
v 0.03625043 -1.06841063 -0.07925178
v -0.09444621 -1.02125049 -0.01707936
v -0.09957592 -1.06194401 -0.01342738
v -0.09606470 -1.06000412 -0.01441634
v -0.09674394 -1.06202185 -0.01563926
v 0.03436126 -1.06791639 -0.08071719
v 0.03443373 -1.06704307 -0.08028539
v -0.11015525 -1.04970896 -0.00372023
v -0.11184070 -1.05777311 -0.00385344
v -0.11348408 -1.05822325 -0.00261624
v -0.11153828 -1.04964137 -0.00262792
v 0.02796838 -1.06993628 -0.08385248
v 0.02744534 -1.07015395 -0.08275278
v 0.03081179 -1.07020676 -0.08152595
v 0.03128785 -1.07035184 -0.08235452
v 0.03429146 -1.07073331 -0.08093751
v -0.08092195 -1.02126634 -0.01991573
v -0.09065839 -1.05555260 -0.01336298
v -0.09159067 -1.05370808 -0.01408613
v 0.03358215 -1.07051718 -0.08021258
v 0.03047438 -1.07028770 -0.08040418
v 0.02792468 -1.07290483 -0.07693436
v 0.02919728 -1.07301688 -0.07627395
v 0.03296119 -1.07056522 -0.07920648
v -0.09110765 -1.06091785 -0.01572641
v -0.09093201 -1.06225443 -0.01766213
v 0.02743700 -1.07037985 -0.08150534
v 0.02645820 -1.07296729 -0.07740147
v 0.02413984 -1.07097471 -0.08220496
v -0.08608882 -1.03663015 -0.02624369
v 0.02492541 -1.07320738 -0.07776253
v 0.02150868 -1.07150483 -0.08291644
v 0.02877158 -1.08194304 -0.08508225
v 0.02892707 -1.08207536 -0.08547428
v 0.03328498 -1.08183146 -0.08406506
v 0.03275737 -1.08161914 -0.08357435
v 0.01844228 -1.06777287 0.07332151
v 0.01850851 -1.08325136 0.07825032
v 0.00467448 -1.07845247 0.08574365
v 0.03550559 -1.07961822 -0.08178674
v 0.03536627 -1.08055496 -0.08155750
v 0.03753038 -1.07959676 -0.07968155
v 0.03743102 -1.07875729 -0.07965854
v 0.03565810 -1.07861090 -0.08201681
v -0.10847749 -1.07252729 -0.00631411
v -0.10910569 -1.07085586 -0.00470579
v -0.10670333 -1.07114053 -0.00720619
v -0.10608833 -1.07217026 -0.00885246
v -0.10469618 -1.07354069 -0.01191086
v -0.10472593 -1.07504237 -0.01253872
v -0.10738055 -1.07402539 -0.00829348
v -0.09452417 -1.06085563 -0.01567949
v -0.09551901 -1.06243956 -0.01657677
v 0.03729289 -1.07769072 -0.07968709
v 0.03323354 -1.07941794 -0.08429080
v -0.09335192 -1.03299558 -0.01894267
v -0.09355630 -1.02742219 -0.01760335
v -0.10397968 -1.03927255 -0.00681996
v -0.10355924 -1.03948474 -0.00969140
v -0.10586159 -1.05038929 0.00067176
v -0.10625695 -1.05984974 0.00056890
v -0.10420552 -1.05932236 -0.00117495
v -0.10436489 -1.05041146 -0.00047824
v 0.03302412 -1.08053541 -0.08392859
v 0.03278793 -1.08136976 -0.08358529
v 0.03597244 -1.07672095 -0.07539944
v 0.03528065 -1.07752919 -0.07633510
v -0.09790354 -1.05238366 -0.00247044
v -0.09474862 -1.05326891 -0.00252471
v -0.09013730 -1.04985428 -0.02352996
v -0.08903388 -1.05355811 -0.02583488
v -0.09056398 -1.06023443 -0.01556387
v -0.09061530 -1.06165659 -0.01744031
v -0.09761079 -1.03529930 -0.00524161
v -0.09170659 -1.02804029 -0.01105278
v -0.09722756 -1.03311324 -0.00686343
v -0.08708023 -1.02744782 -0.01216209
v -0.08621034 -1.02640104 -0.01420771
v -0.08921808 -1.02633321 -0.01317771
v 0.03607060 -1.07723415 -0.07770323
v 0.03694978 -1.07669568 -0.07617928
v 0.03651626 -1.07616925 -0.07460260
v 0.03747689 -1.07611394 -0.07507413
v 0.03111404 -1.07588160 -0.07392340
v 0.03080405 -1.07618976 -0.07433077
v 0.03032964 -1.07655609 -0.07489387
v -0.09946542 -1.03539598 -0.01152912
v -0.10179172 -1.03674197 -0.00932450
v 0.03127238 -1.07560396 -0.07366925
v -0.08828516 -1.05119801 -0.01743561
v -0.08701293 -1.04996538 -0.01571893
v -0.08728570 -1.05098391 -0.01773865
v -0.10482417 -1.05489814 -0.00983553
v -0.10522650 -1.04684377 -0.00880923
v -0.09523300 -1.06504178 -0.02020875
v 0.03134593 -1.07534170 -0.07354333
v -0.09323792 -1.05511022 -0.01848430
v -0.09375017 -1.05841374 -0.02080416
v -0.09858397 -1.06810093 -0.02186226
v -0.09708493 -1.06664395 -0.02064179
v -0.09621949 -1.06585097 -0.02049267
v -0.09713288 -1.06614661 -0.02160851
v -0.08143149 -1.04203176 -0.01550305
v -0.08417500 -1.04001224 -0.01743181
v -0.08579943 -1.04297507 -0.01807252
v 0.03135173 -1.07508409 -0.07353596
v 0.03128383 -1.07481182 -0.07369926
v 0.05248462 -1.04485357 -0.06162280
v 0.05181572 -1.05635989 -0.06220253
v -0.10348037 -1.07458830 -0.01387949
v -0.10400636 -1.07265770 -0.01255395
v -0.10278402 -1.06609929 -0.00368380
v 0.05392652 -1.04873741 -0.05769310
v 0.03791104 -1.07261729 -0.07612221
v -0.09557623 -1.06654358 -0.01618550
v -0.09611826 -1.06516504 -0.01528492
v 0.03818493 -1.07307482 -0.07519051
v -0.09755447 -1.07783484 -0.01111876
v -0.09659032 -1.07581961 -0.01425156
v -0.09654786 -1.07607543 -0.01558439
v -0.09731585 -1.07982564 -0.01594806
v 0.03723699 -1.07288194 -0.07581068
v -0.08460591 -1.02374148 -0.01675947
v -0.08793171 -1.02402413 -0.01465640
v -0.08794519 -1.02522194 -0.01437610
v -0.08544295 -1.02512765 -0.01590480
v -0.09004562 -1.03731728 -0.01801020
v -0.08936124 -1.03667235 -0.01548806
v 0.03750471 -1.07335699 -0.07500012
v -0.10546508 -1.04072082 -0.00457995
v -0.10460923 -1.03985453 -0.00529533
v -0.10639542 -1.04394436 -0.00381284
v -0.10727749 -1.04522705 -0.00339899
v 0.03848600 -1.07368660 -0.07431610
v 0.03889606 -1.07346928 -0.07426856
v 0.03552430 -1.07183039 -0.07707395
v 0.03060067 -1.07357728 -0.07514380
v 0.03092036 -1.07393122 -0.07468061
v -0.09171562 -1.05948985 -0.01184818
v -0.09106353 -1.05829775 -0.01203443
v -0.09663367 -1.07064581 -0.01245046
v -0.09939792 -1.07309198 -0.01173659
v -0.09794551 -1.07561803 -0.01533026
v -0.09629484 -1.07334566 -0.01503747
v -0.10478547 -1.06714821 -0.00192725
v 0.03601634 -1.07258570 -0.07616775
v 0.03447981 -1.07114160 -0.07814275
v 0.03003496 -1.07326770 -0.07572514
v 0.03105327 -1.07420814 -0.07427762
v 0.03118765 -1.07449245 -0.07393056
v -0.09614079 -1.06369555 -0.01555381
v -0.09708375 -1.06393099 -0.01472177
v 0.03616468 -1.07303572 -0.07543028
v -0.09554870 -1.06410754 -0.01594553
v 0.03644877 -1.07352424 -0.07468047
v 0.03773027 -1.07400441 -0.07442811
v -0.09214827 -1.06159782 -0.01891730
v -0.09425016 -1.06032968 -0.01887430
v -0.09833575 -1.06854987 -0.02035534
v -0.10238019 -1.07238531 -0.01827408
v -0.10161106 -1.07245100 -0.01792377
v -0.09790226 -1.06931710 -0.02006061
v 0.03678935 -1.07466447 -0.07388046
v 0.03683607 -1.07515764 -0.07392336
v 0.03789022 -1.07457280 -0.07430700
v -0.09323952 -1.06617665 -0.01887780
v 0.03789975 -1.07506752 -0.07424895
v 0.03666821 -1.07413363 -0.07413427
v -0.04351056 -1.02977622 0.06472391
v -0.04723557 -1.04112339 0.07004249
v 0.03673638 -1.07566333 -0.07412867
v 0.03775509 -1.07554936 -0.07452887
v 0.03915304 -1.07298613 -0.07411940
v 0.03904651 -1.07380831 -0.07392293
v 0.03940242 -1.07491314 -0.07345547
v 0.03949064 -1.07304251 -0.07358367
v -0.09620249 -1.07545137 -0.02290247
v -0.09770457 -1.07742834 -0.01932149
v -0.09884283 -1.07844591 -0.01924740
v -0.09688921 -1.07638860 -0.02216691
v -0.10558876 -1.07105088 -0.00911240
v 0.03999543 -1.07311678 -0.07280228
v 0.03979279 -1.07188499 -0.07313155
v 0.04021012 -1.07559025 -0.07309805
v 0.04132496 -1.07615352 -0.07220753
v -0.11011645 -1.06747186 -0.00440375
v -0.09227040 -1.05198503 -0.01559261
v -0.08921319 -1.04925108 -0.01457936
v 0.04103217 -1.07322574 -0.07167557
v 0.04056806 -1.07173586 -0.07204282
v 0.03864535 -1.07424831 -0.07397328
v -0.07916262 -1.04853833 -0.01381757
v -0.07949231 -1.04978609 -0.01400404
v -0.08028047 -1.04945946 -0.01275302
v -0.07995109 -1.04814208 -0.01228768
v 0.03876119 -1.07494342 -0.07380711
v 0.03977577 -1.07643545 -0.07450844
v -0.08269072 -1.04333353 -0.01217485
v -0.08511517 -1.04204464 -0.01408802
v -0.08402700 -1.04010475 -0.01510705
v -0.08183694 -1.04128647 -0.01265558
v 0.04042526 -1.07731080 -0.07440998
v 0.03923772 -1.07583153 -0.07457305
v 0.03886528 -1.07639647 -0.07594253
v 0.03925623 -1.07713771 -0.07605921
v -0.07881773 -1.04537177 -0.01288042
v -0.07895342 -1.04698467 -0.01344048
v -0.07975231 -1.04635155 -0.01175044
v -0.07957231 -1.04470420 -0.01120799
v 0.03973047 -1.07794917 -0.07605819
v 0.03852846 -1.07784140 -0.07773294
v -0.10253006 -1.07434344 -0.01589754
v -0.10449181 -1.07445872 -0.01447749
v 0.03888047 -1.07871151 -0.07783629
v 0.03827455 -1.07693028 -0.07763328
v 0.03864665 -1.07559454 -0.07452005
v -0.11125074 -1.06629038 -0.00578421
v -0.11155943 -1.06402874 -0.00482758
v -0.10919447 -1.07115245 -0.00754654
v -0.10963992 -1.06950700 -0.00592237
v 0.03829049 -1.07610726 -0.07561949
v 0.03770991 -1.07664740 -0.07709787
v 0.03692618 -1.07695091 -0.07916386
v -0.08920418 -1.04178107 -0.02360169
v -0.09063412 -1.04211366 -0.02207912
v -0.09019005 -1.04046845 -0.02188025
v -0.11246777 -1.06932378 -0.00620649
v -0.11274196 -1.07151961 -0.00470854
v -0.08597145 -1.02489066 -0.02412205
v -0.08450537 -1.02355766 -0.02442709
v -0.05122293 -0.94963145 -0.02478539
v -0.06379114 -0.95550632 -0.01687186
v -0.06370992 -0.94443446 -0.01541554
v -0.05143636 -0.93856263 -0.02264436
v -0.09801450 -1.07056093 -0.02375716
v -0.09676167 -1.07315159 -0.02418298
v 0.03541926 -1.07769382 -0.08153178
v 0.03427574 -1.07784796 -0.07983026
v 0.03300618 -1.07857716 -0.08382082
v -0.07871087 -1.04382622 -0.01401903
v -0.07896696 -1.04300690 -0.01240747
v -0.08124533 -1.04135239 -0.01384340
v -0.08342374 -1.04733467 -0.01700957
v -0.07948665 -1.04839075 -0.01561962
v 0.03185737 -1.07838142 -0.08183635
v 0.02978124 -1.08247006 -0.08680338
v 0.03454935 -1.08257520 -0.08524626
v 0.03104808 -1.07850969 -0.08023257
v 0.02808348 -1.07698452 -0.07674333
v 0.02668273 -1.07690609 -0.07748051
v 0.02809408 -1.07826996 -0.08168390
v -0.08284542 -1.04499316 -0.01244998
v 0.01868886 -1.07450688 -0.08349632
v 0.01953155 -1.07531667 -0.08382168
v -0.08369683 -1.05002499 -0.01404356
v -0.08379556 -1.05094957 -0.01594792
v -0.08553729 -1.03591800 -0.01797320
v -0.08748783 -1.03566015 -0.01618122
v -0.08843743 -1.03521574 -0.01967147
v -0.07950959 -1.04277420 -0.01124746
v -0.09128846 -1.06034124 -0.01402240
v 0.02260261 -1.07543194 -0.07845178
v 0.02223095 -1.07503343 -0.07833192
v 0.01735750 -1.07436848 -0.08441758
v 0.01874840 -1.07517087 -0.08485121
v -0.08586179 -1.04562759 -0.01361712
v -0.08898001 -1.04302239 -0.01226937
v -0.08840472 -1.04088318 -0.01297379
v -0.08553910 -1.04369318 -0.01361617
v -0.09731587 -1.03254461 -0.01277533
v -0.09764957 -1.03430223 -0.01309329
v -0.09157562 -1.03828549 -0.01110106
v -0.09446668 -1.03812861 -0.01388714
v -0.09206865 -1.05508780 -0.01534668
v -0.09322979 -1.05793405 -0.01753279
v -0.08879443 -1.05129361 -0.01744083
v -0.08639181 -1.04773128 -0.01432503
v -0.08911110 -1.04555488 -0.01266569
v -0.08371986 -1.04869246 -0.01689466
v -0.08727130 -1.04834604 -0.01826578
v -0.08715987 -1.04950905 -0.01811651
v -0.08379580 -1.04975128 -0.01670694
v -0.09898611 -1.06521058 -0.01465405
v -0.09501886 -1.07084095 -0.02488751
v -0.09638651 -1.06791043 -0.02377307
v -0.10078294 -1.08296525 -0.00003387
v -0.09949327 -1.07536829 0.00591518
v -0.09748563 -1.07518196 -0.00694226
v -0.08307544 -1.04684150 -0.01270569
v -0.08011301 -1.05072522 -0.01442721
v -0.08039871 -1.05002153 -0.01558504
v -0.10420725 -1.03650212 -0.00674171
v -0.08914234 -1.03480482 -0.02018434
v -0.09103587 -1.05983627 -0.01790556
v -0.10481246 -1.04490519 -0.00023626
v -0.10299446 -1.03963649 -0.00169625
v -0.09050190 -1.06122589 -0.01746019
v -0.09109822 -1.06221700 -0.01828973
v -0.08862766 -1.03608894 -0.01571630
v -0.08935414 -1.03629708 -0.01878607
v -0.09130481 -1.06256628 -0.01858709
v -0.09076207 -1.04168475 -0.02065031
v -0.10470255 -1.06551933 -0.01006419
v 0.02271320 -1.07719421 -0.08357876
v 0.02405141 -1.07634068 -0.07845858
v -0.09302422 -1.02508974 -0.01073422
v -0.09035341 -1.02346098 -0.01294246
v 0.02317761 -1.07589471 -0.07852411
v -0.07995717 -1.04938436 -0.01574161
v 0.02104864 -1.07627976 -0.08360220
v -0.08331668 -1.04023314 -0.01560476
v -0.08351943 -1.04858661 -0.01326923
v 0.02240653 -1.07736957 -0.08553791
v 0.02020178 -1.07609344 -0.08512733
v 0.02862106 -1.07851827 -0.08360271
v -0.08948004 -1.04578257 -0.01911738
v -0.08900794 -1.04361248 -0.01926564
v -0.09103764 -1.04394662 -0.02078893
v -0.01834788 -1.13786149 0.08370241
v -0.01870186 -1.12274289 0.08838236
v -0.09623913 -1.03868747 -0.01236181
v -0.09290347 -1.04013395 -0.00916725
v -0.09455235 -1.04114985 -0.00741904
v -0.09838642 -1.03953540 -0.01113004
v -0.10090677 -1.03482103 -0.00343781
v -0.09858450 -1.03039753 -0.00616380
v -0.10064054 -1.02875888 -0.00636586
v -0.10373377 -1.03336167 -0.00377043
v 0.00244454 -1.12553644 0.08443184
v 0.00204640 -1.13840723 0.08007076
v -0.10458060 -1.09882271 0.00636036
v -0.10091573 -1.08798003 -0.00722919
v -0.10332584 -1.10431659 -0.00533034
v -0.10342978 -1.07504106 -0.00734765
v -0.10385663 -1.07270133 -0.00546856
v -0.10943688 -1.07384944 -0.00346574
v -0.09574805 -1.07786322 -0.02109490
v -0.09642231 -1.07597136 -0.01730818
v -0.09681726 -1.07676601 -0.01947308
v -0.10956025 -1.05018497 0.00118255
v 0.03343943 -1.07818520 -0.07832571
v 0.02941882 -1.07685483 -0.07576185
v 0.01341850 -1.14005804 0.07506582
v 0.01262146 -1.14833868 0.07125615
v 0.00298723 -1.14981294 0.07449958
v 0.00945446 -1.00099146 0.05448044
v -0.00107239 -0.98917973 0.06091079
v -0.09159495 -1.05979228 -0.02400299
v -0.09389446 -1.06042838 -0.02180490
v 0.01549780 -1.07386541 -0.08584301
v -0.09683582 -1.03649139 -0.00414202
v 0.01717697 -1.07528257 -0.08602494
v -0.09814538 -1.03754890 -0.01322898
v -0.10080298 -1.03815424 -0.01164922
v -0.10802353 -1.07497239 -0.01521062
v -0.10444627 -1.07323349 -0.01680334
v 0.01439614 -1.07266521 -0.08567780
v 0.01379822 -1.07240820 -0.08600906
v 0.01480557 -1.07387996 -0.08609335
v 0.01624895 -1.07534623 -0.08631129
v 0.01926302 -1.07655072 -0.08619837
v 0.01863637 -1.07671905 -0.08678593
v 0.02208367 -1.07827067 -0.08736262
v 0.02216157 -1.07766593 -0.08690070
v 0.02921210 -1.07898140 -0.08559017
v 0.02930996 -1.07972574 -0.08612899
v 0.02150763 -1.07904315 -0.08701514
v 0.01797100 -1.07720292 -0.08649273
v 0.02088216 -1.07983768 -0.08653827
v 0.01774968 -1.07815981 -0.08624873
v 0.02879984 -1.08157742 -0.08525866
v 0.02915135 -1.08078694 -0.08577232
v 0.01738993 -1.07071066 -0.08530522
v 0.01519091 -1.07078099 -0.08562617
v 0.01784630 -1.07118595 -0.08502010
v 0.01542640 -1.07122982 -0.08525217
v 0.01875357 -1.07169998 -0.08376347
v 0.01461827 -1.07160163 -0.08536682
v 0.01398884 -1.07123518 -0.08579915
v -0.01238576 -0.93802285 -0.04298735
v -0.01325127 -0.92966580 -0.03815311
v 0.01948585 -1.07196629 -0.08310196
v 0.01403878 -1.07391346 -0.08597353
v 0.01292728 -1.07216620 -0.08623449
v 0.01267063 -1.07438338 -0.08558390
v 0.01211551 -1.07229781 -0.08611642
v 0.01490692 -1.07675803 -0.08567731
v 0.01542944 -1.07563305 -0.08589633
v 0.01303207 -1.07094669 -0.08604307
v 0.01364051 -1.07044613 -0.08596411
v 0.01237347 -1.07076633 -0.08625945
v 0.01298794 -1.07010484 -0.08618400
v 0.02045238 -1.06791687 -0.08583240
v 0.02019954 -1.06707036 -0.08586816
v 0.01702853 -1.06897867 -0.08597793
v 0.01640956 -1.06837571 -0.08608538
v 0.02851840 -1.06490850 -0.08349642
v 0.03142194 -1.06533742 -0.08189563
v 0.02809291 -1.06360245 -0.08339483
v -0.00641989 -1.03864229 -0.11197389
v -0.00810184 -1.03855968 -0.11074230
v -0.00712985 -1.04064476 -0.10979772
v -0.00637022 -1.04060948 -0.11039671
v 0.03120599 -1.06395197 -0.08172238
v 0.02327693 -1.06369758 -0.08503377
v 0.02383498 -1.06477952 -0.08503975
v 0.02108729 -0.93514901 -0.01481888
v 0.04014232 -1.06884730 -0.07305661
v 0.04108248 -1.06779253 -0.07202144
v 0.03980295 -1.06668472 -0.07405312
v 0.03901395 -1.06803441 -0.07466076
v 0.03770663 -1.06729078 -0.07648535
v -0.00671926 -1.02963817 -0.10948908
v -0.00635938 -1.03143311 -0.10848489
v -0.00745313 -1.03122318 -0.10763986
v -0.00803145 -1.02966785 -0.10874642
v 0.03811983 -1.06581235 -0.07605024
v 0.03612354 -1.06504345 -0.07812702
v 0.03607771 -1.06655550 -0.07838628
v 0.03430410 -1.06595635 -0.07995130
v 0.03408064 -1.06437528 -0.07983676
v 0.04235318 -1.07305408 -0.06991331
v 0.04339453 -1.07639122 -0.06985526
v 0.04384513 -1.07284474 -0.06819566
v 0.04518947 -1.07649338 -0.06749211
v 0.01108135 -1.07514381 -0.08629742
v -0.00411902 -1.04053485 -0.10911740
v -0.00206874 -1.03769517 -0.11110684
v -0.00343910 -1.03835547 -0.11281820
v -0.00511225 -1.04089928 -0.11008853
v 0.01085584 -1.07262897 -0.08619728
v 0.00949994 -1.07563043 -0.08814763
v 0.00955377 -1.07273412 -0.08753856
v 0.01104873 -1.07866430 -0.08941714
v 0.01258835 -1.07804811 -0.08704823
v 0.01153104 -1.07060015 -0.08644902
v 0.01225995 -1.06970799 -0.08638131
v 0.01035900 -1.07041168 -0.08706012
v 0.01138724 -1.06902421 -0.08678970
v 0.01966668 -1.06609917 -0.08598137
v 0.01908709 -1.06505060 -0.08596687
v 0.01582484 -1.06765044 -0.08628215
v 0.01493581 -1.06671643 -0.08645102
v 0.01735458 -1.05605960 0.06856214
v 0.01779274 -1.09926796 0.07909732
v 0.04135982 -1.08739769 -0.08261050
v 0.03943296 -1.08450043 -0.08317074
v 0.03635065 -1.08510065 -0.08613192
v 0.03819168 -1.08856785 -0.08670150
v 0.04334782 -1.09176373 -0.08053091
v 0.04549539 -1.08862579 -0.07716823
v 0.04350092 -1.08560467 -0.07910068
v 0.04147846 -1.08332086 -0.08023914
v 0.04409820 -1.07914925 -0.07113689
v 0.04248233 -1.07873845 -0.07312758
v 0.04276467 -1.08032227 -0.07490345
v 0.04440331 -1.08117044 -0.07343355
v 0.04608124 -1.07950246 -0.06891002
v 0.04656181 -1.08242559 -0.07124218
v 0.04415576 -1.08322537 -0.07617089
v 0.04225948 -1.08175385 -0.07739361
v 0.04637761 -1.08519828 -0.07422037
v 0.01935552 -1.08319592 -0.09059103
v 0.01983148 -1.08181155 -0.08848836
v 0.01640796 -1.08003783 -0.08745296
v 0.01507480 -1.08074236 -0.08869893
v 0.01843838 -1.08438742 -0.09287145
v 0.01329350 -1.08137691 -0.09091362
v 0.03227843 -1.08838344 -0.09060753
v 0.03113636 -1.08524990 -0.08883067
v 0.02057204 -1.08035266 -0.08642498
v 0.01845133 -1.07919800 -0.08636116
v 0.02039557 -1.08057010 -0.08652529
v 0.01777759 -1.07910085 -0.08627346
v 0.02416280 -1.15904379 0.05532978
v 0.02842620 -1.16413414 0.04299771
v 0.01013381 -1.17399895 0.04483396
v 0.00737758 -1.16738033 0.05698744
v 0.03544880 -1.08090985 -0.08165530
v 0.03613345 -1.08129573 -0.08210581
v 0.03834810 -1.08046806 -0.08013131
v 0.03773260 -1.07998598 -0.07987908
v 0.03925704 -1.07924759 -0.07799730
v 0.03992655 -1.07977891 -0.07808462
v 0.04073624 -1.07899094 -0.07608424
v 0.04018129 -1.07861948 -0.07626620
v 0.04061674 -1.07803929 -0.07490712
v 0.04113522 -1.07812190 -0.07439019
v 0.01819392 -1.07995081 -0.08693662
v 0.02043632 -1.08084166 -0.08713621
v 0.01484425 -1.12814176 0.07757524
v 0.03508949 -1.12887299 -0.07530694
v 0.04100504 -1.12636435 -0.06753509
v 0.04023052 -1.11922193 -0.07284954
v 0.03744426 -1.08224177 -0.08289250
v 0.03966046 -1.08143020 -0.08048129
v 0.04095020 -1.08060074 -0.07798146
v 0.04154116 -1.07970309 -0.07585453
v 0.04176569 -1.07891476 -0.07443413
v 0.05354699 -1.04882920 -0.00221249
v 0.05396914 -1.04900908 -0.00036949
v 0.05661037 -1.06215119 0.02453376
v 0.05480097 -1.06853449 0.02268470
v 0.05371347 -1.07181764 0.02078947
v 0.05691449 -1.07967067 0.00696817
v 0.05965232 -1.08334744 0.01014884
v 0.06281161 -1.04388130 0.01963654
v 0.06032048 -1.04144394 0.01570401
v -0.10833060 -1.07827675 -0.01479435
v 0.06252224 -1.04473412 0.02014706
v 0.06488340 -1.08147538 0.02216777
v 0.06510795 -1.07992423 0.02369197
v 0.06600732 -1.07969713 0.02358257
v 0.01355102 -1.03275824 0.05964464
v 0.01585231 -1.04715633 0.06452215
v 0.06543344 -1.07806849 0.02518045
v 0.05553587 -1.05394673 0.00201993
v 0.05788390 -1.06168628 0.02503890
v 0.05928470 -1.06138945 0.02710570
v 0.06041423 -1.05614996 0.02768602
v 0.05972549 -1.05657065 0.02672394
v 0.06004539 -1.05107236 0.02609026
v 0.05953047 -1.05181408 0.02537576
v 0.06341819 -1.04771256 0.02265432
v 0.06409246 -1.05181384 0.02473562
v 0.06066336 -1.08403301 0.01152861
v 0.06027061 -1.08299780 0.01026132
v 0.06136909 -1.08399224 0.01190754
v 0.05624852 -1.05280125 0.00359919
v 0.05523673 -1.07758093 0.00671090
v 0.05504058 -1.07522750 0.00587160
v 0.05463771 -1.07559824 0.00619501
v 0.05187425 -1.05798447 0.00570032
v 0.05178276 -1.05896258 0.00580821
v 0.05325482 -1.05640328 0.00606707
v 0.05605238 -1.05493498 0.00536407
v 0.05008169 -1.04702854 0.00490569
v 0.04931591 -1.04600716 0.00667522
v 0.04989069 -1.04502940 0.00637430
v 0.06224350 -1.09085405 0.01530850
v 0.05531009 -1.07419801 0.00575896
v 0.05657405 -1.07543504 0.00596454
v 0.05690010 -1.07677817 0.00592176
v 0.06212278 -1.08366442 0.01240696
v 0.05707177 -1.07778847 0.00613036
v 0.05627834 -1.07764924 0.00604055
v 0.05764826 -1.07952523 0.00697871
v 0.05565867 -1.07761085 0.00624693
v 0.05373518 -1.05317307 0.01881305
v 0.05302769 -1.05255568 0.01650314
v 0.05409723 -1.06993961 -0.00362852
v 0.05451553 -1.06809056 -0.00094193
v 0.05976856 -1.04058015 0.01352371
v 0.05316509 -1.07849884 0.01642473
v 0.05299088 -1.08136940 0.01759670
v 0.06514788 -1.05650103 0.02623336
v 0.06090400 -1.04943931 0.01596868
v 0.05913593 -1.04838789 0.01382208
v 0.06246243 -1.05085468 0.01803350
v 0.06342602 -1.05367446 0.01956683
v 0.05106264 -1.06809402 0.01055829
v 0.06115755 -1.07369304 0.01644451
v 0.06185079 -1.07149553 0.01783914
v 0.05971509 -1.07355452 0.01475156
v 0.05364664 -1.08495569 0.01547399
v 0.05397792 -1.08479214 0.01311458
v 0.05419736 -1.07974410 0.01453651
v 0.05392164 -1.08296311 0.01264827
v 0.05171051 -1.05059373 0.00520821
v 0.05113620 -1.04497719 0.00903591
v 0.05070430 -1.04705548 0.00933349
v 0.05205247 -1.04521799 0.01002159
v 0.05187117 -1.04636908 0.01103315
v 0.05206466 -1.04808605 0.01245894
v 0.05237581 -1.05021322 0.01349797
v 0.05234826 -1.05256975 0.01358529
v 0.05095285 -1.05479038 0.00544542
v 0.05646894 -1.08361459 0.00286434
v 0.05062417 -1.05289614 0.00532454
v 0.05226780 -1.05651522 0.00576773
v 0.05253981 -1.05467379 0.00563467
v 0.05238023 -1.05265594 0.00535641
v 0.05708924 -1.04485512 0.00786634
v 0.05754060 -1.04672694 0.00995036
v 0.05582223 -1.04519820 0.00678770
v 0.05807690 -1.04745352 0.01196766
v 0.05471095 -1.04512429 0.00633545
v 0.05374219 -1.07959414 0.01531677
v 0.05350536 -1.08289802 0.01464431
v 0.05371124 -1.05210137 -0.00446681
v 0.05469443 -1.05482531 -0.05333910
v 0.05449035 -1.06498551 -0.04913037
v 0.02320527 -0.99956709 -0.07425600
v 0.02256004 -0.99643373 -0.07445914
v 0.05014640 -1.04124165 -0.06604552
v 0.04655830 -1.03787518 -0.07166176
v 0.02435188 -1.00361538 -0.08654896
v 0.02361699 -1.00273156 -0.08671001
v 0.02276673 -1.00321722 -0.08710021
v 0.02345900 -1.00369203 -0.08672086
v 0.02101365 -1.00395274 -0.08579031
v 0.02165840 -1.00405025 -0.08498475
v 0.02204813 -1.00393689 -0.08581516
v 0.02148117 -1.00384104 -0.08657348
v 0.02730737 -1.01969862 -0.08956034
v 0.02993604 -1.02429032 -0.08733550
v 0.03268126 -1.02009749 -0.08504117
v 0.03013076 -1.01606750 -0.08748929
v 0.02200226 -1.00379658 -0.07739510
v 0.02175398 -1.00530195 -0.07810272
v 0.02147619 -1.00468647 -0.08209018
v 0.02171761 -1.00410795 -0.08153120
v 0.02206007 -1.00125122 -0.07716502
v 0.02157706 -1.00289178 -0.08096731
v 0.02310241 -1.00350714 -0.07463937
v 0.02252105 -1.00590932 -0.07538886
v 0.03235709 -0.99830484 -0.08036084
v 0.02928407 -1.00000060 -0.08302014
v 0.03036122 -1.00320125 -0.08385651
v 0.03331441 -1.00298500 -0.08135416
v 0.02320426 -1.03121495 -0.09022081
v 0.02685965 -1.02776182 -0.08881369
v 0.02446701 -1.02326715 -0.09066574
v 0.02069379 -1.02716899 -0.09200200
v 0.01694308 -1.03157294 -0.09417154
v 0.01930117 -1.03481865 -0.09201841
v 0.01579529 -1.03895187 -0.09909248
v 0.01663166 -1.03519654 -0.09990399
v 0.01679576 -1.03392327 -0.10324721
v 0.01678472 -1.03625178 -0.10213658
v 0.01509796 -1.02996087 -0.10159320
v 0.01650254 -1.03313541 -0.09824310
v 0.01165564 -1.02847517 -0.10270466
v -0.00991169 -1.02923715 -0.10963304
v -0.00929295 -1.03129005 -0.10857638
v -0.00964265 -1.03149867 -0.11057077
v -0.01085138 -1.02984107 -0.11155628
v 0.01150637 -1.02911377 -0.10379665
v 0.01492605 -1.02946615 -0.09996826
v -0.00155542 -1.02980840 -0.11666682
v -0.00267722 -1.03183699 -0.11723705
v -0.00201933 -1.03127658 -0.11471592
v -0.00207857 -1.02931416 -0.11413294
v 0.01484364 -1.02879834 -0.09797311
v 0.01178680 -1.02782905 -0.10138734
v 0.01101029 -1.02997804 -0.10500094
v 0.01361555 -1.03005755 -0.10451795
v -0.00448749 -1.03227484 -0.11698969
v -0.00591686 -1.03157067 -0.11893332
v -0.00783940 -1.03149402 -0.11754841
v -0.00613820 -1.03218734 -0.11574221
v -0.00261310 -1.03410697 -0.11017106
v -0.00366448 -1.03190613 -0.11147396
v -0.00128485 -1.03392923 -0.11355554
v -0.01030031 -1.03403926 -0.10913405
v -0.00923043 -1.03326941 -0.10739169
v -0.00837533 -1.03714979 -0.10725619
v -0.00945254 -1.03776944 -0.10839829
v 0.01519823 -1.03198850 -0.10591441
v 0.00699413 -1.02918875 -0.11462373
v 0.00837167 -1.03035951 -0.11651216
v 0.00802787 -1.06258130 -0.10220411
v 0.01015350 -1.05953860 -0.09800627
v 0.00842762 -1.05966508 -0.10408506
v 0.01045960 -1.05698133 -0.10001768
v 0.01506037 -1.03362274 -0.10998283
v 0.01607103 -1.03583777 -0.10823339
v 0.01360917 -1.03418112 -0.11435983
v 0.01450336 -1.03705359 -0.11397330
v 0.00216717 -1.07702768 -0.10469852
v 0.00437895 -1.02604520 -0.11043891
v 0.00456521 -1.02528429 -0.10981937
v 0.00444577 -1.02687132 -0.11252427
v -0.01633173 -1.15979648 0.07073079
v -0.01447276 -1.17163670 0.05899092
v -0.01225437 -1.18305326 0.03580266
v -0.01264269 -1.18687117 0.02323331
v 0.00842336 -1.00911629 -0.10630779
v 0.00786040 -1.01159823 -0.10688767
v 0.01216732 -1.00726128 -0.08786734
v 0.00714806 -1.00701594 -0.09034169
v 0.00780649 -1.00462985 -0.09455879
v 0.01263001 -1.00499606 -0.09242034
v 0.01600838 -1.00528622 -0.08974420
v 0.01590253 -1.00743270 -0.08521607
v 0.01187662 -1.00882435 -0.08559252
v 0.00665517 -1.00867188 -0.08790280
v 0.01303633 -1.00354207 -0.09659734
v 0.00844655 -1.00322485 -0.09955073
v 0.00870021 -1.00466192 -0.10250264
v 0.01342874 -1.00486076 -0.09892619
v 0.01742700 -1.02458644 -0.09535906
v 0.01398910 -1.02467883 -0.09880827
v 0.01088572 -1.02415836 -0.10323596
v 0.00830599 -1.02346969 -0.10640743
v 0.00768146 -1.02548397 -0.10724239
v 0.00960678 -1.02659512 -0.10462220
v 0.00744084 -1.02637231 -0.10782291
v 0.00935112 -1.02738929 -0.10540174
v 0.00933211 -1.02821994 -0.10614036
v 0.00971752 -1.02967274 -0.10651809
v 0.00823626 -1.02922320 -0.10807161
v 0.00844957 -1.03048873 -0.10771850
v 0.00742359 -1.02729642 -0.10827175
v 0.00575470 -1.05227840 -0.11702846
v 0.00495579 -1.05620492 -0.11473249
v 0.01193104 -1.01369548 -0.10456492
v 0.00749045 -1.01369298 -0.10688813
v 0.00655914 -1.01757133 -0.10717620
v 0.01051343 -1.01809359 -0.10499796
v 0.01436787 -1.01791906 -0.10158926
v 0.01635432 -1.01265788 -0.10095564
v 0.00487124 -1.02444077 -0.10924670
v 0.01240992 -1.01152980 -0.10419649
v 0.01280168 -1.00915158 -0.10333934
v 0.01701042 -1.01037669 -0.10031807
v 0.01718175 -1.00825393 -0.09932318
v 0.02042445 -1.01081228 -0.09658737
v 0.01899273 -1.01669478 -0.09749190
v 0.02408473 -1.01542830 -0.09297035
v 0.02375774 -1.00871289 -0.09219246
v 0.03039361 -1.00633335 -0.08526118
v 0.02561567 -1.00348628 -0.08614708
v 0.02593378 -1.00482357 -0.08683421
v 0.02577729 -1.00596857 -0.08800110
v 0.02962724 -1.00932074 -0.08709802
v 0.03324331 -1.00754213 -0.08313915
v 0.03213729 -1.01198125 -0.08528183
v 0.02786340 -1.01231992 -0.08956717
v 0.02523169 -1.00722289 -0.08957878
v 0.02462749 -1.00441289 -0.08713735
v 0.02359917 -1.00409484 -0.08706412
v 0.02458196 -1.00511026 -0.08811587
v 0.02353629 -1.00446010 -0.08787428
v 0.02420623 -1.00572348 -0.08939414
v 0.02326709 -1.00476539 -0.08888505
v 0.02258347 -1.00528407 -0.09048037
v 0.02329176 -1.00668609 -0.09138027
v 0.02126252 -1.00419056 -0.08600536
v 0.02055284 -1.00410032 -0.08722916
v 0.02092452 -1.00399566 -0.08847969
v 0.02157669 -1.00401211 -0.08715735
v 0.02169622 -1.00420630 -0.08523013
v 0.02192727 -1.00401258 -0.08640340
v 0.02114568 -1.00512218 -0.08301163
v 0.02037258 -1.00525641 -0.08400561
v -0.05416289 -0.96693373 -0.02860304
v -0.06521881 -0.97020805 -0.01740314
v 0.02204626 -1.00412357 -0.08443846
v 0.02230221 -1.00405562 -0.08542219
v 0.02261692 -1.00386024 -0.08673037
v 0.02260518 -1.00409663 -0.08724932
v 0.02231323 -1.00422883 -0.08810917
v 0.02168275 -1.00439143 -0.08941212
v 0.01701711 -1.00640404 -0.09778905
v 0.02001311 -1.00685823 -0.09513204
v 0.01950534 -1.00533223 -0.09352697
v 0.01651933 -1.00453234 -0.09552346
v 0.01888370 -1.00422025 -0.09193203
v 0.01591660 -1.00888872 -0.08295511
v 0.01596334 -1.00368297 -0.09370977
v 0.01901861 -1.00700068 -0.08201902
v 0.01943616 -1.00841880 -0.07959565
v 0.01890279 -1.00531340 -0.08618706
v 0.02140298 -1.00627494 -0.07925824
v 0.02055361 -1.00637472 -0.07999869
v 0.02178628 -1.00751853 -0.07682668
v 0.02077464 -1.00790393 -0.07804643
v 0.01848949 -1.00379086 -0.09011625
v 0.02040904 -1.00863290 -0.09600677
v 0.01308194 -1.00699818 -0.10148150
v 0.00853030 -1.00693727 -0.10468478
v -0.03677715 -1.05264199 -0.09554902
v -0.03561297 -1.04976392 -0.09610244
v -0.03132390 -1.05113721 -0.09618768
v -0.03258189 -1.05366790 -0.09575818
v 0.00797236 -1.04394233 -0.12235639
v 0.00683207 -1.04839754 -0.11949621
v 0.02206305 -1.00358963 -0.08719578
v 0.00444133 -0.92398036 -0.02974913
v -0.09153121 -1.04611158 -0.02192969
v -0.09076037 -1.04688573 -0.02301543
v -0.10396201 -1.07011092 -0.00352591
v 0.02490197 -1.00216365 -0.08602124
v 0.02162003 -0.99886018 -0.07708909
v 0.02096732 -1.00181925 -0.08131609
v 0.02973762 -0.99350309 -0.08073000
v 0.02604974 -0.98871064 -0.08317403
v 0.02417982 -0.99251902 -0.08583155
v 0.02724817 -0.99640143 -0.08357596
v 0.02176175 -0.99823779 -0.08927922
v 0.02375965 -1.00046897 -0.08711387
v -0.10803127 -1.07257175 -0.00961316
v 0.02263435 -1.00159013 -0.08806246
v 0.02082538 -1.00018954 -0.09035774
v 0.01999132 -1.00171471 -0.09108285
v 0.02172245 -1.00258124 -0.08847402
v 0.01769233 -1.00349164 -0.09030987
v 0.01402947 -1.00333250 -0.09371029
v 0.01282995 -1.00023222 -0.08876300
v 0.01685609 -1.00045049 -0.08566247
v 0.02016523 -1.00118983 -0.08258688
v 0.02029467 -1.00381064 -0.08681314
v -0.10301498 -1.07669473 -0.00965803
v -0.10123685 -1.07839382 -0.01442095
v -0.09923231 -1.07700145 -0.01481722
v -0.10082309 -1.07492721 -0.01075699
v 0.01848399 -1.00345778 -0.09096244
v 0.02073698 -1.00369084 -0.08767064
v 0.01469587 -1.00322032 -0.09470394
v 0.01278975 -0.92837691 -0.02371998
v 0.02117141 -1.00334430 -0.08834717
v 0.01903228 -1.00302005 -0.09115753
v 0.01562413 -1.00243449 -0.09512573
v 0.01674201 -1.00055313 -0.09515980
v 0.01769503 -0.99834538 -0.09477967
v 0.01837816 -0.99563700 -0.09343062
v 0.01953137 -0.98884588 -0.08925508
v 0.02068639 -0.98398447 -0.08711407
v 0.01432617 -0.98632872 -0.09253936
v 0.01517349 -0.98136407 -0.09124030
v 0.01408569 -0.99349928 -0.09731563
v 0.01369894 -0.99684030 -0.09927471
v 0.01291662 -0.99955761 -0.09930797
v 0.01202278 -1.00177836 -0.09883153
v 0.00537538 -1.02275467 -0.10844989
v 0.00737932 -1.02889085 -0.10961747
v 0.00674082 -1.02875733 -0.11209293
v 0.01049721 -1.03181982 -0.11712430
v 0.00471023 -1.02749515 -0.11481079
v 0.01264255 -1.03373551 -0.11636423
v 0.01143831 -1.03290641 -0.11804844
v 0.01219416 -1.03460777 -0.11899267
v 0.01302765 -1.03550863 -0.11754990
v 0.01036960 -1.03207576 -0.11947779
v 0.01159941 -1.03423715 -0.12016855
v 0.00688689 -1.03062165 -0.12176336
v 0.00789878 -1.03401899 -0.12398799
v 0.00855986 -1.03995633 -0.12426533
v 0.00828261 -1.03626490 -0.12464894
v 0.01266668 -1.03634858 -0.11959906
v 0.01351384 -1.03857052 -0.11777456
v -0.11098017 -1.07263649 -0.00985626
v 0.01309350 -1.04190373 -0.11575554
v 0.01439181 -1.04011369 -0.11155423
v -0.01447976 -1.18824697 -0.02098958
v 0.01107292 -1.00290000 -0.09820393
v 0.00985659 -1.00308836 -0.09659521
v -0.09000249 -1.03337669 -0.02051184
v -0.10218995 -1.06122875 -0.01209580
v 0.01171415 -0.99110043 -0.08105353
v 0.01210351 -0.99498171 -0.08394451
v 0.00783929 -0.99433619 -0.08611956
v -0.10004612 -1.07865345 -0.01691401
v -0.10373055 -1.08011019 -0.01701120
v 0.00745331 -0.99062204 -0.08338922
v 0.00626392 -1.00275826 -0.09807076
v -0.10909265 -1.04995131 -0.00363291
v -0.11169861 -1.07124150 -0.00780643
v -0.10989729 -1.06984782 -0.00855089
v -0.10005651 -1.07040644 -0.02180112
v -0.09646086 -1.04407513 -0.00564575
v -0.10234821 -1.04356599 -0.00908754
v -0.10058859 -1.04081821 -0.01001494
v -0.09568296 -1.04209387 -0.00640314
v -0.09076263 -1.05714273 -0.01238844
v 0.00513285 -0.99955601 -0.09263735
v 0.00861489 -0.99995708 -0.09124447
v 0.00690087 -1.00258291 -0.10015910
v 0.00768924 -1.00122070 -0.10113554
v 0.00854476 -0.99892223 -0.10194321
v 0.00436200 -0.99388230 -0.08744100
v 0.00410848 -0.98997861 -0.08465216
v -0.08518387 -1.03704381 -0.02858170
v 0.02027087 -0.99714726 -0.07824074
v -0.09602510 -1.02805388 -0.01485955
v -0.09751947 -1.02923882 -0.01291386
v -0.05865834 -1.02892494 0.05623243
v -0.06392682 -1.03991425 0.06146630
v -0.11148211 -1.04981220 -0.00064886
v 0.02058849 -0.99385095 -0.07566244
v 0.01640810 -0.99550307 -0.08124173
v 0.01642765 -0.99210775 -0.07859564
v 0.00971383 -0.98015165 -0.09498738
v 0.00894651 -0.98503458 -0.09560502
v 0.00902564 -0.99569178 -0.10181497
v 0.00904861 -0.99201792 -0.09977657
v -0.01313571 -1.17882943 0.04805656
v 0.04606035 -1.13543499 -0.04256670
v 0.04683542 -1.12768984 -0.05058613
v -0.10249227 -1.07396519 -0.01484969
v 0.04111909 -1.13403296 -0.05906843
v 0.04128516 -1.14064646 -0.05220773
v 0.04502319 -1.14377427 -0.03534213
v 0.04007439 -1.14783001 -0.04528048
v 0.01238996 -1.18296623 0.00381533
v 0.01532507 -1.18123209 -0.00971119
v -0.00346761 -1.18652880 -0.01750848
v 0.00491762 -1.18368292 0.01616773
v 0.01615478 -1.17693818 0.02820664
v 0.02163472 -1.17818105 0.00966340
v 0.02397133 -1.17668915 -0.00499021
v -0.09202616 -1.03306818 -0.01954234
v -0.09103999 -1.02753758 -0.01975211
v -0.08877989 -1.02789056 -0.02113661
v -0.09666950 -1.06434989 -0.01495103
v -0.00235558 -0.97314394 0.06425968
v 0.01655336 -1.11148858 0.07935262
v 0.02488991 -1.17434049 -0.01841480
v 0.01698766 -1.17813599 -0.02295324
v 0.01875653 -1.17401338 -0.03473606
v 0.02569433 -1.17105210 -0.02969045
v -0.00086733 -1.18255520 -0.03118543
v -0.01165565 -1.18403876 -0.03525373
v -0.01644265 -1.07376134 0.08995211
v 0.00429318 -1.06002712 -0.11261915
v 0.02239779 -1.01436841 0.04675203
v 0.03443901 -1.01260185 0.03128128
v 0.03975710 -0.95540917 0.01865199
v 0.04974337 -1.03717756 0.01270005
v 0.04926346 -1.03777301 0.01341383
v 0.04041453 -0.99504828 0.01617608
v 0.04114540 -1.01007009 0.01593393
v 0.01120783 -1.01590943 0.05629661
v 0.05668456 -1.04979515 0.02394899
v 0.05696434 -1.05370235 0.02487899
v 0.05808092 -1.04909575 0.02387161
v 0.05843832 -1.05318761 0.02513007
v 0.05829501 -1.05742991 0.02541075
v 0.05894890 -1.04741669 0.02333110
v 0.05482715 -1.08472800 0.01060548
v 0.05635532 -1.08639395 0.00981795
v -0.09604929 -1.03766823 -0.00381281
v -0.09643269 -1.03993630 -0.00285528
v 0.04991347 -1.03507054 0.00876773
v 0.04947526 -1.03591847 0.01021286
v -0.08052664 -1.05016005 -0.01328930
v 0.04896966 -1.03531599 0.00934772
v 0.04895515 -1.03468871 0.00814521
v 0.04984912 -1.03390801 0.00727811
v 0.04899986 -1.03387427 0.00706204
v 0.05569151 -1.09972811 0.00313602
v 0.04687731 -1.03410149 0.00988382
v 0.04850767 -1.03705001 0.01276700
v 0.04881985 -1.03635848 0.01134479
v 0.04812134 -1.03523540 0.01003156
v 0.04808120 -1.03386939 0.00789451
v 0.04832307 -1.03275514 0.00647231
v 0.04942304 -1.03244138 0.00647621
v -0.09762868 -1.03181040 -0.00665175
v -0.09249691 -1.02655518 -0.01093264
v -0.07333234 -0.97440040 -0.00635612
v -0.07429814 -0.97865045 0.00749487
v -0.07439336 -0.96610475 0.00647886
v -0.07264236 -0.96095276 -0.00615298
v -0.08718433 -1.05140924 -0.02907061
v -0.08798665 -1.04442418 -0.02582715
v -0.08723324 -1.04293811 -0.02764871
v 0.05925899 -1.04642808 0.02390998
v 0.05429300 -1.03451943 0.01248952
v -0.02603414 -0.94796067 -0.04216849
v -0.02494319 -0.93454492 -0.03592666
v 0.05504841 -1.07762170 0.01747174
v 0.05516461 -1.07596207 0.01901089
v 0.05710658 -1.07790279 0.02067378
v 0.05692581 -1.08002114 0.01904730
v 0.02871127 -1.05668986 0.05843626
v 0.03020949 -1.06805062 0.06388166
v -0.01565131 -0.97800589 0.06544909
v -0.01584289 -0.99363488 0.06367153
v 0.04574990 -1.10086048 0.04893989
v 0.05498525 -1.07912695 0.01585751
v 0.05691946 -1.08166420 0.01746124
v 0.05706765 -1.05791688 0.02508544
v 0.05414734 -1.07841051 0.01580598
v 0.05424512 -1.07689691 0.01741221
v 0.05770890 -1.08360910 0.01895987
v 0.05780341 -1.08163679 0.02078403
v 0.05772421 -1.07937527 0.02259428
v 0.05433418 -1.07513011 0.01892519
v -0.08382016 -1.03717148 -0.03231123
v -0.08123023 -1.03572226 -0.04229270
v -0.08390685 -1.05137432 -0.04425026
v -0.08500465 -1.04720390 -0.03392427
v 0.05340977 -1.08364391 0.01745473
v 0.05300296 -1.12941289 0.02401919
v 0.04992530 -1.12449312 0.03808929
v 0.04923068 -1.14644194 0.02511972
v 0.04545513 -1.14232683 0.04004211
v 0.03861587 -1.13723111 0.05526144
v 0.04338633 -1.11845970 0.05344843
v 0.05425072 -1.08457398 0.01178085
v 0.05716133 -1.08749890 0.01023506
v 0.04417254 -1.15080202 -0.02837978
v 0.04858233 -1.14682651 -0.01991027
v 0.03855218 -1.15394902 -0.03850747
v 0.03707469 -1.15941298 -0.03255696
v 0.04217577 -1.15719962 -0.02243796
v 0.04814091 -1.15228081 -0.00867684
v 0.05493173 -1.11907077 0.01027843
v 0.05410306 -1.13341606 0.00962349
v 0.05334722 -1.13610137 -0.00431841
v -0.06713768 -1.07951844 -0.08075570
v -0.06958094 -1.08049285 -0.07655986
v -0.06951252 -1.07097590 -0.07568283
v -0.06688884 -1.07190645 -0.07930467
v 0.04969699 -1.14958322 0.00933423
v 0.04259294 -1.16129732 -0.00422754
v 0.04387844 -1.15937483 0.01111278
v 0.03429071 -1.16900563 -0.00275752
v 0.03425549 -1.16900301 0.01205023
v 0.03133274 -1.16790044 0.02779374
v 0.04323715 -1.15734458 0.02652162
v 0.03929860 -1.16292167 -0.01742696
v 0.03451481 -1.16425633 -0.02811547
v 0.03320066 -1.16858387 -0.01567446
v 0.03129184 -1.16811490 -0.02459134
v 0.05241044 -1.13705432 -0.01176704
v 0.04411080 -1.02644634 0.00616233
v 0.04650785 -1.02593029 0.00137338
v -0.02822181 -1.13816345 -0.09788756
v -0.01720556 -1.13901854 -0.09836596
v -0.01925172 -1.14752591 -0.09328950
v -0.03002171 -1.14610994 -0.09206206
v 0.05221146 -1.03734887 -0.00515580
v -0.06729590 -1.04796076 0.06491414
v -0.07013130 -1.05891836 0.06837451
v -0.05153640 -1.05844307 0.07772706
v -0.04904633 -1.04869401 0.07330570
v 0.05652709 -1.05859125 -0.04095652
v 0.05494348 -1.07209778 -0.04038722
v 0.05705044 -1.06503999 -0.02864159
v 0.05669117 -1.04979980 -0.02885054
v -0.03544198 -1.16502595 -0.07061619
v -0.02460034 -1.16731787 -0.07185671
v -0.02694626 -1.17322457 -0.06248753
v -0.03783409 -1.17057776 -0.06166261
v -0.05655264 -1.05027390 -0.08907741
v -0.05810569 -1.04374444 -0.08860710
v -0.05348533 -1.04303110 -0.09145152
v -0.05257266 -1.04958665 -0.09126409
v 0.05301381 -1.08539855 -0.04055856
v 0.05537985 -1.07919192 -0.02942740
v 0.05513175 -1.09338629 -0.02909656
v 0.05263815 -1.10012698 -0.04148033
v 0.02776138 -1.13211489 0.06900378
v 0.03090335 -1.11507177 0.06939580
v -0.08936133 -1.02332366 -0.02158026
v -0.08800079 -1.02405620 -0.02263199
v 0.03170292 -1.10289192 0.06903727
v 0.03949679 -1.11267531 -0.07658844
v -0.02950859 -1.17845249 -0.05134936
v -0.04062746 -1.17570949 -0.05104765
v -0.01738311 -1.15127790 0.07705107
v 0.03526865 -1.13731718 -0.06828769
v 0.01875246 -1.15177023 0.06546269
v -0.02845296 -0.99513680 0.06313853
v 0.00433693 -1.15711105 0.06841724
v 0.03973139 -1.15362632 0.04136809
v 0.03428046 -1.14889145 0.05428936
v 0.02399590 -1.14291954 0.06757984
v 0.03181071 -1.08702135 0.06819095
v 0.02765139 -1.16677547 -0.03649050
v 0.04789900 -1.07995069 -0.06570858
v 0.04706886 -1.07561243 -0.06447963
v 0.04821806 -1.08456397 -0.06783199
v 0.04594257 -1.07069623 -0.06576379
v 0.01300103 -1.05678391 -0.09446009
v 0.01298769 -1.05449593 -0.09636711
v 0.01308364 -1.05161846 -0.09803001
v 0.01576030 -1.05221128 -0.09309356
v 0.01562958 -1.04888213 -0.09467348
v 0.01100130 -1.05112755 -0.10424726
v 0.01078233 -1.05408633 -0.10193926
v 0.01300517 -1.04879808 -0.09992563
v 0.01310728 -1.04531813 -0.10157873
v 0.01156594 -1.04770708 -0.10613675
v 0.01664937 -1.03310513 -0.09580302
v 0.01717588 -1.03826988 -0.09413390
v 0.01514494 -1.04222023 -0.09734901
v 0.01899718 -1.04633367 -0.09200266
v 0.01833272 -1.04263711 -0.09320927
v 0.01542729 -1.04585528 -0.09612840
v 0.01965741 -1.05009747 -0.09039852
v 0.01445701 -1.04143822 -0.10343067
v 0.01603540 -1.03800702 -0.10596944
v 0.01290995 -1.04386735 -0.10882701
v 0.01181536 -1.04554391 -0.11281501
v 0.01034780 -1.04952669 -0.11018907
v 0.01608046 -1.05471802 -0.09140293
v 0.02050772 -1.05294275 -0.08897464
v 0.02160480 -1.03935552 -0.09114274
v 0.02591703 -1.03624928 -0.08938958
v 0.02327118 -1.04415178 -0.08984105
v 0.02736917 -1.04167521 -0.08824627
v 0.02403381 -1.04816341 -0.08841205
v 0.02829741 -1.04596460 -0.08666217
v 0.02981586 -1.03288817 -0.08769920
v 0.03297449 -1.02918911 -0.08560528
v 0.03571507 -1.02451622 -0.08281074
v 0.03532314 -1.03465748 -0.08403859
v 0.03846253 -1.02959013 -0.08086302
v 0.03679600 -1.04014111 -0.08239420
v 0.04058033 -1.03555441 -0.07907206
v -0.01387020 -1.06048512 -0.10011229
v -0.01483282 -1.06265187 -0.09763230
v -0.01869562 -1.05941081 -0.09650819
v -0.01767469 -1.05710840 -0.09834795
v -0.01148135 -1.11011136 -0.10622756
v -0.01355443 -1.11825049 -0.10449657
v -0.02278594 -1.11788738 -0.10479642
v -0.02014396 -1.10994279 -0.10677815
v 0.03172675 -1.03848433 -0.08630367
v 0.03287993 -1.04325759 -0.08463529
v 0.02914876 -1.05013704 -0.08516210
v 0.02495655 -1.05177283 -0.08698018
v 0.03720858 -1.05206776 -0.08005428
v 0.03731487 -1.04612017 -0.08104816
v 0.03332905 -1.04826915 -0.08317345
v 0.03355481 -1.05319428 -0.08205424
v 0.04177129 -1.04277670 -0.07766231
v 0.04117204 -1.05071187 -0.07734271
v 0.04020702 -1.05605292 -0.07690988
v 0.02750346 -1.06150997 -0.08382763
v 0.02278564 -1.06177020 -0.08540373
v 0.03078951 -1.06156993 -0.08218277
v 0.03675643 -1.05644798 -0.07945356
v 0.03366104 -1.05684781 -0.08143073
v 0.04287846 -1.06496632 -0.07115972
v 0.04110854 -1.06366324 -0.07370570
v 0.03639765 -1.06217599 -0.07856283
v 0.03389380 -1.06182206 -0.08040293
v 0.03895181 -1.06285167 -0.07622100
v 0.01827163 -1.06306529 -0.08645919
v 0.01371662 -1.06477880 -0.08761539
v 0.03419948 -0.99773586 0.02975169
v 0.00950647 -1.05320132 -0.10837767
v 0.00891352 -1.05647516 -0.10622452
v 0.01094829 -1.08116984 -0.09370507
v 0.00878959 -1.07835352 -0.09266748
v 0.00463452 -1.07735181 -0.10122697
v 0.01554276 -1.08474612 -0.09619150
v 0.01059364 -1.06702578 -0.08875242
v -0.02313343 -1.05674326 -0.09566475
v -0.02177097 -1.05464125 -0.09681700
v 0.00875186 -1.06948030 -0.08957975
v 0.00777403 -1.07215083 -0.09056729
v 0.00758455 -1.07529449 -0.09156220
v -0.02096850 -1.15477896 -0.08676408
v -0.03180804 -1.15295911 -0.08513916
v -0.04953083 -1.18620288 -0.00301117
v -0.04849576 -1.18576920 -0.01126307
v -0.03751983 -1.18926024 -0.00922127
v -0.04078615 -1.18962383 0.00292907
v 0.02596154 -1.09981537 -0.09676372
v 0.02353290 -1.09259915 -0.09885310
v 0.04626082 -1.12002850 -0.05970138
v 0.04932653 -1.11184144 -0.05449615
v 0.04311163 -1.09761190 -0.07767391
v 0.04592953 -1.09372115 -0.07396552
v 0.04768783 -1.08918488 -0.07055730
v 0.05065254 -1.10032582 -0.05065328
v 0.05152927 -1.08789575 -0.04885645
v 0.05284595 -1.07628679 -0.04802011
v -0.09405643 -1.05795622 0.02459515
v -0.09449189 -1.05489826 0.00912157
v -0.09777752 -1.06674600 0.00919519
v -0.09887054 -1.07422018 0.02478005
v 0.03347909 -1.15080667 -0.05532814
v -0.03855750 -0.95485425 -0.03628393
v -0.03751619 -0.94171190 -0.03058626
v -0.02895267 -0.98154223 0.06356727
v 0.03164101 -1.15672421 -0.04899658
v 0.03442894 -1.14416397 -0.06153020
v 0.02015124 -1.16917539 -0.04344017
v 0.02207264 -1.16444910 -0.05125453
v 0.02976290 -1.16188061 -0.04271008
v 0.02408992 -1.15904307 -0.05799457
v 0.02613233 -1.15302539 -0.06405303
v 0.02728254 -1.14642787 -0.07039005
v 0.02826432 -1.13925362 -0.07670803
v 0.02831972 -1.13030946 -0.08273236
v 0.02096068 -0.99968904 0.04402541
v 0.00762386 -1.04174161 -0.10598166
v 0.00705638 -1.04174376 -0.10681272
v -0.06066032 -1.10121071 -0.08968955
v -0.06383676 -1.10694087 -0.08581525
v -0.06712151 -1.09986877 -0.08208962
v -0.06382414 -1.09511352 -0.08627436
v 0.00648420 -1.04140151 -0.10559744
v 0.00592158 -1.04137635 -0.10639924
v 0.00560919 -1.04003286 -0.10593396
v 0.00773271 -1.03248096 -0.10713276
v 0.00589305 -1.03443825 -0.10639435
v 0.00513419 -1.03797400 -0.10593443
v 0.05080576 -1.03036690 -0.00278161
v -0.00855245 -1.09723270 -0.10846181
v -0.01596527 -1.09692848 -0.10943615
v -0.01366215 -1.09060574 -0.10905792
v -0.00738881 -1.09085107 -0.10834806
v -0.06627715 -1.06455112 -0.07911954
v -0.06916174 -1.06166935 -0.07646591
v -0.06685993 -1.05317712 -0.07997563
v -0.06397550 -1.05727434 -0.08172092
v -0.05964362 -1.05187416 -0.08655922
v -0.06166472 -1.04577065 -0.08581473
v -0.02561625 -1.12775469 -0.10242598
v -0.01542212 -1.12861669 -0.10217869
v -0.06895675 -1.09057498 -0.07867623
v -0.06584803 -1.08755124 -0.08314494
v -0.01077444 -1.06358767 -0.10280938
v -0.01205507 -1.06532788 -0.09943927
v -0.00933337 -1.06982863 -0.10223500
v -0.00484756 -1.06923378 -0.10759319
v -0.00503762 -1.07336342 -0.10670502
v -0.00870818 -1.07333732 -0.10341017
v -0.03934471 -1.10916138 -0.10257810
v -0.04229154 -1.11664891 -0.10005786
v -0.05085528 -1.11522913 -0.09594570
v -0.04793510 -1.10820651 -0.09871802
v -0.03357565 -1.15925014 -0.07834808
v -0.02262531 -1.16093254 -0.07963568
v -0.00594691 -1.08271551 -0.10691556
v -0.01048776 -1.08266973 -0.10597812
v -0.00953036 -1.07929659 -0.10447445
v -0.00575060 -1.07944643 -0.10634781
v -0.02659344 -1.05263042 -0.09640628
v -0.02784634 -1.05490649 -0.09578688
v -0.08071198 -1.02368021 -0.01693712
v -0.08227206 -1.02294159 -0.01770670
v -0.08804710 -1.06865501 -0.03368576
v -0.08601101 -1.05786967 -0.03398457
v -0.08490638 -1.06465340 -0.04484254
v -0.08632670 -1.07797492 -0.04396179
v -0.09055635 -1.08924460 -0.04218822
v -0.09351648 -1.09878945 -0.03777270
v -0.09427343 -1.08392000 -0.02946358
v -0.09152284 -1.07747662 -0.03284833
v -0.07061356 -0.97031844 0.01880009
v -0.06858754 -0.98219550 0.02146194
v -0.00426641 -1.06590009 -0.10992663
v -0.00366632 -1.06267416 -0.11207826
v -0.05771599 -1.10066986 0.08414553
v -0.05655877 -1.08664572 0.08426034
v -0.07506634 -1.08906758 0.07228082
v -0.07663083 -1.10206831 0.07259268
v -0.08990051 -1.04714918 0.02215353
v -0.09067898 -1.04628778 0.00755199
v -0.00842123 -1.03511262 -0.11229017
v -0.00628999 -1.04041421 -0.10781729
v -0.00642153 -1.03696215 -0.10684924
v -0.00609810 -1.03966534 -0.10755847
v -0.00791140 -1.03189874 -0.11372325
v -0.00980469 -1.03101242 -0.11522155
v -0.00704305 -1.03314936 -0.10659903
v -0.00607585 -1.03333449 -0.10706031
v -0.00560735 -1.03727365 -0.10705751
v -0.00729724 -1.04065681 -0.10863675
v 0.00165451 -1.02805448 -0.11809022
v 0.00158181 -1.02921700 -0.12120327
v -0.00240210 -1.03042698 -0.12096559
v -0.00129700 -1.02925122 -0.11853561
v -0.00386221 -1.03974390 -0.10864343
v -0.00271359 -1.03746355 -0.10901093
v -0.00228404 -1.03455460 -0.11581640
v -0.00488866 -1.03855932 -0.11274034
v -0.00575170 -1.04082727 -0.11037969
v -0.00424454 -1.03514814 -0.11543830
v -0.00369192 -1.02943087 -0.11185729
v -0.00621614 -1.03530049 -0.11417956
v -0.09632777 -1.03674221 -0.01460725
v -0.06715115 -0.98739702 -0.02496818
v -0.07334454 -1.00322855 -0.02002804
v -0.07404400 -1.00312042 -0.01435268
v -0.07006126 -0.98710603 -0.01628361
v -0.09939816 -1.06365466 -0.01400728
v -0.07895860 -1.10765016 -0.06603318
v -0.08321253 -1.12046170 -0.05799332
v -0.08955576 -1.10959554 -0.04667113
v -0.08759721 -1.09814405 -0.05126709
v -0.08568594 -1.13071597 -0.05100192
v -0.09207660 -1.12098634 -0.04042226
v -0.09606531 -1.10961676 -0.03073185
v -0.09898312 -1.09041584 -0.01563953
v -0.04657611 -1.06598246 -0.09316808
v -0.04674234 -1.06572151 -0.09337857
v -0.04498807 -1.06537676 -0.09432785
v -0.04503522 -1.06556106 -0.09414704
v -0.04624901 -1.06615639 -0.09244227
v -0.04465981 -1.06563258 -0.09320347
v -0.04729343 -1.06664109 -0.09170245
v -0.04773103 -1.06636357 -0.09231941
v -0.04795520 -1.06607080 -0.09249794
v -0.02889165 -1.06746590 -0.09345531
v -0.02973126 -1.06781733 -0.09287918
v -0.03227912 -1.06673598 -0.09352037
v -0.03137625 -1.06659806 -0.09450094
v -0.02852603 -1.06713367 -0.09385090
v -0.03120980 -1.06626534 -0.09490934
v -0.03392999 -1.06996036 -0.08816410
v -0.03340471 -1.07027924 -0.08798388
v -0.03469705 -1.06953979 -0.08837651
v -0.02746469 -1.06974983 -0.09100112
v -0.02750418 -1.07070446 -0.09123071
v -0.03297452 -1.07096493 -0.08800120
v -0.03300336 -1.07049847 -0.08782843
v -0.02787459 -1.06928110 -0.09126068
v -0.02625211 -1.06912994 -0.09112954
v -0.02529180 -1.06949866 -0.09056409
v -0.02532154 -1.07080460 -0.09091863
v -0.03623991 -1.06487286 -0.09580176
v -0.03635317 -1.06402373 -0.09585036
v -0.03168465 -1.06463671 -0.09529390
v -0.03138701 -1.06558931 -0.09518448
v -0.03612504 -1.06539738 -0.09561300
v -0.03965334 -1.06536198 -0.09532878
v -0.03965236 -1.06480157 -0.09548742
v -0.03972325 -1.06398571 -0.09546122
v -0.02851113 -1.06576371 -0.09457185
v -0.02852381 -1.06671262 -0.09429999
v -0.03970408 -1.06325340 -0.09539818
v -0.03652547 -1.06327665 -0.09577677
v -0.03180448 -1.06388855 -0.09529516
v -0.02841184 -1.06526494 -0.09466305
v -0.02569149 -1.06672573 -0.09363222
v -0.02687730 -1.06695759 -0.09382065
v -0.03653627 -1.06241643 -0.09555535
v -0.03635603 -1.06144798 -0.09539105
v -0.03147579 -1.06198990 -0.09514290
v -0.03172704 -1.06299281 -0.09517381
v -0.03976652 -1.06246781 -0.09506664
v -0.03963834 -1.06152594 -0.09487508
v -0.04933719 -1.06624937 -0.09111041
v -0.04999958 -1.06679547 -0.09032214
v -0.04994406 -1.06623805 -0.09043813
v -0.04954384 -1.06576586 -0.09084845
v -0.05254458 -1.06369054 -0.08808595
v -0.05353742 -1.06505775 -0.08728354
v -0.05530377 -1.06435502 -0.08623566
v -0.05395574 -1.06285107 -0.08715872
v -0.06211704 -1.05403817 -0.08398251
v -0.05619548 -1.05990350 -0.08669727
v -0.05797191 -1.06149852 -0.08514123
v -0.04873377 -1.06595492 -0.09179533
v -0.04793359 -1.06561327 -0.09253328
v -0.04866659 -1.06634367 -0.09172416
v -0.04926936 -1.06672847 -0.09090678
v -0.04892284 -1.06529474 -0.09151507
v -0.04803161 -1.06492329 -0.09237327
v -0.04678320 -1.06533456 -0.09342273
v -0.04680330 -1.06451738 -0.09333022
v -0.04495145 -1.06414366 -0.09431584
v -0.04490841 -1.06495821 -0.09438115
v -0.04264639 -1.06482482 -0.09500773
v -0.04302433 -1.06533515 -0.09487754
v -0.04270140 -1.06399632 -0.09494244
v -0.04508156 -1.06348491 -0.09408835
v -0.04278808 -1.06329167 -0.09481674
v -0.04689114 -1.06385612 -0.09300031
v -0.04817402 -1.06437528 -0.09203020
v -0.04913610 -1.06486833 -0.09110399
v -0.04990484 -1.06535923 -0.09043134
v -0.05043997 -1.06605959 -0.08994640
v -0.04953052 -1.06436074 -0.09056536
v -0.05025775 -1.06364322 -0.08983611
v -0.04880755 -1.06300890 -0.09094633
v -0.04841789 -1.06381202 -0.09160009
v -0.05051676 -1.06497836 -0.08979671
v -0.05144357 -1.06440330 -0.08894560
v -0.04711944 -1.06332922 -0.09259604
v -0.04721671 -1.06258881 -0.09212591
v -0.04518052 -1.06211150 -0.09328074
v -0.04516531 -1.06285143 -0.09373166
v -0.04284379 -1.06261182 -0.09451193
v -0.04295472 -1.06171489 -0.09416202
v -0.03614012 -1.06554675 -0.09531569
v -0.03609535 -1.06581020 -0.09411311
v -0.03962751 -1.06539154 -0.09408395
v -0.03977335 -1.06549501 -0.09502803
v -0.04309679 -1.06544602 -0.09468841
v -0.04267469 -1.06532717 -0.09376344
v -0.03972140 -1.06544542 -0.09289536
v -0.03890489 -1.06828594 -0.08878957
v -0.04027206 -1.06822276 -0.08867398
v -0.04247187 -1.06540608 -0.09262078
v -0.03655967 -1.06597435 -0.09291178
v -0.03733528 -1.06853485 -0.08875564
v -0.03330977 -1.06698930 -0.09249544
v -0.03584609 -1.06899524 -0.08860713
v -0.03064395 -1.06792426 -0.09227356
v -0.03785688 -1.07737052 -0.09676693
v -0.03785296 -1.07751250 -0.09711978
v -0.04238163 -1.07678783 -0.09714564
v -0.04205466 -1.07657003 -0.09663337
v -0.08094594 -1.06038904 0.05621723
v -0.08397919 -1.07587028 0.05948346
v -0.07362494 -1.07272911 0.07122663
v -0.04503320 -1.07433271 -0.09586357
v -0.04506838 -1.07525682 -0.09557317
v -0.04763007 -1.07404149 -0.09450760
v -0.04742765 -1.07322621 -0.09450874
v -0.04501518 -1.07334232 -0.09615661
v -0.04707127 -1.07223392 -0.09449457
v -0.04207814 -1.07447755 -0.09750459
v -0.04213275 -1.07556832 -0.09716125
v -0.04207342 -1.07636607 -0.09667154
v -0.04738997 -1.07118261 -0.09009842
v -0.04658614 -1.07215667 -0.09078927
v -0.04682613 -1.07188177 -0.09230775
v -0.04802473 -1.07110691 -0.09115191
v -0.04809511 -1.07049477 -0.08954750
v -0.04880486 -1.07038283 -0.09029541
v -0.04326890 -1.07084417 -0.08708572
v -0.04288978 -1.07122505 -0.08735116
v -0.04231859 -1.07169580 -0.08770135
v -0.04345996 -1.07052445 -0.08691342
v -0.04352956 -1.07023454 -0.08683829
v -0.04350305 -1.06995583 -0.08683065
v -0.04338294 -1.06968355 -0.08691268
v -0.06356659 -1.03740132 -0.08249146
v -0.06433108 -1.04879963 -0.08291610
v -0.06676294 -1.04094124 -0.07932311
v -0.04842671 -1.06669426 -0.09146277
v -0.04906433 -1.06711102 -0.09068358
v -0.04795229 -1.06703913 -0.09093867
v -0.04855706 -1.06749582 -0.09029246
v -0.04973377 -1.06771791 -0.08998118
v -0.05009232 -1.06743288 -0.09005633
v -0.04578377 -1.06624126 -0.09153444
v -0.04211045 -1.06857264 -0.08809148
v -0.04262095 -1.06886578 -0.08776818
v -0.04666830 -1.06691432 -0.09086703
v -0.04431818 -1.06571138 -0.09211709
v -0.04131062 -1.06834102 -0.08839940
v -0.04293134 -1.06913412 -0.08743681
v -0.04320197 -1.06941867 -0.08713994
v -0.04713247 -1.06734347 -0.09022717
v -0.04771981 -1.06780529 -0.08964138
v -0.04904672 -1.06814575 -0.08986159
v -0.04838143 -1.06888175 -0.08899359
v -0.04847214 -1.06939363 -0.08904149
v -0.04923676 -1.06866896 -0.08976951
v -0.04932174 -1.06919181 -0.08971842
v -0.04815501 -1.06836355 -0.08916488
v -0.04838233 -1.06992877 -0.08920318
v -0.04916170 -1.06972551 -0.08991176
v -0.05034583 -1.06694782 -0.09000076
v -0.05039683 -1.06778049 -0.08976068
v -0.05098380 -1.06885695 -0.08942823
v -0.05085593 -1.06700969 -0.08956710
v -0.05163656 -1.06704712 -0.08900171
v -0.05115563 -1.06581926 -0.08921574
v -0.05197587 -1.06950736 -0.08927231
v -0.05328929 -1.06999350 -0.08877794
v -0.05300729 -1.06703162 -0.08815482
v -0.05224998 -1.06555915 -0.08836381
v -0.05006813 -1.06828952 -0.08971494
v -0.05026241 -1.06896806 -0.08956350
v -0.05115842 -1.07048702 -0.09044717
v -0.05193141 -1.07132912 -0.09057322
v -0.05054167 -1.06992090 -0.09037189
v -0.04981488 -1.07061160 -0.09152962
v -0.05012344 -1.07134342 -0.09168825
v -0.05074646 -1.07205737 -0.09185763
v -0.04894787 -1.07215166 -0.09308062
v -0.04942356 -1.07295310 -0.09325160
v -0.04867668 -1.07132173 -0.09289983
v -0.04999653 -1.06971431 -0.09015605
v -0.04935198 -1.07033932 -0.09105730
v -0.04840413 -1.07104659 -0.09224317
v -0.04694773 -1.07156575 -0.09390804
v -0.04469804 -1.07256186 -0.09558559
v -0.04448059 -1.07281005 -0.09362195
v -0.04179945 -1.07379997 -0.09691750
v -0.04139872 -1.07365525 -0.09474173
v -0.03815235 -1.07797647 -0.09846324
v -0.04313758 -1.07751155 -0.09852663
v -0.04156626 -1.07382190 -0.09292574
v -0.03982479 -1.07246923 -0.08868310
v -0.03813967 -1.07258701 -0.08894711
v -0.03818657 -1.07395494 -0.09337060
v -0.02803950 -1.07131767 -0.09182455
v -0.02882111 -1.07203746 -0.09242436
v -0.03356211 -1.07161546 -0.08844170
v -0.03319136 -1.07126606 -0.08819374
v -0.02644003 -1.07136655 -0.09225187
v -0.02768915 -1.07202423 -0.09310438
v -0.03230602 -1.07353234 -0.09336004
v -0.03521359 -1.07234478 -0.08900321
v -0.03413932 -1.07200551 -0.08871467
v -0.03045332 -1.07280624 -0.09275908
v -0.03132309 -1.07382655 -0.09508933
v -0.02904645 -1.07280791 -0.09390248
v -0.03788181 -1.07417750 -0.09535007
v -0.06074043 -1.13559520 0.07689784
v -0.05984881 -1.12057388 0.08165541
v -0.07768329 -1.12027669 0.07018749
v -0.07808390 -1.13348258 0.06640703
v -0.04429922 -1.07306814 -0.09203552
v -0.04124546 -1.07214093 -0.08826373
v -0.08649159 -1.13343048 0.05732102
v -0.08574207 -1.14177001 0.05388709
v -0.07828647 -1.14457345 0.06027629
v -0.06066732 -0.99862653 0.04042504
v -0.05308335 -0.98707789 0.05076094
v -0.02414232 -1.07113826 -0.09293645
v -0.02582271 -1.07231009 -0.09372340
v -0.02301267 -1.07004571 -0.09243152
v -0.02226279 -1.06985927 -0.09253894
v -0.02338119 -1.07119846 -0.09294512
v -0.02487364 -1.07248163 -0.09360676
v -0.02792745 -1.07337582 -0.09462741
v -0.02715393 -1.07362342 -0.09494038
v -0.03042787 -1.07480955 -0.09665169
v -0.03061422 -1.07421589 -0.09625953
v -0.03777182 -1.07457471 -0.09737115
v -0.03781962 -1.07531250 -0.09795628
v -0.03009561 -1.07554400 -0.09612645
v -0.02672476 -1.07409120 -0.09442735
v -0.02972893 -1.07635510 -0.09558037
v -0.02662214 -1.07501793 -0.09421208
v -0.03780661 -1.07706892 -0.09695670
v -0.03789578 -1.07629085 -0.09749781
v -0.02567009 -1.06772721 -0.09310705
v -0.02358937 -1.06809306 -0.09276225
v -0.02627150 -1.06812644 -0.09297342
v -0.02403331 -1.06849813 -0.09245221
v -0.02772070 -1.06852567 -0.09215991
v -0.02317976 -1.06892741 -0.09218955
v -0.02246038 -1.06868660 -0.09250727
v -0.02878062 -1.06869149 -0.09185565
v -0.02267018 -1.07129955 -0.09262316
v -0.02131484 -1.06971300 -0.09248945
v -0.02154590 -1.07187784 -0.09184618
v -0.02060154 -1.06991172 -0.09215959
v -0.02390058 -1.07391453 -0.09272428
v -0.02426543 -1.07282937 -0.09300371
v -0.02144803 -1.06853008 -0.09244213
v -0.02202159 -1.06797779 -0.09259751
v -0.02072412 -1.06843686 -0.09242429
v -0.02129970 -1.06773579 -0.09258770
v -0.02808392 -1.06450367 -0.09466198
v -0.02771848 -1.06370032 -0.09462486
v -0.02496475 -1.06610322 -0.09373574
v -0.02429104 -1.06557381 -0.09362830
v -0.03602755 -1.06042862 -0.09516162
v -0.03937936 -1.06045938 -0.09461525
v -0.03539422 -1.05928552 -0.09494552
v -0.03909533 -1.05915737 -0.09438753
v -0.03039169 -1.06000805 -0.09492822
v -0.03104904 -1.06097150 -0.09501584
v -0.03784773 -0.93263185 -0.02754735
v -0.05110452 -1.06267965 -0.08920359
v -0.05204305 -1.06154943 -0.08858383
v -0.05019279 -1.06060672 -0.09003681
v -0.04938877 -1.06204069 -0.09035210
v -0.04747828 -1.06153321 -0.09160413
v -0.04778505 -1.06000292 -0.09134841
v -0.04506222 -1.05952489 -0.09262998
v -0.04513607 -1.06102335 -0.09286806
v -0.04283474 -1.06066394 -0.09379539
v -0.04244223 -1.05913281 -0.09356710
v -0.05462212 -1.06668258 -0.08691372
v -0.05595800 -1.06999373 -0.08718549
v -0.05669322 -1.06622076 -0.08575672
v -0.05856596 -1.06978226 -0.08559245
v -0.01989212 -1.07279551 -0.09210969
v -0.01942311 -1.07036412 -0.09185229
v -0.01778351 -1.07352078 -0.09332086
v -0.01782666 -1.07071304 -0.09276351
v -0.01915585 -1.07629657 -0.09504922
v -0.02134925 -1.07545018 -0.09339581
v -0.01986527 -1.06837845 -0.09234953
v -0.02050446 -1.06745446 -0.09253173
v -0.01851747 -1.06836212 -0.09252409
v -0.01941883 -1.06687617 -0.09260979
v -0.02703729 -1.06284451 -0.09454095
v -0.02640101 -1.06194639 -0.09438252
v -0.02358720 -1.06494033 -0.09361478
v -0.02258802 -1.06408119 -0.09345312
v -0.07769278 -1.04949641 0.05240420
v -0.08606812 -1.09181237 0.06035162
v -0.05127875 -1.08164883 -0.09860249
v -0.04865678 -1.07898498 -0.09807439
v -0.04476672 -1.07997155 -0.09982751
v -0.04705236 -1.08337033 -0.10122439
v -0.05481137 -1.08557737 -0.09779841
v -0.05743500 -1.08217704 -0.09490790
v -0.05431003 -1.07942045 -0.09583037
v -0.05162437 -1.07736957 -0.09609082
v -0.05647144 -1.07276845 -0.08860466
v -0.05441893 -1.07261848 -0.08989216
v -0.05422789 -1.07422018 -0.09158104
v -0.05642303 -1.07482696 -0.09068327
v -0.05918244 -1.07283783 -0.08716254
v -0.05936908 -1.07570112 -0.08945395
v -0.05556177 -1.07693672 -0.09321730
v -0.05318167 -1.07563531 -0.09375490
v -0.05866178 -1.07857370 -0.09226086
v -0.02707033 -1.07985282 -0.09895742
v -0.02813857 -1.07827747 -0.09715398
v -0.02510733 -1.07689476 -0.09509856
v -0.02344544 -1.07781076 -0.09579682
v -0.02554331 -1.08140087 -0.10081350
v -0.02105700 -1.07883787 -0.09727661
v -0.03991947 -1.08370733 -0.10307349
v -0.03897190 -1.08064294 -0.10085804
v -0.02951854 -1.07683551 -0.09536012
v -0.02741431 -1.07593489 -0.09460348
v -0.02932644 -1.07703257 -0.09542775
v -0.02674505 -1.07586575 -0.09431835
v -0.09180698 -1.15072346 0.03433748
v -0.09202494 -1.15577090 0.02115560
v -0.07739346 -1.16797066 0.02866483
v -0.07813694 -1.16116369 0.04146712
v -0.04511475 -1.07557595 -0.09565075
v -0.04562377 -1.07596397 -0.09618774
v -0.04829903 -1.07488811 -0.09506083
v -0.04776114 -1.07440948 -0.09469830
v -0.04974719 -1.07348228 -0.09343171
v -0.05039061 -1.07397890 -0.09368840
v -0.05176578 -1.07306576 -0.09209962
v -0.05114362 -1.07271135 -0.09213209
v -0.05197573 -1.07208252 -0.09102179
v -0.05266943 -1.07210398 -0.09069642
v -0.02702502 -1.07662678 -0.09510753
v -0.02916366 -1.07727396 -0.09599129
v -0.08718807 -1.12162554 0.05926335
v -0.05410492 -1.12298381 -0.09183335
v -0.06158558 -1.11965823 -0.08564900
v -0.05820249 -1.11282182 -0.09070637
v -0.04668565 -1.07680964 -0.09727706
v -0.04949874 -1.07577991 -0.09572703
v -0.05146175 -1.07471168 -0.09389603
v -0.05266844 -1.07372677 -0.09210311
v -0.05329832 -1.07288909 -0.09086790
v -0.08654897 -1.04001832 -0.02735672
v -0.08742750 -1.04020369 -0.02549751
v -0.09956887 -1.05175221 -0.00276858
v -0.09819061 -1.05819857 -0.00410767
v -0.09677462 -1.06174004 -0.00552394
v -0.09676006 -1.06997192 -0.01956608
v -0.10059473 -1.07333982 -0.01759602
v -0.10182121 -1.03309727 -0.00905219
v -0.09796230 -1.03115916 -0.01191718
v -0.10193633 -1.03405583 -0.00850705
v -0.10924679 -1.07021308 -0.00817380
v -0.10973855 -1.06863177 -0.00666138
v -0.11055480 -1.06824756 -0.00714316
v -0.06882469 -1.02746105 0.04512336
v -0.07411776 -1.04070961 0.04930212
v -0.11033484 -1.06663370 -0.00529739
v -0.08990058 -1.04522479 -0.02352140
v -0.10080558 -1.05116463 -0.00271101
v -0.10287286 -1.05062175 -0.00126751
v -0.10352537 -1.04535758 -0.00107955
v -0.10263262 -1.04584146 -0.00174575
v -0.10208246 -1.04041791 -0.00253783
v -0.10143705 -1.04120672 -0.00298573
v -0.10393237 -1.03691649 -0.00645743
v -0.10584359 -1.04080057 -0.00487686
v -0.10204870 -1.07383621 -0.01667929
v -0.10108186 -1.07293773 -0.01783380
v -0.10270628 -1.07373738 -0.01658469
v -0.09091335 -1.04405212 -0.02219521
v -0.09488650 -1.06809592 -0.01910213
v -0.09376214 -1.06602216 -0.01990758
v -0.09359086 -1.06641459 -0.01946699
v -0.08847147 -1.04970479 -0.01853241
v -0.08855401 -1.05065775 -0.01840295
v -0.08960393 -1.04799604 -0.01875784
v -0.09165596 -1.04621780 -0.02043370
v -0.08538399 -1.03907919 -0.01851197
v -0.08519527 -1.03812587 -0.01649534
v -0.08538935 -1.03698480 -0.01712281
v -0.10554755 -1.08042943 -0.01403482
v -0.09379216 -1.06500518 -0.02008235
v -0.09516078 -1.06606507 -0.02038653
v -0.09591904 -1.06718576 -0.02046729
v -0.10350989 -1.07334697 -0.01644745
v -0.09629365 -1.06814075 -0.02041353
v -0.09554951 -1.06809175 -0.02014733
v -0.09737438 -1.06975484 -0.01987205
v -0.09512157 -1.06809187 -0.01972434
v -0.09475309 -1.04386687 -0.00652247
v -0.09287743 -1.04351687 -0.00837109
v -0.08856156 -1.06140637 -0.02863884
v -0.08980019 -1.05937254 -0.02632986
v -0.09655125 -1.03046775 -0.01377667
v -0.09509982 -1.06868768 -0.00975031
v -0.09562021 -1.07171035 -0.00866203
v -0.10778494 -1.04533970 -0.00386802
v -0.09971265 -1.03916252 -0.01176304
v -0.09712244 -1.03843558 -0.01309104
v -0.10227700 -1.04024625 -0.01046444
v -0.10413240 -1.04303479 -0.00932324
v -0.09065583 -1.05941069 -0.01392124
v -0.10296316 -1.06338930 -0.01183095
v -0.10395264 -1.06112349 -0.01060835
v -0.10112526 -1.06341565 -0.01308799
v -0.09646103 -1.07493174 -0.01107636
v -0.09609456 -1.07480586 -0.01342123
v -0.09567151 -1.06993246 -0.01189953
v -0.09563850 -1.07304072 -0.01373036
v -0.08742895 -1.04241157 -0.01879680
v -0.08761301 -1.03672862 -0.01531634
v -0.08748222 -1.03892255 -0.01449240
v -0.08890259 -1.03673673 -0.01468064
v -0.08915129 -1.03790343 -0.01338720
v -0.09001337 -1.03945756 -0.01193628
v -0.09081787 -1.04147148 -0.01081196
v -0.09105437 -1.04402721 -0.01033337
v -0.08715294 -1.04669738 -0.01840373
v -0.09521282 -1.07394600 -0.02379270
v -0.08659986 -1.04487610 -0.01833622
v -0.08866274 -1.04823458 -0.01864208
v -0.08862213 -1.04638529 -0.01887423
v -0.08814041 -1.04441571 -0.01904838
v -0.09288517 -1.03530645 -0.01839191
v -0.09426223 -1.03703189 -0.01646325
v -0.09131242 -1.03604388 -0.01887140
v -0.09535962 -1.03772545 -0.01444770
v -0.09008738 -1.03626812 -0.01898493
v -0.09540896 -1.06983280 -0.01115812
v -0.09583492 -1.07296693 -0.01170394
v -0.08632582 -1.04326510 -0.02957561
v -0.07016661 -1.04661083 -0.07570769
v -0.07298619 -1.05665660 -0.07172418
v -0.02659042 -0.99633473 -0.08325490
v -0.02570535 -0.99325615 -0.08314817
v -0.05943505 -1.03414500 -0.08581766
v -0.05368364 -1.03130436 -0.08981250
v -0.02371754 -1.00031090 -0.09548307
v -0.02291976 -0.99960375 -0.09529220
v -0.02205601 -1.00018823 -0.09532163
v -0.02283650 -1.00054550 -0.09526604
v -0.02101088 -1.00112510 -0.09346139
v -0.02186132 -1.00110197 -0.09292603
v -0.02190668 -1.00095797 -0.09384562
v -0.02114455 -1.00098383 -0.09435847
v -0.02733003 -1.01595712 -0.09935538
v -0.03111237 -1.02013445 -0.09829836
v -0.03389578 -1.01563382 -0.09712546
v -0.03017065 -1.01200676 -0.09829134
v -0.02480787 -1.00062692 -0.08593304
v -0.02458896 -1.00217903 -0.08652493
v -0.02290092 -1.00167572 -0.09017487
v -0.02326649 -1.00109041 -0.08973905
v -0.02449310 -0.99807656 -0.08565103
v -0.02309350 -0.99987245 -0.08913462
v -0.02683247 -1.00022542 -0.08369005
v -0.02628663 -1.00267386 -0.08425552
v -0.03290153 -0.99405807 -0.09230280
v -0.02924807 -0.99610043 -0.09382902
v -0.03024964 -0.99913341 -0.09486976
v -0.03391280 -0.99851900 -0.09349607
v -0.02467496 -1.02792597 -0.09896234
v -0.02817021 -1.02399540 -0.09881088
v -0.02477272 -1.01987660 -0.09959856
v -0.02124007 -1.02426803 -0.09958778
v -0.01751554 -1.02916813 -0.10032034
v -0.02083491 -1.03203118 -0.09936761
v -0.01576427 -1.03683257 -0.10479575
v -0.01576318 -1.03300714 -0.10574085
v -0.01466646 -1.03182316 -0.10892338
v -0.01527632 -1.03408599 -0.10791369
v -0.01322820 -1.02810359 -0.10676004
v -0.01600920 -1.03093970 -0.10410047
v -0.00944987 -1.02704597 -0.10659131
v -0.00909179 -1.02776229 -0.10766494
v -0.01352616 -1.02754629 -0.10510668
v -0.01399377 -1.02680409 -0.10310851
v -0.00989982 -1.02634966 -0.10531586
v -0.00844553 -1.02869308 -0.10876824
v -0.01100723 -1.02842712 -0.10921101
v -0.01218950 -1.03016138 -0.11102195
v -0.00110953 -1.02875030 -0.11614788
v -0.00192038 -1.02981424 -0.11845900
v -0.01014671 -1.06131577 -0.10568785
v -0.01323083 -1.05788040 -0.10245848
v -0.00961802 -1.05847168 -0.10755762
v -0.01263299 -1.05543947 -0.10442838
v -0.01086644 -1.03188097 -0.11483303
v -0.01240854 -1.03392267 -0.11330906
v -0.00801990 -1.03280950 -0.11838105
v -0.00910475 -1.03553629 -0.11815082
v -0.00533099 -1.07653511 -0.10626814
v 0.00032635 -1.02576327 -0.11122931
v 0.00002809 -1.02495039 -0.11067075
v 0.00093969 -1.02667880 -0.11317842
v -0.06060544 -1.15709329 0.06322613
v -0.05965371 -1.16855717 0.05103465
v -0.05616273 -1.18139648 0.02789901
v -0.05199803 -1.18495011 0.01630251
v -0.00254449 -1.00829399 -0.10833097
v -0.00225310 -1.01090062 -0.10878199
v -0.01244595 -1.00549364 -0.09248209
v -0.00681173 -1.00600600 -0.09291267
v -0.00561756 -1.00369143 -0.09711716
v -0.01097344 -1.00333071 -0.09682031
v -0.01513963 -1.00308204 -0.09548390
v -0.01676125 -1.00509846 -0.09116517
v -0.01303457 -1.00698316 -0.09016059
v -0.00739675 -1.00761461 -0.09050252
v -0.00961903 -1.00186372 -0.10088341
v -0.00413934 -1.00222683 -0.10196468
v -0.00358462 -1.00363111 -0.10495844
v -0.00932787 -1.00309384 -0.10332172
v -0.01678424 -1.02219844 -0.10152510
v -0.01248609 -1.02286720 -0.10364722
v -0.00796781 -1.02283669 -0.10659821
v -0.00436140 -1.02256799 -0.10870484
v -0.00377503 -1.02467430 -0.10939106
v -0.00660128 -1.02547944 -0.10760757
v -0.00350216 -1.02559590 -0.10989350
v -0.00627523 -1.02628231 -0.10839224
v -0.00613448 -1.02713740 -0.10911965
v -0.00662600 -1.02855599 -0.10970806
v -0.00465149 -1.02829123 -0.11066110
v -0.00515119 -1.02954018 -0.11043505
v -0.00346701 -1.02651870 -0.11035880
v -0.00202214 -1.05191374 -0.11863710
v -0.00248292 -1.05586159 -0.11631613
v -0.00721999 -1.01238477 -0.10812236
v -0.00223650 -1.01308894 -0.10871713
v -0.00177036 -1.01704013 -0.10879856
v -0.00626847 -1.01696312 -0.10808691
v -0.01107221 -1.01624656 -0.10629988
v -0.01237584 -1.01065445 -0.10606612
v -0.00032356 -1.02406049 -0.11020568
v -0.00733249 -1.01012492 -0.10779284
v -0.00764451 -1.00759971 -0.10720393
v -0.01283177 -1.00822306 -0.10575341
v -0.01316709 -1.00601518 -0.10495342
v -0.01735541 -1.00815654 -0.10335277
v -0.01663821 -1.01432204 -0.10402560
v -0.02262598 -1.01226223 -0.10132875
v -0.02176386 -1.00550687 -0.10042531
v -0.03014442 -1.00226390 -0.09618709
v -0.02508653 -1.00000060 -0.09558041
v -0.02526444 -1.00127423 -0.09629174
v -0.02485915 -1.00241315 -0.09735560
v -0.02914373 -1.00538230 -0.09770387
v -0.03365835 -1.00307214 -0.09517501
v -0.03237619 -1.00768232 -0.09686305
v -0.02690798 -1.00862443 -0.09935375
v -0.02397855 -1.00377738 -0.09858278
v -0.02382535 -1.00101614 -0.09614515
v -0.02288492 -1.00088418 -0.09566173
v -0.02349965 -1.00168836 -0.09702954
v -0.02254646 -1.00119710 -0.09641135
v -0.02276305 -1.00233746 -0.09810454
v -0.02196551 -1.00150561 -0.09727202
v -0.02080415 -1.00213206 -0.09852417
v -0.02128858 -1.00347757 -0.09957716
v -0.02103905 -1.00122738 -0.09377912
v -0.01991995 -1.00124693 -0.09467930
v -0.01981344 -1.00109923 -0.09599851
v -0.02089976 -1.00102711 -0.09497931
v -0.02175421 -1.00119436 -0.09319658
v -0.02151537 -1.00100172 -0.09438055
v -0.02229891 -1.00215983 -0.09094328
v -0.02114892 -1.00237799 -0.09163193
v -0.02243617 -1.00108910 -0.09255912
v -0.02226248 -1.00100708 -0.09357820
v -0.02206298 -1.00082135 -0.09493083
v -0.02186964 -1.00099647 -0.09545110
v -0.02128004 -1.00112236 -0.09617147
v -0.02025106 -1.00135636 -0.09718804
v -0.01332788 -1.00414014 -0.10347356
v -0.01717166 -1.00415385 -0.10199994
v -0.01708933 -1.00266838 -0.10033013
v -0.01347244 -1.00233614 -0.10115094
v -0.01692734 -1.00166380 -0.09855254
v -0.01771790 -1.00646663 -0.08905222
v -0.01349570 -1.00154495 -0.09917033
v -0.02085000 -1.00425768 -0.08930759
v -0.02225430 -1.00555646 -0.08721135
v -0.01892362 -1.00264621 -0.09314510
v -0.02396560 -1.00321269 -0.08751841
v -0.02292437 -1.00341320 -0.08792934
v -0.02528418 -1.00436199 -0.08539039
v -0.02392266 -1.00487947 -0.08618730
v -0.01703233 -1.00125217 -0.09666790
v -0.01743495 -1.00590360 -0.10290553
v -0.00846151 -1.00531340 -0.10560774
v -0.00293917 -1.00597930 -0.10692675
v -0.00121125 -1.04348552 -0.12415306
v -0.00169661 -1.04801309 -0.12122997
v -0.02143561 -1.00067973 -0.09513655
v -0.01525290 -0.92326754 -0.03374562
v -0.02429418 -0.99884462 -0.09516771
v -0.02382861 -0.99578190 -0.08535261
v -0.02225908 -0.99891084 -0.08920510
v -0.02986966 -0.98968518 -0.09178522
v -0.02495983 -0.98544014 -0.09240289
v -0.02275544 -0.98944581 -0.09431687
v -0.02678483 -0.99289787 -0.09353486
v -0.01989704 -0.99547935 -0.09691858
v -0.02269594 -0.99733758 -0.09568585
v -0.02145159 -0.99865019 -0.09615477
v -0.01878559 -0.99755681 -0.09760676
v -0.01795208 -0.99917829 -0.09802761
v -0.02056178 -0.99974495 -0.09616914
v -0.01659175 -1.00126386 -0.09655657
v -0.01189199 -1.00161076 -0.09852491
v -0.01187917 -0.99855328 -0.09332472
v -0.01691682 -0.99826169 -0.09181280
v -0.02106852 -0.99843955 -0.09011234
v -0.02000399 -1.00115657 -0.09416104
v -0.01702951 -1.00112212 -0.09740189
v -0.02007860 -1.00098372 -0.09510913
v -0.01206493 -1.00148487 -0.09968852
v -0.02586656 -0.92697096 -0.03173219
v -0.02019902 -1.00058877 -0.09586589
v -0.01736639 -1.00061810 -0.09776447
v -0.01256224 -1.00052714 -0.10030245
v -0.01336082 -0.99852830 -0.10073629
v -0.01420367 -0.99621993 -0.10060453
v -0.01497981 -0.99342489 -0.09949301
v -0.01696225 -0.98633552 -0.09592927
v -0.01820807 -0.98136902 -0.09417140
v -0.01071591 -0.98458958 -0.09723385
v -0.01139953 -0.97940874 -0.09615233
v -0.00914343 -0.99197733 -0.10166354
v -0.00870262 -0.99538958 -0.10343293
v -0.00827719 -0.99814284 -0.10332005
v -0.00793164 -1.00047231 -0.10264869
v -0.00082761 -1.02228868 -0.10957931
v -0.00320920 -1.02816200 -0.11170620
v -0.00167737 -1.02822196 -0.11369903
v -0.00391009 -1.03104639 -0.11983791
v 0.00141107 -1.02733982 -0.11541317
v -0.00637458 -1.03259575 -0.11988123
v -0.00456672 -1.03199697 -0.12100647
v -0.00504802 -1.03356731 -0.12210408
v -0.00638636 -1.03429770 -0.12104145
v -0.00293400 -1.03133774 -0.12192570
v -0.00405084 -1.03331614 -0.12298656
v 0.00138314 -1.03032684 -0.12274395
v 0.00075598 -1.03358674 -0.12531731
v -0.00047557 -1.03943288 -0.12581280
v 0.00037645 -1.03580678 -0.12603253
v -0.00542465 -1.03527761 -0.12280700
v -0.00709886 -1.03729296 -0.12145951
v -0.00780487 -1.04059958 -0.11952154
v -0.01018766 -1.03848410 -0.11587043
v -0.03522052 -1.18715751 -0.02476172
v -0.00748387 -1.00171828 -0.10176092
v -0.00694475 -1.00196970 -0.09977650
v -0.01268815 -0.98939955 -0.08555865
v -0.01235984 -0.99331641 -0.08850525
v -0.00748663 -0.99326748 -0.08903396
v -0.00777330 -0.98949826 -0.08627646
v -0.00302225 -1.00214493 -0.09980644
v -0.00366140 -0.99892968 -0.09428827
v -0.00729469 -0.99884021 -0.09423977
v -0.00285394 -1.00197661 -0.10203002
v -0.00302907 -1.00057888 -0.10324457
v -0.00319100 -0.99817926 -0.10428502
v -0.00403878 -0.99328059 -0.08910613
v -0.00424707 -0.98936284 -0.08624856
v -0.02211106 -0.99431467 -0.08594864
v -0.02305788 -0.99096119 -0.08357191
v -0.01750173 -0.99326676 -0.08745924
v -0.01802919 -0.98979223 -0.08487687
v -0.00484470 -0.97904837 -0.09766304
v -0.00431745 -0.98411477 -0.09810700
v -0.00326464 -0.99488115 -0.10416906
v -0.00368431 -0.99113047 -0.10221781
v -0.05814339 -1.17604089 0.04009727
v -0.07712093 -1.12728786 -0.06486571
v -0.07348177 -1.11959195 -0.07215707
v -0.06626449 -1.12709630 -0.07857380
v -0.06975057 -1.13332212 -0.07235023
v -0.07967494 -1.13571537 -0.05772296
v -0.07208059 -1.14050794 -0.06518635
v -0.06776606 -1.17817211 -0.01047123
v -0.06563621 -1.17624044 -0.02413154
v -0.04639619 -1.18376732 -0.02514707
v -0.06497847 -1.17960894 0.00374145
v -0.07807733 -1.17101049 0.01121644
v -0.07753754 -1.17224526 -0.00806424
v -0.07451444 -1.17060876 -0.02252074
v -0.05422787 -0.97139263 0.05366953
v -0.08684468 -1.10434222 0.06017961
v -0.07053109 -1.16853440 -0.03539950
v -0.06232538 -1.17350972 -0.03713997
v -0.05942699 -1.16960979 -0.04873139
v -0.06708918 -1.16560245 -0.04626840
v -0.04338877 -1.18005311 -0.03874693
v -0.03217299 -1.18296123 -0.03888817
v -0.05444252 -1.07125616 0.08193071
v -0.00303820 -1.05960774 -0.11408819
v -0.07085227 -1.00949860 0.02892888
v -0.07711447 -1.00627077 0.01040009
v -0.07199395 -0.94993520 -0.00501435
v -0.08624609 -1.02805269 -0.01108196
v -0.08615550 -1.02862263 -0.01021269
v -0.07525196 -0.98958647 -0.00548930
v -0.07744645 -1.00345647 -0.00573504
v -0.06359421 -1.01236248 0.04217573
v -0.09810470 -1.03956091 -0.00300668
v -0.09929787 -1.04328012 -0.00231590
v -0.09923464 -1.03871131 -0.00371059
v -0.10060799 -1.04262555 -0.00276767
v -0.10091424 -1.04688621 -0.00244326
v -0.09966360 -1.03696609 -0.00462190
v -0.09614367 -1.07474506 -0.01608233
v -0.09759913 -1.07630515 -0.01736787
v -0.08486372 -1.02626526 -0.01501378
v -0.08509821 -1.02696264 -0.01344813
v -0.08427230 -1.02664351 -0.01410843
v -0.08378229 -1.02607226 -0.01526501
v -0.08412281 -1.02537918 -0.01637182
v -0.08327343 -1.02553451 -0.01627434
v -0.09634003 -1.08955979 -0.02411735
v -0.08233831 -1.02602994 -0.01242582
v -0.08516350 -1.02817273 -0.01059811
v -0.08486391 -1.02755702 -0.01203577
v -0.08374570 -1.02665758 -0.01317859
v -0.08258864 -1.02581930 -0.01493822
v -0.08216725 -1.02490509 -0.01647932
v -0.08326897 -1.02416682 -0.01706846
v -0.10002696 -1.03596616 -0.00423928
v -0.08999339 -1.02512062 -0.01298884
v -0.09719690 -1.06759238 -0.00917831
v -0.09755231 -1.06593454 -0.00760907
v -0.10032320 -1.06766176 -0.00678805
v -0.09990340 -1.06982136 -0.00822972
v -0.08552907 -1.04924643 0.03865400
v -0.08883581 -1.06021094 0.04248368
v -0.04177149 -0.97695303 0.06021288
v -0.04097266 -0.99258494 0.05924172
v -0.10239540 -1.09049869 0.02241320
v -0.09687480 -1.06915390 -0.01078932
v -0.09967198 -1.07149744 -0.00989575
v -0.09978124 -1.04751062 -0.00230260
v -0.09584358 -1.06847954 -0.01052131
v -0.09627786 -1.06692588 -0.00895111
v -0.10127676 -1.07344651 -0.00874225
v -0.10164696 -1.07136214 -0.00690361
v -0.10195965 -1.06893051 -0.00532199
v -0.09658964 -1.06508541 -0.00747433
v -0.09672736 -1.07360315 -0.00908012
v -0.10431909 -1.11850286 -0.00423919
v -0.10550033 -1.11376190 0.00994573
v -0.10276312 -1.13578367 -0.00213471
v -0.10380223 -1.13184595 0.01316264
v -0.10202388 -1.12731433 0.02985439
v -0.10330781 -1.10808301 0.02671505
v -0.09596597 -1.07458663 -0.01478011
v -0.09868331 -1.07740057 -0.01717427
v -0.08178262 -1.14258337 -0.05071280
v -0.08838977 -1.13800502 -0.04432727
v -0.07380237 -1.14675653 -0.05868687
v -0.07485645 -1.15213108 -0.05231782
v -0.08286511 -1.14922297 -0.04445339
v -0.09215015 -1.14313340 -0.03366908
v -0.10034832 -1.10830593 -0.01771860
v -0.10108356 -1.12290454 -0.01828819
v -0.09606712 -1.12611306 -0.03098762
v -0.09877288 -1.13965535 -0.01727542
v -0.08937958 -1.15265942 -0.02768664
v -0.09517557 -1.15005732 -0.01374271
v -0.08362872 -1.16159749 -0.02370836
v -0.08819011 -1.16104555 -0.00976741
v -0.09054663 -1.15986586 0.00590380
v -0.09930387 -1.14759600 0.00089775
v -0.08240937 -1.15496039 -0.03892594
v -0.07469867 -1.15724349 -0.04738436
v -0.07840573 -1.16158807 -0.03543428
v -0.07353564 -1.16154289 -0.04315504
v -0.09322187 -1.12755454 -0.03757537
v -0.07708514 -1.01934648 -0.01519615
v -0.07777850 -1.01895225 -0.02039512
v -0.08223408 -1.02895153 -0.02960737
v -0.07638323 -1.05044961 -0.06506926
v -0.07761127 -1.06329894 -0.06404536
v -0.08220984 -1.05622673 -0.05363225
v -0.07953458 -1.04118896 -0.05347011
v -0.07743082 -1.07710326 -0.06353226
v -0.08218872 -1.07060385 -0.05356383
v -0.08420270 -1.08474660 -0.05284022
v -0.07852619 -1.09152567 -0.06425452
v -0.09577151 -1.12356603 0.04632005
v -0.09678242 -1.10651410 0.04596284
v -0.09624413 -1.09394503 0.04567862
v -0.05563718 -1.10624981 -0.09397756
v -0.06110891 -1.14880729 0.06997621
v -0.05798204 -1.13129139 -0.08504806
v -0.08992976 -1.14441645 0.04620214
v -0.07848658 -1.15169549 0.05393217
v -0.10037877 -1.14383447 0.01597587
v -0.09914473 -1.13942516 0.03010689
v -0.09371775 -1.13471651 0.04632131
v -0.09389791 -1.07800603 0.04557326
v -0.06594952 -1.16112494 -0.05321249
v -0.06224739 -1.07295370 -0.08481841
v -0.06143076 -1.06855369 -0.08336526
v -0.06270736 -1.07744861 -0.08701736
v -0.05939830 -1.06372714 -0.08406029
v -0.01686418 -1.05474842 -0.10004405
v -0.01593271 -1.05255079 -0.10176741
v -0.01519322 -1.04977024 -0.10336382
v -0.01938947 -1.04989946 -0.09964985
v -0.01835847 -1.04665375 -0.10101184
v -0.01104927 -1.04977691 -0.10842688
v -0.01200625 -1.05266356 -0.10629375
v -0.01414059 -1.04708517 -0.10507336
v -0.01315408 -1.04362082 -0.10643968
v -0.01042754 -1.04626751 -0.11024290
v -0.01691393 -1.03083205 -0.10180973
v -0.01852269 -1.03584683 -0.10060746
v -0.01607548 -1.04017425 -0.10302166
v -0.02200335 -1.04361176 -0.09962741
v -0.02045067 -1.04004812 -0.10032204
v -0.01726085 -1.04371715 -0.10220997
v -0.02359451 -1.04722512 -0.09838892
v -0.01330137 -1.03958797 -0.10842981
v -0.01344272 -1.03602576 -0.11120200
v -0.01020883 -1.04232073 -0.11299267
v -0.00801199 -1.04425740 -0.11638977
v -0.00813971 -1.04836178 -0.11364670
v -0.02053412 -1.05229008 -0.09825785
v -0.02524412 -1.04988790 -0.09741523
v -0.02376998 -1.03624415 -0.09948395
v -0.02815507 -1.03258193 -0.09931430
v -0.02641242 -1.04080546 -0.09891862
v -0.03049798 -1.03775430 -0.09883581
v -0.02809529 -1.04470503 -0.09800961
v -0.03243259 -1.04187822 -0.09780703
v -0.03198992 -1.02872789 -0.09901667
v -0.03520298 -1.02459574 -0.09801641
v -0.03808868 -1.01961160 -0.09621309
v -0.03858812 -1.02973068 -0.09744979
v -0.04198667 -1.02428424 -0.09543686
v -0.04124326 -1.03494632 -0.09659139
v -0.04535941 -1.02991652 -0.09466252
v -0.03490052 -1.03402257 -0.09847505
v -0.03717460 -1.03856730 -0.09740452
v -0.03421595 -1.04587662 -0.09680228
v -0.02984508 -1.04806137 -0.09705313
v -0.04391197 -1.04668713 -0.09475493
v -0.04288770 -1.04084396 -0.09564292
v -0.03863647 -1.04348111 -0.09630229
v -0.03991731 -1.04826975 -0.09550869
v -0.04782920 -1.03693509 -0.09392953
v -0.04835329 -1.04488957 -0.09356719
v -0.04832635 -1.05022347 -0.09287161
v -0.03444614 -1.05729961 -0.09524360
v -0.02963748 -1.05817747 -0.09522139
v -0.03829179 -1.05688632 -0.09479356
v -0.04423629 -1.05100691 -0.09409486
v -0.04066294 -1.05182338 -0.09502546
v -0.05378366 -1.05853570 -0.08835631
v -0.05126790 -1.05746043 -0.09015526
v -0.04489709 -1.05666149 -0.09316416
v -0.04181784 -1.05667365 -0.09414207
v -0.04820791 -1.05696690 -0.09183436
v -0.02527788 -1.06013465 -0.09465203
v -0.02084582 -1.06236339 -0.09413359
v -0.07529476 -0.99246401 0.00908681
v -0.00847179 -1.05214584 -0.11183231
v -0.00907608 -1.05538988 -0.10969289
v -0.01783228 -1.07904112 -0.09914499
v -0.01586604 -1.07650161 -0.09730197
v -0.00887238 -1.07644272 -0.10396764
v -0.02174077 -1.08228087 -0.10310996
v -0.01779278 -1.06504452 -0.09419481
v -0.01587092 -1.06760371 -0.09420334
v -0.01484978 -1.07039845 -0.09474552
v -0.01473401 -1.07356811 -0.09576006
v -0.03356629 -1.09596825 -0.10743638
v -0.02947570 -1.08935571 -0.10836340
v -0.06848167 -1.11226344 -0.07962234
v -0.07193079 -1.10378253 -0.07567367
v -0.05661708 -1.09121466 -0.09541360
v -0.05982965 -1.08710647 -0.09251722
v -0.06194846 -1.08227646 -0.08966489
v -0.07346717 -1.09209347 -0.07234844
v -0.07337602 -1.07979965 -0.07049251
v -0.07343502 -1.06788003 -0.07032174
v -0.06251952 -1.14450097 -0.07235639
v -0.06381649 -1.15041280 -0.06593103
v -0.06054758 -1.13803959 -0.07888611
v -0.05704384 -1.16473722 -0.05736239
v -0.05509327 -1.15943146 -0.06497768
v -0.06517378 -1.15615094 -0.05975552
v -0.05375445 -1.15369844 -0.07152279
v -0.05275520 -1.14787281 -0.07795312
v -0.05099144 -1.14157319 -0.08465456
v -0.04870848 -1.13439989 -0.09106184
v -0.04539962 -1.12515008 -0.09693884
v -0.06727782 -0.99582982 0.02694460
v -0.00654767 -1.04088235 -0.10890259
v -0.00573492 -1.04098988 -0.10947987
v -0.00557201 -1.04067707 -0.10814064
v -0.00475935 -1.04075813 -0.10867970
v -0.00448276 -1.03945184 -0.10814223
v -0.00504397 -1.03168559 -0.10970320
v -0.00386842 -1.03385770 -0.10847026
v -0.00376065 -1.03746605 -0.10789642
v -0.08021495 -1.02304792 -0.02645480
v -0.07381331 -0.95550299 0.00766052
v -0.07160514 -0.96090597 0.01857378
v 0.03702650 -0.96054554 0.03150310
v 0.03120890 -0.96529216 0.04018756
v 0.01298636 -0.92030406 -0.01947021
v 0.02162301 -0.92609859 -0.01170870
v 0.02290427 -0.91700739 -0.00738651
v 0.01362578 -0.91147190 -0.01446834
v 0.03865023 -0.93996751 0.04103767
v 0.03858843 -0.94915253 0.03187119
v 0.03225820 -0.95498216 0.04505770
v 0.03373501 -0.94515222 0.05437956
v 0.02242365 -0.95824468 0.05619109
v 0.02423856 -0.94799870 0.06455696
v 0.01136480 -0.94834638 0.07180146
v 0.01064220 -0.96038747 0.06385039
v -0.00183108 -0.95878524 0.06913367
v -0.00059517 -0.94611174 0.07601430
v 0.03048397 -0.93241483 -0.00290843
v 0.03717445 -0.93888700 0.00829295
v 0.03628503 -0.92751628 0.00949379
v 0.03011906 -0.92346168 -0.00070699
v 0.04009430 -0.94571644 0.01947242
v 0.03999265 -0.93489599 0.02469814
v -0.01519073 -0.94724238 0.07574306
v -0.01560808 -0.96307153 0.06900678
v 0.01636794 -0.89228076 -0.00502168
v 0.00495013 -0.88950175 -0.00970868
v 0.00443345 -0.89831752 -0.01401839
v 0.01501188 -0.90172535 -0.00939168
v 0.04412839 -0.89494324 0.02307547
v 0.05496727 -0.90245920 0.04156011
v 0.06429193 -0.89137924 0.03968013
v 0.05196115 -0.88310057 0.02245442
v 0.06824762 -0.86432558 0.00947048
v 0.09104451 -0.86747909 0.03163605
v 0.08841476 -0.84817541 0.01297512
v 0.06934943 -0.84647870 0.00134407
v 0.08809141 -0.83122212 -0.00016001
v 0.07106642 -0.82878822 -0.00852629
v 0.08908328 -0.78015471 -0.02736588
v 0.07432517 -0.77876848 -0.03484248
v 0.07345443 -0.79543936 -0.02644633
v 0.08867162 -0.79725540 -0.01888895
v 0.10084853 -0.68040115 -0.04382593
v 0.09103967 -0.68362266 -0.05129575
v 0.09780563 -0.70001101 -0.05131987
v 0.10713315 -0.69826585 -0.04534955
v 0.14289534 -0.78498852 0.01773855
v 0.14575745 -0.79639530 0.02444455
v 0.15152608 -0.78280032 0.02844376
v 0.14800829 -0.77259231 0.02341877
v 0.10419939 -0.89646256 0.07739708
v 0.10011534 -0.88346863 0.05491474
v 0.08437382 -0.89168566 0.05723636
v 0.08828630 -0.90413910 0.07643246
v 0.13655278 -0.71317607 0.00745565
v 0.13313220 -0.70058900 -0.00243962
v 0.13224135 -0.70972967 -0.00924913
v 0.13534997 -0.72180581 -0.00143099
v 0.11785085 -0.58715200 -0.01029680
v 0.10706564 -0.58513129 -0.02687530
v 0.10796361 -0.60897458 -0.02810943
v 0.11909838 -0.61129493 -0.01274691
v 0.13850397 -0.64156377 0.05573074
v 0.13520597 -0.64089108 0.08056813
v 0.13583958 -0.62151021 0.07815558
v 0.13999161 -0.61965090 0.05379912
v 0.11438675 -0.77907455 -0.01273800
v 0.10249843 -0.78038818 -0.01994252
v 0.10257830 -0.79685956 -0.01126529
v 0.11457367 -0.79437661 -0.00424416
v 0.19525221 -0.63204449 0.07503790
v 0.18103522 -0.62448895 0.07572760
v 0.17577572 -0.64853787 0.07197558
v 0.18985641 -0.65632147 0.07145889
v 0.13683560 -0.51215965 0.04493723
v 0.13188811 -0.51650560 0.06626231
v 0.13842243 -0.49741644 0.06530938
v 0.14195973 -0.49275011 0.04175005
v 0.19254082 -0.80646908 0.05523441
v 0.20281427 -0.81915385 0.07353157
v 0.20640726 -0.80129790 0.07415429
v 0.19431099 -0.78875208 0.05779359
v 0.13899113 -0.76481253 0.00735405
v 0.14111064 -0.77524358 0.01193749
v 0.14612623 -0.76533949 0.01958565
v 0.14337136 -0.75726408 0.01643575
v 0.13536069 -0.67565840 0.08786461
v 0.13798806 -0.67669219 0.06834413
v 0.13768837 -0.69415128 0.07589667
v 0.13590327 -0.69264591 0.09336874
v 0.13754320 -0.65928245 0.06137043
v 0.13471067 -0.65831453 0.08358642
v 0.13271421 -0.77170551 0.00054951
v 0.12442330 -0.77625871 -0.00598015
v 0.12503684 -0.79009771 0.00142147
v 0.13338934 -0.78393745 0.00632982
v 0.09420795 -0.66480923 -0.04121389
v 0.08199280 -0.66877127 -0.05003252
v 0.13910419 -0.48732960 0.01804205
v 0.13008474 -0.48116958 -0.00334891
v 0.12860696 -0.50221074 0.00122318
v 0.13586338 -0.50736558 0.02243377
v 0.09356941 -0.62942189 -0.04021338
v 0.09150558 -0.64896226 -0.03976777
v 0.10320313 -0.64910531 -0.02978943
v 0.10642038 -0.63029575 -0.02860167
v 0.11679228 -0.47549796 -0.02209061
v 0.10205592 -0.47057417 -0.03805706
v 0.10165635 -0.49340162 -0.03344596
v 0.11654677 -0.49734902 -0.01744509
v 0.08821625 -0.81413215 -0.01000753
v 0.07244193 -0.81205696 -0.01761422
v 0.11709901 -0.68163472 -0.02816139
v 0.10990212 -0.68022358 -0.03603306
v 0.11544610 -0.69785994 -0.03813166
v 0.12135550 -0.69858634 -0.03003631
v 0.14937782 -0.76003999 0.03324543
v 0.15342224 -0.76613468 0.03697734
v 0.14425206 -0.75236475 0.05054934
v 0.14621927 -0.75091445 0.04750501
v 0.14343323 -0.47785023 0.06073879
v 0.14564137 -0.47307101 0.03672180
v 0.11706500 -0.45333314 -0.02614490
v 0.10248870 -0.44770291 -0.04191556
v 0.13158430 -0.73600185 0.09691679
v 0.12755540 -0.73572659 0.09909373
v 0.12689687 -0.73378795 0.11070524
v 0.13211998 -0.73400849 0.10999534
v 0.06367178 -0.70054907 -0.06225443
v 0.07757622 -0.71051443 -0.05886626
v 0.08182120 -0.69346148 -0.05726710
v 0.06997473 -0.67994684 -0.05791897
v 0.11201359 -0.66577202 -0.02435723
v 0.11242108 -0.65125692 -0.01950779
v 0.10375897 -0.66434044 -0.03301769
v 0.04840799 -0.68913794 -0.06256156
v 0.05694347 -0.66172576 -0.05820222
v 0.05584594 -0.80880415 -0.02531502
v 0.05730853 -0.79312414 -0.03367147
v 0.05377328 -0.82544124 -0.01760618
v 0.03696486 -0.82123208 -0.02668630
v 0.03364178 -0.83762670 -0.02047928
v 0.05092969 -0.84193814 -0.01074138
v 0.02986729 -0.85280585 -0.01605830
v 0.04767036 -0.85819811 -0.00570873
v 0.03110709 -0.88672024 0.00875045
v 0.03711123 -0.87790596 0.00687204
v 0.14738885 -0.75506401 0.03042569
v 0.14491878 -0.74882805 0.02804764
v 0.13117269 -0.46000496 -0.00816073
v 0.08282115 -0.82246304 0.16384241
v 0.07397641 -0.80753976 0.16738880
v 0.09489781 -0.80330986 0.16397701
v 0.10359897 -0.81742877 0.16082169
v 0.12073705 -0.89132100 0.07913074
v 0.11994051 -0.87687939 0.05644315
v 0.12142041 -0.74330330 0.14738005
v 0.12459864 -0.74325931 0.14284892
v 0.12549694 -0.74808848 0.14577368
v 0.12003127 -0.74806458 0.15041323
v 0.12898138 -0.73856223 0.13041176
v 0.12697302 -0.73603183 0.12623870
v 0.13191955 -0.72540712 0.12955862
v 0.13390884 -0.72845751 0.13454211
v 0.12858404 -0.50099474 0.08488730
v 0.12079052 -0.52038133 0.08490320
v 0.10048899 -0.65723205 0.13536493
v -0.03324971 -0.93887877 0.07860813
v -0.03065996 -0.95203429 0.07139184
v 0.11574675 -0.64888406 0.12045664
v 0.11908524 -0.66736305 0.12114951
v 0.10610616 -0.67554832 0.13582890
v -0.02564535 -0.80674624 0.13525081
v -0.02595463 -0.79083496 0.13764115
v -0.00820304 -0.79615247 0.14818560
v -0.00696167 -0.81311786 0.14585458
v 0.04016669 -0.83950496 0.15953185
v 0.04558619 -0.85523272 0.15518667
v 0.01936268 -0.85057497 0.15015490
v 0.01599985 -0.83548731 0.15329257
v 0.05878986 -0.82481241 0.16508792
v 0.05182958 -0.80859244 0.16829264
v 0.13093467 -0.69461024 0.11015619
v 0.13075070 -0.67874563 0.10618579
v 0.13719746 -0.72259736 0.10542674
v 0.13452977 -0.72343421 0.11913299
v 0.13457566 -0.71620440 0.11781923
v 0.13712557 -0.71524763 0.10301836
v 0.07560531 -0.91225696 0.07690620
v 0.06739288 -0.91752648 0.09194987
v 0.08288696 -0.91066760 0.09484495
v 0.01686188 -0.90083712 0.12102901
v 0.01536476 -0.89385545 0.12701859
v 0.03410162 -0.89821184 0.12672807
v 0.02847081 -0.90424973 0.11947440
v 0.00118873 -0.72399640 0.15144326
v -0.01808167 -0.72166163 0.14289184
v -0.01376684 -0.70005608 0.14013429
v 0.00746027 -0.70006514 0.14883418
v 0.12681574 -0.73676062 0.13553306
v 0.12699145 -0.73491824 0.13817847
v 0.13072321 -0.73122257 0.13062912
v 0.12871340 -0.73309702 0.12895778
v 0.13011587 -0.71901339 0.12991282
v 0.13105798 -0.72637737 0.13045788
v 0.12583470 -0.73083299 0.13923606
v 0.12424967 -0.72413737 0.13971865
v 0.11134399 -0.69153029 0.13637899
v 0.12304322 -0.68413067 0.12225538
v 0.12512319 -0.69911110 0.12535918
v 0.11687045 -0.70526946 0.13849974
v -0.00562571 -0.62425852 0.12736255
v 0.01253065 -0.62025619 0.13623756
v 0.01191819 -0.64809102 0.14140312
v -0.00780500 -0.65091878 0.13295737
v 0.13607025 -0.73211092 0.08206362
v 0.14120117 -0.73436493 0.06970912
v 0.14046191 -0.72068417 0.07474025
v 0.13700682 -0.71709794 0.08840063
v 0.16020101 -0.72847438 0.15216057
v 0.15357000 -0.73619443 0.15070267
v 0.14907251 -0.73198557 0.14912961
v 0.15591963 -0.72489905 0.15145764
v 0.13664168 -0.69420755 0.10518851
v 0.13852221 -0.69909096 0.09303764
v 0.14201041 -0.67797911 0.09699959
v 0.13941574 -0.67390555 0.10907871
v 0.13113193 -0.88604683 0.10763191
v 0.13735488 -0.88571668 0.08094876
v 0.11790026 -0.89476395 0.10355105
v 0.13386558 -0.69075763 0.12486255
v 0.13545917 -0.69320375 0.13300116
v 0.13200454 -0.70927399 0.12805602
v 0.13185343 -0.70831454 0.11990184
v 0.20382078 -0.66386640 0.07992429
v 0.20953768 -0.63951808 0.08302195
v 0.14485601 -0.65209138 0.12360142
v 0.14609756 -0.65249503 0.13413414
v 0.13949470 -0.67117822 0.12984774
v 0.13871928 -0.67066252 0.12027326
v 0.09675258 -0.63768095 0.13423643
v 0.11305404 -0.62932628 0.11950187
v 0.09452396 -0.50550038 0.11248893
v 0.11305460 -0.50366199 0.10109139
v 0.10493793 -0.52402699 0.09938922
v 0.08781275 -0.52720147 0.11090944
v 0.13367908 -0.48064733 0.08239911
v 0.10050175 -0.48322138 0.11196686
v 0.11885624 -0.48258209 0.09976505
v 0.04315571 -0.93013537 0.07844707
v 0.02644522 -0.93081999 0.08761078
v 0.03877158 -0.92329127 0.09621827
v 0.05469741 -0.92309558 0.08900790
v 0.14950562 -0.36401758 0.07651984
v 0.14823785 -0.33443785 0.08058013
v 0.15816104 -0.33242977 0.05793357
v 0.15904357 -0.36203530 0.05140039
v 0.00371123 -0.91510105 0.10305063
v 0.02250321 -0.92126787 0.09898937
v 0.01215065 -0.92697692 0.09139919
v -0.00313342 -0.92286378 0.09413351
v 0.15581292 -0.38767815 0.04908847
v 0.14733656 -0.39154994 0.07376276
v 0.06378377 -0.91852850 0.07260873
v 0.05181322 -0.92421788 0.06200802
v 0.05808613 -0.91157269 0.05587973
v 0.04874238 -0.91670793 0.04623743
v 0.04481421 -0.90986401 0.03016775
v 0.16572718 -0.32623631 0.02966620
v 0.16271366 -0.35455054 0.02615919
v 0.02646107 -0.93915081 0.07582455
v 0.01155394 -0.93778896 0.08171520
v -0.00573910 -0.93384826 0.08517849
v -0.02113291 -0.93404800 0.08416776
v 0.13568734 -0.46118164 0.07775323
v 0.14403351 -0.45855394 0.05489228
v 0.09667020 -0.22551984 0.13796635
v 0.07022229 -0.22202665 0.14085625
v 0.07114170 -0.20781469 0.13076065
v 0.10058212 -0.20914453 0.12907489
v 0.01009320 -0.23642099 0.12667295
v 0.01059691 -0.22306365 0.11291505
v 0.04106030 -0.21308780 0.12503715
v 0.04008261 -0.22572553 0.13733290
v 0.03519646 -0.35424286 0.15271586
v 0.03525272 -0.37653115 0.14454666
v 0.00914897 -0.37599310 0.14073254
v 0.00821314 -0.35352585 0.14798686
v 0.10351997 -0.46242657 0.10892396
v 0.12147324 -0.46253490 0.09588586
v 0.14496592 -0.45388445 0.03078204
v 0.17233135 -0.19057530 0.05734558
v 0.17169255 -0.15414083 0.05850051
v 0.17499752 -0.14623088 0.02321841
v 0.17540236 -0.18317157 0.02027929
v 0.13091475 -0.16051012 0.10925514
v 0.13204847 -0.19079751 0.11100212
v 0.10127775 -0.18714130 0.12202933
v 0.10101414 -0.16154081 0.11873116
v 0.08813876 -0.44268209 -0.05704909
v 0.10095431 -0.42622614 -0.04300228
v 0.08586668 -0.42029613 -0.05707192
v 0.04081361 -0.43238619 -0.08621144
v 0.05853381 -0.43533310 -0.07962259
v 0.05363907 -0.41232225 -0.07774422
v 0.03671473 -0.40937534 -0.08374637
v 0.03833241 -0.29296759 -0.07346989
v 0.02660375 -0.29200745 -0.07741052
v 0.02813439 -0.31723669 -0.07595706
v 0.04152811 -0.31957579 -0.07097614
v 0.15972540 -0.34586492 0.00122959
v 0.14615488 -0.33719140 -0.01908688
v 0.14024928 -0.36102903 -0.01731275
v 0.15306488 -0.37005639 0.00178363
v 0.01360050 -0.21256769 0.09534533
v 0.04002519 -0.20140606 0.11116648
v 0.16645665 -0.14021009 -0.00902471
v 0.16501339 -0.17645371 -0.01333307
v 0.14703242 -0.13711846 -0.03318483
v 0.11865613 -0.13740349 -0.04617744
v 0.11861182 -0.16952759 -0.04888678
v 0.14530106 -0.17035508 -0.03743872
v 0.04036592 -0.21114552 -0.05286365
v 0.02327962 -0.19668680 -0.03099214
v 0.02055565 -0.20093238 -0.04015039
v 0.03463632 -0.22300595 -0.06339482
v 0.00945772 -0.25036442 0.13743651
v 0.03893486 -0.24172843 0.14790021
v 0.03699956 -0.26101142 0.15462370
v 0.00828435 -0.26660123 0.14567369
v 0.08027798 -0.48322320 0.11892839
v 0.08356579 -0.46137157 0.11685260
v 0.05986605 -0.48311636 0.12186033
v 0.07525159 -0.50736290 0.11930346
v 0.05592782 -0.50811750 0.12098147
v 0.05634890 -0.65905547 0.14735234
v 0.07772635 -0.64764416 0.14324258
v 0.08281790 -0.66681117 0.14636134
v 0.06221396 -0.68019688 0.15194029
v 0.01006055 -0.80174917 0.15856573
v 0.01218533 -0.81869686 0.15606424
v 0.06851351 -0.16855019 0.11619332
v 0.03360637 -0.18247259 0.09926772
v 0.04332417 -0.14381391 0.10123654
v 0.07265541 -0.13747925 0.11557291
v 0.15332705 -0.12584752 0.08856721
v 0.15558937 -0.15949601 0.08873235
v 0.13084677 -0.12899095 0.10850838
v 0.16836220 -0.11929142 0.06021052
v 0.17363650 -0.11140281 0.02628182
v 0.14548314 -0.10279202 -0.02988776
v 0.11712303 -0.10472828 -0.04164075
v 0.03616519 -0.14410216 -0.01753993
v 0.05873886 -0.14156580 -0.03291236
v 0.05855744 -0.11522323 -0.02603185
v 0.03572159 -0.11952209 -0.00874790
v 0.07094812 -0.28864470 -0.06023088
v 0.10035607 -0.31054071 -0.04690126
v 0.10521529 -0.28265458 -0.04911999
v 0.08062685 -0.26054883 -0.05886580
v 0.04691778 -0.45683894 -0.08382285
v 0.06127696 -0.46034479 -0.07819276
v 0.07330645 -0.43865690 -0.07034182
v 0.07467535 -0.46355858 -0.06830741
v 0.08821465 -0.46660477 -0.05392791
v 0.06019385 -0.55897838 -0.06891216
v 0.07757011 -0.55928707 -0.05768695
v 0.07505626 -0.53593719 -0.05931406
v 0.05891301 -0.53523970 -0.07052760
v 0.06114119 -0.58326459 -0.06633624
v 0.07917725 -0.58363706 -0.05573053
v 0.05922407 -0.63420099 -0.05932605
v 0.07635532 -0.65213299 -0.04944354
v 0.07771461 -0.63095266 -0.05078144
v 0.03919575 -0.80520636 -0.03307925
v 0.04085500 -0.78956169 -0.03995906
v 0.16119257 -0.31805032 0.00366620
v 0.01302079 -0.17448765 0.07021090
v 0.00611011 -0.16388726 0.04466435
v 0.01121676 -0.13725430 0.05408181
v 0.02113407 -0.14257282 0.07883021
v 0.15773766 -0.37906817 0.02472079
v 0.14125945 -0.46696609 0.01286513
v 0.13972607 -0.44762695 0.00823874
v 0.13757563 -0.61898839 0.02819628
v 0.13513716 -0.64650649 0.02610569
v 0.09065176 -0.71671283 -0.05342827
v 0.09099169 -0.70363301 -0.05442271
v 0.15820213 -0.19440311 0.08925443
v 0.13763556 -0.04101831 -0.02066668
v 0.10843694 -0.04266798 -0.03070832
v 0.11290201 -0.07339305 -0.03664576
v 0.14242560 -0.07094347 -0.02538915
v 0.02455711 -0.09638339 0.01962854
v 0.03724647 -0.09208125 0.00099582
v 0.04029880 -0.06276411 0.00934585
v 0.03028666 -0.06646675 0.02955947
v 0.03539661 -0.03575373 0.03605612
v 0.04301757 -0.03189582 0.01617224
v 0.04342273 -0.00011557 0.02288088
v 0.03805699 -0.00568128 0.04295354
v 0.16576895 -0.10597527 -0.00379784
v 0.16640526 -0.04857588 0.03085229
v 0.15855744 -0.04267865 0.00213018
v 0.16240717 -0.07359427 -0.00095669
v 0.17045978 -0.07955039 0.02961454
v 0.10457303 -0.13200712 0.11694174
v 0.02074040 -0.12391376 0.00965817
v 0.01946307 -0.14700484 -0.00016462
v 0.02946470 -0.07209873 0.06970477
v 0.04026442 -0.07405180 0.09069186
v 0.03068481 -0.10756379 0.08572359
v 0.01969511 -0.10473925 0.06247298
v 0.13203317 -0.06825751 0.10644071
v 0.14966524 -0.06439537 0.08775523
v 0.15138303 -0.09370631 0.08790089
v 0.13216189 -0.09809029 0.10730880
v 0.16044936 -0.05648464 0.06003786
v 0.16438031 -0.08663875 0.05981030
v 0.15779649 0.01141751 0.03253593
v 0.14785220 0.01659435 0.00642051
v 0.15307169 -0.01241678 0.00451763
v 0.16208781 -0.01829690 0.03208178
v 0.15469614 0.00270844 0.06107502
v 0.15706138 -0.02654982 0.06054113
v 0.14815462 -0.03412914 0.08653967
v 0.14730215 -0.00461650 0.08496344
v 0.13125174 -0.01093972 0.10123991
v 0.13182425 -0.03960752 0.10431010
v 0.11035223 -0.04264963 0.11475769
v 0.11186215 -0.01462400 0.11146243
v 0.08781002 -0.04432982 0.11559810
v 0.06629989 -0.04521471 0.10769347
v 0.07268772 -0.01684201 0.10685146
v 0.09172560 -0.01634192 0.11307694
v 0.04408459 -0.01305801 0.08002941
v 0.05570352 -0.01564389 0.09583656
v 0.04854395 -0.04404867 0.09383595
v 0.03751800 -0.04172325 0.07519999
v 0.06478979 0.09904724 0.10155271
v 0.07883437 0.09617186 0.10745931
v 0.07306446 0.06709427 0.10381898
v 0.05797970 0.06995416 0.09665958
v 0.09367026 0.09433991 0.11332079
v 0.10725261 0.09291881 0.11456852
v 0.10351168 0.06603408 0.11070154
v 0.08830798 0.06602359 0.10838933
v 0.13500585 0.07278311 0.09664077
v 0.11923801 0.06799650 0.10747619
v 0.12405103 0.09504700 0.11121531
v 0.14044523 0.10065931 0.09991507
v 0.15407099 0.10631108 0.08414070
v 0.15223789 0.07926536 0.08337689
v 0.15333697 0.11427259 0.06276350
v 0.15505204 0.08698016 0.06324582
v 0.14518265 0.09553772 0.03586204
v 0.14664169 0.12224823 0.03599055
v 0.04704206 0.11368185 0.05991562
v 0.04618568 0.10834098 0.07753579
v 0.04175028 0.07978868 0.06905206
v 0.04548209 0.08527768 0.05202986
v 0.07218626 0.09663600 0.01671183
v 0.09011081 0.10048079 -0.00572898
v 0.08852342 0.12748581 0.00556907
v 0.07322919 0.12395215 0.02889192
v 0.15292057 0.03207886 0.06102775
v 0.15279593 0.04028702 0.03285034
v 0.13058555 0.01732242 0.09811309
v 0.14709036 0.02400339 0.08342037
v 0.04944295 0.01436216 0.08526269
v 0.06212849 0.01156992 0.09807732
v 0.04411872 0.02977830 0.03161494
v 0.03942551 0.02352941 0.05075763
v 0.12131511 0.04608953 -0.01017441
v 0.14100790 0.04432172 0.00840051
v 0.13795286 0.07241035 0.00890587
v 0.11808832 0.07485646 -0.00949801
v 0.15354550 0.05897081 0.06277107
v 0.14875038 0.05161852 0.08309390
v 0.13160685 0.04526418 0.09623142
v 0.11561693 0.04045087 0.10656811
v 0.09903173 0.03854024 0.10933332
v 0.08352229 0.03828263 0.10647905
v 0.06781123 0.03904492 0.10073166
v 0.05372202 0.04184747 0.09071392
v 0.04092791 0.05164546 0.06003775
v 0.04502854 0.05768967 0.04252234
v 0.11592459 0.10186094 -0.00823363
v 0.13826057 0.10034120 0.00822015
v 0.13872531 0.12631780 0.01271052
v 0.11398514 0.12743598 -0.00045023
v 0.11384949 0.15026623 0.01252798
v 0.09199399 0.14944887 0.01979700
v 0.09787710 0.12246889 0.11991080
v 0.11386660 0.12190866 0.12048399
v 0.13051715 0.12436587 0.11554570
v 0.15657845 0.13377631 0.08724585
v 0.15495470 0.14305472 0.06136739
v 0.14627276 0.14945871 0.03741164
v 0.13530371 0.14902967 0.01920711
v 0.06237873 0.16627425 0.09078963
v 0.05462525 0.13663775 0.08397605
v 0.05534254 0.14213645 0.06800248
v 0.06349032 0.17090631 0.07470363
v 0.07640819 0.15968961 0.11556140
v 0.08728428 0.15513372 0.12552930
v 0.08509504 0.12593752 0.11443384
v 0.07117185 0.12749624 0.10491891
v 0.10347244 0.15280890 0.13057616
v 0.12112653 0.15277910 0.12928522
v 0.13867059 0.15381104 0.12310089
v 0.14615862 0.12754381 0.10487127
v 0.15441252 0.15697891 0.11051363
v 0.16110848 0.16401249 0.08900647
v 0.15857518 0.17245799 0.05850987
v 0.14533150 0.20994282 0.04113735
v 0.14134286 0.17958295 0.03607335
v 0.16335830 0.20288432 0.06055055
v 0.12388729 0.31317264 0.05298819
v 0.14640507 0.30994731 0.05513752
v 0.14369351 0.34605277 0.06223330
v 0.12320735 0.34958184 0.06009748
v 0.06687008 0.20065367 0.08054536
v 0.06349590 0.19751066 0.09793910
v 0.07614208 0.19230038 0.12601049
v 0.08952591 0.18775964 0.13589887
v 0.17293294 0.22692716 0.09557636
v 0.16801506 0.19467491 0.09090149
v 0.16163361 0.18804234 0.11560658
v 0.16641784 0.22126067 0.12084092
v 0.06692119 0.30417842 0.09309329
v 0.06384335 0.30219859 0.11199282
v 0.06065812 0.26697350 0.10871397
v 0.06396684 0.26906365 0.08849318
v 0.07552033 0.22680521 0.13422181
v 0.07609202 0.26190805 0.13983133
v 0.09258444 0.25798827 0.15092309
v 0.09119532 0.22267514 0.14519110
v 0.17064169 0.29889745 0.10329144
v 0.17380893 0.26179814 0.10004596
v 0.16829906 0.25710130 0.12489046
v 0.16624264 0.29537708 0.12658253
v 0.16719025 0.23425633 0.06592862
v 0.16711387 0.26781994 0.07091824
v 0.14844342 0.27482820 0.04981746
v 0.14706305 0.24128991 0.04450522
v 0.12359296 0.27752590 0.04701143
v 0.12190261 0.24361771 0.04289056
v 0.00887058 -0.20742244 -0.05068331
v 0.00542489 -0.19611698 -0.02916805
v 0.00280837 -0.19675410 -0.01216233
v 0.08104937 0.37850094 0.11460079
v 0.07307628 0.33939809 0.11312136
v 0.07466888 0.34258825 0.09597188
v 0.08271436 0.38260490 0.09996045
v 0.09661628 0.29523224 0.15118617
v 0.07968234 0.29794300 0.14152342
v 0.08712336 0.33581686 0.13897021
v 0.10115404 0.33407831 0.14781423
v 0.16223225 0.37954599 0.10674341
v 0.16661742 0.33835649 0.10516940
v 0.16255726 0.33593446 0.12675515
v 0.15746941 0.37692565 0.12663901
v 0.14065731 0.38572478 0.07018860
v 0.16133057 0.34174651 0.07943080
v 0.15722612 0.38250148 0.08502459
v 0.13833395 0.42463404 0.07446102
v 0.12237824 0.42745781 0.07206546
v 0.12240636 0.38867426 0.06782691
v 0.08947408 0.42026305 0.10225308
v 0.08658192 0.41698813 0.11596064
v 0.10376386 0.41138244 0.14389223
v 0.10348536 0.37312037 0.14516784
v 0.09121223 0.37516350 0.13660419
v 0.09323394 0.41369230 0.13539308
v 0.13518248 0.37503159 0.14700530
v 0.11901692 0.37331086 0.14930427
v 0.11812917 0.41125095 0.14733696
v 0.13279596 0.41308576 0.14463924
v 0.15192893 0.41454726 0.12588553
v 0.14814880 0.37583047 0.13981307
v 0.14365554 0.41381961 0.13740295
v 0.15791477 0.41663051 0.10703022
v 0.15356946 0.42065567 0.08728343
v 0.00353946 -0.19897264 0.04708476
v 0.00475177 -0.18755913 0.02222591
v 0.00522123 -0.18020403 0.03334777
v 0.00844810 -0.19424421 0.05822559
v 0.05829192 -0.08661747 -0.01872457
v 0.05768590 -0.05637503 -0.01060249
v 0.05589348 0.00613052 0.00301175
v 0.05669210 -0.02463388 -0.00368204
v 0.05631631 0.03618723 0.01261229
v 0.05746306 0.06571245 0.02376976
v 0.05619790 0.09185892 0.03614208
v 0.05750619 0.11947745 0.04579286
v 0.06403890 0.14673156 0.05293419
v 0.07290453 0.17593330 0.05759600
v 0.07771682 0.23599339 0.06820139
v 0.06556819 0.23423350 0.08429863
v 0.07793246 0.20450974 0.06442682
v 0.07992473 0.30729449 0.07435179
v 0.07706225 0.27059639 0.07081257
v 0.08515656 0.34669775 0.07972787
v 0.09167901 0.38681847 0.08596826
v 0.09803044 0.42412686 0.08901906
v 0.08846495 -0.19276029 -0.05120717
v 0.06227284 -0.18641835 -0.04419877
v 0.06372889 -0.20354849 -0.04914101
v 0.08821103 -0.21543854 -0.05372656
v 0.01382638 -0.19477743 -0.01475844
v 0.00749161 -0.19726342 -0.00098607
v 0.00713503 -0.19860828 -0.00683767
v 0.01275551 -0.19607693 -0.02147305
v 0.14794883 0.06758344 0.03464998
v 0.11377192 0.01253200 0.10795654
v 0.09558442 0.01112813 0.11056598
v 0.07855812 0.01050240 0.10580434
v 0.00081560 -0.20273006 0.00467304
v 0.07384118 0.04214936 -0.00601154
v 0.09618706 0.04524273 -0.01526704
v 0.09303774 0.07329935 -0.01064193
v 0.07051265 0.07119912 0.00187924
v 0.11876732 0.21552569 0.03904883
v 0.09890338 0.24050939 0.05529876
v 0.09653389 0.21057308 0.04945875
v 0.11771733 0.19018471 0.03227799
v 0.12790480 0.18377602 0.13869445
v 0.14648083 0.18446463 0.13136683
v 0.13309230 0.21742308 0.14814386
v 0.10787080 0.18487865 0.14000581
v 0.11091331 0.21860892 0.14959058
v 0.07791023 -0.01618409 -0.01986326
v 0.10391571 -0.01228076 -0.02492879
v 0.10001313 0.01661116 -0.01880710
v 0.07544731 0.01287353 -0.01273926
v 0.10001320 -0.54386133 0.10053910
v 0.08400317 -0.54846752 0.11185419
v 0.12763210 -0.67791665 -0.00423020
v 0.12944110 -0.66476393 0.00791956
v 0.12251739 -0.65689027 -0.00582262
v 0.12080438 -0.67082566 -0.01446949
v 0.13286227 -0.68876338 0.00612105
v 0.13427930 -0.67651391 0.01955710
v 0.13625765 -0.70162576 0.01688392
v -0.04161106 -0.88091856 0.10862367
v -0.04022196 -0.89357018 0.10331590
v 0.13735703 -0.69020504 0.03032588
v 0.13744482 -0.74303710 0.06157551
v 0.13481459 -0.74532151 0.06498035
v 0.06090163 -0.60806203 -0.06366663
v 0.04034124 -0.60585606 -0.07010517
v 0.03906256 -0.63033891 -0.06677649
v 0.06947732 -0.41563103 -0.06894596
v 0.05146574 -0.29175788 -0.06709057
v 0.05614007 -0.32257006 -0.06422370
v 0.07481943 -0.32703689 -0.05626330
v 0.01920793 -0.21967566 -0.06279428
v 0.03317785 -0.64308333 0.14471379
v 0.03249355 -0.61510831 0.13994373
v -0.00539843 -0.82841605 0.14278471
v -0.02525153 -0.82222611 0.13213712
v -0.00236753 -0.85723120 0.13616346
v -0.00230861 -0.86968225 0.13232192
v -0.02355062 -0.86317784 0.12243113
v 0.02173580 -0.55705482 -0.08104699
v 0.02288207 -0.53458369 -0.08277967
v -0.02370845 -0.85067433 0.12567778
v -0.01770082 -0.91291529 0.09897865
v 0.01642027 -0.62644911 -0.06950305
v 0.01829880 -0.60286719 -0.07323951
v -0.02057521 -0.92315394 0.09178641
v 0.00706134 -0.19494784 0.00405093
v 0.00185830 -0.20158952 0.02383381
v 0.00284733 -0.20182103 0.01488403
v 0.03776846 -0.16508263 -0.02558998
v 0.02088268 -0.16503274 -0.00936310
v 0.02308001 -0.17835134 -0.01654153
v 0.04016089 -0.18094534 -0.03207728
v 0.17258845 -0.22041953 0.01693369
v 0.17268156 -0.22854263 0.05334543
v 0.06948021 -0.19097686 0.12263027
v 0.16245162 -0.60932624 0.14160381
v 0.16905913 -0.61200643 0.15092725
v 0.15994719 -0.63436842 0.14780414
v 0.15424812 -0.63189864 0.13803677
v 0.02373712 -0.72592080 0.15799156
v 0.03632187 -0.69906324 0.15348373
v 0.07144260 -0.90272117 0.05951719
v 0.16445448 -0.87102759 0.08040458
v 0.16191092 -0.86052835 0.05499835
v 0.15088408 -0.86613220 0.05675233
v 0.15172397 -0.87883210 0.08142409
v -0.00055182 -0.20898622 0.02027356
v 0.12855434 -0.82789195 0.15063076
v 0.13780916 -0.84328878 0.14118232
v 0.12343904 -0.85031933 0.14581263
v 0.11345630 -0.83329815 0.15500382
v 0.00731528 -0.32992867 0.15252060
v 0.03394892 -0.33030728 0.15880971
v 0.01466165 -0.53745449 0.12062084
v 0.03355145 -0.53478920 0.12300028
v 0.03144065 -0.56054276 0.12861332
v -0.00399345 -0.21406740 0.06456216
v -0.00498173 -0.21992636 0.07412221
v 0.01313397 -0.56451225 0.12558313
v 0.05599586 -0.71264082 0.15979436
v 0.07361399 -0.69662666 0.15461743
v 0.04466146 -0.73676163 -0.05801546
v 0.06038681 -0.74248308 -0.05509437
v 0.06173433 -0.72273290 -0.06018205
v 0.04586565 -0.71549219 -0.06239010
v 0.16896470 -0.67605567 0.15572165
v 0.15509668 -0.69104224 0.15129180
v 0.14676169 -0.68078661 0.14594819
v 0.15587503 -0.66200811 0.15149821
v 0.15677844 -0.23425192 0.09081645
v 0.12980494 -0.21789944 0.11738782
v 0.11880428 -0.58242190 0.09306316
v 0.10423835 -0.58801091 0.11072603
v 0.10068482 -0.56560057 0.10549244
v 0.11637797 -0.56002700 0.08961311
v 0.12733033 -0.64364552 0.10237476
v 0.12696859 -0.62448597 0.10040717
v 0.12844288 -0.66160303 0.10372742
v 0.13153873 -0.73539436 0.12037531
v 0.12640254 -0.73408884 0.11997958
v 0.13143761 -0.73859966 0.12734796
v 0.06101060 -0.16670734 -0.03889558
v 0.06025324 -0.23459178 -0.06204546
v 0.05257957 -0.25132674 -0.06831239
v 0.00346989 -0.20281368 0.00818924
v 0.04268486 -0.92451143 0.03567673
v 0.03930274 -0.91892278 0.02006807
v 0.13368450 -0.71013820 0.11075705
v 0.13472357 -0.69131827 0.11557598
v 0.13238788 -0.73253298 0.09430981
v 0.13208781 -0.73009306 0.10827471
v 0.13513988 -0.72723508 0.10696037
v 0.13481317 -0.72974759 0.09176331
v 0.13087615 -0.73060274 0.11987954
v 0.13386069 -0.72815102 0.12012685
v 0.12607774 -0.80266207 0.00858743
v 0.12897499 -0.81436920 0.01800857
v 0.13815475 -0.80696970 0.02156087
v 0.13522238 -0.79456276 0.01310662
v 0.11550404 -0.80908382 0.00395914
v 0.10288774 -0.81299818 -0.00252056
v 0.10401992 -0.82878298 0.00805329
v 0.11768366 -0.82281345 0.01400705
v 0.06300493 -0.87632769 0.01531078
v 0.07730675 -0.88270712 0.03564580
v 0.04403739 -0.87043250 0.00002075
v 0.02660269 -0.86526388 -0.01105539
v -0.01771206 -0.90124273 0.10788346
v -0.02068252 -0.88723767 0.11456230
v 0.00368759 -0.89369118 0.12213655
v 0.00679635 -0.90501183 0.11460580
v 0.03536616 -0.90622449 0.01407386
v 0.02659054 -0.89752746 0.00446375
v 0.01829752 -0.88243127 -0.00245929
v 0.21357892 -0.66907430 0.09310245
v 0.21835439 -0.64575130 0.09484563
v 0.03771112 -0.93671215 0.06505513
v 0.04241334 -0.93063289 0.05112414
v 0.21954945 -0.67321867 0.10891321
v 0.22415613 -0.64834487 0.11034496
v 0.13731417 -0.87141514 0.05731181
v 0.14439972 -0.84880137 0.03913760
v 0.12978069 -0.85428554 0.03914464
v 0.03211837 -0.91535747 0.00596309
v 0.02472731 -0.90722907 -0.00167232
v 0.16998684 -0.26444316 0.04398236
v 0.16955176 -0.25619382 0.01193264
v 0.13341650 -0.52714086 0.02560803
v 0.13332640 -0.53133887 0.04695889
v 0.04152017 -0.55796272 -0.07630713
v 0.04164444 -0.53428930 -0.07811062
v 0.00397677 -0.90778059 -0.01993046
v 0.05946319 -0.48620731 -0.07487506
v 0.04091476 -0.48198816 -0.08174927
v 0.04093263 -0.50943804 -0.07939471
v 0.05811283 -0.51106513 -0.07209384
v 0.03319957 -0.44208959 -0.08744439
v 0.03485991 -0.45539671 -0.08510962
v 0.02484075 -0.27078706 -0.07919978
v 0.03368719 -0.27058604 -0.07654138
v 0.17890967 -0.73961008 0.05754232
v 0.19330727 -0.75078756 0.06418289
v 0.19416173 -0.73045617 0.06870311
v 0.17988740 -0.72069657 0.06129681
v 0.07359991 -0.48885161 -0.06415074
v 0.08742490 -0.49071589 -0.04907899
v 0.13903257 -0.73884708 0.06006325
v 0.14468302 -0.74627423 0.04483471
v 0.03704844 -0.65559489 -0.06247339
v 0.07740861 -0.72812289 -0.05569883
v 0.07624785 -0.74524724 -0.04981394
v 0.09002666 -0.74741483 -0.04329089
v 0.09053589 -0.73170567 -0.04952041
v 0.00200243 -0.20532888 0.01734363
v 0.17322153 -0.75446671 0.15003397
v 0.17952321 -0.74386251 0.14924647
v 0.18610948 -0.75030065 0.14560609
v 0.18027936 -0.76171172 0.14686981
v 0.00904659 -0.16935140 0.00979812
v 0.00920354 -0.15335888 0.01987821
v 0.01377965 -0.20486790 0.07754051
v 0.00229513 -0.20834392 0.06287949
v 0.08544042 -0.10808831 -0.03949497
v 0.08745088 -0.13866746 -0.04524065
v 0.08336255 -0.07680839 -0.03298793
v 0.08107203 -0.04563481 -0.02651428
v 0.07961413 0.15044934 0.03779896
v 0.09200163 0.17992425 0.04066173
v 0.10053000 0.27466911 0.05958003
v -0.00699566 -0.22291243 0.08723824
v 0.10220870 0.31074065 0.06404323
v 0.10399622 0.34920377 0.06982771
v 0.10657322 0.38913161 0.07545923
v 0.10940546 0.42710990 0.07810315
v 0.22348221 -0.64673388 0.12612200
v 0.21976057 -0.67374307 0.12657604
v 0.21138208 -0.66773307 0.14151484
v 0.21826077 -0.64154088 0.14063124
v 0.14586052 -0.65434158 0.11309114
v 0.14857963 -0.65771723 0.10103316
v 0.15414830 -0.63620138 0.10473177
v 0.15203670 -0.63401318 0.11640275
v 0.15709274 -0.61139297 0.11991331
v 0.15826102 -0.60960531 0.13132384
v 0.15196322 -0.63234115 0.12745504
v 0.17913079 -0.61742163 0.15753746
v 0.18983141 -0.62369025 0.15977620
v 0.18087414 -0.64880013 0.15871932
v 0.16830561 -0.64016008 0.15525165
v 0.21019918 -0.63623989 0.15215912
v 0.20126034 -0.66057360 0.15209505
v 0.19049197 -0.65440166 0.15754008
v 0.19985950 -0.62989581 0.15815583
v 0.16907459 -0.61858141 0.08333734
v 0.16190326 -0.61525178 0.09491691
v 0.15729590 -0.63834989 0.09176447
v 0.16439418 -0.64234847 0.07975033
v 0.20818858 -0.76133460 0.07725640
v 0.20685820 -0.73947090 0.08046278
v 0.14276527 -0.75547922 0.05820764
v 0.15135229 -0.76086020 0.04607379
v 0.15041725 -0.75149745 0.05252730
v 0.13759136 -0.74910367 0.06350271
v 0.19846833 -0.68879300 0.07658866
v 0.19558778 -0.71114892 0.07233103
v 0.20617291 -0.71695924 0.08548943
v 0.20837370 -0.69311249 0.09012420
v 0.16023217 -0.66665876 0.07678929
v -0.00244724 -0.21231604 0.05390408
v 0.15283044 -0.66151047 0.08823549
v 0.14712159 -0.68300712 0.08439268
v 0.15484093 -0.68755543 0.07363167
v 0.15066640 -0.65591896 0.14373888
v 0.14278607 -0.67541468 0.13874322
v 0.16381118 -0.72973305 0.05692712
v 0.16455913 -0.71191823 0.06155903
v 0.14173460 -0.73899460 0.04135646
v 0.13719608 -0.71828240 0.08683091
v 0.13621220 -0.72537297 0.08954683
v 0.12247282 -0.68424660 -0.02076976
v 0.12596980 -0.69931257 -0.02231238
v 0.13873734 -0.68134379 0.04803166
v 0.13936086 -0.69796324 0.05762810
v 0.12804234 -0.69014078 -0.01218755
v 0.12905815 -0.70023489 -0.01531014
v 0.09450383 -0.60774976 -0.04145538
v 0.02188668 -0.87385452 -0.00499282
v 0.18044381 -0.70104921 0.06424012
v 0.16547306 -0.69360518 0.06518577
v 0.13718261 -0.71683115 0.14046384
v 0.13413967 -0.71288735 0.13497929
v 0.13894854 -0.69790637 0.14010870
v -0.00917027 -0.23457760 0.09971522
v -0.01279992 -0.24648321 0.11227103
v 0.14443794 -0.70435894 0.14610015
v 0.08469999 -0.73576635 0.16345413
v 0.07105391 -0.72499448 0.16273111
v 0.08444919 -0.71150088 0.15595150
v 0.09520797 -0.72425932 0.15706015
v 0.19879484 -0.75585854 0.13450688
v 0.20519851 -0.75437230 0.12700471
v 0.20317687 -0.77344608 0.12641302
v 0.19526517 -0.77130842 0.13504227
v 0.21109495 -0.75135309 0.11495773
v 0.21359833 -0.74592793 0.09873895
v 0.21401089 -0.76931351 0.09567208
v 0.21021536 -0.77348334 0.11335772
v 0.14736447 -0.30515134 0.08736787
v 0.15965602 -0.30194408 0.06322514
v 0.12931696 -0.43997407 -0.01096882
v 0.11574233 -0.43267873 -0.02772753
v 0.09779385 -0.33902937 -0.04517267
v 0.04136668 -0.20272559 -0.04461880
v 0.02328338 -0.19278139 -0.02610006
v 0.01227676 -0.13000822 0.03084136
v 0.16898227 -0.29704621 0.03484906
v 0.01924519 -0.10051519 0.04015029
v 0.02678231 -0.06959438 0.04908663
v 0.05976760 -0.07452822 0.10733722
v 0.08347908 -0.07335794 0.11686297
v 0.07880694 -0.10428196 0.11643161
v 0.05212533 -0.10729033 0.10539286
v 0.10876935 -0.07125294 0.11675588
v 0.10693976 -0.10100442 0.11719701
v 0.12693779 0.01732588 -0.01202927
v 0.11365736 0.25543600 0.15565139
v 0.13573208 0.29325014 0.15298375
v 0.13510069 0.25369006 0.15328301
v 0.11621977 0.29381418 0.15551148
v 0.15394348 0.25420225 0.14263871
v 0.15170148 0.21807212 0.13857478
v 0.16480388 0.30363911 0.07441754
v 0.11830828 0.33338946 0.15208824
v 0.13597958 0.33423454 0.15001176
v 0.15186802 0.33451188 0.14115445
v 0.15388465 0.29335266 0.14278293
v 0.01070164 -0.18002498 0.00097807
v 0.16222864 -0.21140176 -0.01706469
v 0.15862316 -0.24397862 -0.01991808
v 0.11006775 -0.25414598 -0.05045387
v 0.08586536 -0.23716503 -0.05630438
v 0.10218281 -0.51555526 -0.02952528
v 0.11634412 -0.51819384 -0.01346273
v 0.11724725 -0.56328571 -0.00969709
v 0.12710582 -0.56666398 0.00874018
v 0.12673512 -0.54385465 0.00758301
v 0.11698208 -0.53988516 -0.01110541
v 0.13545421 -0.57365233 0.05050686
v 0.12986261 -0.57770050 0.07303736
v 0.12790723 -0.55558419 0.07038501
v 0.13352093 -0.55195832 0.04896944
v 0.12762472 -0.53548110 0.06768014
v 0.11586341 -0.53922230 0.08574627
v 0.05037867 -0.58278400 0.13179474
v 0.06814574 -0.57763374 0.12612547
v 0.07096595 -0.60196126 0.13333431
v 0.05238672 -0.60895842 0.13855407
v 0.04277803 -0.26463309 -0.07184987
v 0.01327882 -0.19173831 -0.01074660
v 0.08832832 -0.16711897 -0.04893575
v 0.11712227 -0.19802141 -0.05119701
v 0.14288689 -0.20334339 -0.03991576
v 0.13553068 -0.71316093 0.10040899
v 0.11690809 -0.74216366 0.15105733
v 0.11408518 -0.74890715 0.15503624
v 0.21130510 -0.72893488 0.11828030
v 0.21284175 -0.72302043 0.10264950
v 0.15087759 -0.70621639 0.06816464
v 0.19379020 -0.77024782 0.05971638
v 0.17847350 -0.75697875 0.05367748
v 0.17848073 -0.77411526 0.04854105
v 0.12426513 -0.32547018 -0.03419707
v 0.15132841 -0.30919704 -0.02153697
v 0.13001150 -0.29726467 -0.03711994
v 0.00029193 -0.20810610 0.05076035
v 0.06333818 -0.21922868 -0.05544946
v 0.03313280 -0.03902388 0.05558851
v 0.03776666 -0.00969982 0.06200109
v 0.04126289 0.01838994 0.06908743
v 0.04421731 0.04601949 0.07657861
v 0.04638094 0.07413024 0.08462802
v 0.05252353 0.10253704 0.09142899
v 0.06151594 0.13165796 0.09631272
v 0.06743886 0.16269141 0.10400426
v 0.06200530 0.23209661 0.10390940
v 0.06584917 0.22955084 0.11980798
v 0.06731993 0.19522321 0.11274985
v 0.06527296 0.26487404 0.12529233
v 0.06870833 0.30016750 0.12795952
v 0.07767773 0.33764273 0.12723669
v 0.08876944 0.41483659 0.12662542
v 0.08463565 0.37620467 0.12645674
v 0.00083958 -0.20744658 0.02806505
v -0.00008795 -0.20802450 0.03921045
v 0.11199605 -0.85920429 0.03832324
v 0.13446641 -0.73635101 0.07661100
v 0.13260317 -0.73855841 0.07979631
v 0.14991793 -0.72353745 0.06322940
v 0.19238082 -0.68360448 0.15084532
v 0.20469184 -0.69199687 0.14243487
v 0.14240478 -0.70372331 0.07962678
v 0.12908094 -0.74587333 0.07399836
v 0.13504596 -0.74857718 0.06940594
v 0.25936925 -0.44971028 0.06991030
v 0.26687124 -0.45098001 0.08096343
v 0.26721439 -0.43048620 0.07441592
v 0.25935248 -0.42955017 0.06474595
v 0.24799272 -0.44713804 0.06372705
v 0.24842755 -0.42721921 0.06013255
v 0.20319194 -0.42557454 0.09838519
v 0.20637819 -0.43066710 0.08548716
v 0.21275014 -0.41117269 0.08327278
v 0.21039015 -0.40638375 0.09573311
v 0.23851527 -0.40468287 0.05672906
v 0.22961116 -0.40101653 0.06209399
v 0.22656246 -0.42040306 0.06461316
v 0.23686647 -0.42400163 0.05979507
v 0.21412432 -0.42372602 0.12489453
v 0.22510307 -0.42769611 0.13183890
v 0.21674962 -0.44580758 0.13727002
v 0.20557117 -0.44184536 0.12872244
v 0.18547714 -0.50518954 0.10095089
v 0.17959717 -0.49969086 0.11270356
v 0.17716354 -0.51490736 0.10950341
v 0.18469650 -0.52142382 0.09878875
v 0.25818318 -0.49076411 0.08010261
v 0.26293731 -0.49235511 0.09390037
v 0.26546419 -0.47179693 0.08763333
v 0.25888303 -0.47035247 0.07500800
v 0.21842492 -0.48052704 0.07094249
v 0.20607439 -0.47644350 0.07949236
v 0.20409513 -0.49726462 0.08243319
v 0.21684140 -0.50201833 0.07470785
v 0.25633404 -0.51274204 0.08739598
v 0.25889266 -0.51209772 0.10140280
v 0.22294953 -0.44002303 0.06630188
v 0.21319382 -0.43573099 0.07493356
v 0.20895508 -0.45596841 0.07671751
v 0.22039503 -0.46009359 0.06822698
v 0.22928517 -0.38843077 0.11334096
v 0.23934224 -0.39184123 0.11799717
v 0.23265705 -0.40971470 0.12522246
v 0.22209093 -0.40588677 0.11956675
v 0.22323188 -0.39692760 0.07044758
v 0.21847034 -0.39231867 0.08043800
v 0.21850470 -0.41615677 0.07303810
v 0.27204746 -0.40733415 0.09204833
v 0.27185023 -0.40940523 0.07942231
v 0.27065432 -0.42991590 0.08712989
v 0.26973787 -0.42789447 0.10094535
v 0.18989894 -0.46568340 0.10116112
v 0.19578677 -0.47095358 0.08910424
v 0.20025702 -0.45057374 0.08730920
v 0.19609644 -0.44545096 0.10009362
v 0.24668592 -0.48824552 0.07078400
v 0.24729751 -0.46749634 0.06722152
v 0.26644948 -0.44829401 0.10975015
v 0.26883337 -0.45067647 0.09486316
v 0.26556334 -0.47128630 0.10242870
v 0.26180667 -0.46856168 0.11844328
v 0.24690081 -0.48326406 0.13898124
v 0.23406702 -0.47699237 0.14545900
v 0.24221130 -0.45828661 0.13794906
v 0.25399500 -0.46415940 0.13068575
v 0.18668143 -0.48599139 0.10137352
v 0.18371610 -0.48110533 0.11523237
v 0.19703922 -0.46065336 0.13078700
v 0.20781577 -0.46425471 0.14183278
v 0.19834703 -0.48230168 0.14396746
v 0.18817931 -0.47933307 0.13086212
v 0.23023017 -0.54511058 0.08007768
v 0.24241497 -0.54878438 0.08756807
v 0.24538246 -0.53067029 0.08091205
v 0.23160420 -0.52687657 0.07470389
v 0.25386000 -0.53166485 0.09356232
v 0.25066331 -0.54922795 0.10001640
v 0.23674676 -0.57694721 0.12587857
v 0.22954114 -0.57313430 0.13878369
v 0.23336464 -0.56205016 0.13444838
v 0.24195065 -0.56340146 0.12047498
v 0.23006971 -0.51944053 0.15710977
v 0.21417418 -0.51314199 0.16010818
v 0.22481036 -0.49528924 0.15278146
v 0.23930813 -0.50172436 0.14794907
v 0.18878157 -0.51935726 0.15799797
v 0.17925903 -0.51256883 0.14364170
v 0.18847899 -0.49892104 0.14461970
v 0.20013091 -0.50565708 0.15562676
v 0.16782771 -0.56896466 0.14036900
v 0.16466594 -0.56890947 0.12787051
v 0.16606718 -0.55363679 0.13066070
v 0.17013910 -0.55289888 0.14475043
v 0.17016530 -0.57509935 0.10169813
v 0.17783062 -0.57915139 0.09179187
v 0.18010345 -0.56657088 0.09427600
v 0.17193241 -0.56135058 0.10322348
v 0.22597067 -0.60080504 0.09415291
v 0.23191154 -0.60481155 0.10908496
v 0.23492655 -0.59385163 0.10400511
v 0.22655399 -0.58998150 0.08981402
v 0.22134131 -0.53410977 0.16474542
v 0.20180440 -0.53020096 0.16687128
v 0.17403080 -0.54764891 0.10341685
v 0.18221846 -0.55386436 0.09420612
v 0.18450694 -0.53589678 0.09520941
v 0.17575695 -0.52983785 0.10536467
v -0.04385130 -0.81863117 0.12532988
v -0.04417865 -0.83267438 0.12188676
v 0.20409100 -0.56698263 0.08515248
v 0.21592095 -0.56991380 0.07997874
v 0.21846738 -0.55359268 0.07809803
v 0.20538802 -0.54897213 0.08331765
v 0.22942363 -0.57658112 0.08347239
v 0.23882583 -0.57995343 0.09457076
v 0.24235338 -0.56189167 0.08898780
v 0.23173472 -0.55801111 0.07936446
v 0.21951303 -0.55524230 0.16170107
v 0.20865533 -0.54906237 0.16927812
v 0.02099396 -0.42528224 -0.08982413
v 0.02199830 -0.44073138 -0.08886797
v 0.21525247 -0.54330397 0.16813834
v 0.22583923 -0.54956543 0.15881878
v 0.18031670 -0.52923906 0.15490259
v 0.17246512 -0.52507567 0.13991630
v -0.01956271 -0.41986564 0.11946823
v -0.01887563 -0.43714017 0.11116586
v 0.20593101 -0.53116000 0.08625090
v 0.19373065 -0.52695322 0.09259366
v 0.19460571 -0.54200840 0.08791181
v 0.24681443 -0.56377131 0.10439073
v 0.17454219 -0.57037359 0.15037487
v 0.18208317 -0.57277703 0.15886290
v 0.17712303 -0.58954042 0.15519126
v 0.17010343 -0.58695960 0.14641580
v 0.16506186 -0.58659583 0.13625263
v 0.16256033 -0.58739650 0.12448124
v 0.16697168 -0.59232408 0.09819350
v 0.17407623 -0.59636146 0.08732552
v 0.18605475 -0.60180372 0.08041693
v 0.20050496 -0.60877538 0.07939802
v 0.20446722 -0.59066510 0.08392090
v 0.18969566 -0.58397615 0.08545981
v 0.22826438 -0.62481475 0.11102927
v 0.22281265 -0.62215579 0.09599902
v 0.22750010 -0.62159610 0.12565492
v 0.23168457 -0.60339642 0.12238245
v 0.16888231 -0.54168606 0.11680786
v 0.01634626 -0.34150115 -0.07854139
v 0.01616964 -0.31526756 -0.07935164
v 0.16733658 -0.55655771 0.11536920
v 0.25991368 -0.44431919 0.12249303
v 0.24925835 -0.43924749 0.13001573
v 0.25506729 -0.41988319 0.12157202
v 0.26452237 -0.42423475 0.11336435
v 0.24997354 -0.39675391 0.11747093
v 0.24412169 -0.41483146 0.12562276
v 0.23525816 -0.44376537 0.06224249
v 0.23422816 -0.46380186 0.06491283
v 0.24864854 -0.40811664 0.05545068
v 0.21773648 -0.53647673 0.07951614
v 0.21696323 -0.52093029 0.07805519
v 0.22287872 -0.56801152 0.15263455
v 0.22594097 -0.58333910 0.14316465
v 0.21902582 -0.57735419 0.15485905
v 0.24210271 -0.52539217 0.14397587
v 0.24658884 -0.52966917 0.12479307
v 0.23804146 -0.54772818 0.13384691
v 0.23374093 -0.54018366 0.15295357
v 0.20300533 -0.55441689 0.16755126
v 0.21413265 -0.56158197 0.16225266
v 0.20921510 -0.57095689 0.16201635
v 0.19776988 -0.56429672 0.16498820
v 0.21449736 -0.58338070 0.08433841
v 0.21578270 -0.59601331 0.08650332
v 0.22225620 -0.59539413 0.14699380
v 0.22747481 -0.59941304 0.13463524
v 0.22339495 -0.61600965 0.13890387
v 0.21722841 -0.61242783 0.15063377
v 0.23171976 -0.58800101 0.13072056
v 0.21431707 -0.59012663 0.15683837
v 0.20822233 -0.60716188 0.15809537
v 0.21349165 -0.61624384 0.08499481
v 0.19236064 -0.57800287 0.16276561
v 0.20404220 -0.58414412 0.16164020
v 0.19758494 -0.60114986 0.16104592
v 0.18637298 -0.59483117 0.16046016
v 0.23745151 -0.43350989 0.13315839
v 0.22959451 -0.45214897 0.13990647
v 0.17396215 -0.51086116 0.12635289
v 0.17964822 -0.49628270 0.12953508
v 0.17106332 -0.52513385 0.12104586
v 0.20584372 -0.42281485 0.11266981
v 0.21381761 -0.40446144 0.10901138
v 0.19008714 -0.46119717 0.11596461
v 0.19799450 -0.44180581 0.11497338
v 0.25608751 -0.48851520 0.12666333
v 0.18303087 -0.54249585 0.15992641
v 0.17413092 -0.53858680 0.14955123
v 0.18927526 -0.53626734 0.16518953
v 0.16334806 -0.59016168 0.11100820
v 0.16588630 -0.57105678 0.11404063
v 0.20471476 -0.54008615 0.17079768
v 0.15851296 -0.61290985 0.10748361
v 0.24723892 -0.54896629 0.11576081
v 0.24064724 -0.58016139 0.11032032
v 0.23555909 -0.59199685 0.11776410
v 0.26761639 -0.41064489 0.06765316
v 0.23256564 -0.48469484 0.06778499
v 0.20468593 -0.51620322 0.08570693
v 0.19422428 -0.51072872 0.09267312
v 0.19179821 -0.54755831 0.16688114
v 0.18670818 -0.55804634 0.16251864
v 0.17836303 -0.55452979 0.15464662
v 0.20470475 -0.57900304 0.08632538
v 0.19124752 -0.57238781 0.08864752
v 0.22132841 -0.38708884 0.10414268
v 0.19247806 -0.56082779 0.08895949
v 0.25270194 -0.53268969 0.10990071
v -0.02422155 -0.83686280 0.12919536
v 0.13722140 -0.66460139 0.03812139
v 0.11698459 -0.63331997 -0.01491712
v 0.12730710 -0.63833296 0.00215499
v 0.13779229 -0.72377574 0.07122071
v 0.13582745 -0.73184037 0.07446250
v 0.13201471 -0.74152052 0.08286397
v 0.12722895 -0.73995578 0.08627157
v 0.13884202 -0.70480502 0.04018692
v 0.03299536 -0.46892703 -0.08248807
v 0.02500707 -0.45722240 0.11559575
v 0.00374138 -0.45618576 0.11189733
v 0.00602667 -0.43708766 0.11613379
v 0.02848883 -0.43784255 0.11910450
v 0.00747138 -0.41831559 0.12446994
v 0.13396075 -0.38951376 0.09637664
v 0.12848704 -0.41104701 0.09339494
v 0.11165254 -0.40791655 0.11085524
v 0.11592969 -0.38541284 0.11562587
v 0.13695009 -0.42825902 0.07129735
v 0.12343089 -0.42875153 0.09157657
v 0.14152943 -0.41168267 0.07195855
v 0.14947702 -0.40840006 0.04785990
v 0.14493948 -0.42544627 0.04813089
v 0.15123439 -0.40099490 0.02478803
v 0.14669158 -0.41954547 0.02501592
v 0.14676350 -0.39189431 0.00299959
v 0.13512939 -0.38269678 -0.01604081
v 0.12034385 -0.35069984 -0.03209549
v 0.09682519 -0.36441073 -0.04340557
v 0.11703441 -0.37352064 -0.03124536
v 0.05892367 -0.35077614 -0.06317542
v 0.07681045 -0.35647672 -0.05430941
v 0.02931425 -0.34370688 -0.07505123
v 0.04342116 -0.34692422 -0.06988028
v 0.10663280 -0.84441423 0.02184026
v 0.08722360 -0.90018249 0.11680287
v 0.10309166 -0.90285170 0.09900115
v 0.07042958 -0.90856314 0.11063837
v 0.09241377 -0.83818120 0.15943526
v 0.10265402 -0.85592264 0.15066150
v 0.07485940 -0.85677564 0.15549313
v 0.06688772 -0.84038657 0.16140103
v 0.05223998 -0.90330952 0.12093789
v 0.04138748 -0.90710568 0.11696270
v 0.06534630 -0.89618790 0.12869796
v 0.02059973 -0.88671488 0.13378239
v 0.03991077 -0.89104098 0.13475503
v 0.15874569 -0.86984193 0.10675152
v 0.14854521 -0.85904902 0.12791164
v 0.16051854 -0.85224777 0.12438038
v 0.17237610 -0.86266911 0.10416576
v 0.12042715 -0.81230986 0.15691672
v 0.11257540 -0.79832888 0.16029865
v 0.12546538 -0.79507643 0.15613349
v 0.13269478 -0.80906069 0.15288639
v 0.20255053 -0.82575965 0.09579841
v 0.19389576 -0.82591891 0.11566041
v 0.20174894 -0.81130093 0.11414220
v 0.20866185 -0.80905998 0.09509595
v 0.14006549 -0.82402855 0.14674413
v 0.04238818 -0.73209965 0.16430117
v 0.07551514 -0.74837464 0.16765961
v 0.06002068 -0.73935515 0.16799769
v 0.11253025 -0.75591093 0.15795685
v 0.10284621 -0.75648749 0.16213754
v 0.10615703 -0.74692631 0.15892968
v 0.12780754 -0.75507289 0.14910895
v 0.12099822 -0.75423336 0.15297101
v 0.16449980 -0.76063597 0.04551525
v 0.16460237 -0.77312905 0.03972989
v 0.17770144 -0.78920555 0.04492145
v 0.13128799 -0.74791163 0.13804163
v 0.13315924 -0.74506640 0.13711849
v 0.13608886 -0.74828494 0.13988142
v 0.13268982 -0.75086182 0.14053103
v 0.14489700 -0.87769479 0.10814364
v 0.18282577 -0.81822807 0.12954420
v 0.17301384 -0.80874389 0.13815875
v 0.18270010 -0.79833847 0.13725123
v 0.19208065 -0.80646455 0.12797317
v 0.16385576 -0.79895115 0.14488006
v 0.15590496 -0.78873003 0.14930531
v 0.16518652 -0.78246653 0.14814112
v 0.17337857 -0.79090458 0.14381275
v 0.14057539 -0.75073916 0.14372452
v 0.13456343 -0.75493729 0.14367788
v 0.20794581 -0.78176755 0.07476847
v 0.18808421 -0.85124695 0.07480891
v 0.18095686 -0.83937138 0.05170186
v 0.17221040 -0.85120302 0.05286180
v 0.17700471 -0.86270881 0.07748053
v 0.13278636 -0.72619879 0.10628977
v 0.13351400 -0.72971201 0.09441672
v 0.13167512 -0.72357976 0.11608326
v 0.13164528 -0.74207258 0.13235416
v 0.13161083 -0.72293180 0.12407749
v 0.15028904 -0.73846626 0.05820990
v 0.16438922 -0.74563783 0.05227436
v 0.16892008 -0.81966192 0.03923427
v 0.16229275 -0.83238304 0.03827439
v 0.21260083 -0.78984427 0.09463307
v 0.20758884 -0.79300147 0.11314199
v 0.13945353 -0.73570836 0.14200453
v 0.14522080 -0.72776365 0.14722601
v 0.14269951 -0.73961109 0.14494623
v 0.12549309 -0.74030459 0.14003618
v 0.12999491 -0.74510050 0.13487253
v 0.18408675 -0.85375100 0.10098265
v 0.19910181 -0.79142350 0.12673727
v 0.18983158 -0.78522789 0.13640186
v 0.15389191 -0.80396318 0.14706886
v 0.16217890 -0.81630653 0.14067411
v 0.15128390 -0.82072371 0.14330059
v 0.14313129 -0.80661601 0.14957988
v 0.17417146 -0.77276218 0.14734127
v 0.16626510 -0.76395178 0.15037180
v 0.14576577 -0.79211652 0.15101822
v 0.13547638 -0.79361647 0.15319702
v 0.14689443 -0.74379778 0.14759558
v 0.15391566 -0.84226835 0.03896220
v 0.14434159 -0.82270378 0.03073746
v 0.13510504 -0.82932574 0.02924919
v 0.15770356 -0.79996699 0.03344543
v 0.15213862 -0.81235808 0.03167140
v 0.16229916 -0.78568882 0.03618634
v 0.12179086 -0.83672768 0.02676211
v 0.19836353 -0.54202974 0.17100939
v 0.15249698 -0.71910334 0.15068887
v 0.14121890 -0.72188091 0.14483862
v 0.14929970 -0.71221453 0.14922556
v 0.18205769 -0.67780691 0.15460688
v 0.22725186 -0.56038260 0.14998311
v 0.23086648 -0.55321515 0.14835110
v 0.24941763 -0.50688720 0.13507198
v 0.26116657 -0.49147305 0.11004314
v 0.25503850 -0.51026571 0.11743115
v 0.24651963 -0.50967014 0.07551390
v 0.23176795 -0.50604415 0.07129738
v 0.19395474 -0.49135885 0.09095085
v 0.21101883 -0.48845157 0.15119030
v 0.26015139 -0.37209845 0.04536232
v 0.26878881 -0.37215173 0.05228765
v 0.26969928 -0.35283893 0.04456449
v 0.26051983 -0.35254163 0.03910053
v 0.25116289 -0.33170640 0.03318565
v 0.25113297 -0.35065585 0.03924139
v 0.26098797 -0.33334291 0.03109771
v 0.24434613 -0.33005977 0.03947695
v 0.24398986 -0.34830409 0.04426153
v 0.24055988 -0.32789320 0.04814313
v 0.23752382 -0.32455862 0.05673787
v 0.23454192 -0.34212762 0.06048195
v 0.23845094 -0.34539872 0.05186160
v 0.23365542 -0.33875227 0.06949168
v 0.23583329 -0.33637595 0.07878722
v 0.22961447 -0.35375506 0.08376703
v 0.22868353 -0.35653013 0.07350469
v 0.25409001 -0.31962603 0.08551355
v 0.26228434 -0.32181525 0.08561602
v 0.25765958 -0.33882916 0.09397712
v 0.24854168 -0.33623642 0.09320572
v 0.26908702 -0.36320949 0.09386206
v 0.26100588 -0.35999167 0.09983662
v 0.26665062 -0.34184414 0.09073192
v 0.27421913 -0.34511232 0.08544041
v 0.27997738 -0.32749850 0.07865962
v 0.28232935 -0.32988650 0.06912313
v 0.27771604 -0.34699351 0.07667142
v 0.25925857 -0.41012400 0.05913255
v 0.25977185 -0.39124483 0.05227476
v 0.24931434 -0.38911420 0.04993863
v 0.23224491 -0.38240653 0.05907115
v 0.23972258 -0.38600928 0.05293232
v 0.24155986 -0.36701995 0.04869306
v 0.23515639 -0.36367303 0.05542012
v 0.21715303 -0.38843614 0.09256713
v 0.22362605 -0.37430859 0.07730867
v 0.22368136 -0.37092984 0.08834918
v 0.23091741 -0.36004990 0.06389235
v 0.22708274 -0.37849391 0.06743258
v 0.23426147 -0.35251611 0.09340209
v 0.24094976 -0.33537543 0.08748533
v 0.27362093 -0.37017971 0.06282187
v 0.27544874 -0.36786425 0.07401137
v 0.27745071 -0.34888732 0.06562343
v 0.27503985 -0.35110313 0.05454233
v 0.22805852 -0.36986852 0.09879825
v 0.27392077 -0.38719839 0.08283396
v 0.27283567 -0.38956618 0.07113121
v 0.27432761 -0.36547762 0.08501057
v 0.27109471 -0.38438255 0.09417707
v 0.27780297 -0.33289975 0.04638526
v 0.27112710 -0.33496940 0.03677818
v 0.26823884 -0.39134252 0.06001626
v 0.24221675 -0.35344213 0.10025594
v 0.25177145 -0.35636252 0.10243674
v 0.24562030 -0.37397707 0.11037701
v 0.23587044 -0.37087756 0.10692203
v 0.26004088 -0.40067172 0.11251472
v 0.25535905 -0.37799996 0.10861693
v 0.26448303 -0.38152683 0.10311824
v 0.27160051 -0.32432687 0.08313495
v 0.26793352 -0.40414244 0.10381801
v 0.24224713 -0.24564350 0.03380720
v 0.24593100 -0.23709017 0.02851405
v 0.24911058 -0.24189091 0.03427331
v 0.24626330 -0.25257671 0.03698008
v 0.21636426 -0.26272142 0.03267241
v 0.21484202 -0.24849689 0.02841189
v 0.22113049 -0.24397475 0.03620178
v 0.22403207 -0.25696999 0.03983785
v 0.23868740 -0.23878390 0.03052051
v 0.24460834 -0.23350173 0.02370923
v 0.24969640 -0.22747982 0.01634835
v 0.24423072 -0.23399574 0.02127922
v 0.25380963 -0.22953367 0.01127096
v 0.26165450 -0.23742789 0.00792710
v 0.26779473 -0.22518063 0.00582512
v 0.25880131 -0.22263265 0.00669885
v 0.28093252 -0.24432617 0.02524967
v 0.28483671 -0.24543345 0.03596665
v 0.28774363 -0.22911346 0.03328954
v 0.28200066 -0.22860658 0.02309823
v 0.28893602 -0.23368394 0.05455437
v 0.28794509 -0.23032010 0.04347837
v 0.28586519 -0.24697101 0.04528874
v 0.28631204 -0.24923122 0.05483930
v 0.25046855 -0.25607395 0.04277958
v 0.25235546 -0.24517518 0.04102832
v 0.25432521 -0.24565792 0.04661267
v 0.25243163 -0.25641084 0.04904982
v 0.24795580 -0.23635155 0.01539259
v 0.23804815 -0.22930378 0.02283564
v 0.23876461 -0.23061651 0.01850054
v 0.24711077 -0.24182409 0.01158036
v 0.24221145 -0.28899366 0.06188695
v 0.24330385 -0.27771777 0.06253365
v 0.24516053 -0.27528286 0.06993750
v 0.24405551 -0.28779292 0.07039121
v 0.23300162 -0.29253751 0.04342532
v 0.23701210 -0.30190635 0.03262886
v 0.23073502 -0.29338187 0.02772307
v 0.22555405 -0.28520465 0.03996617
v 0.22364947 -0.28124529 0.02392529
v 0.21888578 -0.26726556 0.02163051
v 0.21984613 -0.27468026 0.03647599
v 0.21774119 -0.25124860 0.01919375
v 0.25118965 -0.27855569 0.08156706
v 0.25085622 -0.28836197 0.07936130
v 0.24789587 -0.18181580 0.02048312
v 0.24733037 -0.18070328 0.01466548
v 0.24493319 -0.17766243 0.01564944
v 0.24538758 -0.17903095 0.02113533
v 0.27677345 -0.29310912 0.07687874
v 0.26841655 -0.29149860 0.08128613
v 0.27070290 -0.28448516 0.08164619
v 0.27833712 -0.28604561 0.07554418
v 0.27401534 -0.27555233 0.08265743
v 0.28074890 -0.27707583 0.07416049
v 0.25327209 -0.17345530 0.00894925
v 0.25765446 -0.16990137 0.00998245
v 0.25254795 -0.16686529 0.01266339
v 0.24896216 -0.16999370 0.01103526
v 0.25047863 -0.23182583 0.03066507
v 0.24781176 -0.22833532 0.02332562
v 0.24962023 -0.22034019 0.01811557
v 0.25167245 -0.21380866 0.01443744
v 0.25214207 -0.21185476 0.02029400
v 0.25195941 -0.22051507 0.02644412
v 0.25541651 -0.23328114 0.04058249
v 0.25668806 -0.22208762 0.03831753
v 0.25900930 -0.22572505 0.04571307
v 0.25760528 -0.23606700 0.04806082
v 0.26241946 -0.22841585 0.06562555
v 0.25982779 -0.23623145 0.06710951
v 0.25932121 -0.23722571 0.06084993
v 0.26165575 -0.22771204 0.05850527
v 0.26789480 -0.20349997 0.05164512
v 0.26600429 -0.21068680 0.05375975
v 0.26537430 -0.20982349 0.04861400
v 0.26752615 -0.20255345 0.04720291
v 0.27627403 -0.30076498 0.07804652
v 0.26722860 -0.29881084 0.08125941
v 0.28246740 -0.22932577 0.08487350
v 0.28998297 -0.22718477 0.07613327
v 0.28689319 -0.23880184 0.07501610
v 0.28106087 -0.24132276 0.08340077
v 0.28331342 -0.28649747 0.06649506
v 0.28292024 -0.29420489 0.06858474
v 0.26181120 -0.16722065 0.01385626
v 0.25599778 -0.16472882 0.01669410
v 0.23010951 -0.27165687 0.01220535
v 0.22523586 -0.25288415 0.01134579
v 0.23708269 -0.28656811 0.01602842
v 0.24728596 -0.30427164 0.02447844
v 0.24323136 -0.29621273 0.02108054
v 0.25481498 -0.21538961 0.02961093
v 0.25314617 -0.23699898 0.03767540
v 0.25525454 -0.24636400 0.05132829
v 0.25397649 -0.25010878 0.07377115
v 0.25689638 -0.24339342 0.07412705
v 0.25862396 -0.24461192 0.08165877
v 0.25682956 -0.25207394 0.08336884
v 0.26715571 -0.23085642 0.08499761
v 0.27440703 -0.23086852 0.08811764
v 0.27239916 -0.24032092 0.08766694
v 0.26500857 -0.23803335 0.08553460
v 0.23801000 -0.23106951 0.01341471
v 0.24295747 -0.24556816 0.00801966
v 0.25912869 -0.28993571 0.08262941
v 0.26118642 -0.28204888 0.08451387
v 0.25857866 -0.29811764 0.08092019
v 0.23799898 -0.27864444 0.05235736
v 0.24711946 -0.26763833 0.05106232
v 0.24806540 -0.26738304 0.05604027
v 0.24154165 -0.27905279 0.05742297
v 0.23911829 -0.26048428 0.04124466
v 0.22753853 -0.26782101 0.04330483
v 0.23522365 -0.25115955 0.03918270
v 0.23902324 -0.29080164 0.05413237
v 0.24044661 -0.30049777 0.05289441
v 0.24337813 -0.29885536 0.06154224
v 0.24615155 -0.29760820 0.07053532
v 0.25177690 -0.29740715 0.07780258
v 0.23964974 -0.31055510 0.05383013
v 0.24194878 -0.30810881 0.06233191
v 0.24570906 -0.30643070 0.07111478
v 0.25088742 -0.30575544 0.07797921
v 0.28338262 -0.30303580 0.07055633
v 0.28329822 -0.31375474 0.07396232
v 0.27472961 -0.31075156 0.07998225
v 0.23907654 -0.30211568 0.04320304
v 0.24094675 -0.31295180 0.04445693
v 0.24275495 -0.31503749 0.03476889
v 0.25079751 -0.31610817 0.02801219
v 0.22544684 -0.22810984 0.03170440
v 0.22756138 -0.23405027 0.03396225
v 0.21940750 -0.23624206 0.03176625
v 0.21880229 -0.22936487 0.02824821
v 0.25464964 -0.21440709 0.00890246
v 0.25332928 -0.22147560 0.01161830
v 0.26070789 -0.21396887 0.00508781
v 0.24838474 -0.26571840 0.07335417
v 0.25335467 -0.26880300 0.08329475
v 0.25504258 -0.20943660 0.02486387
v 0.25784510 -0.19639838 0.00557587
v 0.26424152 -0.19372845 0.00529718
v 0.26078433 -0.17791206 0.00745334
v 0.25556090 -0.18086678 0.00702338
v 0.25541174 -0.19837689 0.02449227
v 0.26117957 -0.19536602 0.02658999
v 0.26098359 -0.20195258 0.02670109
v 0.25604326 -0.20476669 0.02369648
v 0.26713243 -0.20642614 0.05893104
v 0.26618111 -0.21266967 0.06070672
v 0.27838442 -0.21445817 0.00929801
v 0.27762586 -0.22856921 0.01158911
v 0.27949628 -0.21223384 0.02175429
v 0.26377368 -0.21873713 0.05613494
v 0.26069081 -0.22710603 0.05243574
v 0.26263201 -0.21789938 0.05061728
v 0.26011792 -0.20832866 0.03321332
v 0.25801045 -0.21443564 0.03631492
v 0.25671327 -0.21204299 0.03106833
v 0.25805905 -0.20771194 0.02830944
v 0.27926838 -0.25372720 0.08333808
v 0.26834553 -0.25139719 0.08868463
v 0.24917316 -0.17755383 0.01068823
v 0.24608260 -0.17443740 0.01259112
v 0.26501617 -0.30799556 0.08151148
v 0.25717521 -0.30614400 0.08105002
v 0.25868896 -0.23730701 0.05439477
v 0.27400085 -0.24265748 0.01468480
v 0.25588453 -0.24703580 0.05672134
v 0.27437249 -0.20621002 0.06641172
v 0.27989164 -0.20441353 0.06317016
v 0.28404391 -0.21234214 0.06303570
v 0.27677506 -0.21192575 0.06866750
v 0.25162393 -0.18038726 0.02444728
v 0.25640035 -0.17703462 0.02622660
v 0.25885928 -0.18328720 0.02581015
v 0.25336391 -0.18614638 0.02462800
v 0.25077170 -0.20028764 0.01485050
v 0.25165266 -0.19996327 0.02041246
v 0.25316024 -0.20693743 0.01964569
v 0.25212705 -0.20802510 0.01402345
v 0.25492439 -0.20765847 0.00879858
v 0.25354254 -0.19876450 0.00929333
v 0.27159679 -0.19181800 0.01701318
v 0.26785839 -0.19212073 0.02378333
v 0.26431531 -0.17854786 0.02416521
v 0.26674724 -0.17539638 0.01815109
v 0.28503162 -0.26377070 0.05539538
v 0.28454337 -0.26483029 0.06493840
v 0.28584099 -0.25063580 0.06490740
v 0.28814182 -0.23579687 0.06527480
v 0.28807116 -0.22191101 0.06575756
v 0.29099539 -0.21917510 0.05401045
v 0.28421301 -0.25221330 0.07363403
v 0.27558309 -0.20273376 0.02615139
v 0.26981562 -0.20238847 0.02750931
v 0.27386138 -0.20242125 0.01851546
v 0.25621331 -0.24702221 0.06441227
v 0.25090903 -0.18438822 0.00990359
v 0.26915753 -0.29649192 0.02554536
v 0.27907699 -0.29611218 0.03525952
v 0.27954808 -0.28594053 0.03403655
v 0.26717025 -0.28745341 0.02246679
v 0.24943694 -0.18736029 0.02077341
v 0.24815649 -0.18694967 0.01504810
v 0.26937091 -0.20609301 0.06782857
v 0.26792678 -0.21118128 0.07056336
v 0.26656559 -0.21307760 0.06708574
v 0.26734033 -0.20673704 0.06448823
v 0.28293890 -0.26563048 0.07340345
v 0.28648084 -0.21801728 0.07819894
v 0.27744335 -0.21868628 0.08687660
v 0.28447580 -0.28666741 0.05590491
v 0.28391254 -0.27707690 0.06532870
v 0.28457713 -0.27661079 0.05564140
v 0.28610840 -0.21299779 0.04200348
v 0.28492069 -0.26189876 0.04673429
v 0.28423840 -0.27537239 0.04726009
v 0.28373113 -0.28675383 0.04654033
v 0.28352800 -0.29595339 0.04691367
v 0.28459933 -0.29514658 0.05700774
v 0.26304018 -0.16872215 0.02072772
v 0.26536790 -0.17552012 0.01147313
v 0.28480393 -0.30469781 0.05893555
v 0.28496420 -0.31615442 0.06310514
v 0.28346613 -0.30563480 0.04834658
v 0.28299087 -0.31728989 0.05230092
v 0.28277415 -0.27415437 0.03828768
v 0.27830702 -0.27332741 0.02871457
v 0.28370133 -0.26051766 0.03793083
v 0.27980042 -0.25884879 0.02762388
v 0.28886810 -0.21330094 0.03051390
v 0.25206131 -0.17466217 0.02843609
v 0.24607074 -0.16859072 0.03200722
v 0.24886978 -0.16559446 0.03050053
v 0.25497943 -0.17017305 0.02751458
v 0.26058209 -0.17290318 0.02546664
v 0.25623804 -0.16654372 0.02408224
v 0.27101111 -0.25721711 0.01627035
v 0.26246172 -0.20329070 0.03149023
v 0.26370007 -0.27258515 0.01623715
v 0.26012602 -0.25033557 0.00724182
v 0.25293842 -0.25907648 0.00633381
v 0.25182751 -0.28901923 0.01469657
v 0.24480748 -0.27515233 0.00830409
v 0.25891995 -0.30495065 0.02332264
v 0.25644216 -0.29723573 0.02049336
v 0.26057780 -0.31686085 0.02628769
v 0.23733923 -0.25780851 0.00559485
v 0.23985261 -0.17341989 0.01897594
v 0.24066871 -0.17470831 0.02445716
v 0.27164954 -0.31780505 0.03037949
v 0.27027401 -0.30512166 0.02731298
v 0.23107524 -0.24105412 0.03681853
v 0.25292063 -0.25669664 0.05843434
v 0.25234786 -0.25650203 0.06475610
v 0.25137174 -0.25714624 0.07363197
v 0.25554401 -0.25966793 0.08406988
v 0.27985352 -0.31804252 0.04038325
v 0.23860139 -0.32157230 0.06538980
v 0.24225080 -0.31964219 0.07409877
v 0.28069192 -0.33127844 0.05801444
v 0.24128592 -0.16954231 0.01532441
v 0.27202448 -0.19884723 0.04717256
v 0.27216348 -0.19967389 0.04838572
v 0.21521246 -0.23886436 0.02495163
v 0.21646522 -0.23075593 0.02187610
v 0.21699546 -0.23973513 0.01621757
v 0.22420707 -0.24023193 0.00962518
v 0.22526957 -0.22990263 0.01077778
v 0.21874987 -0.23012525 0.01596475
v 0.24835652 -0.26648307 0.06050612
v 0.24861532 -0.26539993 0.06606656
v 0.26678437 -0.26251942 0.08842662
v 0.27715981 -0.26513118 0.08315666
v 0.26043385 -0.20627129 0.00481966
v 0.26880354 -0.21360224 0.00429542
v 0.26703435 -0.20463741 0.00470553
v 0.27007923 -0.19289738 0.00937288
v 0.26807445 -0.19969690 0.02473039
v 0.26568642 -0.20147574 0.02831523
v 0.23297128 -0.27479780 0.04759791
v 0.24387893 -0.26573670 0.04537446
v 0.23559746 -0.23398954 0.02948412
v 0.23362172 -0.22868830 0.02964478
v 0.26040834 -0.21692938 0.04352656
v 0.28108537 -0.20020282 0.03901325
v 0.28216732 -0.20242745 0.03080094
v 0.26288864 -0.20940346 0.04102942
v 0.24666661 -0.16202950 0.01606071
v 0.24333876 -0.16543692 0.01440370
v 0.27385885 -0.20430875 0.00892956
v 0.26441184 -0.22028941 0.06323016
v 0.28164947 -0.20342541 0.04667297
v 0.27740645 -0.19810504 0.04407279
v 0.27253896 -0.22425318 0.08772232
v 0.27932537 -0.30529284 0.03669377
v 0.24287891 -0.17334235 0.02929825
v 0.24824363 -0.17827988 0.02616787
v 0.24953908 -0.16255033 0.02684987
v 0.24945951 -0.16184628 0.02088055
v 0.26412982 -0.27251273 0.08675192
v 0.25297749 -0.25654662 0.05375978
v 0.24737518 -0.31893033 0.08151187
v 0.23296893 -0.23018879 0.00931448
v 0.23417816 -0.24288577 0.00770439
v 0.26504281 -0.20382422 0.03964020
v 0.28286839 -0.21462524 0.07174757
v 0.28283936 -0.20047534 0.05596068
v 0.27953270 -0.19798285 0.04929323
v 0.28710186 -0.20917773 0.05477053
v 0.27438197 -0.19714057 0.04795272
v 0.24461454 -0.15784764 0.02879544
v 0.24474514 -0.15744293 0.02335083
v 0.24240088 -0.15849984 0.01811294
v 0.23988318 -0.16233784 0.01658478
v 0.23796254 -0.16655952 0.01792338
v 0.24350941 -0.16020286 0.03246599
v 0.24143833 -0.16380388 0.03370760
v 0.23965675 -0.16952032 0.03143078
v 0.23813176 -0.15702808 0.03381518
v 0.23824257 -0.15324211 0.03014299
v 0.23365206 -0.15224928 0.02219017
v 0.22984064 -0.15072489 0.02281395
v 0.22943175 -0.15352869 0.02035962
v 0.23562181 -0.15482903 0.01969337
v 0.22452432 -0.15161580 0.02237147
v 0.22544718 -0.14854896 0.02428609
v 0.23577332 -0.15148288 0.02488343
v 0.23146540 -0.14912748 0.02647025
v 0.22739315 -0.14785159 0.03184307
v 0.22673434 -0.14676356 0.02804263
v 0.23185366 -0.15014172 0.03031343
v 0.23556846 -0.15143967 0.02851011
v 0.23912215 -0.15348083 0.02435985
v 0.22277194 -0.14508575 0.02906981
v 0.22013700 -0.14727616 0.02999242
v 0.22099376 -0.14937854 0.02522437
v 0.22258896 -0.14696395 0.02561449
v 0.23505807 -0.16046506 0.01809385
v 0.22872019 -0.15759534 0.02012128
v 0.22363663 -0.15522218 0.02289739
v 0.22015154 -0.15276915 0.02614852
v 0.22288918 -0.15807301 0.02488737
v 0.22750986 -0.16113812 0.02205499
v 0.22039860 -0.15577710 0.02786437
v 0.22258186 -0.15968943 0.02781624
v 0.22671789 -0.16337025 0.02555425
v 0.23409683 -0.16773129 0.02284572
v 0.23452866 -0.16492140 0.01933372
v 0.22096735 -0.15748769 0.02924371
v 0.21944690 -0.15052611 0.03086177
v 0.23285753 -0.15165591 0.03300776
v 0.22744334 -0.14982176 0.03425924
v 0.23219091 -0.15411007 0.03508825
v 0.22693646 -0.15223831 0.03565235
v 0.22422910 -0.14591545 0.03245677
v 0.22291964 -0.14771855 0.03415332
v 0.23705381 -0.17000347 0.02124912
v 0.23789662 -0.17077965 0.02686787
v 0.23426974 -0.16823095 0.02835487
v 0.22705770 -0.16394973 0.03065807
v 0.23531711 -0.16549563 0.03264409
v 0.23641074 -0.16026092 0.03449774
v 0.23090237 -0.15724707 0.03578321
v 0.22900653 -0.16121459 0.03453165
v 0.22437876 -0.15799427 0.03490938
v 0.22556394 -0.15519559 0.03607174
v 0.22293925 -0.15962327 0.03169011
v 0.22199202 -0.15392262 0.03493336
v 0.22228378 -0.15072006 0.03495949
v 0.22211230 -0.15616256 0.03425987
v 0.22112411 -0.15670270 0.03181626
v 0.22014385 -0.15402091 0.03161521
v 0.25446606 -0.17848045 0.04171829
v 0.25359017 -0.17840058 0.03635202
v 0.24836123 -0.17409948 0.03847596
v 0.24946964 -0.17446175 0.04397548
v 0.25749373 -0.17252100 0.02880865
v 0.26202661 -0.16823947 0.02845078
v 0.25526261 -0.16338319 0.03085421
v 0.25099516 -0.16810954 0.03153411
v 0.26684022 -0.16547531 0.03353670
v 0.25989807 -0.16136396 0.03589333
v 0.26653701 -0.19364065 0.02829140
v 0.27225149 -0.19181371 0.02696811
v 0.26749343 -0.17597353 0.02692141
v 0.26229659 -0.17970926 0.02765164
v 0.26581523 -0.19480646 0.04583342
v 0.26955512 -0.19149351 0.04735190
v 0.25475299 -0.17618591 0.03204226
v 0.24889779 -0.17171505 0.03450536
v 0.25679237 -0.17650396 0.04577104
v 0.26027846 -0.17340219 0.04790074
v 0.26508805 -0.17924923 0.04652869
v 0.26119503 -0.18257982 0.04493451
v 0.26075062 -0.19739527 0.03431366
v 0.26290271 -0.19635040 0.04051843
v 0.26274115 -0.19579315 0.03043110
v 0.27864873 -0.18830937 0.03877991
v 0.27506125 -0.18816882 0.04442289
v 0.26960826 -0.17564082 0.04514300
v 0.27269137 -0.17303854 0.03962155
v 0.25920042 -0.18281984 0.03072018
v 0.25834030 -0.18461382 0.04057266
v 0.25733098 -0.18477511 0.03500740
v 0.26643974 -0.16596085 0.04153663
v 0.27253342 -0.17378837 0.03192215
v 0.25456142 -0.16953361 0.05058368
v 0.24720150 -0.16423941 0.05353475
v 0.24904776 -0.16039783 0.05129929
v 0.25682569 -0.16540441 0.04888673
v 0.26325834 -0.16957533 0.04639543
v 0.25941271 -0.16208345 0.04402101
v 0.24041945 -0.16898039 0.04290828
v 0.24207449 -0.16950619 0.04850151
v 0.24020833 -0.16659671 0.03897795
v 0.27818337 -0.18973839 0.03091014
v 0.24520862 -0.15853447 0.03614180
v 0.24179798 -0.16299650 0.03660698
v 0.24434716 -0.16735423 0.05236034
v 0.25143480 -0.17236075 0.04828010
v 0.25012481 -0.15748405 0.04716557
v 0.24936366 -0.15659061 0.04045460
v 0.24307150 -0.15467188 0.04997500
v 0.24181432 -0.15224487 0.04413690
v 0.23854589 -0.15413854 0.04021640
v 0.23650390 -0.15927637 0.03979369
v 0.23602539 -0.16338989 0.04161569
v 0.24242693 -0.15667915 0.05320583
v 0.24162573 -0.15982527 0.05491901
v 0.24020410 -0.16421765 0.05399115
v 0.23520613 -0.15505552 0.05657805
v 0.23427010 -0.15156728 0.05384270
v 0.22457170 -0.15092587 0.04887284
v 0.21964180 -0.15008844 0.05098784
v 0.21909833 -0.15307361 0.04955715
v 0.22438282 -0.15309818 0.04649363
v 0.22840577 -0.15098204 0.04770708
v 0.23056424 -0.15243225 0.04456279
v 0.23020697 -0.15057731 0.05047192
v 0.22602600 -0.14947364 0.05248608
v 0.22254193 -0.14937535 0.05838747
v 0.22079104 -0.14780721 0.05479707
v 0.22743654 -0.15110716 0.05579174
v 0.23080730 -0.15161939 0.05365942
v 0.21523577 -0.15214986 0.05340902
v 0.21608305 -0.14952065 0.05312794
v 0.23435950 -0.15091369 0.04843649
v 0.23137081 -0.15767604 0.04264067
v 0.22449803 -0.15705100 0.04598776
v 0.21896583 -0.15652324 0.04998468
v 0.21544999 -0.15550090 0.05433053
v 0.21942890 -0.15963131 0.05149454
v 0.22488695 -0.16095288 0.04762501
v 0.21688277 -0.15814409 0.05533443
v 0.22050512 -0.16157670 0.05430221
v 0.22582585 -0.16379952 0.05100037
v 0.23351264 -0.16475698 0.04720577
v 0.23214799 -0.16204283 0.04383727
v 0.21833992 -0.15970367 0.05619150
v 0.21463072 -0.15023857 0.05793983
v 0.21521503 -0.15380906 0.05859974
v 0.21587706 -0.14695293 0.05674572
v 0.22840106 -0.15316270 0.05747590
v 0.22285694 -0.15196690 0.05979587
v 0.22898936 -0.15525006 0.05952317
v 0.22307795 -0.15393697 0.06133029
v 0.21855068 -0.14811030 0.05970804
v 0.21811962 -0.15037611 0.06085445
v 0.23689967 -0.16567963 0.04522923
v 0.23849463 -0.16632307 0.05023643
v 0.23524272 -0.16562036 0.05194875
v 0.22763157 -0.16411191 0.05557439
v 0.23658741 -0.16388226 0.05599380
v 0.23619950 -0.16001782 0.05776143
v 0.22946060 -0.15833908 0.06016112
v 0.22918212 -0.16189416 0.05902813
v 0.22341663 -0.15962259 0.06068096
v 0.22337496 -0.15640292 0.06148844
v 0.22206843 -0.16177103 0.05794846
v 0.21924388 -0.15589885 0.06141127
v 0.21833473 -0.15310767 0.06147611
v 0.22030842 -0.15833570 0.06077486
v 0.21889651 -0.15925787 0.05867393
v 0.21678895 -0.15676215 0.05878840
v 0.25457436 -0.18734789 0.06156298
v 0.25521618 -0.18506211 0.05648626
v 0.25081074 -0.18210143 0.05778764
v 0.25029624 -0.18509755 0.06282128
v 0.26015985 -0.17817959 0.05276041
v 0.26401979 -0.17612243 0.05419027
v 0.25750136 -0.17283389 0.05701804
v 0.25469238 -0.17476693 0.05514725
v 0.26659042 -0.17560571 0.06035561
v 0.25927240 -0.17245659 0.06202219
v 0.27044070 -0.19282800 0.04959293
v 0.27532935 -0.19119430 0.05080552
v 0.26922095 -0.18096942 0.05249441
v 0.26467997 -0.18286222 0.05106074
v 0.25703686 -0.18156955 0.05374970
v 0.25232089 -0.17808509 0.05561406
v 0.25513160 -0.18734592 0.06643780
v 0.25705743 -0.18568021 0.06927992
v 0.26211184 -0.19028056 0.06825211
v 0.25975388 -0.19180346 0.06554790
v 0.26459473 -0.20126587 0.05935979
v 0.26528025 -0.19916731 0.05422785
v 0.26710671 -0.19614661 0.05105274
v 0.27620590 -0.19477522 0.06427746
v 0.27145243 -0.19827574 0.06728820
v 0.26595914 -0.18724340 0.06912229
v 0.27050811 -0.18341988 0.06561384
v 0.26120925 -0.18628341 0.05262647
v 0.25805748 -0.19196796 0.06063177
v 0.25892925 -0.18973333 0.05557548
v 0.26492089 -0.17838675 0.06702459
v 0.27195245 -0.18144721 0.05843566
v 0.25336057 -0.18354142 0.07119218
v 0.24497300 -0.17686924 0.07309805
v 0.24706817 -0.17313254 0.07298948
v 0.25612462 -0.17931193 0.07139973
v 0.26122028 -0.18303436 0.07038115
v 0.25885147 -0.17503533 0.06808690
v 0.24309582 -0.17786139 0.06045876
v 0.24273324 -0.18009499 0.06522363
v 0.24465096 -0.17397568 0.05842835
v 0.27818614 -0.19190085 0.05697905
v 0.26693755 -0.20089495 0.06778760
v 0.24834788 -0.16776267 0.05966327
v 0.24630260 -0.17059296 0.05802926
v 0.24320376 -0.17952460 0.07032458
v 0.25144786 -0.18543217 0.06789906
v 0.24936831 -0.16945651 0.07002826
v 0.25021452 -0.16697568 0.06422568
v 0.24211568 -0.16580129 0.07063049
v 0.24334973 -0.16366276 0.06522383
v 0.24172872 -0.16477180 0.06038990
v 0.24037385 -0.16804680 0.05890527
v 0.23947346 -0.17160273 0.05941516
v 0.23978800 -0.16976708 0.07328258
v 0.23855263 -0.17269793 0.07292515
v 0.23852658 -0.17631182 0.07054578
v 0.23464775 -0.16915160 0.07345474
v 0.23518151 -0.16445786 0.07072426
v 0.22809780 -0.16089037 0.06265862
v 0.22326243 -0.15904599 0.06293546
v 0.22300231 -0.16069245 0.06120402
v 0.22826028 -0.16196606 0.06066312
v 0.23210907 -0.16132423 0.06279875
v 0.23463804 -0.16243386 0.06113338
v 0.23315561 -0.16134900 0.06585497
v 0.22875214 -0.15960440 0.06636856
v 0.22417730 -0.16033146 0.07068393
v 0.22383565 -0.15781790 0.06676075
v 0.22902942 -0.16244435 0.07018434
v 0.23285013 -0.16293022 0.06921914
v 0.21899599 -0.15920570 0.06280851
v 0.22006226 -0.15779015 0.06367144
v 0.23669195 -0.16246793 0.06564400
v 0.23472828 -0.16623715 0.05916990
v 0.22827888 -0.16487184 0.05959889
v 0.22260743 -0.16352659 0.06052762
v 0.21855730 -0.16252485 0.06271671
v 0.22272974 -0.16661996 0.06150109
v 0.22810513 -0.16833887 0.06035683
v 0.21920824 -0.16559941 0.06353411
v 0.22270924 -0.16903552 0.06352584
v 0.22778052 -0.17149252 0.06243017
v 0.23448187 -0.17358479 0.06204456
v 0.23453236 -0.17012581 0.05974926
v 0.22024333 -0.16744688 0.06463236
v 0.21769589 -0.15854961 0.06707324
v 0.21708864 -0.16222191 0.06738098
v 0.21968430 -0.15658715 0.06695543
v 0.22932583 -0.16449326 0.07256544
v 0.22398049 -0.16242707 0.07255989
v 0.22881627 -0.16725811 0.07371069
v 0.22348875 -0.16492450 0.07338311
v 0.22082955 -0.15853769 0.07019004
v 0.21995014 -0.16017625 0.07108647
v 0.23894751 -0.17498451 0.06167450
v 0.23881519 -0.17706594 0.06588991
v 0.23468459 -0.17564663 0.06580120
v 0.22756112 -0.17331266 0.06642352
v 0.23477012 -0.17556369 0.07034335
v 0.23377186 -0.17236510 0.07316607
v 0.22895557 -0.17028823 0.07355087
v 0.22808969 -0.17275804 0.07104659
v 0.22299308 -0.17007259 0.07095179
v 0.22317284 -0.16770121 0.07284273
v 0.22256881 -0.17049506 0.06711562
v 0.21975428 -0.16605622 0.07111238
v 0.21943724 -0.16311854 0.07169114
v 0.22042316 -0.16813451 0.07013606
v 0.21976626 -0.16783354 0.06730947
v 0.21816140 -0.16548297 0.06737649
v 0.26548499 -0.20134926 0.06409561
v 0.25934958 -0.20024419 0.07874003
v 0.25985855 -0.19828251 0.07488406
v 0.25695211 -0.19709933 0.07517633
v 0.25669414 -0.19938198 0.07893500
v 0.26501989 -0.19182038 0.07215154
v 0.26702309 -0.18923953 0.07466382
v 0.26139313 -0.18751809 0.07607892
v 0.25970691 -0.18981236 0.07322672
v 0.26716989 -0.18946701 0.07999888
v 0.26169962 -0.18798470 0.08101490
v 0.27387568 -0.20701844 0.07007256
v 0.27824914 -0.20678061 0.07278785
v 0.27220416 -0.19453901 0.07381311
v 0.26930404 -0.19668549 0.07115814
v 0.26198304 -0.21104139 0.08355233
v 0.26477855 -0.21019685 0.08669624
v 0.26781851 -0.21734411 0.08724657
v 0.26591769 -0.22043240 0.08424863
v 0.26260847 -0.19540957 0.07228747
v 0.25805771 -0.19354394 0.07330120
v 0.25928169 -0.20112306 0.08260292
v 0.26017982 -0.20030805 0.08599955
v 0.26236218 -0.20182082 0.08657444
v 0.26071069 -0.20316780 0.08293054
v 0.26404673 -0.21044064 0.07584685
v 0.26153946 -0.21022606 0.07932252
v 0.26392582 -0.21939927 0.07975757
v 0.26547700 -0.21607178 0.07493307
v 0.26763386 -0.20824438 0.07294708
v 0.27477869 -0.20780027 0.08585012
v 0.26909769 -0.20903718 0.08748278
v 0.26603004 -0.19927964 0.08764264
v 0.27009389 -0.19597581 0.08486444
v 0.26526529 -0.19856918 0.07205445
v 0.26131856 -0.20296627 0.07872143
v 0.26205495 -0.20064291 0.07488397
v 0.26523846 -0.19295046 0.08485097
v 0.27308998 -0.19415981 0.07921490
v 0.25678605 -0.19957343 0.08648556
v 0.25051087 -0.19649351 0.08759907
v 0.25154710 -0.19348586 0.08869520
v 0.25862575 -0.19594526 0.08787909
v 0.26206392 -0.19682857 0.08732614
v 0.26044512 -0.19146073 0.08589470
v 0.25035709 -0.19473344 0.07641762
v 0.25029719 -0.19717434 0.08007848
v 0.25123543 -0.19131178 0.07496744
v 0.28005037 -0.20743617 0.07893932
v 0.25364900 -0.18548471 0.07761201
v 0.25217795 -0.18783081 0.07509476
v 0.25029141 -0.19787723 0.08421344
v 0.25638574 -0.20038635 0.08292353
v 0.25321424 -0.18977672 0.08717352
v 0.25440079 -0.18622363 0.08248293
v 0.24753672 -0.18788308 0.08771127
v 0.24924165 -0.18399215 0.08324641
v 0.24899882 -0.18385643 0.07853130
v 0.24816918 -0.18624079 0.07605016
v 0.24741101 -0.18957606 0.07573557
v 0.24589223 -0.19170153 0.08905110
v 0.24539798 -0.19433063 0.08746797
v 0.24593824 -0.19535410 0.08423027
v 0.24091369 -0.18926841 0.08894783
v 0.24195629 -0.18465990 0.08812642
v 0.23928618 -0.17885748 0.08023950
v 0.23598450 -0.17694592 0.07995436
v 0.23556489 -0.17793620 0.07830113
v 0.23972267 -0.17964575 0.07829326
v 0.24252588 -0.18017653 0.08118615
v 0.24449658 -0.18145892 0.07968447
v 0.24257547 -0.18092149 0.08411160
v 0.23919344 -0.17862865 0.08388653
v 0.23365891 -0.17883208 0.08704102
v 0.23562509 -0.17615092 0.08392370
v 0.23738021 -0.18079081 0.08730525
v 0.24071044 -0.18207869 0.08686912
v 0.23188490 -0.17616269 0.07935464
v 0.23329699 -0.17517248 0.08038789
v 0.24499685 -0.18246278 0.08396325
v 0.24456525 -0.18408975 0.07689282
v 0.23948455 -0.18150234 0.07684427
v 0.23431551 -0.17948928 0.07715413
v 0.23041499 -0.17835981 0.07895407
v 0.23399055 -0.18214101 0.07731718
v 0.23917401 -0.18434477 0.07664952
v 0.23059720 -0.18102795 0.07906830
v 0.23398703 -0.18458891 0.07831675
v 0.23881155 -0.18736637 0.07758904
v 0.24386132 -0.19069478 0.07738534
v 0.24429137 -0.18734786 0.07635623
v 0.23135620 -0.18292496 0.07929310
v 0.22972929 -0.17608759 0.08301774
v 0.22875166 -0.17873168 0.08222005
v 0.23215270 -0.17457196 0.08383566
v 0.23652649 -0.18315679 0.08864698
v 0.23226517 -0.18079910 0.08801630
v 0.23604506 -0.18623814 0.08858588
v 0.23140430 -0.18318406 0.08741304
v 0.23149115 -0.17689627 0.08638084
v 0.22984403 -0.17831448 0.08623508
v 0.24673909 -0.19280598 0.07708275
v 0.24639654 -0.19493893 0.08040273
v 0.24298114 -0.19319236 0.08029652
v 0.23793381 -0.18981415 0.08011901
v 0.24188101 -0.19359702 0.08410105
v 0.24099082 -0.19233474 0.08731106
v 0.23597175 -0.18871486 0.08688837
v 0.23653942 -0.19029334 0.08379644
v 0.23212874 -0.18661207 0.08320719
v 0.23145628 -0.18530104 0.08569714
v 0.23318100 -0.18632066 0.08030957
v 0.22934353 -0.18254626 0.08374569
v 0.22896355 -0.18056345 0.08513108
v 0.23022187 -0.18404093 0.08256802
v 0.23053098 -0.18342602 0.08084992
v 0.22920167 -0.18121114 0.08147699
v 0.27113521 -0.21566701 0.08795300
v 0.23745854 -0.21808225 0.02083582
v 0.23596726 -0.21827352 0.01588212
v 0.22371426 -0.22033912 0.03065377
v 0.23085400 -0.21897852 0.02999029
v 0.21808004 -0.22088939 0.02748484
v 0.21947217 -0.21995622 0.01669487
v 0.21733589 -0.22057503 0.02194656
v 0.23561037 -0.21809703 0.02582879
v 0.23212904 -0.21857429 0.01195899
v 0.22489914 -0.21925479 0.01221298
v 0.22748978 -0.20871788 0.01275197
v 0.22132020 -0.20975327 0.01386835
v 0.21635261 -0.21167952 0.01971708
v 0.21574354 -0.21292812 0.02451286
v 0.21733886 -0.21450078 0.02921474
v 0.23321535 -0.20896113 0.01516793
v 0.23576310 -0.20957071 0.02005656
v 0.23437542 -0.21128756 0.02524465
v 0.22897163 -0.20022255 0.01419692
v 0.22132185 -0.19626218 0.01137306
v 0.20850076 -0.19423378 0.01692460
v 0.20707667 -0.19001633 0.01606725
v 0.20781796 -0.19092619 0.02066778
v 0.20870388 -0.19616032 0.02146186
v 0.21031946 -0.19674748 0.01691442
v 0.21087736 -0.20098698 0.02002870
v 0.21127364 -0.19212747 0.01139433
v 0.21342506 -0.19520354 0.01328370
v 0.21688424 -0.19330341 0.01058234
v 0.21672019 -0.18985564 0.00914241
v 0.20928505 -0.18794370 0.01039251
v 0.20897602 -0.18411124 0.01132797
v 0.20682517 -0.18630970 0.01521342
v 0.20822453 -0.18592316 0.01821033
v 0.21548855 -0.19873321 0.01420878
v 0.21306433 -0.20579362 0.02666318
v 0.21103783 -0.19816875 0.02629280
v -0.04353802 -0.85898173 0.11521048
v -0.04281006 -0.87096447 0.11193521
v 0.21053149 -0.19127202 0.02459584
v 0.21154532 -0.18583024 0.02118015
v 0.21530992 -0.19155914 0.02702338
v 0.21575481 -0.19893140 0.03027560
v 0.21586493 -0.18692511 0.02320115
v 0.21959189 -0.19148600 0.02717569
v 0.22124515 -0.19880033 0.03054753
v 0.22262758 -0.20983785 0.03243244
v 0.21643783 -0.20888215 0.03114640
v 0.21875501 -0.18778574 0.02449195
v 0.21089469 -0.18181944 0.01393133
v 0.21465689 -0.18234748 0.01698511
v 0.22149003 -0.18990445 0.01034873
v 0.21949357 -0.18512243 0.00961752
v 0.21489930 -0.18601412 0.00821733
v 0.22619897 -0.19146621 0.01289596
v 0.22320282 -0.18542212 0.01259056
v 0.21275441 -0.18331325 0.00886667
v 0.21581756 -0.18195230 0.01047941
v 0.22300994 -0.21482038 0.03155556
v 0.22968405 -0.21310085 0.02978352
v 0.22912823 -0.20790648 0.02965526
v 0.22642855 -0.19764584 0.02748530
v 0.23334201 -0.20468122 0.02434795
v 0.23312958 -0.20211971 0.01799949
v 0.22930922 -0.19293976 0.01674737
v 0.22968981 -0.19538110 0.02220868
v 0.22548692 -0.18876278 0.02035662
v 0.22531132 -0.18680334 0.01649981
v 0.22315368 -0.19042677 0.02411269
v 0.22148934 -0.18419838 0.01727813
v 0.21913348 -0.18243289 0.01389717
v 0.22258171 -0.18621737 0.01967957
v 0.22057709 -0.18671983 0.02164635
v 0.21809822 -0.18431497 0.01969348
v 0.26714548 -0.22540975 0.08430035
v 0.26469237 -0.22402024 0.07875445
v 0.26412588 -0.22985160 0.07927047
v 0.26122874 -0.23660040 0.08057235
v 0.26267982 -0.24467868 0.08602552
v 0.26001602 -0.23599499 0.07375905
v 0.26284099 -0.22871435 0.07265690
v 0.26438707 -0.22047871 0.07111779
v 0.25737679 -0.24211782 0.06844938
v 0.01756056 -0.83277947 -0.02731252
v 0.02088280 -0.81628877 -0.03408789
v 0.17013977 -0.67177892 0.06891407
v 0.18400718 -0.67984092 0.06780402
v 0.21520704 -0.69855106 0.10680367
v 0.21381353 -0.70253283 0.12673394
v 0.07329218 -0.51279986 -0.06092039
v 0.08463465 -0.57171166 0.11709473
v 0.08820456 -0.59471869 0.12421227
v 0.01261950 -0.59246433 0.13050312
v 0.03160955 -0.58780944 0.13358290
v 0.13289739 -0.54828739 0.02745045
v 0.13417009 -0.57047397 0.02857520
v 0.10406271 -0.53778952 -0.02811704
v 0.10626618 -0.56118155 -0.02715215
v 0.12742886 -0.52267385 0.00470713
v 0.05228709 -0.53246975 0.12221377
v 0.07041332 -0.53002274 0.11862013
v 0.06763078 -0.55316871 0.12031519
v 0.05027805 -0.55703181 0.12635854
v -0.00482231 -0.59625560 0.12246034
v -0.00431415 -0.56828356 0.11826041
v 0.13773108 -0.59683979 0.05207247
v 0.13304520 -0.60010141 0.07552657
v 0.10998324 -0.60947698 0.11635352
v 0.09387892 -0.61680341 0.13098109
v 0.07537920 -0.62582278 0.13968164
v 0.05486645 -0.63502967 0.14370593
v 0.09414214 -0.58400971 -0.04180783
v 0.07913366 -0.60748017 -0.05328609
v 0.13554977 -0.59405667 0.02863101
v 0.04146675 -0.58191836 -0.07301623
v 0.03411129 -0.67045152 0.14930326
v 0.01048594 -0.67459214 0.14599995
v 0.12326153 -0.60425097 0.09719659
v 0.04194584 -0.77249771 -0.04675374
v 0.05853645 -0.77657092 -0.04133979
v 0.05950399 -0.75979376 -0.04852774
v 0.04302564 -0.75487286 -0.05280621
v 0.07507525 -0.76228708 -0.04264024
v 0.08936604 -0.76362884 -0.03564875
v 0.10214495 -0.76409370 -0.02825185
v 0.13094494 -0.75826710 -0.00596185
v 0.12300682 -0.76144761 -0.01338147
v 0.14079991 -0.74753720 0.01173940
v 0.13680872 -0.75366485 0.00227529
v 0.14184622 -0.73913246 0.02343933
v 0.13947937 -0.72893614 0.03583225
v 0.13877994 -0.73083258 0.05616760
v 0.13854773 -0.71863741 0.04915472
v 0.13810195 -0.71598232 0.02721057
v 0.13907048 -0.72681642 0.01653957
v 0.13816592 -0.73511267 0.00563142
v 0.03264496 -0.68140811 -0.06144527
v 0.02915438 -0.70820016 -0.06170693
v 0.01437920 -0.84897685 -0.02115465
v 0.22091597 -0.47063857 0.14596261
v 0.25021207 -0.36975938 0.04414414
v -0.02387277 -0.87544501 0.11897469
v -0.00171592 -0.88109845 0.12757507
v 0.07277998 -0.88642800 0.13729465
v 0.10058524 -0.89110416 0.12430108
v 0.04628368 -0.88158464 0.14303368
v 0.02072144 -0.87575597 0.14008686
v 0.12911817 -0.61499655 0.00591644
v -0.00362203 -0.84284294 0.13970108
v 0.02094612 -0.86389172 0.14581385
v 0.04784356 -0.86980617 0.14954554
v 0.07906313 -0.87370366 0.14643638
v 0.11401697 -0.87573844 0.13469952
v 0.13454683 -0.86706936 0.13116798
v 0.14901349 -0.83896989 0.13753189
v 0.17233378 -0.82732463 0.13104999
v 0.18376102 -0.83737749 0.11863285
v 0.17229572 -0.84586114 0.12154301
v 0.16032755 -0.83432180 0.13449235
v 0.20646153 -0.73552573 0.12982249
v 0.19737929 -0.70818758 0.14457901
v 0.20490646 -0.71879923 0.13634254
v 0.18573062 -0.70043069 0.15025988
v 0.17792471 -0.69691753 0.15304343
v 0.16880712 -0.69684255 0.15383631
v 0.15833586 -0.70324498 0.15224841
v 0.13489328 -0.73127466 0.13860841
v 0.12907793 -0.74140954 0.13382624
v 0.12455594 -0.73924464 0.14341933
v 0.12108361 -0.73605460 0.14594996
v 0.10640446 -0.71342897 0.14893207
v 0.09959228 -0.69913137 0.14733663
v -0.03716673 -0.90932959 0.09572898
v 0.09032931 -0.68440604 0.14682284
v -0.03368467 -0.70018744 0.13266613
v -0.03661628 -0.72073108 0.13523018
v -0.02373308 -0.62778854 0.11684748
v -0.02688984 -0.65257698 0.12382106
v 0.08871545 -0.42461193 0.11796113
v 0.08474489 -0.44242859 0.11567086
v 0.06607694 -0.44080320 0.11994293
v -0.01818148 -0.45522290 0.10482828
v -0.01846678 -0.48194095 0.10306819
v -0.01943693 -0.54272443 0.10441329
v -0.02066866 -0.57082671 0.10986276
v 0.06978279 -0.42182663 0.12430692
v 0.02061646 -0.48244414 0.11712253
v -0.04133685 -0.75631255 0.13739823
v -0.04134705 -0.77109504 0.13332255
v -0.04226106 -0.78747457 0.13105898
v 0.00090004 -0.48185986 0.11187746
v 0.13490881 -0.44411626 0.07290815
v 0.14250094 -0.44161308 0.05003157
v 0.10434247 -0.44425651 0.10599176
v 0.12146439 -0.44477820 0.09164594
v 0.14351039 -0.43687823 0.02700937
v 0.09875742 -0.40626502 -0.04364877
v 0.08227985 -0.39990166 -0.05624878
v 0.04923227 -0.39156735 -0.07523706
v 0.03324498 -0.38890862 -0.08091894
v 0.13878536 -0.43003017 0.00546966
v 0.06552706 -0.39515013 -0.06704816
v 0.12895131 -0.42166406 -0.01321380
v 0.11451094 -0.41356370 -0.02920904
v 0.04032855 -0.48293948 0.12067344
v 0.04423968 -0.45907620 0.11948464
v -0.00672861 -0.89467746 -0.01603603
v -0.00690328 -0.88603461 -0.01193241
v 0.06347404 -0.46027327 0.12051638
v 0.01430965 -0.74802160 0.15979037
v -0.00495433 -0.74443918 0.15269347
v 0.03311222 -0.75106621 0.16675188
v 0.04759742 -0.77519125 0.17118956
v 0.05133009 -0.75774992 0.17051215
v 0.06896751 -0.76308215 0.17040573
v -0.00586149 -0.90390652 -0.02198188
v 0.00281653 -0.83033955 -0.03203081
v 0.00570883 -0.81364524 -0.03897241
v 0.06604709 -0.77791315 0.17093517
v 0.01367511 -0.70318615 -0.06184202
v 0.01397750 -0.67730749 -0.06293077
v -0.00006234 -0.84573692 -0.02536855
v 0.01485098 -0.65143257 -0.06602775
v 0.10136490 -0.77508414 0.16343918
v 0.10042439 -0.76564604 0.16365576
v 0.11232185 -0.76370072 0.15905865
v 0.11474547 -0.77258563 0.15930024
v 0.13073926 -0.76208889 0.15072182
v 0.12262697 -0.76199275 0.15496117
v 0.13806963 -0.76101160 0.14736579
v 0.14569379 -0.75589049 0.14775126
v 0.15819341 -0.77340621 0.15084264
v 0.14921457 -0.77940047 0.15086405
v 0.10544256 -0.78570408 0.16250244
v 0.08779831 -0.78979445 0.16675252
v -0.00840963 -0.77878636 0.14977656
v -0.02504595 -0.77385283 0.14004187
v 0.13871926 -0.71191067 0.06548088
v 0.13782157 -0.70692086 0.08243705
v 0.13655791 -0.70487809 0.09900795
v 0.13309446 -0.70613700 0.11389738
v 0.12850487 -0.70963758 0.12825830
v 0.12143791 -0.71526790 0.13990557
v 0.11786219 -0.73069668 0.14791737
v 0.11287740 -0.72281188 0.14892074
v -0.01527610 -0.25881776 0.12236197
v 0.11073202 -0.73785931 0.15419202
v 0.10362332 -0.73189396 0.15632206
v 0.08988854 -0.75382113 0.16578996
v 0.09631711 -0.74245667 0.16192162
v 0.08480189 -0.76578343 0.16754818
v 0.08435546 -0.77781987 0.16750379
v 0.06807652 -0.79285073 0.16984996
v 0.04804487 -0.79254925 0.17077608
v 0.03525309 -0.82476091 0.16314018
v 0.03034786 -0.80784678 0.16599736
v 0.02808857 -0.78981811 0.16725692
v 0.02796004 -0.77028257 0.16754425
v 0.05229428 -0.91453648 0.10642786
v 0.02740525 -0.91180027 0.11106666
v 0.16029738 -0.71285558 0.15241510
v 0.16741662 -0.70986706 0.15325066
v -0.02109889 -0.30532923 0.14446148
v -0.02228022 -0.32887167 0.14534922
v 0.16513988 -0.71981031 0.15268923
v 0.16111465 -0.71926945 0.15253378
v 0.17432903 -0.71072209 0.15281464
v 0.18192673 -0.71326101 0.15085474
v 0.17803819 -0.72651207 0.15145630
v 0.16916035 -0.72106844 0.15259448
v 0.19122654 -0.72029614 0.14665127
v 0.18579012 -0.73150134 0.14802659
v 0.19755539 -0.72990286 0.14094555
v 0.20030835 -0.74140906 0.13626584
v 0.19601661 -0.74528503 0.13967860
v 0.19211261 -0.73891294 0.14341767
v 0.18164158 -0.77994519 0.14282922
v 0.18851140 -0.76808596 0.14131890
v 0.19329078 -0.75538015 0.14003803
v 0.15277781 -0.74864697 0.14994682
v 0.15975384 -0.74076343 0.15184148
v 0.16560882 -0.73184609 0.15248697
v 0.17327054 -0.73726487 0.15175302
v 0.16668531 -0.74681723 0.15173800
v -0.01950061 -0.28580543 0.13860404
v 0.15931270 -0.75576460 0.15118758
v 0.00950351 -0.76673096 0.16079058
v -0.00797942 -0.76202589 0.15242010
v 0.01593546 -0.26866877 -0.08158527
v 0.01483868 -0.25067782 -0.07921840
v 0.13472486 -0.77074522 0.15189822
v 0.01244987 -0.23451602 -0.07317914
v 0.01085722 -0.21996570 -0.06387290
v 0.12572208 -0.77159709 0.15546964
v 0.14351097 -0.76917326 0.15024346
v 0.15197979 -0.76385093 0.15005499
v 0.14015256 -0.78138542 0.15259221
v 0.13032052 -0.78219354 0.15481481
v 0.11908318 -0.78324801 0.15842375
v 0.00901552 -0.78417158 0.15986785
v -0.02474725 -0.75816500 0.14336289
v -0.02121592 -0.37576279 0.13516644
v -0.02044200 -0.39829335 0.12764774
v 0.01698824 -0.36575416 -0.08029664
v -0.00539893 -0.91317248 -0.02740877
v -0.02945366 -0.96651435 0.06649164
v -0.00654075 -0.87536365 -0.00981395
v -0.00512863 -0.86478996 -0.01260359
v -0.00135236 -0.21021134 0.03235028
v -0.00213688 -0.85478473 -0.02045978
v -0.00189454 -0.21029049 0.04248812
v -0.02210707 -0.59918678 0.11332078
v 0.17362680 -0.80582505 0.04152365
v 0.18765028 -0.82366055 0.05263059
v 0.19668546 -0.83609861 0.07335949
v 0.19427061 -0.84110618 0.09792356
v 0.16808297 -0.53875548 0.13425443
v -0.00293068 -0.54030728 0.11403940
v -0.00102022 -0.51152259 0.11154691
v 0.01727853 -0.51076061 0.11743260
v -0.01066781 -0.67636418 0.13704236
v -0.02211534 -0.74129713 0.14448473
v 0.11137585 -0.73186934 -0.03617917
v 0.10155635 -0.73257476 -0.04330786
v 0.10185316 -0.74811518 -0.03619099
v 0.11241345 -0.74747938 -0.02887512
v 0.12658179 -0.73000664 -0.01988919
v 0.11984915 -0.73109907 -0.02826231
v 0.12141399 -0.74626172 -0.02091962
v 0.12888582 -0.74440289 -0.01285235
v 0.13191733 -0.72742426 -0.01105205
v 0.13450611 -0.74083710 -0.00414854
v 0.11836518 -0.71502155 -0.03485396
v 0.11020140 -0.71562111 -0.04240979
v 0.10076799 -0.71646041 -0.04860865
v 0.12909482 -0.71353269 -0.01784934
v 0.12441250 -0.71483421 -0.02662672
v 0.00427302 -0.91655719 -0.02539718
v 0.00833848 -0.87000251 -0.01015259
v 0.00625803 -0.87998033 -0.00791321
v 0.02810361 -0.72981763 -0.05877530
v 0.02579064 -0.76642948 -0.05036240
v 0.02447751 -0.78283131 -0.04432860
v 0.02318640 -0.79963559 -0.03933518
v 0.01151998 -0.85971659 -0.01608497
v 0.02708128 -0.74817652 -0.05488638
v 0.13955319 -0.25320166 0.11093742
v 0.12051273 -0.23580760 0.12753710
v 0.12687413 -0.26318827 0.12397703
v 0.11292376 -0.25030816 0.13517576
v 0.13496991 -0.33391404 0.10172588
v 0.13429059 -0.30687195 0.10760786
v 0.13518707 -0.36213946 0.09832351
v 0.09229421 -0.24197888 0.14512476
v 0.06703878 -0.23888284 0.14978839
v 0.06406225 -0.25857988 0.15618010
v 0.11775861 -0.35897404 0.11804608
v 0.11843747 -0.33201170 0.12146059
v 0.13003539 -0.28165418 0.11692459
v 0.11778846 -0.28307652 0.13050440
v 0.11759753 -0.26846823 0.13233589
v 0.08859652 -0.26005495 0.14998198
v 0.10621061 -0.26332027 0.14110988
v 0.00839821 -0.39729717 0.13242507
v 0.03401204 -0.39746147 0.13511212
v 0.03129296 -0.41835710 0.12679192
v 0.09349819 -0.40451187 0.12343602
v 0.10734631 -0.42714399 0.10671932
v 0.10299526 -0.28108421 0.14313753
v 0.08455954 -0.28023443 0.15360504
v 0.06168533 -0.28084496 0.15959807
v 0.05910742 -0.35458627 0.15129471
v 0.05990190 -0.33048725 0.15709634
v 0.08194061 -0.32962453 0.15014702
v 0.08063427 -0.35494223 0.14467727
v 0.09733707 -0.38202405 0.12933460
v 0.09947976 -0.35608855 0.13347009
v 0.05789273 -0.37794021 0.14372894
v 0.07836917 -0.37976259 0.13853259
v 0.07457832 -0.40187749 0.13117731
v 0.10096246 -0.32966575 0.13789321
v 0.03359169 -0.30613157 0.16116351
v 0.06011600 -0.30561012 0.16028184
v 0.00683021 -0.30672526 0.15370531
v 0.05524493 -0.39970523 0.13478570
v 0.05094787 -0.41993541 0.12685238
v 0.04769601 -0.43934932 0.12070937
v 0.03693279 -0.50936890 0.11969358
v 0.13098001 -0.01016313 -0.01695330
v 0.00578425 -0.19195485 0.01123714
v 0.00181852 -0.20016086 0.03397781
v 0.16639295 -0.28822231 0.00633515
v 0.16142896 -0.27076083 0.07307258
v 0.14791285 -0.27840340 0.09570716
v 0.04175673 -0.19320017 -0.03794573
v 0.02400039 -0.18727165 -0.02214517
v 0.15510704 -0.27764887 -0.02134973
v 0.11418826 -0.22672921 -0.05145863
v 0.01207046 -0.18778557 -0.00617849
v 0.11926025 -0.30574062 0.12534320
v 0.10244447 -0.30376893 0.14080335
v 0.08306094 -0.30408287 0.15307729
v 0.03460968 -0.28295127 0.15935510
v 0.00702634 -0.28529429 0.15107334
v 0.03307053 -0.24453592 -0.07323924
v 0.02978080 -0.25626695 -0.07631738
v 0.02296808 -0.25312197 -0.07786618
v 0.02226425 -0.23651117 -0.07252039
v 0.09700972 -0.38634115 -0.04341198
v 0.07889948 -0.37982869 -0.05486944
v 0.04557932 -0.37079355 -0.07136091
v 0.03092100 -0.36774865 -0.07682776
v 0.14208481 -0.41185585 0.00376953
v 0.06151024 -0.37467238 -0.06418133
v 0.13110891 -0.40294850 -0.01478526
v 0.11485812 -0.39428261 -0.03035787
v 0.09579282 0.45344132 0.10090281
v 0.09694999 0.48364371 0.09673692
v 0.09594022 0.48164815 0.11150183
v 0.09229923 0.45084411 0.11515972
v 0.10337383 0.44561934 0.14303866
v 0.09426509 0.44796717 0.13427925
v 0.11648618 0.44532132 0.14638175
v 0.11432314 0.47698939 0.14615099
v 0.12565516 0.47749603 0.13984686
v 0.12956315 0.44627821 0.14261347
v 0.13938756 0.44712156 0.13516591
v 0.14709266 0.47925681 0.10612515
v 0.15204267 0.44960386 0.10664025
v 0.14687850 0.44789743 0.12512468
v 0.14391464 0.47873443 0.12409137
v 0.14871483 0.45449120 0.08706209
v 0.14541294 0.48225027 0.08671249
v 0.13580881 0.45795894 0.07494943
v 0.10247558 0.45652920 0.08709779
v 0.10204948 0.48567116 0.08108572
v 0.10190506 0.47740895 0.14377514
v 0.09551140 0.47899741 0.13375899
v 0.09086972 0.45003039 0.12489540
v 0.09543221 0.48072624 0.12229146
v 0.09483589 0.51180398 0.10807732
v 0.08781606 0.51445794 0.08945934
v 0.10008353 0.50821459 0.14505377
v 0.09919088 0.50955391 0.13154733
v 0.12167314 0.50781298 0.13716772
v 0.11131480 0.50733632 0.14859679
v 0.14619264 0.50751734 0.12433851
v 0.13628037 0.47773075 0.13282740
v 0.13506164 0.50741231 0.13142897
v 0.14890526 0.50746053 0.10645652
v 0.14663436 0.50987083 0.08259679
v 0.09829456 0.51324737 0.07257054
v 0.09853227 0.50989777 0.12089869
v 0.18974763 0.59034801 -0.07340065
v 0.19395384 0.58937544 -0.07127755
v 0.19646043 0.59356487 -0.07199967
v 0.19026706 0.59560722 -0.07528675
v 0.14793301 0.59470087 -0.09672280
v 0.15657377 0.59090358 -0.09639782
v 0.16032901 0.59964538 -0.09477844
v 0.14863774 0.60480744 -0.09561045
v 0.18393251 0.60050207 -0.08341962
v 0.17916822 0.60149187 -0.08511695
v 0.17817435 0.59741175 -0.08871805
v 0.18601665 0.59549016 -0.08585533
v 0.21179318 0.59409887 -0.03031233
v 0.20828250 0.59502280 -0.03291360
v 0.20752448 0.59022719 -0.03504381
v 0.21237603 0.58982563 -0.03098679
v 0.20488563 0.59719551 -0.05248847
v 0.20159543 0.59844011 -0.05499539
v 0.20101804 0.59355724 -0.05759865
v 0.20639789 0.59281111 -0.05339188
v 0.15227756 0.58981490 -0.07114905
v 0.15565836 0.58872795 -0.08585609
v 0.14306733 0.59413713 -0.08695096
v 0.13703904 0.59162849 -0.07219137
v 0.13779747 0.60479659 -0.08541330
v 0.14597580 0.60910082 -0.08139685
v 0.14110717 0.61173946 -0.06697133
v 0.13195175 0.60451329 -0.06932671
v 0.15884563 0.60654086 -0.08048774
v 0.15532637 0.60823828 -0.06710347
v 0.16114435 0.59792310 -0.06924979
v 0.16640884 0.59546185 -0.08326731
v 0.18069115 0.59377104 -0.06466461
v 0.18768665 0.59332269 -0.07610640
v 0.18057457 0.58867669 -0.07853387
v 0.17443314 0.58723509 -0.06624734
v 0.17294350 0.59078014 -0.08171936
v 0.16426823 0.58996153 -0.07066123
v 0.16301394 0.60014796 -0.07131413
v 0.16898841 0.59867221 -0.08388221
v 0.17450425 0.60342705 -0.07918491
v 0.16792715 0.60503834 -0.06688201
v 0.17669138 0.60220301 -0.06388811
v 0.18307203 0.60149527 -0.07576204
v 0.18606010 0.59004694 -0.06795537
v 0.18007404 0.58805287 -0.05907363
v 0.18913099 0.58520246 -0.05412793
v 0.19307217 0.58777064 -0.06476724
v 0.18440157 0.60205984 -0.05718143
v 0.17915523 0.59807581 -0.06083834
v 0.18347254 0.59850085 -0.07011008
v 0.18883455 0.60183322 -0.06735117
v 0.19597572 0.59996760 -0.06459299
v 0.19249764 0.59945238 -0.05341659
v 0.19509128 0.59114224 -0.05329644
v 0.19881618 0.59286022 -0.06403473
v 0.20405361 0.58641046 -0.04675453
v 0.20098054 0.58361053 -0.03696801
v 0.20560166 0.58982641 -0.03565269
v 0.20779556 0.59192270 -0.04542216
v 0.19447613 0.58527279 -0.04268460
v 0.19825760 0.58743215 -0.05056982
v 0.19656703 0.59925652 -0.04221351
v 0.19344896 0.59172285 -0.04577873
v 0.19496390 0.59318209 -0.05302795
v 0.19823158 0.60018700 -0.05058373
v 0.20526603 0.59844869 -0.04642303
v 0.20322353 0.59817272 -0.03661453
v 0.21345997 0.59025913 -0.02411207
v 0.21089396 0.58453083 -0.02555444
v 0.20940384 0.58298898 -0.01682320
v 0.21123107 0.59033096 -0.01420209
v 0.20404443 0.58313751 -0.02316355
v 0.20555601 0.58467728 -0.02957191
v 0.20432848 0.59725398 -0.02282517
v 0.20312929 0.58945781 -0.02549082
v 0.20311332 0.59059250 -0.03102439
v 0.20532683 0.59730053 -0.02910666
v 0.21182817 0.59579647 -0.02469525
v 0.20910153 0.59624934 -0.01697323
v 0.13307537 0.58994454 -0.05712471
v 0.15256903 0.59067303 -0.05586731
v 0.15082219 0.60703516 -0.09025085
v 0.12882042 0.60410571 -0.05386746
v 0.15793747 0.60529989 -0.08964171
v 0.15633503 0.60847920 -0.05306782
v 0.13820374 0.61147273 -0.05150501
v 0.15872884 0.59928060 -0.06272174
v 0.18281606 0.59071195 -0.08546799
v 0.17620715 0.59643710 -0.05566614
v 0.17537192 0.60455352 -0.04663448
v 0.17807096 0.59198177 -0.08723395
v 0.17056334 0.58719909 -0.04900318
v 0.18558559 0.58581269 -0.03583806
v 0.19225523 0.59962171 -0.07237213
v 0.19604412 0.59838718 -0.07091061
v 0.19098172 0.60162753 -0.03528936
v 0.19273755 0.59119213 -0.04370477
v 0.20464212 0.58858782 -0.05274837
v 0.20367193 0.58914077 -0.02575716
v 0.20161718 0.59944433 -0.02052632
v 0.20121571 0.58898211 -0.05500010
v 0.19805819 0.58261371 -0.02031402
v 0.20993567 0.58734554 -0.03097288
v 0.20749092 0.59853685 -0.00657619
v 0.20978777 0.59109783 -0.00235539
v 0.20742017 0.58680743 -0.03335958
v 0.20637885 0.58233565 -0.00658464
v 0.11106579 0.45951086 0.07627840
v 0.11143005 0.48715317 0.07053024
v 0.12254702 0.46040678 0.07210354
v 0.13437428 0.48613226 0.07267240
v 0.12344691 0.48788518 0.06764925
v 0.11211960 0.51332092 0.06129796
v 0.13652249 0.51243699 0.06697755
v 0.12553951 0.51302975 0.05909954
v 0.14879374 0.52925324 0.12793984
v 0.15233015 0.53057837 0.11073963
v 0.13267218 0.52895373 0.13378790
v 0.11177073 0.52860820 0.15376700
v 0.12130617 0.52883726 0.14269213
v 0.11412294 0.53364295 0.04921489
v 0.10196108 0.53548098 0.06638095
v 0.12842508 0.53255802 0.04502523
v 0.14325151 0.53124857 0.05614737
v 0.12468097 0.58630002 -0.04070520
v 0.12074624 0.58476192 -0.01925229
v 0.13351971 0.57361162 -0.01888290
v 0.14251873 0.58205789 -0.03751925
v 0.15089159 0.57214332 -0.01113953
v 0.16013245 0.58239722 -0.02939193
v 0.16614573 0.57423031 0.00000912
v 0.17530060 0.58183634 -0.01787955
v 0.18005180 0.57645911 0.01200991
v 0.18905517 0.58082789 -0.00460045
v 0.19236717 0.58125079 0.02373644
v 0.20099789 0.58213568 0.00701756
v 0.20083417 0.59060776 0.03020076
v 0.20804223 0.59126550 0.01231107
v 0.12088379 0.60396397 -0.03707099
v 0.11702347 0.60124010 -0.01517272
v 0.13252112 0.61455464 -0.03260623
v 0.12851502 0.61406577 -0.01100860
v 0.15019725 0.61260885 -0.02773929
v 0.14469020 0.61303180 -0.00593096
v 0.19871449 0.60283101 0.02772722
v 0.20478986 0.60213864 0.00869525
v 0.16732809 0.60892618 -0.01920795
v 0.16083831 0.60898465 0.00224973
v 0.18257388 0.60721254 -0.00917396
v 0.17584051 0.60796356 0.01181480
v 0.19490096 0.60544211 0.00066396
v 0.18855345 0.60690469 0.02085880
v 0.12461156 0.56474376 0.00280922
v 0.14189804 0.55850959 0.00801891
v -0.03446961 -0.92652345 0.08639364
v -0.04415341 -0.84623641 0.11853056
v 0.15713041 0.56158167 0.01991288
v 0.17028001 0.56771690 0.03287292
v 0.18097828 0.57750630 0.04473116
v 0.19122051 0.58752108 0.05154049
v 0.16388622 0.55388838 0.06060786
v 0.17052795 0.57420492 0.06990507
v 0.17863530 0.58665502 0.07353447
v 0.16156211 0.57153374 0.09572680
v 0.16698197 0.58556896 0.09663540
v -0.01778301 -0.27070436 0.13108465
v -0.04349440 -0.80343032 0.12848420
v 0.14466387 0.57118142 0.13624868
v -0.02184279 -0.35258889 0.14187993
v 0.00747172 -0.79721546 -0.04342089
v 0.00959151 -0.78019989 -0.04762953
v 0.01151533 -0.76214206 -0.05293803
v 0.01279743 -0.74453676 -0.05678400
v 0.02160639 -0.45554242 -0.08390445
v 0.02159625 -0.47041914 -0.07966592
v -0.01881685 -0.51279604 0.10211367
v 0.01931991 -0.40625751 -0.08796433
v 0.02271314 -0.48730314 -0.08337580
v -0.03030726 -0.67717505 0.12895444
v 0.01320848 -0.72598970 -0.05968129
v 0.01810811 -0.38663590 -0.08440448
v -0.03945515 -0.73972994 0.13759030
v 0.02297150 -0.51081347 -0.08355455
v 0.01614654 -0.29025728 -0.08055986
v 0.02025691 -0.58003616 -0.07749587
v -0.02631249 -0.91901463 -0.02794784
v -0.03817950 -0.92371899 -0.02524806
v -0.03999937 -0.91456509 -0.02256029
v -0.02785193 -0.91011095 -0.02420552
v -0.07722402 -0.93535125 0.01407002
v -0.07427210 -0.94435042 0.00710477
v -0.07408652 -0.95082486 0.02145782
v -0.07875544 -0.94096476 0.02776786
v -0.07079492 -0.95474946 0.03533885
v -0.07584048 -0.94442868 0.04067101
v -0.06834562 -0.94537812 0.05217243
v -0.06461418 -0.95749462 0.04705122
v -0.05537743 -0.95682287 0.05724294
v -0.05949813 -0.94379127 0.06085402
v -0.05114482 -0.92858839 -0.02107902
v -0.06327177 -0.93398225 -0.01384385
v -0.06177991 -0.92290652 -0.01309483
v -0.05056411 -0.91988313 -0.01958432
v -0.07087477 -0.94025296 -0.00466970
v -0.07223821 -0.92959034 -0.00114572
v -0.04535000 -0.94622338 0.06814698
v -0.04236167 -0.96191907 0.06336203
v -0.03185432 -0.89075428 -0.01715073
v -0.01895901 -0.88855982 -0.01570147
v -0.01799980 -0.89752978 -0.01944569
v -0.03014138 -0.90019572 -0.02047239
v -0.06758224 -0.89043069 -0.00598893
v -0.08559179 -0.89693981 0.00486823
v -0.08924232 -0.88574588 -0.00065297
v -0.07034060 -0.87839651 -0.00962891
v -0.07183320 -0.85948777 -0.02941033
v -0.09944347 -0.86511314 -0.02263955
v -0.08786435 -0.84380877 -0.03720862
v -0.06868064 -0.84014940 -0.03748691
v -0.08156143 -0.82449627 -0.04772527
v -0.06516880 -0.82166231 -0.04628657
v -0.06803197 -0.77149564 -0.06923038
v -0.05164901 -0.77137083 -0.06777822
v -0.05602280 -0.78801024 -0.06192577
v -0.07268059 -0.78843755 -0.06361632
v -0.07697503 -0.67496043 -0.07852856
v -0.06404480 -0.67843956 -0.08173443
v -0.06994003 -0.69416660 -0.08519331
v -0.08104824 -0.69220018 -0.08348102
v -0.12618364 -0.79016829 -0.06738222
v -0.12773994 -0.80807924 -0.06665487
v -0.13386887 -0.79653096 -0.06832623
v -0.13365692 -0.77829385 -0.06590615
v -0.13741201 -0.89589554 0.00805134
v -0.12025597 -0.88319135 -0.00729882
v -0.11167634 -0.88829708 0.00344465
v -0.12569471 -0.90095216 0.01617644
v -0.12622428 -0.70328927 -0.05629154
v -0.12029946 -0.69233251 -0.05918728
v -0.11454859 -0.70114976 -0.06723249
v -0.11944975 -0.71204120 -0.06531282
v -0.09955374 -0.58576369 -0.05590703
v -0.08185691 -0.58380413 -0.06597252
v -0.08448268 -0.60665822 -0.06526358
v -0.10151693 -0.60863328 -0.05626749
v -0.14908630 -0.63549727 -0.00611865
v -0.15790287 -0.63378298 0.01540302
v -0.15523110 -0.61585414 0.01546534
v -0.14761709 -0.61505067 -0.00715377
v -0.09556421 -0.76950121 -0.07041505
v -0.08279282 -0.77091169 -0.07002692
v -0.08722649 -0.78793103 -0.06473730
v -0.09920561 -0.78673482 -0.06586070
v -0.12861332 -0.69982463 -0.17023791
v -0.11981426 -0.68750334 -0.16245337
v -0.12124380 -0.70602047 -0.14536849
v -0.12970555 -0.71838218 -0.15317200
v -0.13680963 -0.50955164 -0.01736170
v -0.14158645 -0.51374704 0.00401375
v -0.14700468 -0.49438146 0.00205638
v -0.14101054 -0.48967513 -0.02083728
v -0.16463989 -0.84045386 -0.08129085
v -0.18552399 -0.85044169 -0.07496921
v -0.18351942 -0.83588678 -0.08582387
v -0.16274369 -0.82581055 -0.08885619
v -0.12352762 -0.75846595 -0.06912459
v -0.12485462 -0.77449834 -0.06834175
v -0.13407746 -0.76345229 -0.06478423
v -0.13232186 -0.75012761 -0.06422988
v -0.16407590 -0.66463184 0.01238624
v -0.15683445 -0.66634411 -0.00387487
v -0.16165841 -0.68197161 -0.00325529
v -0.16879609 -0.68027681 0.01095872
v -0.15298778 -0.65123981 -0.00480356
v -0.16088736 -0.64934379 0.01392129
v -0.11513298 -0.76376396 -0.07058551
v -0.10615002 -0.76726955 -0.07061723
v -0.10864811 -0.78479576 -0.06713331
v -0.11653375 -0.78178775 -0.06881418
v -0.07245396 -0.66037500 -0.07307233
v -0.05679551 -0.66459155 -0.07688559
v -0.12863256 -0.48450038 -0.04133254
v -0.11189334 -0.47836795 -0.05747063
v -0.11115595 -0.50001425 -0.05390239
v -0.12642269 -0.50510895 -0.03733730
v -0.06898949 -0.62751180 -0.07064538
v -0.06967062 -0.64599758 -0.06948164
v -0.08484515 -0.64607608 -0.06440296
v -0.08557668 -0.62791717 -0.06483348
v -0.09231799 -0.47271636 -0.06925810
v -0.07164644 -0.46806663 -0.07789697
v -0.07144914 -0.49139613 -0.07388532
v -0.09226211 -0.49515954 -0.06573755
v -0.07705940 -0.80612588 -0.05644830
v -0.06071809 -0.80467665 -0.05474973
v -0.09828570 -0.67594278 -0.07004560
v -0.08853510 -0.67472190 -0.07446297
v -0.09134901 -0.69170040 -0.07999867
v -0.10002163 -0.69187886 -0.07543609
v -0.14163733 -0.76221186 -0.05869059
v -0.14084104 -0.77885354 -0.06328482
v -0.14830014 -0.75518656 -0.04542734
v -0.15111375 -0.74634522 -0.04505700
v -0.15023457 -0.47455913 -0.00083095
v -0.14323775 -0.46962863 -0.02410149
v -0.09182934 -0.45019373 -0.07087574
v -0.07195143 -0.44474477 -0.07942043
v -0.16960976 -0.72958171 -0.01325203
v -0.16285597 -0.73234987 -0.01866867
v -0.17014554 -0.72769630 -0.01399966
v -0.17757846 -0.72627383 -0.00687596
v -0.03251867 -0.69661093 -0.08161972
v -0.04605744 -0.70568210 -0.08436850
v -0.05218796 -0.68858373 -0.08424952
v -0.04177127 -0.67615944 -0.07989633
v -0.09730389 -0.66124630 -0.06378531
v -0.09823556 -0.64807248 -0.05878256
v -0.08583240 -0.66001362 -0.06862535
v -0.01910079 -0.68674886 -0.07543614
v -0.02950205 -0.65903753 -0.07441453
v -0.04298406 -0.80253887 -0.05329147
v -0.03859709 -0.78704715 -0.05994532
v -0.04648803 -0.81892586 -0.04629446
v -0.02788370 -0.81642896 -0.04516704
v -0.02973668 -0.83301973 -0.03858692
v -0.04858176 -0.83613658 -0.03857461
v -0.03050947 -0.84950602 -0.03272063
v -0.04960342 -0.85368890 -0.03225078
v -0.04894999 -0.88401216 -0.01168188
v -0.05042291 -0.87431020 -0.01550667
v -0.14238521 -0.75012171 -0.05658004
v -0.14082256 -0.73931885 -0.05533815
v -0.11225849 -0.45639047 -0.05969632
v -0.17897193 -0.81689376 0.07822823
v -0.17432570 -0.79997998 0.08667569
v -0.18743545 -0.79973173 0.06577896
v -0.19215134 -0.81643927 0.05862089
v -0.14840083 -0.89482939 0.00011423
v -0.13188557 -0.88240004 -0.01657350
v -0.19424319 -0.73471284 0.03001880
v -0.19403163 -0.73426950 0.01549855
v -0.19594052 -0.74005300 0.01373321
v -0.19546342 -0.74089259 0.02820078
v -0.18253627 -0.72977358 -0.01371755
v -0.17962970 -0.72732460 -0.01151633
v -0.17683774 -0.71873534 -0.03067861
v -0.18060549 -0.72022384 -0.03178348
v -0.14613488 -0.49799743 0.02468938
v -0.13934527 -0.51738089 0.02567153
v -0.15234503 -0.64995122 0.07340448
v -0.15852785 -0.64163989 0.05515933
v -0.16431330 -0.65833336 0.05033887
v -0.16063252 -0.66652232 0.06724839
v -0.06357984 -0.80412644 0.12543921
v -0.06160681 -0.78839409 0.12850147
v -0.08409183 -0.79136384 0.12700756
v -0.08672938 -0.80729586 0.12385321
v -0.14219950 -0.82995057 0.10508073
v -0.14359361 -0.84570056 0.09950693
v -0.11867590 -0.84097105 0.11099163
v -0.11629750 -0.82626605 0.11580752
v -0.16061768 -0.81588435 0.09718053
v -0.15569842 -0.79913616 0.10436442
v -0.17359766 -0.68259227 0.02593518
v -0.16890427 -0.66752481 0.02899599
v -0.17972779 -0.70923191 0.00438486
v -0.18562801 -0.70938867 0.01537739
v -0.18299574 -0.70286882 0.01836778
v -0.17695758 -0.70232344 0.00607408
v -0.12103515 -0.90699708 0.02155401
v -0.12456318 -0.91156399 0.03747640
v -0.13594681 -0.90494841 0.03186088
v -0.10080233 -0.89335495 0.08688206
v -0.10313179 -0.88617301 0.09263096
v -0.11698554 -0.88940316 0.08220873
v -0.10928422 -0.89644563 0.07909098
v -0.07827214 -0.71983618 0.13119559
v -0.05612070 -0.71985257 0.13432492
v -0.05408116 -0.69824660 0.13164040
v -0.07729997 -0.69671494 0.12825957
v -0.19161865 -0.72610760 0.01708067
v -0.19214746 -0.72333467 0.02705630
v -0.19046792 -0.71861416 0.02136439
v -0.18905373 -0.72148907 0.01390117
v -0.18654953 -0.70606911 0.02940072
v -0.18953294 -0.71399277 0.02634444
v -0.19078311 -0.71912348 0.03439663
v -0.18772902 -0.71175408 0.03938182
v -0.16830330 -0.68091357 0.05992427
v -0.17061208 -0.67377406 0.04480470
v -0.17578216 -0.68783975 0.03916036
v -0.17595607 -0.69396418 0.05276328
v -0.04451226 -0.62335086 0.11946295
v -0.06469899 -0.61879581 0.11929868
v -0.06802117 -0.64597017 0.12313855
v -0.04719590 -0.64962715 0.12469354
v -0.14875808 -0.74257213 -0.04558946
v -0.14315803 -0.75283587 -0.05469417
v -0.13724786 -0.74245590 -0.06494994
v -0.14448844 -0.73133790 -0.05849604
v -0.20032021 -0.72154319 -0.05885577
v -0.19978821 -0.72777194 -0.04603297
v -0.19598542 -0.72280669 -0.04451354
v -0.19743642 -0.71710324 -0.05689110
v -0.14606325 -0.70699728 -0.06981520
v -0.13945448 -0.71736640 -0.07258228
v -0.13521206 -0.70141357 -0.08889511
v -0.14175308 -0.69043982 -0.08538850
v -0.17304564 -0.89145660 0.01491189
v -0.15893094 -0.89395785 -0.00706433
v -0.16160622 -0.89634824 0.01979041
v -0.15816927 -0.69279706 -0.06356166
v -0.16541636 -0.69106913 -0.06155802
v -0.16783835 -0.70539933 -0.04598236
v -0.16233954 -0.70810616 -0.04795742
v -0.14572963 -0.72542477 -0.15808456
v -0.14460860 -0.70698464 -0.17538524
v -0.14594087 -0.66345453 -0.10305914
v -0.15516461 -0.65779638 -0.10124341
v -0.15419365 -0.67418724 -0.08419555
v -0.14760020 -0.68124229 -0.08386698
v -0.14409862 -0.63154685 0.07840705
v -0.15276742 -0.62339592 0.05941407
v -0.12675253 -0.50266218 0.06383330
v -0.13876897 -0.50069535 0.04596729
v -0.13167927 -0.52125579 0.04646508
v -0.12095370 -0.52458495 0.06390315
v -0.14992101 -0.47755486 0.02323434
v -0.13200438 -0.48112273 0.06260713
v -0.14400846 -0.48018670 0.04428232
v -0.10167199 -0.92417073 0.03925418
v -0.09294206 -0.92550743 0.05539919
v -0.10512837 -0.91729462 0.05600690
v -0.11352574 -0.91761065 0.04216962
v -0.15966956 -0.36059418 0.02284756
v -0.15945096 -0.33192787 0.02896088
v -0.16153401 -0.33127308 0.00265100
v -0.15976986 -0.35831085 -0.00436942
v -0.07957211 -0.91027659 0.08087790
v -0.09263960 -0.91559899 0.06713843
v -0.08081606 -0.92275149 0.06692094
v -0.06472662 -0.91969711 0.07794468
v -0.15673299 -0.38311532 -0.00620741
v -0.15827556 -0.38750684 0.01980141
v -0.11026564 -0.91352630 0.02458737
v -0.09411220 -0.92029828 0.02338143
v -0.09571201 -0.90659827 0.01446538
v -0.08579110 -0.91130489 0.01158925
v -0.07455759 -0.90454304 0.00008145
v -0.16033855 -0.32507488 -0.02167342
v -0.15541063 -0.35092846 -0.02706232
v -0.08284746 -0.93514240 0.04735747
v -0.07321027 -0.93440074 0.05938673
v -0.06032349 -0.93140996 0.07023883
v -0.04580276 -0.93311316 0.07744854
v -0.14986885 -0.45808151 0.02095197
v -0.14897551 -0.45545936 -0.00305055
v -0.12512921 -0.22243112 0.10295664
v -0.10033453 -0.21870643 0.11252676
v -0.09684671 -0.20381063 0.10349131
v -0.12555180 -0.20631272 0.09415590
v -0.03862708 -0.23416597 0.11817227
v -0.03310908 -0.22101623 0.10433640
v -0.06508569 -0.20932674 0.10662109
v -0.07024796 -0.22231871 0.11798245
v -0.08038157 -0.35293403 0.13242981
v -0.07837275 -0.37532124 0.12433143
v -0.05231928 -0.37575090 0.12935935
v -0.05258355 -0.35248837 0.13712130
v -0.13328284 -0.46024576 0.06100611
v -0.14507133 -0.46028644 0.04215520
v -0.14144212 -0.45081258 -0.02565818
v -0.18185902 -0.19502938 0.00935080
v -0.18323196 -0.15950805 0.01156270
v -0.18002844 -0.15312457 -0.02364082
v -0.17688401 -0.18954855 -0.02639254
v -0.15291801 -0.16187918 0.06747416
v -0.15288714 -0.19065398 0.07129347
v -0.12437716 -0.18573296 0.08776297
v -0.12450962 -0.16126591 0.08307896
v -0.05237240 -0.44001004 -0.08770590
v -0.07215294 -0.42282513 -0.07842055
v -0.05242539 -0.41716120 -0.08551862
v 0.00234307 -0.43115187 -0.09481672
v -0.01648130 -0.43350691 -0.09634086
v -0.01495048 -0.41060027 -0.09188328
v 0.00248750 -0.40834779 -0.09086771
v -0.00744023 -0.29242963 -0.08129563
v 0.00534626 -0.29163626 -0.08166628
v 0.00382882 -0.31674245 -0.08080602
v -0.01064126 -0.31872520 -0.08065121
v -0.14480340 -0.34314123 -0.04816520
v -0.12663287 -0.33507362 -0.06221898
v -0.12087995 -0.35756582 -0.06228916
v -0.13869323 -0.36605939 -0.04902183
v -0.02997224 -0.20963567 0.08709642
v -0.05933462 -0.19710964 0.09332909
v -0.16439334 -0.14687353 -0.05360516
v -0.15922475 -0.18338382 -0.05609320
v -0.14018130 -0.14116198 -0.07505056
v -0.10956438 -0.13986951 -0.08195878
v -0.10664461 -0.17188907 -0.08294829
v -0.13578922 -0.17612016 -0.07642700
v -0.02249848 -0.21474540 -0.06194844
v -0.01243975 -0.19890898 -0.03778181
v -0.00583662 -0.20283473 -0.04411314
v -0.01229429 -0.22566217 -0.06959174
v -0.04303189 -0.24874407 0.12849483
v -0.07381559 -0.23996538 0.12718911
v -0.07564825 -0.25932705 0.13496694
v -0.04621476 -0.26575521 0.13615033
v -0.11657807 -0.48142231 0.07700283
v -0.11755244 -0.45917219 0.07609309
v -0.09913445 -0.48151317 0.08748834
v -0.11307222 -0.50536764 0.07668035
v -0.09635626 -0.50665331 0.08646074
v -0.11372879 -0.65393287 0.10647208
v -0.13072883 -0.64195698 0.09368269
v -0.14105491 -0.66009313 0.09033459
v -0.12567893 -0.67402822 0.10429837
v -0.10868946 -0.79444575 0.12398393
v -0.11244896 -0.81062496 0.12029526
v -0.09018618 -0.16619104 0.08772533
v -0.05161218 -0.17922723 0.08141023
v -0.06377453 -0.13977683 0.07847017
v -0.09644146 -0.13520330 0.08484869
v -0.17260882 -0.12952340 0.04362609
v -0.17352909 -0.16310173 0.04303767
v -0.15342019 -0.13093942 0.06616913
v -0.18266170 -0.12493044 0.01295676
v -0.18128918 -0.11849678 -0.02099735
v -0.14163879 -0.10761213 -0.07279230
v -0.11011167 -0.10778230 -0.07880317
v -0.03450778 -0.14218801 -0.03539947
v -0.05319601 -0.14171684 -0.05446941
v -0.05649521 -0.11406463 -0.05020382
v -0.03728775 -0.11742353 -0.02816086
v -0.04543822 -0.28944421 -0.07815021
v -0.07675181 -0.30988055 -0.07410976
v -0.08348198 -0.28408009 -0.07623297
v -0.05845242 -0.26266336 -0.07952897
v -0.00181348 -0.45569414 -0.09550215
v -0.01677129 -0.45871258 -0.09656100
v -0.03371992 -0.43636620 -0.09397095
v -0.03308949 -0.46158782 -0.09359718
v -0.05151580 -0.46449608 -0.08620240
v -0.01873597 -0.55819571 -0.08656089
v -0.03950640 -0.55828524 -0.08360501
v -0.03525768 -0.53525048 -0.08449982
v -0.01549846 -0.53464699 -0.08772263
v -0.02255582 -0.58233523 -0.08406466
v -0.04374163 -0.58250922 -0.08143754
v -0.02813596 -0.63273776 -0.07529131
v -0.05178309 -0.64902639 -0.07333704
v -0.04954964 -0.62923288 -0.07409549
v -0.02498043 -0.79992139 -0.05107550
v -0.02176209 -0.78405422 -0.05645497
v -0.15083916 -0.31790420 -0.04591186
v -0.02498394 -0.16995567 0.05792649
v -0.01409780 -0.15892893 0.03329983
v -0.02344202 -0.13204587 0.03948402
v -0.03724908 -0.13770109 0.06192246
v -0.15018126 -0.37474367 -0.02887097
v -0.12996203 -0.46354574 -0.04428478
v -0.12782206 -0.44408256 -0.04456633
v -0.13473901 -0.61509776 -0.02839047
v -0.13390651 -0.64106882 -0.02970428
v -0.05929295 -0.71068841 -0.08532168
v -0.06047837 -0.69817942 -0.08555394
v -0.17404857 -0.19701535 0.04432360
v -0.13960478 -0.04375535 -0.06529639
v -0.10840125 -0.04328579 -0.06950088
v -0.11003867 -0.07496583 -0.07477421
v -0.14223878 -0.07593805 -0.06979147
v -0.03296050 -0.09221423 0.00031726
v -0.04253762 -0.08919621 -0.02041553
v -0.04863074 -0.06013358 -0.01341520
v -0.04216429 -0.06211954 0.00789722
v -0.05035817 -0.03171796 0.01269516
v -0.05397490 -0.02849793 -0.00854631
v -0.05784683 0.00267369 -0.00327554
v -0.05604318 -0.00243270 0.01809938
v -0.16735454 -0.11080050 -0.05080922
v -0.17900515 -0.05265260 -0.01846782
v -0.16561121 -0.04655367 -0.04595468
v -0.16727433 -0.07764381 -0.04870758
v -0.18106113 -0.08439451 -0.01930417
v -0.12796479 -0.13186169 0.08033568
v -0.02497587 -0.12014472 -0.00642181
v -0.02080303 -0.14361751 -0.01491656
v -0.04822225 -0.06715274 0.04855287
v -0.06239739 -0.06924129 0.06775887
v -0.04967699 -0.10228008 0.06541333
v -0.03523512 -0.09942007 0.04410464
v -0.15664573 -0.07046068 0.06291368
v -0.17186567 -0.06740469 0.04137806
v -0.17251904 -0.09766352 0.04224313
v -0.15514681 -0.10036302 0.06456848
v -0.17945635 -0.06060529 0.01216183
v -0.18181333 -0.09197909 0.01261283
v -0.17384462 0.00837487 -0.01705518
v -0.15835460 0.01404285 -0.04106077
v -0.16256066 -0.01592052 -0.04356390
v -0.17676026 -0.02207214 -0.01745941
v -0.17645432 -0.00020200 0.01214830
v -0.17773157 -0.03013343 0.01208040
v -0.17217490 -0.03766656 0.03984746
v -0.17236978 -0.00795531 0.03764818
v -0.15879136 -0.01278472 0.05699207
v -0.15827119 -0.04152894 0.06036567
v -0.13892251 -0.04289067 0.07490999
v -0.14153104 -0.01495159 0.07087657
v -0.11665946 -0.04312950 0.08093778
v -0.09370973 -0.04214120 0.07741649
v -0.10176180 -0.01450324 0.07425877
v -0.12197606 -0.01535302 0.07687183
v -0.06842998 -0.00870663 0.05370175
v -0.08278462 -0.01197720 0.06711911
v -0.07336065 -0.03970319 0.06761918
v -0.05932375 -0.03705722 0.05108391
v -0.09892804 0.09990817 0.06526875
v -0.11389413 0.09615630 0.06872839
v -0.10598339 0.06839716 0.06603119
v -0.09009400 0.07220095 0.06169905
v -0.12892741 0.09316891 0.07295649
v -0.14427647 0.09178156 0.07262315
v -0.13704908 0.06532180 0.06891774
v -0.12165141 0.06607181 0.06885524
v -0.16599512 0.07023281 0.04977882
v -0.15181047 0.06608027 0.06314769
v -0.15953930 0.09286010 0.06664967
v -0.17300424 0.09717262 0.05296700
v -0.18595153 0.10295582 0.03597942
v -0.18124214 0.07559508 0.03395331
v -0.18272370 0.11070335 0.01492674
v -0.18170565 0.08271599 0.01404728
v -0.16743389 0.09197670 -0.01156240
v -0.17142946 0.11934245 -0.01028185
v -0.07666764 0.11599624 0.02771370
v -0.07690746 0.10925239 0.04449597
v -0.06959087 0.08332658 0.03747414
v -0.07110079 0.08833891 0.02127456
v -0.09180085 0.09789681 -0.01734149
v -0.10601069 0.10117626 -0.04383637
v -0.10898695 0.12881851 -0.03193286
v -0.09751120 0.12497592 -0.00555674
v -0.17605288 0.02799445 0.01241953
v -0.17075203 0.03681678 -0.01573555
v -0.15923291 0.01527679 0.05325737
v -0.17329265 0.02071458 0.03541819
v -0.07582348 0.01842606 0.05634412
v -0.09089969 0.01484680 0.06652541
v -0.06240076 0.03306365 0.00355151
v -0.06078941 0.02735698 0.02336347
v -0.13143316 0.04560286 -0.05326903
v -0.15412673 0.04284596 -0.03905784
v -0.15419659 0.07136118 -0.03861336
v -0.13151348 0.07412922 -0.05267972
v -0.17890269 0.05514288 0.01321563
v -0.17616709 0.04818076 0.03439162
v -0.16114712 0.04292852 0.05036259
v -0.14706489 0.03943837 0.06382037
v -0.13111590 0.03880870 0.06946959
v -0.11565009 0.03951126 0.06871463
v -0.09906875 0.04146838 0.06585245
v -0.08283608 0.04518116 0.05863973
v -0.06526801 0.05560631 0.03034159
v -0.06734076 0.06149352 0.01234159
v -0.13186932 0.10173309 -0.05192078
v -0.15691680 0.09845573 -0.03892227
v -0.16016820 0.12466985 -0.03306022
v -0.13384655 0.12785935 -0.04280920
v -0.13769472 0.15028620 -0.02836973
v -0.11687512 0.15023869 -0.01815316
v -0.13577878 0.12065691 0.07849711
v -0.15220101 0.11941731 0.07781340
v -0.16790974 0.12006205 0.07088184
v -0.18995149 0.12908918 0.04000274
v -0.18493265 0.13918316 0.01497064
v -0.17430341 0.14725673 -0.00702742
v -0.16067713 0.14821184 -0.02464760
v -0.09858024 0.16578215 0.05544797
v -0.08889860 0.13743395 0.04907851
v -0.08834897 0.14338940 0.03342428
v -0.09828262 0.17109674 0.04000500
v -0.11509559 0.15790391 0.07768422
v -0.12752151 0.15315247 0.08655607
v -0.12196074 0.12435418 0.07453917
v -0.10885583 0.12829787 0.06797470
v -0.14522722 0.14805579 0.08996479
v -0.16143377 0.14727086 0.08680353
v -0.17761987 0.14787835 0.07925921
v -0.18213347 0.12313020 0.05855201
v -0.19148314 0.15098351 0.06552947
v -0.19629443 0.15848035 0.04382389
v -0.19044535 0.16937524 0.01389910
v -0.17750965 0.20841241 0.00046205
v -0.17137648 0.17816561 -0.00598221
v -0.19725361 0.19945532 0.01825038
v -0.16198464 0.31104755 0.02103482
v -0.18443701 0.30706811 0.02100573
v -0.18411115 0.34291935 0.03074093
v -0.16304173 0.34705734 0.03074177
v -0.10387217 0.20014340 0.04707283
v -0.10336432 0.19603705 0.06390475
v -0.11799911 0.18792683 0.08954446
v -0.13267121 0.18258774 0.09850086
v -0.21143003 0.22061861 0.05376240
v -0.20447186 0.18885368 0.04743806
v -0.19990125 0.18146980 0.07217110
v -0.20673852 0.21377295 0.07934310
v -0.10895250 0.30140519 0.06537977
v -0.10769240 0.29830879 0.08418179
v -0.10360183 0.26369125 0.07896402
v -0.10432374 0.26739371 0.05910812
v -0.11907580 0.22185904 0.10000257
v -0.12118177 0.25606608 0.10754526
v -0.13823995 0.25096327 0.11682750
v -0.13449508 0.21590519 0.10927242
v -0.21325617 0.29208392 0.06626408
v -0.21435176 0.25522828 0.06038177
v -0.21065086 0.24906176 0.08551210
v -0.21085398 0.28713340 0.08961760
v -0.20319515 0.23010224 0.02553183
v -0.20494014 0.26337266 0.03278112
v -0.18451788 0.27238375 0.01312947
v -0.18121412 0.23927951 0.00538325
v -0.15920039 0.27603656 0.01225554
v -0.15556550 0.24270284 0.00593921
v -0.12699682 0.37386495 0.09017320
v -0.11718749 0.33566260 0.08682009
v -0.11797993 0.33909041 0.06994599
v -0.12731235 0.37850726 0.07601155
v -0.14309265 0.28775561 0.11973731
v -0.12529011 0.29214239 0.11182369
v -0.13312048 0.32988238 0.11151284
v -0.14802432 0.32698679 0.11885171
v -0.20829593 0.37274760 0.07563169
v -0.21091095 0.33158696 0.07089520
v -0.20874313 0.32785368 0.09253041
v -0.20531790 0.36899734 0.09584475
v -0.18387100 0.38177025 0.04128531
v -0.20307723 0.33672017 0.04569588
v -0.20138837 0.37722248 0.05453537
v -0.18376566 0.41998982 0.04871466
v -0.16766828 0.42278653 0.04808884
v -0.16497095 0.38519913 0.04091408
v -0.13647085 0.41487032 0.08098500
v -0.13483347 0.41096884 0.09426395
v -0.15438099 0.40407532 0.11909365
v -0.15205702 0.36593831 0.11801131
v -0.13923676 0.36886847 0.11078782
v -0.14317368 0.40715957 0.11171770
v -0.18457256 0.36650246 0.11727989
v -0.16813931 0.36526030 0.12040343
v -0.16927443 0.40327430 0.12119000
v -0.18425371 0.40487003 0.11791785
v -0.20144796 0.40701425 0.09785411
v -0.19715764 0.36738414 0.10904717
v -0.19416982 0.40552473 0.11012595
v -0.20516473 0.40997797 0.07882225
v -0.19944504 0.41551280 0.05964304
v -0.00846165 -0.19558692 0.04076808
v -0.00589750 -0.18355763 0.01374448
v -0.00929403 -0.17563331 0.02398335
v -0.01618168 -0.19039673 0.04976045
v -0.05943862 -0.08459866 -0.04440147
v -0.06268221 -0.05285209 -0.03837766
v -0.06725685 0.00940752 -0.02661523
v -0.06431563 -0.02113765 -0.03238570
v -0.07041255 0.03796047 -0.01703756
v -0.07513465 0.06636906 -0.00640224
v -0.07941484 0.09349704 0.00485585
v -0.08546732 0.12131298 0.01275306
v -0.09579825 0.14854950 0.01763003
v -0.10597762 0.17640036 0.02243409
v -0.11434577 0.23537689 0.03607789
v -0.10443306 0.23283422 0.05278531
v -0.11311662 0.20431632 0.03036886
v -0.12022593 0.30504197 0.04605009
v -0.11574451 0.26905608 0.04066361
v -0.12719424 0.34349591 0.05351778
v -0.13532549 0.38298666 0.06187969
v -0.14418153 0.41899222 0.06710425
v -0.07638440 -0.19524914 -0.07673274
v -0.05248859 -0.18738651 -0.06342802
v -0.05099184 -0.20529926 -0.06749827
v -0.07304367 -0.21852010 -0.07782245
v -0.00769405 -0.19510442 -0.02126154
v -0.00459650 -0.19631124 -0.00674742
v -0.00283624 -0.19769341 -0.00988531
v -0.00418591 -0.19704378 -0.02513998
v -0.16868421 0.06367105 -0.01342502
v -0.14457399 0.01223397 0.06649124
v -0.12700556 0.01186264 0.07203887
v -0.10880770 0.01248932 0.07047888
v -0.08542371 0.04392099 -0.03984571
v -0.10552344 0.04590726 -0.05353317
v -0.10493346 0.07338804 -0.04895513
v -0.08668610 0.07286561 -0.03235668
v -0.15097773 0.21493673 0.00120833
v -0.13388945 0.23981589 0.02099975
v -0.12980622 0.21036762 0.01356319
v -0.14793843 0.19013274 -0.00714653
v -0.17004248 0.17687744 0.09802829
v -0.18705687 0.17748636 0.08907018
v -0.17648336 0.20912051 0.10883002
v -0.14992078 0.17958194 0.10155785
v -0.15555948 0.21148086 0.11231592
v -0.08209517 -0.01472956 -0.05309400
v -0.10686746 -0.01253951 -0.06354538
v -0.10553090 0.01685637 -0.05714928
v -0.08247010 0.01419568 -0.04570903
v -0.12776011 -0.54106343 0.04791063
v -0.11861551 -0.54617286 0.06507887
v -0.11775970 -0.67206132 -0.05283842
v -0.12337768 -0.65905303 -0.04338903
v -0.11167195 -0.65191329 -0.05171783
v -0.10777975 -0.66520929 -0.05831136
v -0.12557656 -0.68157971 -0.04866646
v -0.13172103 -0.66920739 -0.03783170
v -0.13185139 -0.69276637 -0.04500452
v -0.13826317 -0.68114030 -0.03384411
v -0.15524498 -0.73662698 -0.03055590
v -0.15342139 -0.74294645 -0.02965458
v -0.02577115 -0.60689104 -0.08076027
v -0.00370324 -0.60520494 -0.07898331
v -0.00576775 -0.62974614 -0.07489740
v -0.03316268 -0.41311204 -0.09023576
v -0.02386276 -0.29122752 -0.08071448
v -0.02856519 -0.32092676 -0.07960039
v -0.04886781 -0.32547027 -0.07702043
v 0.00330187 -0.22045255 -0.06508590
v -0.08813333 -0.64002317 0.11601012
v -0.08416571 -0.61280352 0.11315682
v -0.09064135 -0.82196128 0.11970759
v -0.06542049 -0.81908035 0.12216411
v -0.09218156 -0.84967399 0.11216530
v -0.09052053 -0.86246598 0.10832684
v -0.06556576 -0.85948658 0.11187959
v -0.06657790 -0.84672117 0.11531366
v -0.05752983 -0.91109794 0.08909742
v -0.05103604 -0.92191207 0.08363641
v -0.00511914 -0.19275326 -0.00340176
v -0.00323797 -0.19919568 0.01838394
v -0.00274196 -0.20043314 0.01008323
v -0.03364247 -0.16360801 -0.04179523
v -0.01938833 -0.16233182 -0.02259300
v -0.01907218 -0.17596030 -0.02926725
v -0.03356822 -0.18027073 -0.04728312
v -0.17122692 -0.22478491 -0.03072975
v -0.17843620 -0.23133808 0.00491232
v -0.09220470 -0.18828207 0.09468015
v -0.15141508 -0.62369961 -0.14365344
v -0.16265029 -0.62322730 -0.14640312
v -0.16461834 -0.63913625 -0.12296596
v -0.15370785 -0.64044839 -0.12122163
v -0.10198325 -0.72070187 0.12485680
v -0.10547613 -0.69349569 0.11740620
v -0.10641742 -0.89777470 0.01057544
v -0.17494974 -0.88671148 -0.02476943
v -0.15510370 -0.87795174 -0.04327069
v -0.14923295 -0.88089907 -0.03412215
v -0.16753976 -0.89095318 -0.01526510
v -0.20306435 -0.83359587 0.03576104
v -0.20269889 -0.85162258 0.02710238
v -0.19533186 -0.85372865 0.04100717
v -0.19514047 -0.83443874 0.05083263
v -0.05235810 -0.32990360 0.14194256
v -0.08031073 -0.32917851 0.13877879
v -0.05845696 -0.53617042 0.10339712
v -0.07661301 -0.53284335 0.09703068
v -0.07748562 -0.55845022 0.10252242
v -0.05945974 -0.56335461 0.10876936
v -0.13036384 -0.70611984 0.10971418
v -0.14110543 -0.68944448 0.09793694
v -0.01501304 -0.73338193 -0.07085469
v -0.03006089 -0.73695129 -0.07525506
v -0.02994012 -0.71855700 -0.07938452
v -0.01535652 -0.71228582 -0.07486977
v -0.19032760 -0.67359138 -0.10277583
v -0.18632028 -0.68594307 -0.07805833
v -0.17395073 -0.67453480 -0.08094610
v -0.17599978 -0.65870392 -0.10164273
v -0.17142959 -0.23476458 0.04424580
v -0.15183887 -0.21662939 0.07661515
v -0.14371951 -0.57895875 0.03485424
v -0.13721533 -0.58422768 0.05634847
v -0.13123426 -0.56221008 0.05224027
v -0.13856810 -0.55694699 0.03147276
v -0.16026977 -0.63595384 0.03630723
v -0.15674521 -0.61859524 0.03696658
v -0.16459385 -0.65244019 0.03299247
v -0.18378514 -0.72608280 -0.00160347
v -0.17540799 -0.72577667 -0.01123660
v -0.18788037 -0.72919470 0.00046813
v -0.05286888 -0.16625643 -0.05980707
v -0.03882424 -0.23730946 -0.07659858
v -0.02831796 -0.25385535 -0.08029339
v -0.00231870 -0.20236194 0.00542132
v -0.07725907 -0.91928303 0.00641662
v -0.06768031 -0.91387516 -0.00601909
v -0.15730590 -0.71422875 -0.05103981
v -0.15201451 -0.69838899 -0.06618087
v -0.17075138 -0.72414482 -0.00832100
v -0.17884523 -0.72005498 0.00073677
v -0.18077050 -0.71573114 0.00369453
v -0.17220235 -0.71929848 -0.00738057
v -0.18459219 -0.71904069 0.00769290
v -0.18663919 -0.71572125 0.01349826
v -0.11006968 -0.80330634 -0.06334379
v -0.11351061 -0.82046789 -0.05826676
v -0.12147954 -0.81556666 -0.06300855
v -0.11755857 -0.79852861 -0.06606984
v -0.10205590 -0.80513299 -0.06008366
v -0.09131297 -0.80599385 -0.05799013
v -0.09572659 -0.82486159 -0.04975297
v -0.10621373 -0.82339972 -0.05317813
v -0.07274786 -0.87159288 -0.02043211
v -0.09428281 -0.87847626 -0.01042081
v -0.05060551 -0.86619335 -0.02463502
v -0.03173206 -0.86194384 -0.02651711
v -0.06527092 -0.89819562 0.09586053
v -0.06167245 -0.88363338 0.10414455
v -0.08368252 -0.88676226 0.09897051
v -0.08751813 -0.89827383 0.08867209
v -0.05986402 -0.90211707 -0.00987690
v -0.04621457 -0.89499938 -0.01387713
v -0.03253198 -0.88047546 -0.01525057
v -0.16167212 -0.72382408 -0.15978451
v -0.16048709 -0.70630866 -0.17621392
v -0.08680280 -0.93221116 0.03319149
v -0.08407588 -0.92609799 0.01941795
v -0.17780954 -0.71801460 -0.15887824
v -0.17628363 -0.69943941 -0.17533883
v -0.14156339 -0.88216937 -0.02525053
v -0.13395466 -0.86206484 -0.04607154
v -0.12611982 -0.86240572 -0.03758126
v -0.05435962 -0.91153562 -0.01495260
v -0.04298269 -0.90455878 -0.01852380
v -0.17201021 -0.26638666 -0.00520266
v -0.16361086 -0.25875807 -0.03550272
v -0.12477025 -0.52490377 -0.03344132
v -0.13430755 -0.52886069 -0.01446212
v 0.00175321 -0.55758649 -0.08532783
v 0.00370280 -0.53401589 -0.08698092
v -0.01678500 -0.90702879 -0.02467620
v -0.01461178 -0.48489696 -0.09328121
v 0.00466042 -0.48132619 -0.09081476
v 0.00465621 -0.50910378 -0.08800691
v -0.01409028 -0.51037794 -0.08942621
v 0.01129843 -0.44146618 -0.09292227
v 0.01023491 -0.45462924 -0.09130684
v 0.00701131 -0.27072155 -0.08278513
v -0.00310303 -0.27056584 -0.08283602
v -0.14153887 -0.78143239 -0.09843256
v -0.15457043 -0.79426664 -0.10406382
v -0.15207106 -0.77726430 -0.11459343
v -0.13850883 -0.76723671 -0.10902084
v -0.03232315 -0.48737940 -0.09009914
v -0.05149741 -0.48920819 -0.08238944
v -0.15549400 -0.72855377 -0.02932869
v -0.15001288 -0.73742789 -0.04358302
v -0.00665857 -0.65459007 -0.07123834
v -0.04538035 -0.72227418 -0.08247054
v -0.04612444 -0.73874158 -0.07824384
v -0.06113238 -0.73985463 -0.07914839
v -0.05994454 -0.72481859 -0.08310692
v -0.00248931 -0.20459312 0.01458017
v -0.21354312 -0.75267053 -0.05217411
v -0.21130124 -0.74426156 -0.06747364
v -0.21415477 -0.75422031 -0.07004492
v -0.21704152 -0.76313788 -0.05509253
v -0.01008787 -0.16535485 -0.00111981
v -0.01354784 -0.14878035 0.00780436
v -0.02471616 -0.20206934 0.06902947
v -0.00955464 -0.20613778 0.05922179
v -0.08132111 -0.10946590 -0.06983165
v -0.07978556 -0.14041805 -0.07344297
v -0.08064323 -0.07854176 -0.06358028
v -0.08193491 -0.04624909 -0.05883648
v -0.10738514 0.15108657 0.00158520
v -0.12284873 0.18036127 0.00369004
v -0.13738832 0.27318764 0.02748617
v -0.14130203 0.30834955 0.03406089
v -0.14475003 0.34636635 0.04232687
v -0.15017529 0.38479084 0.05032936
v -0.15485571 0.42225623 0.05530496
v -0.18767817 -0.68711495 -0.17356791
v -0.19253987 -0.70688480 -0.15453008
v -0.19881679 -0.69003940 -0.14917091
v -0.19424063 -0.67237043 -0.17088580
v -0.13832209 -0.67204237 -0.10520364
v -0.13207895 -0.68365872 -0.10842015
v -0.13043199 -0.66719300 -0.12561065
v -0.13711438 -0.65628159 -0.12252545
v -0.13510256 -0.63865882 -0.14051028
v -0.14314003 -0.62979096 -0.14032534
v -0.14463890 -0.64709711 -0.12084894
v -0.17455176 -0.62812948 -0.14994255
v -0.18417871 -0.63629162 -0.15488963
v -0.18820229 -0.65331751 -0.13032973
v -0.17613676 -0.64270627 -0.12576419
v -0.19521426 -0.65756249 -0.16632023
v -0.19822310 -0.67393702 -0.14440943
v -0.19405510 -0.66196430 -0.13796559
v -0.19085670 -0.64542812 -0.16044091
v -0.11764441 -0.67360359 -0.15450051
v -0.12112118 -0.66077667 -0.14793381
v -0.12431340 -0.67923725 -0.13045612
v -0.12016590 -0.69220054 -0.13729566
v -0.17477624 -0.80271912 -0.10585293
v -0.17054215 -0.78176570 -0.11725380
v -0.14787290 -0.76396155 -0.04345545
v -0.14159429 -0.77746069 -0.05875086
v -0.13960552 -0.77318692 -0.06088439
v -0.14377952 -0.76133943 -0.04312339
v -0.14737502 -0.74312782 -0.14122283
v -0.15007380 -0.76119852 -0.12625271
v -0.16638599 -0.76078838 -0.12882671
v -0.16301379 -0.74147916 -0.14297447
v -0.12358149 -0.71070910 -0.11959371
v -0.12690523 -0.69778317 -0.11264452
v -0.12968013 -0.71395510 -0.09487647
v -0.12690708 -0.72665703 -0.10264415
v -0.16433640 -0.65551746 -0.10194474
v -0.16374031 -0.67262602 -0.08227871
v -0.13405302 -0.76630801 -0.08965404
v -0.13064316 -0.75404429 -0.09964916
v -0.14733472 -0.72762418 -0.04229088
v -0.16914408 -0.70525169 -0.00609677
v -0.17156890 -0.71326441 -0.00694027
v -0.10651539 -0.67853653 -0.06598037
v -0.10657468 -0.69234097 -0.07130451
v -0.14741431 -0.67204839 -0.01963134
v -0.15291372 -0.68674862 -0.01718641
v -0.11350305 -0.68364638 -0.06232159
v -0.11109658 -0.69262618 -0.06789391
v -0.06684677 -0.60585856 -0.07281038
v -0.03241593 -0.87150770 -0.01882217
v -0.13509881 -0.75263029 -0.12092482
v -0.12784883 -0.74005193 -0.11142282
v -0.17981239 -0.70772678 -0.04595412
v -0.17401090 -0.70621383 -0.04538530
v -0.17375164 -0.69222140 -0.06087846
v -0.18260391 -0.69681585 -0.06067111
v -0.16711372 -0.72542274 0.08743383
v -0.15061557 -0.71592951 0.10115764
v -0.15663545 -0.70220107 0.08894445
v -0.17064664 -0.71295297 0.07736564
v -0.21442607 -0.76830995 -0.08082649
v -0.21053992 -0.77218831 -0.09066124
v -0.21585870 -0.78910995 -0.07658873
v -0.21864258 -0.78098655 -0.06732777
v -0.20273685 -0.77510822 -0.10389146
v -0.18928412 -0.77958715 -0.11405326
v -0.19506405 -0.80288398 -0.10054491
v -0.20892631 -0.79706901 -0.08819695
v -0.16088368 -0.30378461 0.03751836
v -0.16519453 -0.30162659 0.01213330
v -0.11075253 -0.43619704 -0.05902602
v -0.09167154 -0.42916808 -0.06961692
v -0.07317940 -0.33618632 -0.07369950
v -0.02916991 -0.20443958 -0.05623128
v -0.01582053 -0.19290751 -0.03509530
v -0.02028235 -0.12513411 0.01585815
v -0.16564944 -0.29776275 -0.01437024
v -0.03080404 -0.09566736 0.02178727
v -0.04212195 -0.06467557 0.02778794
v -0.08487905 -0.07109523 0.07990390
v -0.11065016 -0.07172728 0.08355949
v -0.10387946 -0.10227287 0.08501692
v -0.07471607 -0.10329044 0.08056934
v -0.13554157 -0.07151896 0.07756723
v -0.13174769 -0.10112512 0.07943810
v -0.13362905 0.01638699 -0.05546623
v -0.15891241 0.24723852 0.11983906
v -0.18203102 0.28449166 0.11870889
v -0.18018076 0.24461824 0.11597020
v -0.16271406 0.28537148 0.12237253
v -0.19780135 0.24555421 0.10425215
v -0.19374028 0.21002185 0.09800792
v -0.20456721 0.29902124 0.03842634
v -0.16582915 0.32524151 0.12138209
v -0.18368600 0.32535523 0.11767752
v -0.19902749 0.32577175 0.10765456
v -0.19932097 0.28444892 0.10678145
v -0.00940994 -0.17635900 -0.00950244
v -0.15371718 -0.21755821 -0.05972522
v -0.14585829 -0.24992967 -0.06144173
v -0.09107777 -0.25751695 -0.07869937
v -0.06710951 -0.24015737 -0.07860769
v -0.07249860 -0.51406264 -0.07005787
v -0.09255473 -0.51664048 -0.06155810
v -0.09715955 -0.56190526 -0.05691255
v -0.11423932 -0.56504381 -0.04459753
v -0.11178876 -0.54228091 -0.04647521
v -0.09449022 -0.53857607 -0.05855926
v -0.14019603 -0.57121295 -0.01023814
v -0.14505725 -0.57451475 0.01241773
v -0.14054962 -0.55279511 0.00919150
v -0.13604134 -0.54950500 -0.01218243
v -0.13853742 -0.53334415 0.00637273
v -0.13584624 -0.53694123 0.02776129
v -0.09660703 -0.58022493 0.09711587
v -0.11003679 -0.57441270 0.08425006
v -0.11576899 -0.59878087 0.09005376
v -0.10131562 -0.60608959 0.10277789
v -0.01510919 -0.26523790 -0.08131836
v -0.00882470 -0.19037056 -0.01887141
v -0.07808790 -0.16968268 -0.07556754
v -0.10283346 -0.20258373 -0.08278257
v -0.13037068 -0.21000808 -0.07731926
v -0.15189989 -0.72229302 -0.05465485
v -0.19149023 -0.73292965 0.04286374
v -0.19264333 -0.74100167 0.04367317
v -0.19758406 -0.75366992 -0.11694366
v -0.18404421 -0.75937223 -0.12494598
v -0.12978803 -0.74105418 -0.08831331
v -0.15822767 -0.81029320 -0.09594831
v -0.14413488 -0.79626137 -0.09035300
v -0.14708859 -0.80919939 -0.08495387
v -0.10299534 -0.32386810 -0.07027453
v -0.13291642 -0.30922863 -0.06304446
v -0.10939975 -0.29855743 -0.07143424
v -0.00498301 -0.20643586 0.04724393
v -0.04652146 -0.22167087 -0.07237250
v -0.05155868 -0.03443074 0.03218207
v -0.05932108 -0.00539643 0.03648038
v -0.06534231 0.02260619 0.04112488
v -0.07097076 0.05023092 0.04629233
v -0.07683671 0.07760817 0.05188462
v -0.08557896 0.10430652 0.05718909
v -0.09625282 0.13133067 0.06052227
v -0.10522823 0.16162038 0.06743188
v -0.10344072 0.22931695 0.07190070
v -0.10839611 0.22573084 0.08697958
v -0.10790685 0.19254893 0.07778221
v -0.11008520 0.25972611 0.09454329
v -0.11312737 0.29556847 0.09920756
v -0.12279448 0.33259428 0.10067160
v -0.13729553 0.40843195 0.10355705
v -0.13147448 0.37062579 0.10137622
v -0.00267743 -0.20670187 0.02580689
v -0.00348149 -0.20676500 0.03605043
v -0.11576796 -0.86185926 -0.02890921
v -0.16300678 -0.72746855 -0.01828140
v -0.16188292 -0.73209167 -0.01784434
v -0.13246599 -0.75437939 -0.07669723
v -0.19946352 -0.68962735 -0.12306218
v -0.20157227 -0.70545942 -0.12965980
v -0.13288452 -0.72922432 -0.07818278
v -0.14821371 -0.75067663 -0.03060186
v -0.15294309 -0.75062025 -0.03090644
v -0.09025228 -0.72326076 -0.25931561
v -0.09310970 -0.71777910 -0.27127084
v -0.07739693 -0.73148906 -0.27348474
v -0.07425398 -0.73520774 -0.26222730
v -0.08270392 -0.72301263 -0.24817541
v -0.06757194 -0.73433882 -0.25178850
v -0.03703174 -0.68153024 -0.24533999
v -0.04519594 -0.69078809 -0.23785502
v -0.03176081 -0.70419526 -0.24591178
v -0.02419522 -0.69576466 -0.25362802
v -0.04467088 -0.74117780 -0.24863797
v -0.03620875 -0.73410118 -0.24656808
v -0.05000374 -0.72178072 -0.24090503
v -0.05903351 -0.72963107 -0.24414542
v -0.03569540 -0.66889781 -0.27088904
v -0.04313377 -0.66825831 -0.28218639
v -0.05420718 -0.65108162 -0.27502373
v -0.04732737 -0.65339941 -0.26215476
v -0.09241995 -0.63233423 -0.21345694
v -0.08718184 -0.62123346 -0.21826705
v -0.09827200 -0.61351788 -0.21071994
v -0.10307460 -0.62542367 -0.20779926
v -0.12157415 -0.69937420 -0.25108433
v -0.12409267 -0.69040298 -0.26331085
v -0.10919112 -0.70405746 -0.26769742
v -0.10620543 -0.71120679 -0.25560436
v -0.09199786 -0.68802154 -0.22218865
v -0.08126152 -0.67663968 -0.22075851
v -0.09567592 -0.66498637 -0.21479622
v -0.10704902 -0.67502451 -0.21584231
v -0.13742371 -0.68394125 -0.24691191
v -0.13821170 -0.67516851 -0.25780332
v -0.06416854 -0.71037805 -0.23419236
v -0.05427617 -0.70028305 -0.23405042
v -0.06786543 -0.68844473 -0.22646523
v -0.07816437 -0.69946408 -0.22751668
v -0.01405713 -0.70260406 -0.28286594
v -0.02088305 -0.70280290 -0.29216212
v -0.03237167 -0.68521518 -0.28770372
v -0.02503571 -0.68559730 -0.27761850
v -0.02745181 -0.72616160 -0.24819790
v -0.01926374 -0.71833169 -0.25267690
v -0.04101533 -0.71303409 -0.24158698
v -0.05692559 -0.73013818 -0.29419944
v -0.06100988 -0.73882455 -0.28579539
v -0.07647768 -0.72373223 -0.28402746
v -0.07173309 -0.71363980 -0.29269436
v -0.06362075 -0.65461099 -0.22760729
v -0.07196358 -0.66522503 -0.22187395
v -0.05827171 -0.67774534 -0.22951379
v -0.04962757 -0.66747499 -0.23700194
v -0.11468333 -0.70111775 -0.23780210
v -0.09881330 -0.71304560 -0.24286465
v -0.08612430 -0.69702816 -0.29047221
v -0.09168673 -0.70793700 -0.28165835
v -0.10654402 -0.69317555 -0.27736926
v -0.09963825 -0.68000740 -0.28700632
v -0.10226241 -0.65029740 -0.28542668
v -0.08968112 -0.64074290 -0.28323382
v -0.07784358 -0.65885961 -0.28942722
v -0.08983588 -0.66850954 -0.29084849
v -0.07853356 -0.64231282 -0.21966082
v -0.07259110 -0.63196248 -0.22790553
v -0.05918005 -0.63796896 -0.25258100
v -0.06581202 -0.63420689 -0.26641124
v -0.07796434 -0.61803579 -0.25566703
v -0.07153818 -0.62303281 -0.24136017
v -0.14560518 -0.66618645 -0.21562846
v -0.15622510 -0.66676784 -0.22703359
v -0.14598091 -0.67472863 -0.23007047
v -0.13540731 -0.67457283 -0.21722376
v -0.15113911 -0.67135704 -0.24208324
v -0.16298018 -0.65785050 -0.23705450
v -0.17711279 -0.63641065 -0.22802231
v -0.17564818 -0.62410808 -0.22777945
v -0.16922194 -0.62465966 -0.23775181
v -0.17038797 -0.63878608 -0.23644443
v -0.12775919 -0.61222184 -0.27175629
v -0.11424200 -0.60255557 -0.26556313
v -0.10150528 -0.62187445 -0.27544951
v -0.11515690 -0.63135636 -0.27940515
v -0.11133730 -0.58599645 -0.24016441
v -0.10160284 -0.59212637 -0.22871940
v -0.09082893 -0.60334086 -0.24258858
v -0.10135776 -0.60007846 -0.25479379
v -0.13797216 -0.59925073 -0.17598078
v -0.12844871 -0.60555601 -0.17533588
v -0.12313530 -0.59482777 -0.18886013
v -0.13205594 -0.58754587 -0.19169939
v -0.11717448 -0.62835979 -0.17990232
v -0.11589623 -0.64068145 -0.18496907
v -0.11658451 -0.63097680 -0.19297250
v -0.11496313 -0.61775833 -0.18968576
v -0.15761948 -0.67133117 -0.20771453
v -0.17211662 -0.66659534 -0.20804369
v -0.17065482 -0.65990901 -0.21760836
v -0.15711905 -0.66305780 -0.21393403
v -0.13982999 -0.59678340 -0.26225710
v -0.12518790 -0.58361554 -0.25287303
v -0.11200302 -0.61072463 -0.19752172
v -0.11523175 -0.62356663 -0.19838728
v -0.11154526 -0.62088680 -0.20225400
v -0.10734700 -0.60908681 -0.20317143
v -0.13047925 -0.64633739 -0.20725234
v -0.14150921 -0.65354162 -0.21165591
v -0.13916939 -0.65457356 -0.21066485
v -0.12766619 -0.64559203 -0.20638837
v -0.15568171 -0.66019422 -0.21788749
v -0.16921440 -0.65721464 -0.22328456
v -0.16359049 -0.65942693 -0.22595026
v -0.15239371 -0.66039681 -0.21726508
v -0.16367063 -0.59851378 -0.23911244
v -0.15506575 -0.58695495 -0.23702282
v -0.14915442 -0.58972907 -0.25109529
v -0.15843968 -0.60242414 -0.25199267
v -0.11936244 -0.58036494 -0.22386932
v -0.11066632 -0.58654803 -0.21510455
v -0.12178865 -0.64600921 -0.20691484
v -0.11058313 -0.63618404 -0.20678979
v -0.11769865 -0.63301629 -0.20421322
v -0.16979980 -0.65113938 -0.23322996
v -0.14793426 -0.59588838 -0.17935616
v -0.15814409 -0.59602052 -0.18336000
v -0.16145629 -0.60840333 -0.16606155
v -0.15087625 -0.60837895 -0.16295439
v -0.14090066 -0.61243939 -0.16093796
v -0.13181119 -0.62032789 -0.16061944
v -0.11946154 -0.64309061 -0.16607629
v -0.11636391 -0.65537196 -0.17191502
v -0.11948705 -0.66898578 -0.17934209
v -0.12896262 -0.68108219 -0.18642241
v -0.13015303 -0.66608769 -0.19861579
v -0.12028129 -0.65395063 -0.19188495
v -0.17352208 -0.68064922 -0.19320109
v -0.15847340 -0.68731254 -0.19368055
v -0.18347901 -0.66880119 -0.19187313
v -0.18040872 -0.65644276 -0.20714755
v -0.11296445 -0.59862411 -0.19728886
v -0.11743949 -0.60557020 -0.18818337
v -0.07674858 -0.68642151 -0.29533046
v -0.06538400 -0.67692542 -0.29469189
v -0.05270937 -0.69468844 -0.29816359
v -0.06308946 -0.70430148 -0.29817933
v -0.02981648 -0.70643365 -0.29836044
v -0.04189029 -0.68871975 -0.29494104
v -0.07336277 -0.71854532 -0.23949884
v -0.08801556 -0.70756143 -0.23408648
v -0.05275416 -0.74675000 -0.25437713
v -0.13277099 -0.65742630 -0.20918953
v -0.12117620 -0.66475350 -0.21133932
v -0.17396957 -0.61094725 -0.22703239
v -0.18057364 -0.62602383 -0.21663219
v -0.17855114 -0.61367166 -0.21410310
v -0.14036842 -0.62647843 -0.26931122
v -0.14684650 -0.64270264 -0.25828972
v -0.15941204 -0.62609869 -0.24984823
v -0.15126187 -0.61154848 -0.26157686
v -0.15954125 -0.58772516 -0.22151461
v -0.16833808 -0.59874237 -0.22504626
v -0.17314422 -0.60260713 -0.20991582
v -0.16427234 -0.59269273 -0.20534928
v -0.14188930 -0.65967417 -0.20919237
v -0.14164682 -0.67038476 -0.20436698
v -0.18583266 -0.63236076 -0.20266104
v -0.18433098 -0.64410770 -0.20570165
v -0.18891332 -0.65464181 -0.19046691
v -0.19048138 -0.64192349 -0.18693954
v -0.18097776 -0.63882685 -0.21727762
v -0.18367112 -0.62078178 -0.19852453
v -0.18772531 -0.63120854 -0.18140814
v -0.14247033 -0.68756539 -0.19141538
v -0.16865835 -0.60170835 -0.18819012
v -0.17760061 -0.61051220 -0.19339353
v -0.18113810 -0.62163448 -0.17571153
v -0.17193034 -0.61344653 -0.17020595
v -0.05385041 -0.67099810 -0.29030716
v -0.06526050 -0.65347874 -0.28421798
v -0.09620319 -0.60096967 -0.21801066
v -0.08509734 -0.61023599 -0.22826889
v -0.10606147 -0.59682214 -0.20749980
v -0.03240547 -0.67404205 -0.25756696
v -0.02115649 -0.68979067 -0.26529521
v -0.05792594 -0.64526677 -0.23836048
v -0.04512393 -0.65949827 -0.24830282
v -0.11309239 -0.66242874 -0.28218251
v -0.13636635 -0.57924473 -0.21381412
v -0.12636501 -0.58130991 -0.20726360
v -0.12995943 -0.57748383 -0.23216130
v -0.12447113 -0.63163376 -0.16185346
v -0.12202506 -0.61663812 -0.17612688
v -0.13984169 -0.58162683 -0.24742372
v -0.12689030 -0.64996839 -0.14376387
v -0.16273575 -0.64437318 -0.24251309
v -0.17602104 -0.64840961 -0.22693348
v -0.17841421 -0.65073180 -0.21778075
v -0.06184927 -0.74545521 -0.27520794
v -0.10285592 -0.69635028 -0.22840604
v -0.10955313 -0.65376854 -0.21018302
v -0.10040829 -0.64290869 -0.21068449
v -0.14770830 -0.58072609 -0.21835572
v -0.15311977 -0.58628196 -0.20121205
v -0.14230597 -0.58509678 -0.19688977
v -0.13039973 -0.65479350 -0.20527229
v -0.12104469 -0.64330542 -0.19894654
v -0.01083201 -0.70563471 -0.27174222
v -0.12143451 -0.63589925 -0.20214708
v -0.15141019 -0.65780365 -0.25066999
v -0.06702096 -0.83341938 0.11874876
v -0.14200777 -0.65759647 -0.02249409
v -0.10158531 -0.63075769 -0.05609831
v -0.11705099 -0.63475209 -0.04538943
v -0.15973966 -0.71149784 -0.01758006
v -0.16152340 -0.72031325 -0.01800210
v -0.15985501 -0.73782808 -0.02063632
v -0.15448169 -0.73922557 -0.02358034
v -0.14398538 -0.69415957 -0.03007804
v 0.01184267 -0.46845931 -0.08748879
v -0.06323113 -0.45585394 0.09751362
v -0.04112297 -0.45486933 0.10174266
v -0.04355732 -0.43614584 0.10601076
v -0.06553546 -0.43640468 0.10032322
v -0.04630834 -0.41734126 0.11429609
v -0.15354921 -0.38583741 0.04602963
v -0.14894843 -0.40737483 0.04388301
v -0.13943104 -0.40465054 0.06612511
v -0.14444073 -0.38210475 0.06994207
v -0.15049738 -0.42493656 0.01896483
v -0.14437245 -0.42569965 0.04231613
v -0.15379550 -0.40749428 0.01896786
v -0.15232524 -0.40345132 -0.00630637
v -0.14999188 -0.42151755 -0.00563778
v -0.14463690 -0.39577681 -0.02839067
v -0.14198339 -0.41522333 -0.02760055
v -0.13268057 -0.38688204 -0.04686647
v -0.11585395 -0.37827632 -0.06069304
v -0.09813049 -0.34816340 -0.06905553
v -0.07146499 -0.36135530 -0.07356632
v -0.09416329 -0.36973947 -0.06874797
v -0.02940810 -0.34856796 -0.07932878
v -0.04921013 -0.35364500 -0.07714693
v 0.00279276 -0.34310085 -0.08032778
v -0.01245131 -0.34542391 -0.08039905
v -0.10327332 -0.84377354 -0.04016129
v -0.14777344 -0.89474159 0.04715744
v -0.15002289 -0.90052199 0.02445174
v -0.13257247 -0.90163338 0.05264119
v -0.18265153 -0.83516127 0.06939970
v -0.18352453 -0.85475093 0.05796838
v -0.16549408 -0.85061044 0.08132602
v -0.16372572 -0.83341497 0.08946312
v -0.12491000 -0.89479822 0.07025571
v -0.11553560 -0.89887607 0.07204133
v -0.14076942 -0.88750291 0.06789763
v -0.10554366 -0.87784576 0.09911910
v -0.12651429 -0.88139760 0.08599410
v -0.19026512 -0.88397717 -0.00455287
v -0.19932017 -0.86986005 0.01375460
v -0.20537367 -0.86694008 0.00156908
v -0.19759640 -0.88023704 -0.01702246
v -0.20105988 -0.81627464 0.04179380
v -0.19733641 -0.79964793 0.04708026
v -0.20358345 -0.79922938 0.03244922
v -0.20675938 -0.81532317 0.02839070
v -0.20424664 -0.85254425 -0.05995831
v -0.21587452 -0.84548640 -0.04265378
v -0.21581692 -0.83147603 -0.05883588
v -0.20323637 -0.83757699 -0.07385239
v -0.20846094 -0.83267623 0.02250767
v -0.12519051 -0.72500145 0.11765194
v -0.16368704 -0.73800349 0.09459978
v -0.14553478 -0.73166287 0.10792305
v -0.19387105 -0.74947411 0.04318504
v -0.18753421 -0.74790019 0.05943618
v -0.18675935 -0.73688024 0.05777805
v -0.19916160 -0.74927479 0.01449428
v -0.19787657 -0.74961966 0.02729218
v -0.13875574 -0.79154533 -0.07579156
v -0.14073527 -0.79814667 -0.07489428
v -0.14909042 -0.82115942 -0.07993478
v -0.19274420 -0.73926634 -0.00177681
v -0.18937019 -0.73511577 -0.01467881
v -0.19367605 -0.73920053 -0.01480895
v -0.19545494 -0.74373001 -0.00174768
v -0.18193315 -0.88782793 0.00603743
v -0.22085840 -0.83272320 -0.02811205
v -0.22104523 -0.81638688 -0.02079733
v -0.22255337 -0.80487382 -0.03792591
v -0.22201090 -0.82080561 -0.04475999
v -0.21942258 -0.80297250 -0.01322507
v -0.21672693 -0.78959042 -0.00770374
v -0.21896908 -0.78292245 -0.02280676
v -0.22116700 -0.79398471 -0.02983607
v -0.19823214 -0.74361432 -0.01639172
v -0.19899699 -0.74983978 -0.00067984
v -0.17929927 -0.82045925 -0.09592725
v -0.18438025 -0.87498683 -0.04999993
v -0.16268860 -0.86426461 -0.06337960
v -0.15931225 -0.87250835 -0.05339570
v -0.18074296 -0.88225603 -0.03703599
v -0.16250649 -0.72733957 -0.03415959
v -0.15673140 -0.73480856 -0.03802105
v -0.16841444 -0.72157550 -0.03098395
v -0.18947676 -0.73250735 0.00005127
v -0.17226979 -0.71813768 -0.03052306
v -0.13653925 -0.76566178 -0.06688180
v -0.13708943 -0.78025055 -0.08005558
v -0.14603382 -0.84363389 -0.06870639
v -0.14298263 -0.85237586 -0.06175285
v -0.19982901 -0.82141978 -0.08741339
v -0.21341464 -0.81487954 -0.07410988
v -0.18993922 -0.72586578 -0.03128351
v -0.19147053 -0.71735346 -0.04466797
v -0.19444683 -0.73029017 -0.03087872
v -0.19284672 -0.72936147 0.01686295
v -0.18975312 -0.73558712 -0.00175077
v -0.20234197 -0.87446856 -0.03013843
v -0.21975654 -0.80566269 -0.06094332
v -0.22136572 -0.79274189 -0.05222568
v -0.21602935 -0.80924731 0.00193854
v -0.21748650 -0.82453626 -0.00452074
v -0.21306200 -0.82941270 0.00954795
v -0.21151522 -0.81310290 0.01568556
v -0.21875066 -0.77429086 -0.03951512
v -0.21482569 -0.76167607 -0.03585579
v -0.21301089 -0.79514533 0.00598813
v -0.20863192 -0.79808617 0.01913032
v -0.19914380 -0.73530716 -0.03142042
v -0.13927761 -0.85879785 -0.05392379
v -0.12852305 -0.83623827 -0.05872687
v -0.12196174 -0.84000671 -0.05245516
v -0.13658239 -0.81990290 -0.06940462
v -0.13277079 -0.82931358 -0.06463707
v -0.13968186 -0.80847222 -0.07263221
v -0.11428493 -0.84156024 -0.04536976
v -0.14421344 -0.57934642 -0.23329496
v -0.19343427 -0.71069241 -0.05805787
v -0.18587111 -0.71191204 -0.04581647
v -0.18897769 -0.70393968 -0.05957188
v -0.19667286 -0.68096864 -0.11410788
v -0.16876091 -0.61110604 -0.23914541
v -0.16266957 -0.61246127 -0.24816325
v -0.12601455 -0.64465618 -0.27660179
v -0.12007979 -0.67629200 -0.27327296
v -0.13338766 -0.66030490 -0.26659137
v -0.13064641 -0.68887639 -0.23297964
v -0.11862303 -0.68471408 -0.22246772
v -0.08656359 -0.65323746 -0.21561325
v -0.08851337 -0.61752057 -0.26732230
v -0.03020135 -0.77566171 -0.26698583
v -0.03241447 -0.77432179 -0.27774310
v -0.01875141 -0.78924215 -0.27960956
v -0.01619139 -0.78941214 -0.26915234
v 0.00182894 -0.79814279 -0.26430133
v -0.01003712 -0.78544557 -0.26229876
v -0.00478488 -0.80293524 -0.27086890
v 0.00972334 -0.79272330 -0.26237097
v -0.00270790 -0.78016233 -0.25998870
v 0.01715136 -0.78709102 -0.26452368
v 0.02372879 -0.78111720 -0.26749039
v 0.01167840 -0.76827085 -0.26409271
v 0.00453407 -0.77428824 -0.26105553
v 0.01770738 -0.76266670 -0.26941931
v 0.02166626 -0.75773132 -0.27715164
v 0.01032153 -0.74273300 -0.27221477
v 0.00560755 -0.74848574 -0.26438129
v 0.03242517 -0.76919985 -0.29683429
v 0.02762046 -0.77100462 -0.30293530
v 0.01532000 -0.75461507 -0.30168569
v 0.02094170 -0.75254035 -0.29491207
v -0.01286075 -0.74772811 -0.30544385
v -0.00453955 -0.74160367 -0.30388856
v 0.00823301 -0.75915605 -0.30607077
v 0.00046223 -0.76471823 -0.30822492
v 0.01306364 -0.77994639 -0.31215864
v 0.00644198 -0.78603435 -0.30868521
v -0.00600594 -0.77084929 -0.30555516
v -0.05893511 -0.74847746 -0.26386395
v -0.04445565 -0.76151806 -0.26564485
v -0.03810066 -0.75925040 -0.25710836
v -0.02188757 -0.74742711 -0.25157160
v -0.02995768 -0.75402510 -0.25268137
v -0.01590899 -0.76694733 -0.25616074
v -0.00830457 -0.76086575 -0.25618571
v -0.01264393 -0.71127731 -0.26087943
v -0.00663254 -0.73383558 -0.25903583
v -0.00114375 -0.72738945 -0.26696503
v -0.00106579 -0.75467408 -0.25918317
v -0.01377392 -0.74157858 -0.25399548
v 0.01173517 -0.73792946 -0.28195071
v 0.02302778 -0.75392866 -0.28615856
v -0.03051552 -0.76916492 -0.28798741
v -0.02628729 -0.76257735 -0.29657504
v -0.01125887 -0.77778572 -0.29857099
v -0.01614341 -0.78431606 -0.29006231
v 0.00013083 -0.72217160 -0.27698922
v -0.04143247 -0.74711990 -0.29542047
v -0.04556173 -0.75418550 -0.28676677
v -0.02071348 -0.75527978 -0.30296353
v -0.03488699 -0.73875993 -0.30119878
v -0.00434965 -0.79889035 -0.29267660
v -0.00673699 -0.80403757 -0.28192580
v -0.04739976 -0.75980937 -0.27629107
v 0.00921243 -0.73601806 -0.29158247
v 0.00322476 -0.73737264 -0.29937369
v -0.00890863 -0.72038424 -0.29609668
v -0.00241372 -0.71959043 -0.28761083
v -0.03923064 -0.71283293 -0.30087596
v -0.01734143 -0.72393960 -0.30111790
v -0.02617124 -0.73028672 -0.30306709
v 0.02079353 -0.77479094 -0.30843621
v -0.04878387 -0.72143453 -0.29994833
v 0.05402590 -0.85809922 -0.26050919
v 0.05570634 -0.86641932 -0.26312107
v 0.05793487 -0.85910308 -0.26927394
v 0.05437769 -0.84988636 -0.26708859
v 0.04679357 -0.83822477 -0.23601636
v 0.04726194 -0.85250717 -0.23070052
v 0.05521065 -0.85498065 -0.23845771
v 0.05499230 -0.84208709 -0.24492872
v 0.05276670 -0.86509705 -0.25462753
v 0.05241577 -0.87273169 -0.25868407
v 0.05255716 -0.88127255 -0.26196712
v 0.04751569 -0.87426162 -0.25638455
v 0.04560933 -0.88345420 -0.26390988
v 0.03681880 -0.87994248 -0.27088150
v 0.04329821 -0.89041573 -0.27604914
v 0.04754180 -0.89166766 -0.26795727
v 0.04269026 -0.86875844 -0.29603705
v 0.04848221 -0.86270654 -0.30387455
v 0.05611363 -0.87529600 -0.30451620
v 0.05061734 -0.88095689 -0.29562449
v 0.06778158 -0.85977757 -0.31362516
v 0.06249395 -0.86855996 -0.30860132
v 0.05367097 -0.85619664 -0.30840451
v 0.05894628 -0.84879589 -0.31232765
v 0.05620848 -0.84279239 -0.27415070
v 0.06058832 -0.85244960 -0.27545649
v 0.06386283 -0.84870833 -0.27952242
v 0.05982257 -0.83844107 -0.27866736
v 0.04079051 -0.87588263 -0.25827780
v 0.04630753 -0.87728071 -0.24809122
v 0.04191872 -0.87799829 -0.24833138
v 0.03495046 -0.87253219 -0.25720507
v 0.05088559 -0.80252922 -0.27519399
v 0.05861872 -0.81118417 -0.27619353
v 0.06393221 -0.80896980 -0.28053063
v 0.05620380 -0.79855293 -0.28036249
v 0.03958020 -0.80953640 -0.25890517
v 0.02476296 -0.81129211 -0.25742885
v 0.02680275 -0.81891501 -0.25062832
v 0.04241376 -0.81669337 -0.24973312
v 0.03050441 -0.82821679 -0.24273938
v 0.03410152 -0.83951151 -0.23547269
v 0.04536144 -0.82632416 -0.24214396
v 0.03673014 -0.85434592 -0.23009758
v 0.06732105 -0.80073643 -0.29098922
v 0.05902177 -0.79408121 -0.29060563
v 0.08014497 -0.92555052 -0.27715012
v 0.07505232 -0.92741692 -0.27432939
v 0.07702917 -0.93084681 -0.27495763
v 0.08188179 -0.92912042 -0.27770722
v 0.04575181 -0.79979986 -0.31213915
v 0.05233748 -0.79578155 -0.30659857
v 0.05785508 -0.80143964 -0.30901363
v 0.05039088 -0.80650944 -0.31328434
v 0.06406012 -0.80846894 -0.31212491
v 0.05537915 -0.81486374 -0.31509370
v 0.06649211 -0.93206346 -0.27917698
v 0.06563154 -0.93307269 -0.28418416
v 0.06816435 -0.93800712 -0.28340930
v 0.06936374 -0.93626189 -0.27857187
v 0.06193566 -0.86867726 -0.26972842
v 0.05875999 -0.87566066 -0.26388147
v 0.06099087 -0.88543129 -0.26397702
v 0.06275749 -0.89530623 -0.26531404
v 0.06893833 -0.89397109 -0.26821119
v 0.06665900 -0.88021445 -0.26978815
v 0.06723568 -0.86232758 -0.27853552
v 0.07287191 -0.87274063 -0.27906191
v 0.07538217 -0.86603332 -0.28403181
v 0.07040162 -0.85600108 -0.28330895
v 0.08790484 -0.85286868 -0.29372197
v 0.08412196 -0.84505785 -0.29180428
v 0.07892744 -0.84782600 -0.28937691
v 0.08316150 -0.85736614 -0.29082465
v 0.09273228 -0.88535541 -0.29728454
v 0.09070638 -0.87600166 -0.29387912
v 0.08817489 -0.87972480 -0.29008466
v 0.09138991 -0.88968807 -0.29226002
v 0.03954065 -0.79346198 -0.31158289
v 0.04601792 -0.78997475 -0.30537462
v 0.09441647 -0.84333521 -0.31733224
v 0.08722806 -0.85096341 -0.32022673
v 0.07955760 -0.84369946 -0.31866768
v 0.08593595 -0.83568001 -0.31673157
v 0.04252587 -0.81337452 -0.31410238
v 0.03770234 -0.80625677 -0.31413534
v 0.06744064 -0.93291044 -0.28981829
v 0.07029435 -0.93783665 -0.28889430
v 0.02343978 -0.84209371 -0.24443649
v 0.02821057 -0.85728145 -0.23596884
v 0.02042186 -0.83100480 -0.25337875
v 0.01454139 -0.81647575 -0.26346970
v 0.01833376 -0.82321590 -0.25983733
v 0.07223341 -0.88336372 -0.27369547
v 0.06318662 -0.86083686 -0.27503312
v 0.06664830 -0.84538078 -0.28221041
v 0.08079606 -0.82886988 -0.28900257
v 0.08496496 -0.83463997 -0.29154855
v 0.08885875 -0.82971847 -0.29592383
v 0.08514321 -0.82207912 -0.29527566
v 0.09912103 -0.84132135 -0.30395401
v 0.09879398 -0.83985370 -0.31094447
v 0.09242430 -0.83215708 -0.31021297
v 0.09465611 -0.83405405 -0.30277687
v 0.03629467 -0.87964660 -0.24596751
v 0.02948678 -0.86979741 -0.25229344
v 0.05723986 -0.79352069 -0.29904976
v 0.06399414 -0.79922223 -0.30120775
v 0.04979903 -0.78824079 -0.29823014
v 0.05318983 -0.81594932 -0.26692516
v 0.05668522 -0.82726270 -0.27461964
v 0.05956446 -0.82428443 -0.27776819
v 0.05525273 -0.81290007 -0.27268809
v 0.05498914 -0.84021950 -0.26169193
v 0.05443120 -0.83046114 -0.25183481
v 0.05573523 -0.85011423 -0.25508618
v 0.04601318 -0.80530721 -0.26890090
v 0.03825143 -0.79958290 -0.26942858
v 0.04349607 -0.79578018 -0.27607247
v 0.04849786 -0.79160357 -0.28293043
v 0.05074772 -0.78871685 -0.29124117
v 0.03216776 -0.79216450 -0.26923263
v 0.03720954 -0.78838742 -0.27553099
v 0.04130208 -0.78457266 -0.28326786
v 0.04331642 -0.78212279 -0.29080781
v 0.03098652 -0.79914570 -0.31444377
v 0.02298665 -0.79121816 -0.31447756
v 0.03157949 -0.78573138 -0.31027436
v 0.03162262 -0.80470157 -0.26369563
v 0.02612403 -0.79774660 -0.26511365
v 0.01775590 -0.80380064 -0.26162171
v 0.00948864 -0.80957764 -0.26520053
v 0.05414450 -0.87339365 -0.23754889
v 0.05453752 -0.86695188 -0.24192108
v 0.05291384 -0.86429870 -0.23353443
v 0.05145380 -0.87247986 -0.23019826
v 0.05649307 -0.89838707 -0.26635271
v 0.05367176 -0.88926619 -0.26403818
v 0.05122085 -0.90028167 -0.27106014
v 0.07144563 -0.81524163 -0.28449842
v 0.07475542 -0.80827975 -0.29304478
v 0.07319464 -0.89426768 -0.27276546
v 0.05913606 -0.91646791 -0.27640846
v 0.05712333 -0.91690570 -0.28271934
v 0.06315525 -0.92722768 -0.28419492
v 0.06468996 -0.92675591 -0.27853411
v 0.07585594 -0.90869558 -0.27750945
v 0.07613164 -0.90908289 -0.28410518
v 0.07552391 -0.90207076 -0.28087020
v 0.07359071 -0.90145898 -0.27493146
v 0.09665981 -0.87906957 -0.29918844
v 0.09496608 -0.87085450 -0.29652819
v 0.05036466 -0.89661968 -0.28710672
v 0.04341519 -0.88642037 -0.28719682
v 0.06091902 -0.89251214 -0.29298288
v 0.08720437 -0.86672848 -0.29218656
v 0.07913145 -0.86119050 -0.28789824
v 0.08386046 -0.87022316 -0.28898692
v 0.07850479 -0.88892162 -0.28028545
v 0.07660964 -0.88048816 -0.27965373
v 0.07511190 -0.88577694 -0.27630723
v 0.07576463 -0.89339185 -0.27690613
v 0.07800975 -0.82630605 -0.31586397
v 0.08647835 -0.82210302 -0.30760157
v 0.07015774 -0.93008143 -0.27534389
v 0.07261193 -0.93361187 -0.27548146
v 0.03808969 -0.78289294 -0.30359069
v 0.04216832 -0.78170139 -0.29734129
v 0.07415113 -0.85150003 -0.28655437
v 0.03714469 -0.87433696 -0.28569633
v 0.07008967 -0.84177935 -0.28464162
v 0.09766871 -0.87495279 -0.31012109
v 0.09359892 -0.87661040 -0.31532684
v 0.08878750 -0.86972952 -0.31411123
v 0.09514618 -0.86693424 -0.31044048
v 0.08229725 -0.92479962 -0.28252390
v 0.08121161 -0.92571038 -0.28867066
v 0.07935658 -0.91936743 -0.28741407
v 0.08028053 -0.91940182 -0.28122190
v 0.06822304 -0.91185308 -0.27060902
v 0.07305878 -0.90998483 -0.27275550
v 0.07009444 -0.90172380 -0.27051729
v 0.06490611 -0.90307671 -0.26790825
v 0.05957779 -0.90587187 -0.26952350
v 0.06308271 -0.91439474 -0.27244732
v 0.06445317 -0.91254807 -0.29284212
v 0.07161379 -0.91094255 -0.29054096
v 0.07578917 -0.92104101 -0.29321998
v 0.06959447 -0.92391461 -0.29403520
v 0.05000171 -0.83764511 -0.31153402
v 0.05595285 -0.83073199 -0.31480286
v 0.06491676 -0.84129423 -0.31580189
v 0.07420090 -0.85163426 -0.31657603
v 0.08399868 -0.86062080 -0.31537271
v 0.07614422 -0.86963910 -0.31450608
v 0.07047692 -0.83439791 -0.31725273
v 0.06903936 -0.89749354 -0.29583138
v 0.07181685 -0.89924526 -0.29070902
v 0.06369764 -0.90253383 -0.29004616
v 0.07574034 -0.83731067 -0.28764439
v 0.06847520 -0.92524952 -0.27463490
v 0.01355216 -0.82771719 -0.28426737
v 0.01719752 -0.82545638 -0.29679441
v 0.02295636 -0.83364946 -0.29765281
v 0.01815882 -0.83549130 -0.28223094
v 0.07809076 -0.92085701 -0.27603465
v 0.07382995 -0.92296827 -0.27315640
v 0.10199371 -0.87485349 -0.30548295
v 0.10146184 -0.86750823 -0.30387408
v 0.09884056 -0.86753947 -0.29991749
v 0.10000026 -0.87565720 -0.30201802
v 0.06177057 -0.82445771 -0.31647879
v 0.09442672 -0.85552704 -0.32007411
v 0.10243523 -0.84952605 -0.31543672
v 0.03525257 -0.82029635 -0.31055373
v 0.04828122 -0.82118088 -0.31434691
v 0.04194762 -0.82795942 -0.31099781
v 0.07338050 -0.88112652 -0.30709201
v 0.04538679 -0.84436071 -0.30806348
v 0.03725855 -0.83404994 -0.30739284
v 0.02939576 -0.82604462 -0.30607286
v 0.02320454 -0.81936336 -0.30536380
v 0.02955294 -0.81350839 -0.31042981
v 0.07209057 -0.93069983 -0.29425946
v 0.06471512 -0.92644131 -0.28997067
v 0.02291018 -0.80590218 -0.31041566
v 0.01566058 -0.79722309 -0.31043428
v 0.01671761 -0.81209677 -0.30465591
v 0.01022336 -0.80357468 -0.30342129
v 0.03240958 -0.84013283 -0.30251482
v 0.02769770 -0.84500360 -0.29493421
v 0.04059173 -0.85048026 -0.30345947
v 0.03559911 -0.85664558 -0.29592830
v 0.06363054 -0.88608569 -0.30413455
v 0.08362114 -0.93110508 -0.28842971
v 0.08699882 -0.93959916 -0.28775346
v 0.08397686 -0.94216442 -0.29044628
v 0.08035111 -0.93383390 -0.29188430
v 0.07761374 -0.92785841 -0.29328495
v 0.07543018 -0.93697172 -0.29231048
v 0.03034478 -0.86193687 -0.28406811
v 0.07889977 -0.89745134 -0.28299147
v 0.02306391 -0.84810698 -0.27770430
v 0.02851903 -0.86921942 -0.27017921
v 0.02365868 -0.86041844 -0.26347953
v 0.01526223 -0.83423722 -0.26632428
v 0.01817797 -0.84466875 -0.25812262
v 0.00946423 -0.82012469 -0.27340180
v 0.01327074 -0.82673436 -0.27141163
v 0.00402656 -0.81293398 -0.27310720
v 0.02213643 -0.85761511 -0.24833260
v 0.08112460 -0.93764591 -0.27453238
v 0.08566231 -0.93599403 -0.27759159
v 0.00185397 -0.81373602 -0.28372175
v 0.00838205 -0.82083058 -0.28464526
v 0.05583051 -0.85957128 -0.24833100
v 0.06609669 -0.83235085 -0.28273255
v 0.07077093 -0.82863081 -0.28433460
v 0.07658106 -0.82269502 -0.28681669
v 0.08088407 -0.81544524 -0.29470438
v 0.00393489 -0.80980790 -0.29513037
v 0.02891916 -0.77682608 -0.27331698
v 0.03244817 -0.77286053 -0.28128302
v 0.00151688 -0.79231912 -0.30126032
v 0.07654372 -0.94037962 -0.27483174
v 0.09019941 -0.89246476 -0.29853141
v 0.08938818 -0.88985306 -0.30225980
v 0.04624681 -0.86367810 -0.22760676
v 0.04555696 -0.87301779 -0.22653325
v 0.03745760 -0.86593568 -0.22766924
v 0.03046899 -0.86919785 -0.23269577
v 0.03418761 -0.87869149 -0.23215175
v 0.03966913 -0.87586534 -0.22747432
v 0.06272583 -0.82224965 -0.27951914
v 0.06676769 -0.81984186 -0.28165960
v 0.07884973 -0.81320578 -0.30661833
v 0.07061799 -0.81695920 -0.31469598
v 0.05491473 -0.90772820 -0.27396059
v 0.04910953 -0.89990747 -0.27834696
v 0.05335164 -0.90788990 -0.28058535
v 0.05851930 -0.91478080 -0.28922945
v 0.07120508 -0.90407830 -0.28758851
v 0.07484265 -0.90082026 -0.28710583
v 0.05337153 -0.82204211 -0.25964481
v 0.05499743 -0.83257693 -0.26883379
v 0.05173182 -0.86979532 -0.24947470
v 0.05184820 -0.87476724 -0.24533306
v 0.07978433 -0.87466168 -0.28420699
v 0.07786410 -0.89137203 -0.30638757
v 0.06890948 -0.89364988 -0.30493194
v 0.08313222 -0.88351566 -0.28518805
v 0.07272598 -0.94558465 -0.28236318
v 0.07373548 -0.94344938 -0.27746516
v 0.05480675 -0.90556574 -0.28761965
v 0.09168652 -0.86179334 -0.29513347
v 0.08242092 -0.88480210 -0.30848789
v 0.08491942 -0.89188993 -0.30344212
v 0.10329890 -0.84552538 -0.30991054
v 0.01094425 -0.81762439 -0.29622668
v 0.08820873 -0.93640989 -0.28250772
v 0.08475208 -0.92901862 -0.28288102
v 0.07975620 -0.94393283 -0.29062402
v 0.07507867 -0.94501734 -0.28762311
v 0.07150972 -0.80582237 -0.30421749
v 0.06284298 -0.83536524 -0.28105015
v 0.03391963 -0.76996779 -0.28944969
v 0.03231689 -0.88014847 -0.23973094
v 0.02742395 -0.87003016 -0.24201864
v 0.08579634 -0.89230067 -0.28638864
v 0.09308369 -0.86195397 -0.31560200
v 0.08751111 -0.88166249 -0.31754041
v 0.08475849 -0.88784748 -0.31319386
v 0.08285095 -0.87615860 -0.31558540
v 0.08707091 -0.89113373 -0.30819261
v 0.08367005 -0.94965672 -0.29038301
v 0.07892123 -0.95135999 -0.28735650
v 0.07657087 -0.95236135 -0.28256914
v 0.07713845 -0.94939214 -0.27746102
v 0.07937434 -0.94551349 -0.27477717
v 0.08761662 -0.94733095 -0.28940046
v 0.09001181 -0.94446230 -0.28642601
v 0.09037781 -0.94103003 -0.28152019
v 0.09104592 -0.95150357 -0.28814781
v 0.08821669 -0.95537281 -0.28904033
v 0.08469912 -0.96140635 -0.28312594
v 0.08706203 -0.96454215 -0.28175384
v 0.08521613 -0.96328348 -0.27870721
v 0.08147466 -0.95913374 -0.28184617
v 0.08944106 -0.96664917 -0.27746987
v 0.09037980 -0.96804935 -0.28089386
v 0.08573839 -0.95985341 -0.28618473
v 0.08915588 -0.96368349 -0.28546882
v 0.09546980 -0.96508199 -0.28631702
v 0.09261268 -0.96754009 -0.28471926
v 0.09204629 -0.96114814 -0.28696868
v 0.08875820 -0.95866036 -0.28753081
v 0.08291167 -0.95690817 -0.28705084
v 0.09557709 -0.97058785 -0.28360415
v 0.09792650 -0.96985400 -0.28090772
v 0.09362546 -0.96931034 -0.27789956
v 0.09294149 -0.97035438 -0.28062990
v 0.08061197 -0.95524335 -0.27730960
v 0.08563915 -0.96028060 -0.27592826
v 0.09059894 -0.96391010 -0.27509600
v 0.09502569 -0.96661276 -0.27585560
v 0.09269235 -0.96134573 -0.27398652
v 0.08794656 -0.95743948 -0.27390739
v 0.09645882 -0.96357584 -0.27506489
v 0.09533352 -0.95935494 -0.27411354
v 0.09135649 -0.95492154 -0.27351308
v 0.08563450 -0.94767511 -0.27395722
v 0.08232158 -0.95114756 -0.27478570
v 0.09725448 -0.96156061 -0.27514842
v 0.09921223 -0.96715474 -0.27889982
v 0.09370792 -0.95838398 -0.28770286
v 0.09764156 -0.96253061 -0.28629535
v 0.09543839 -0.95593417 -0.28660178
v 0.09918267 -0.96030879 -0.28490353
v 0.09760725 -0.96808904 -0.28575343
v 0.09983075 -0.96672738 -0.28452870
v 0.08351466 -0.94208997 -0.27420217
v 0.08766505 -0.94039690 -0.27734208
v 0.08997393 -0.94536042 -0.27639493
v 0.09544957 -0.95269531 -0.27567640
v 0.09251282 -0.94542480 -0.28065702
v 0.09284750 -0.94857824 -0.28525335
v 0.09675959 -0.95378852 -0.28418863
v 0.09716690 -0.95195377 -0.28028125
v 0.09991670 -0.95728135 -0.27956375
v 0.09997591 -0.95838439 -0.28253090
v 0.09821630 -0.95796949 -0.27617127
v 0.10117018 -0.96196449 -0.28055543
v 0.10104105 -0.96445763 -0.28263906
v 0.10054031 -0.96032029 -0.27899310
v 0.09925416 -0.96128392 -0.27684394
v 0.09957376 -0.96401417 -0.27767482
v 0.09488791 -0.92161065 -0.29688007
v 0.09005785 -0.92365718 -0.29574221
v 0.09271994 -0.92849278 -0.29537565
v 0.09744799 -0.92533052 -0.29587793
v 0.08332139 -0.92711854 -0.30283928
v 0.08212134 -0.92723036 -0.31007123
v 0.08756739 -0.93293524 -0.30845660
v 0.08796856 -0.93264091 -0.30158150
v 0.08607634 -0.92356670 -0.31675598
v 0.09144112 -0.92888141 -0.31430337
v 0.07566233 -0.90702868 -0.29583901
v 0.07306045 -0.90596050 -0.30188078
v 0.07818553 -0.91965890 -0.30767334
v 0.07982241 -0.92027420 -0.30112374
v 0.09204561 -0.90023744 -0.29430154
v 0.09207362 -0.89986414 -0.30002502
v 0.08622226 -0.92535657 -0.29805890
v 0.08996651 -0.93071127 -0.29733789
v 0.09801932 -0.91918284 -0.30019534
v 0.09968203 -0.91794801 -0.30526066
v 0.09601963 -0.91218984 -0.30495954
v 0.09576492 -0.91360366 -0.29953769
v 0.08248527 -0.90524501 -0.28840455
v 0.08812091 -0.90228027 -0.28988200
v 0.07860333 -0.90671659 -0.29151398
v 0.08206761 -0.90052366 -0.31024152
v 0.08828749 -0.89998341 -0.30661893
v 0.09382630 -0.91224837 -0.31120938
v 0.08861880 -0.91368616 -0.31527269
v 0.08336081 -0.91902709 -0.29682937
v 0.09247588 -0.91594684 -0.29552200
v 0.08747271 -0.91798693 -0.29419854
v 0.09422752 -0.92074871 -0.31593400
v 0.08143619 -0.91595626 -0.31381309
v 0.10342282 -0.92193842 -0.30321205
v 0.10916883 -0.92891079 -0.30173272
v 0.10761371 -0.93092752 -0.30621085
v 0.10261446 -0.92373621 -0.30793387
v 0.09848727 -0.91884840 -0.31033212
v 0.09911916 -0.92601836 -0.31283125
v 0.09939474 -0.93464917 -0.29326886
v 0.10377747 -0.93146819 -0.29443285
v 0.09655505 -0.93760741 -0.29497227
v 0.07479759 -0.90272069 -0.30906099
v 0.09488994 -0.94009912 -0.30510288
v 0.09517473 -0.93937248 -0.29898047
v 0.10741681 -0.92882538 -0.29685360
v 0.10105294 -0.92241585 -0.29836452
v 0.10442013 -0.93335760 -0.30988064
v 0.09864321 -0.93652976 -0.31003582
v 0.10729378 -0.93876314 -0.30768839
v 0.10263947 -0.94221985 -0.30665275
v 0.09868085 -0.94483101 -0.30004588
v 0.09924951 -0.94279659 -0.29476017
v 0.10094377 -0.94029450 -0.29230371
v 0.11077234 -0.93578720 -0.30518341
v 0.11226743 -0.93335474 -0.30157793
v 0.11110580 -0.93224138 -0.29645798
v 0.11463189 -0.94117343 -0.30343845
v 0.11205882 -0.94501007 -0.30495247
v 0.11355299 -0.95483196 -0.29615894
v 0.11762640 -0.95884275 -0.29466918
v 0.11728728 -0.95706248 -0.29159877
v 0.11166653 -0.95391929 -0.29314324
v 0.11011350 -0.95223129 -0.29804984
v 0.10613635 -0.95043969 -0.29668042
v 0.11114952 -0.95089656 -0.30102751
v 0.11521569 -0.95484251 -0.30028734
v 0.12242630 -0.95620799 -0.30098662
v 0.11991459 -0.95918238 -0.29908082
v 0.11791086 -0.95175147 -0.30147550
v 0.11374101 -0.94896007 -0.30233946
v 0.12239420 -0.95981240 -0.29199216
v 0.12112018 -0.96148229 -0.29416132
v 0.10676450 -0.94780707 -0.30312797
v 0.10510015 -0.94643790 -0.29197171
v 0.11201036 -0.95089281 -0.29036760
v 0.11842740 -0.95433384 -0.28957453
v 0.12379226 -0.95690262 -0.29038912
v 0.12025753 -0.95157254 -0.28845668
v 0.11420104 -0.94755232 -0.28864393
v 0.12465405 -0.95392287 -0.28981394
v 0.12264690 -0.94907188 -0.28895831
v 0.11729622 -0.94423765 -0.28871927
v 0.10905212 -0.93913710 -0.28993481
v 0.10641199 -0.94257504 -0.28999278
v 0.12502989 -0.95163876 -0.28999257
v 0.12627283 -0.96116543 -0.29521978
v 0.12733811 -0.95785958 -0.29352832
v 0.12385014 -0.96303546 -0.29762515
v 0.11890391 -0.94927990 -0.30179614
v 0.12391272 -0.95384169 -0.30043218
v 0.12063089 -0.94682288 -0.30172059
v 0.12570217 -0.95179677 -0.30012509
v 0.12547955 -0.95979345 -0.30018458
v 0.12723151 -0.95831406 -0.29907328
v 0.10370871 -0.93714666 -0.29117087
v 0.10739407 -0.93405253 -0.29308805
v 0.11258867 -0.93621588 -0.29244578
v 0.12053505 -0.94172287 -0.29172245
v 0.11481357 -0.93493718 -0.29635775
v 0.11578095 -0.93811631 -0.30103111
v 0.12154868 -0.94398618 -0.29986340
v 0.12183860 -0.94168222 -0.29628757
v 0.12611520 -0.94711947 -0.29534477
v 0.12615827 -0.94933110 -0.29813185
v 0.12495500 -0.94722366 -0.29160729
v 0.12829363 -0.95298076 -0.29577348
v 0.12830707 -0.95593524 -0.29748422
v 0.12767529 -0.95052159 -0.29435518
v 0.12680683 -0.95114744 -0.29181305
v 0.12744382 -0.95447969 -0.29232985
v 0.10948953 -0.90456140 -0.30474162
v 0.10556114 -0.90825510 -0.30579415
v 0.10990268 -0.91173017 -0.30597043
v 0.11355007 -0.90757334 -0.30409631
v 0.10179004 -0.91136074 -0.31437480
v 0.10115039 -0.90947092 -0.31887740
v 0.10832223 -0.91328430 -0.31775099
v 0.10780242 -0.91499186 -0.31405199
v 0.10469079 -0.90492857 -0.32227546
v 0.11140850 -0.90980744 -0.32038268
v 0.09064628 -0.89595950 -0.30960217
v 0.08901480 -0.89415574 -0.31523496
v 0.09533185 -0.90394652 -0.31794488
v 0.09619176 -0.90616035 -0.31271419
v 0.10325474 -0.91056597 -0.30958134
v 0.10852063 -0.91424787 -0.30993807
v 0.11301538 -0.90136296 -0.30621812
v 0.11446783 -0.89927262 -0.30915993
v 0.11041133 -0.89400208 -0.30972004
v 0.10932887 -0.89539272 -0.30638522
v 0.09957811 -0.88692719 -0.30174825
v 0.09599732 -0.89101523 -0.30161041
v 0.09319763 -0.89435470 -0.30473450
v 0.09855373 -0.88475639 -0.31826138
v 0.10246570 -0.88317502 -0.31276149
v 0.10961074 -0.89375275 -0.31543922
v 0.10518587 -0.89530671 -0.32115039
v 0.09879601 -0.90496159 -0.30791277
v 0.10608262 -0.89883351 -0.30373296
v 0.10181171 -0.90247858 -0.30447108
v 0.11068010 -0.90086770 -0.32011318
v 0.09881416 -0.89918053 -0.32162681
v 0.11885419 -0.90180945 -0.30902889
v 0.12685329 -0.90949190 -0.30911922
v 0.12613431 -0.91019356 -0.31361774
v 0.11876038 -0.90223998 -0.31443304
v 0.11419234 -0.89848685 -0.31464624
v 0.11581987 -0.90504426 -0.31920511
v 0.11779025 -0.91757822 -0.30495170
v 0.12126023 -0.91376483 -0.30367547
v 0.11606988 -0.91968286 -0.30849215
v 0.09227005 -0.88938224 -0.31942144
v 0.10456529 -0.88257295 -0.30695069
v 0.11648330 -0.91948855 -0.31584829
v 0.11561832 -0.92048717 -0.31226176
v 0.12483633 -0.91043544 -0.30526415
v 0.11696443 -0.90381062 -0.30553371
v 0.12340689 -0.91253483 -0.31752029
v 0.11914310 -0.91634619 -0.31883627
v 0.12750699 -0.91694129 -0.31590027
v 0.12315106 -0.92027253 -0.31718668
v 0.12002909 -0.92321831 -0.31460109
v 0.11905318 -0.92385405 -0.31092244
v 0.11963642 -0.92282087 -0.30752221
v 0.13022920 -0.91538858 -0.31217924
v 0.13065846 -0.91471833 -0.30846173
v 0.12838200 -0.91486442 -0.30483532
v 0.13372116 -0.91946113 -0.31156406
v 0.13114071 -0.92251182 -0.31476495
v 0.12935394 -0.93381518 -0.31439787
v 0.13192032 -0.93837577 -0.31501561
v 0.13054377 -0.93889582 -0.31301454
v 0.12744698 -0.93429142 -0.31311169
v 0.12746498 -0.93016577 -0.31497550
v 0.12463326 -0.92841947 -0.31443149
v 0.12918666 -0.92801124 -0.31592476
v 0.13229734 -0.93198013 -0.31675243
v 0.13808933 -0.93331146 -0.31587091
v 0.13503775 -0.93656826 -0.31723249
v 0.13505942 -0.92878681 -0.31510478
v 0.13208333 -0.92588931 -0.31563643
v 0.13394631 -0.94177592 -0.31349948
v 0.13413768 -0.94101119 -0.31541789
v 0.12664679 -0.92473549 -0.31585020
v 0.12277594 -0.92777240 -0.31052133
v 0.12640741 -0.93353534 -0.31004107
v 0.13019571 -0.93836892 -0.30989727
v 0.13409492 -0.94083214 -0.31017819
v 0.13079625 -0.93654323 -0.30691883
v 0.12691873 -0.93184870 -0.30663383
v 0.13433161 -0.93866962 -0.30738422
v 0.13233683 -0.93448031 -0.30493715
v 0.12864912 -0.92964375 -0.30405447
v 0.12426037 -0.92351329 -0.30418640
v 0.12283481 -0.92604268 -0.30690503
v 0.13462910 -0.93667114 -0.30604979
v 0.13826841 -0.94095922 -0.31445387
v 0.13886471 -0.93987143 -0.31092560
v 0.13718289 -0.94016385 -0.31710172
v 0.13646322 -0.92660916 -0.31388605
v 0.13949877 -0.93168366 -0.31394112
v 0.13733235 -0.92514497 -0.31128460
v 0.14020669 -0.93075907 -0.31145763
v 0.13947880 -0.93692744 -0.31635994
v 0.14068094 -0.93658280 -0.31459987
v 0.12158030 -0.92073572 -0.30472517
v 0.12472099 -0.91736048 -0.30359805
v 0.12720850 -0.92058599 -0.30301934
v 0.13216588 -0.92724532 -0.30317038
v 0.13084207 -0.91846955 -0.30424681
v 0.13358435 -0.91887188 -0.30791304
v 0.13700619 -0.92458886 -0.30825120
v 0.13534561 -0.92496979 -0.30493271
v 0.13846588 -0.93040276 -0.30596700
v 0.13998204 -0.93025714 -0.30869314
v 0.13542870 -0.93237537 -0.30439237
v 0.14047815 -0.93463975 -0.30873984
v 0.14111182 -0.93567276 -0.31161138
v 0.13918266 -0.93368679 -0.30674016
v 0.13713650 -0.93562680 -0.30614612
v 0.13816437 -0.93785751 -0.30800563
v 0.10257280 -0.88382185 -0.30402195
v 0.11870149 -0.87263471 -0.30777636
v 0.11760004 -0.87637359 -0.30939600
v 0.12119263 -0.87814194 -0.30869448
v 0.12219846 -0.87413055 -0.30713499
v 0.11622491 -0.88017756 -0.31782562
v 0.11750436 -0.87799710 -0.32226381
v 0.12215763 -0.87928897 -0.32096577
v 0.12099791 -0.88169503 -0.31675106
v 0.11990425 -0.87289834 -0.32320058
v 0.12349373 -0.87470841 -0.32129586
v 0.10132091 -0.86968309 -0.31374508
v 0.10046390 -0.86712700 -0.31821814
v 0.11126593 -0.87499893 -0.32156968
v 0.11045438 -0.87693524 -0.31714779
v 0.11097118 -0.85971671 -0.30597234
v 0.11204828 -0.85752469 -0.30890527
v 0.10716786 -0.85140526 -0.30838290
v 0.10517934 -0.85221118 -0.30492091
v 0.11617067 -0.87919223 -0.31304216
v 0.12078741 -0.88077188 -0.31228054
v 0.12022471 -0.86879861 -0.30767906
v 0.12132555 -0.86596626 -0.30965477
v 0.11817411 -0.86346209 -0.31074321
v 0.11693443 -0.86629045 -0.30822191
v 0.10648268 -0.86557585 -0.30518982
v 0.10952754 -0.86342973 -0.30476561
v 0.10401344 -0.85612124 -0.30229887
v 0.10240659 -0.86088860 -0.30221313
v 0.10438334 -0.86846507 -0.30818927
v 0.10869693 -0.85752964 -0.31757781
v 0.11067849 -0.85590053 -0.31310067
v 0.11810382 -0.86282969 -0.31495750
v 0.11629252 -0.86485088 -0.31990886
v 0.11166601 -0.87629414 -0.31263381
v 0.11495546 -0.86985099 -0.30780131
v 0.11321480 -0.87362945 -0.30933845
v 0.12096363 -0.86836731 -0.31870094
v 0.11403264 -0.87029374 -0.32297292
v 0.12500843 -0.86642236 -0.30958760
v 0.13190469 -0.86946183 -0.30966175
v 0.13167953 -0.86942160 -0.31318960
v 0.12543499 -0.86581129 -0.31434289
v 0.12212646 -0.86502928 -0.31422675
v 0.12506384 -0.86854446 -0.31925774
v 0.12781912 -0.88012028 -0.30764174
v 0.12864432 -0.87608075 -0.30654326
v 0.12707314 -0.88251495 -0.31077573
v 0.10277335 -0.86175835 -0.32142976
v 0.12797165 -0.88202965 -0.31795201
v 0.12718356 -0.88368934 -0.31436974
v 0.13043725 -0.87189925 -0.30753052
v 0.12380552 -0.87003827 -0.30726972
v 0.13065636 -0.87233818 -0.31693918
v 0.12939829 -0.87755597 -0.31953645
v 0.13528201 -0.87504685 -0.31665722
v 0.13417938 -0.88059509 -0.31825358
v 0.13210365 -0.88425744 -0.31663275
v 0.13163424 -0.88541198 -0.31377834
v 0.13190398 -0.88405687 -0.31049335
v 0.13698635 -0.87216598 -0.31347197
v 0.13721615 -0.87211114 -0.31060338
v 0.13544554 -0.87430966 -0.30820629
v 0.13996536 -0.87577903 -0.31615779
v 0.13801527 -0.87899804 -0.31928223
v 0.13908575 -0.88876855 -0.32020968
v 0.14120325 -0.89096802 -0.32221603
v 0.14186400 -0.89182830 -0.32041991
v 0.13900952 -0.88987356 -0.31833833
v 0.13665463 -0.88689131 -0.31924897
v 0.13519497 -0.88708287 -0.31711018
v 0.13676678 -0.88462573 -0.32023168
v 0.13902274 -0.88598680 -0.32262260
v 0.14426914 -0.88483995 -0.32523036
v 0.14110072 -0.88794047 -0.32530254
v 0.14143965 -0.88266718 -0.32268271
v 0.13849837 -0.88184583 -0.32100070
v 0.14419638 -0.89301157 -0.32322714
v 0.14257693 -0.89237905 -0.32434168
v 0.13502803 -0.88356227 -0.31902054
v 0.13518918 -0.88756573 -0.31358111
v 0.13965765 -0.88999110 -0.31621847
v 0.14329125 -0.89205974 -0.31897855
v 0.14623950 -0.89252889 -0.32163119
v 0.14458475 -0.89060438 -0.31719878
v 0.14051287 -0.88821930 -0.31402352
v 0.14724353 -0.89096117 -0.31975582
v 0.14549293 -0.88828337 -0.31585735
v 0.14158340 -0.88564432 -0.31220901
v 0.13676569 -0.88255966 -0.30881888
v 0.13559520 -0.88559204 -0.31097382
v 0.14733982 -0.88941234 -0.31835282
v 0.14643428 -0.89072198 -0.32598060
v 0.14835306 -0.89032954 -0.32367632
v 0.14367849 -0.89018786 -0.32718712
v 0.14319147 -0.88050324 -0.32179272
v 0.14655739 -0.88323647 -0.32461846
v 0.14470519 -0.87882411 -0.31917748
v 0.14847729 -0.88254935 -0.32245991
v 0.14552742 -0.88710225 -0.32701811
v 0.14776081 -0.88691556 -0.32610357
v 0.13277319 -0.88123763 -0.30788872
v 0.13328311 -0.87777632 -0.30752885
v 0.13812229 -0.87905324 -0.30814075
v 0.14329456 -0.88251495 -0.31157574
v 0.14001213 -0.87610531 -0.31000435
v 0.14047509 -0.87494487 -0.31300986
v 0.14543739 -0.87861603 -0.31637120
v 0.14491740 -0.87992620 -0.31335676
v 0.14842597 -0.88402337 -0.31721297
v 0.14899784 -0.88283360 -0.31978613
v 0.14704858 -0.88608068 -0.31565922
v 0.14960892 -0.88680577 -0.32153928
v 0.14939246 -0.88686669 -0.32400316
v 0.14926638 -0.88666344 -0.31947997
v 0.14851557 -0.88829905 -0.31888971
v 0.14879680 -0.88942468 -0.32124114
v 0.10694171 -0.85165125 -0.31195429
v 0.04616493 -0.88630497 -0.24641785
v 0.04119396 -0.88855159 -0.24490511
v 0.05470443 -0.88040709 -0.23308291
v 0.05453685 -0.88226569 -0.23973753
v 0.05096686 -0.88057429 -0.22700994
v 0.04043850 -0.88604474 -0.22635847
v 0.04569864 -0.88291049 -0.22500275
v 0.05085844 -0.88455927 -0.24455117
v 0.03652561 -0.88996279 -0.23997979
v 0.03608087 -0.88852322 -0.23203714
v 0.03963351 -0.89919412 -0.23876071
v 0.03883344 -0.89918256 -0.23065488
v 0.04145199 -0.89613563 -0.22407213
v 0.04688203 -0.89001942 -0.22294989
v 0.05126309 -0.88608927 -0.22488828
v 0.04438668 -0.89500642 -0.24352832
v 0.04847452 -0.89143562 -0.24472371
v 0.05279070 -0.88844228 -0.24200712
v 0.04915315 -0.90307981 -0.24265365
v 0.04736692 -0.90981829 -0.23799199
v 0.05064303 -0.91390932 -0.22435451
v 0.05332357 -0.91797930 -0.22360495
v 0.05515617 -0.91512632 -0.22125936
v 0.05180955 -0.91034615 -0.22169876
v 0.04862273 -0.91113353 -0.22608221
v 0.04750544 -0.90626609 -0.22428484
v 0.04980612 -0.91685724 -0.22968495
v 0.04774541 -0.91296268 -0.23049664
v 0.04873681 -0.91388953 -0.23498651
v 0.05095959 -0.91739529 -0.23551694
v 0.05213040 -0.92140168 -0.22870547
v 0.05533397 -0.92476535 -0.22778583
v 0.05544186 -0.92178261 -0.22364958
v 0.05819643 -0.92007405 -0.22255856
v 0.04470289 -0.90844893 -0.23115698
v 0.04963565 -0.89917809 -0.22118568
v 0.05399746 -0.90605426 -0.22006536
v 0.05829477 -0.91193962 -0.22042321
v 0.06085730 -0.91664314 -0.22368562
v 0.06132865 -0.90861106 -0.22324215
v 0.05788779 -0.90191340 -0.22154172
v 0.06293851 -0.91327059 -0.22590287
v 0.06293869 -0.90699148 -0.22747034
v 0.06072754 -0.89936012 -0.22666225
v 0.05680978 -0.88995361 -0.22798111
v 0.05361247 -0.89306951 -0.22225414
v 0.06344825 -0.91092777 -0.22817144
v 0.06002057 -0.92392552 -0.22755919
v 0.06243414 -0.91976953 -0.22881714
v 0.05262774 -0.91467905 -0.23900674
v 0.05631167 -0.91925728 -0.23778395
v 0.05366462 -0.92127299 -0.23451141
v 0.05454570 -0.91040868 -0.24151713
v 0.05896515 -0.91606915 -0.23901744
v 0.05553478 -0.92443705 -0.23268977
v 0.05883777 -0.92307162 -0.23417340
v 0.05470303 -0.88485706 -0.23001957
v 0.05516252 -0.88623965 -0.23653011
v 0.05696279 -0.89042014 -0.23497978
v 0.06133306 -0.90002036 -0.23366016
v 0.05545169 -0.89322942 -0.24085000
v 0.05223316 -0.89812309 -0.24354200
v 0.05725062 -0.90645814 -0.24183221
v 0.06006652 -0.90280259 -0.23917329
v 0.06246775 -0.90887445 -0.23623936
v 0.06113976 -0.91214323 -0.23851833
v 0.06309241 -0.90741831 -0.23216686
v 0.06289959 -0.91512501 -0.23458388
v 0.06158662 -0.91948962 -0.23481375
v 0.06324381 -0.91236228 -0.23401767
v 0.06366634 -0.91185749 -0.23096916
v 0.06344557 -0.91540599 -0.23002559
v 0.10230662 -0.84690362 -0.30464813
v 0.10030341 -0.85111165 -0.30080792
v 0.09668452 -0.84496498 -0.29996067
v 0.09310067 -0.83737457 -0.29783893
v 0.09085670 -0.82782173 -0.30124956
v 0.08899102 -0.84152490 -0.29440275
v 0.09295654 -0.84914351 -0.29678833
v 0.09749945 -0.85795200 -0.29852366
v 0.08158395 -0.83905464 -0.29009199
v -0.01260931 -0.83098841 -0.03572692
v -0.01029668 -0.81415021 -0.04243864
v -0.12412784 -0.72405058 -0.12763985
v -0.13119176 -0.73548639 -0.13648026
v -0.18088812 -0.73715639 -0.14081721
v -0.19736141 -0.72832966 -0.13234195
v -0.03280758 -0.51183861 -0.08635134
v -0.12150972 -0.56849283 0.06919280
v -0.12779319 -0.59128559 0.07461332
v -0.06189941 -0.59110087 0.11359195
v -0.08035862 -0.58602923 0.10737389
v -0.12588108 -0.54639030 -0.03109789
v -0.12907714 -0.56841147 -0.02946481
v -0.07513974 -0.53656322 -0.06818238
v -0.07871950 -0.55992168 -0.06738630
v -0.11047371 -0.52111566 -0.04963741
v -0.09319755 -0.53048277 0.08862242
v -0.10818368 -0.52775991 0.07800843
v -0.10678080 -0.55096161 0.07993428
v -0.09338128 -0.55486280 0.09249298
v -0.04214738 -0.59552205 0.11466601
v -0.03981664 -0.56763530 0.11071572
v -0.14402989 -0.59375846 -0.00847634
v -0.15018417 -0.59621799 0.01437435
v -0.14545900 -0.60498184 0.05913494
v -0.13658206 -0.61240554 0.07839976
v -0.12317302 -0.62174582 0.09332410
v -0.10647234 -0.63152289 0.10519409
v -0.06374081 -0.58263803 -0.07469213
v -0.04748176 -0.60606325 -0.07824077
v -0.13211770 -0.59155524 -0.02829437
v -0.00122785 -0.58144617 -0.08243211
v -0.09484898 -0.66613847 0.11784378
v -0.07228169 -0.67172158 0.12688150
v -0.15021208 -0.59989583 0.03700746
v -0.01794247 -0.76913410 -0.06150613
v -0.03470514 -0.77103996 -0.06540002
v -0.03186930 -0.75443053 -0.07046381
v -0.01550519 -0.75192755 -0.06589114
v -0.04795184 -0.75532717 -0.07321279
v -0.06367983 -0.75548095 -0.07441467
v -0.07820591 -0.75499064 -0.07479858
v -0.11215023 -0.74817520 -0.07198226
v -0.10233441 -0.75152439 -0.07354203
v -0.12902075 -0.73803324 -0.06411622
v -0.12060113 -0.74429667 -0.06933551
v -0.13691355 -0.72821444 -0.05419186
v -0.14285202 -0.71714562 -0.04101988
v -0.15349841 -0.71887881 -0.02776124
v -0.14918941 -0.70666981 -0.02772185
v -0.13734794 -0.70497227 -0.04189380
v -0.13170826 -0.71599728 -0.05466208
v -0.12420223 -0.72503561 -0.06442140
v -0.00358803 -0.68064916 -0.06866264
v -0.00122900 -0.70700467 -0.06770381
v -0.01431765 -0.84673136 -0.02902110
v -0.07687831 -0.63557529 -0.27675164
v -0.02404305 -0.77216613 -0.25945106
v -0.06393020 -0.87126237 0.10844284
v -0.08543044 -0.87406337 0.10512097
v -0.15013155 -0.87993538 0.07084553
v -0.16186595 -0.88740528 0.04476247
v -0.13348964 -0.87289876 0.09072082
v -0.11127641 -0.86713248 0.10308362
v -0.11847518 -0.61182904 -0.04429287
v -0.09036301 -0.83623648 0.11642437
v -0.11506990 -0.85528219 0.10756250
v -0.14237729 -0.86054522 0.09331130
v -0.16385159 -0.86651999 0.07157767
v -0.17977491 -0.87556219 0.04224678
v -0.19150916 -0.87313086 0.02628860
v -0.20811766 -0.84964669 0.01474160
v -0.21795128 -0.84061790 -0.01324755
v -0.21403392 -0.85535043 -0.02676842
v -0.21079919 -0.86189252 -0.01205307
v -0.21314090 -0.84604210 0.00130713
v -0.20571493 -0.75413460 -0.10435046
v -0.20406820 -0.71773410 -0.11198518
v -0.20432070 -0.73475432 -0.11271505
v -0.20091212 -0.70323771 -0.10568656
v -0.19755676 -0.69539982 -0.10034375
v -0.19411571 -0.69183505 -0.09045514
v -0.19239877 -0.69772261 -0.07352200
v -0.18345629 -0.72062051 -0.03266869
v -0.18378913 -0.73068726 -0.01579937
v -0.19336388 -0.72886270 0.02961295
v -0.19085316 -0.72520578 0.03978844
v -0.17350365 -0.70137674 0.06484616
v -0.16288671 -0.68910378 0.07382132
v -0.15222225 -0.67617321 0.08362712
v -0.12058125 -0.42189726 0.07876996
v -0.11752386 -0.43986520 0.07679021
v -0.10169711 -0.43856004 0.08731961
v -0.10515682 -0.41956627 0.09163147
v -0.06014619 -0.48082295 0.09925789
v -0.03966790 -0.48064116 0.10203477
v -0.14925842 -0.44191068 0.01874000
v -0.14834835 -0.43912819 -0.00462793
v -0.13284241 -0.44187459 0.06018469
v -0.14332354 -0.44245237 0.04067061
v -0.14040677 -0.43403441 -0.02607875
v -0.07119807 -0.40237853 -0.07693931
v -0.05120429 -0.39641306 -0.08268072
v -0.01389064 -0.38993314 -0.08741912
v 0.00281169 -0.38804394 -0.08667037
v -0.12661484 -0.42649254 -0.04488184
v -0.03175089 -0.39244106 -0.08658655
v -0.11076722 -0.41787013 -0.05869306
v -0.09121341 -0.40969998 -0.06901516
v -0.08091198 -0.48166534 0.09436929
v -0.08217339 -0.45740086 0.09334690
v -0.10035706 -0.45830432 0.08656694
v -0.09997671 -0.74163932 0.12944116
v -0.07847890 -0.74039519 0.13303970
v -0.12181152 -0.74453437 0.12285724
v -0.14564398 -0.76540118 0.11225268
v -0.14342320 -0.74846071 0.11201016
v -0.16286254 -0.75318813 0.09809080
v -0.16510907 -0.76835668 0.09709875
v -0.19049811 -0.77063525 0.05666471
v -0.18843345 -0.75895667 0.05932874
v -0.19556004 -0.75951010 0.04223508
v -0.19763979 -0.77081215 0.03973418
v -0.20195928 -0.75859565 0.01323125
v -0.19990642 -0.75931138 0.02698293
v -0.20255053 -0.75614548 -0.00179771
v -0.20392995 -0.74981600 -0.01714316
v -0.21478426 -0.77053142 -0.01951090
v -0.21211714 -0.77744991 -0.00398576
v -0.19370002 -0.78407085 0.05254782
v -0.18327405 -0.78416860 0.07260723
v -0.08068925 -0.77412665 0.12987222
v -0.06034291 -0.77183545 0.13075046
v -0.15701410 -0.69970447 -0.01681231
v -0.16536182 -0.69455689 -0.00427050
v -0.17284136 -0.69256341 0.00846421
v -0.17856947 -0.69199777 0.01987196
v -0.18149966 -0.69712400 0.03361286
v -0.18252279 -0.70287931 0.04523818
v -0.18737835 -0.71896225 0.04771977
v -0.18161945 -0.71099770 0.05584908
v -0.18694161 -0.72747248 0.05418161
v -0.18042418 -0.72046125 0.06492375
v -0.17750916 -0.74430335 0.07821579
v -0.17877178 -0.73204762 0.07274784
v -0.17770180 -0.75696999 0.07948700
v -0.17967266 -0.77013910 0.07742280
v -0.16931707 -0.78402007 0.09339691
v -0.15058887 -0.78237844 0.10972069
v -0.13766697 -0.81394035 0.11122803
v -0.13137087 -0.79751778 0.11748078
v -0.12769228 -0.78020877 0.12101867
v -0.12357251 -0.76334727 0.12332855
v -0.11830849 -0.90756953 0.05769476
v -0.10091396 -0.90455449 0.07463309
v -0.19530214 -0.70639032 -0.06987621
v -0.19754866 -0.70563793 -0.07850787
v -0.19917940 -0.71408629 -0.07033589
v -0.19774584 -0.71267980 -0.06631088
v -0.19965257 -0.70874482 -0.08567275
v -0.20297536 -0.71592659 -0.09152815
v -0.20479910 -0.72548974 -0.07934991
v -0.20047331 -0.71740991 -0.07396811
v -0.20609429 -0.72786164 -0.09604102
v -0.20809805 -0.73583269 -0.08257978
v -0.20799571 -0.74123776 -0.09710659
v -0.21011488 -0.75465405 -0.09274271
v -0.21212937 -0.75561386 -0.08408833
v -0.21060663 -0.74676943 -0.08427428
v -0.22065800 -0.78413224 -0.04530151
v -0.21860272 -0.77463228 -0.06032372
v -0.21515910 -0.76434004 -0.07409222
v -0.20411822 -0.74144149 -0.03298154
v -0.20398869 -0.73364675 -0.04855788
v -0.20206165 -0.72488523 -0.06407057
v -0.20650506 -0.73380721 -0.06717563
v -0.20877886 -0.74211043 -0.05066562
v -0.20967449 -0.75044119 -0.03407572
v -0.10032402 -0.76077402 0.13064890
v -0.07917781 -0.75792176 0.13311665
v -0.20479085 -0.76984471 0.01213168
v -0.20220284 -0.77062649 0.02496374
v -0.20785326 -0.76737201 -0.00070020
v -0.20993200 -0.76005656 -0.01725739
v -0.20885967 -0.78151000 0.00967084
v -0.20500852 -0.78351414 0.02271514
v -0.20013580 -0.78413284 0.03647459
v -0.10466288 -0.77751207 0.12748678
v -0.05908966 -0.75602186 0.13472219
v -0.14787109 -0.83383739 -0.07450025
v -0.16455308 -0.85342407 -0.07267922
v -0.18570164 -0.86423129 -0.06262828
v -0.20385548 -0.86443412 -0.04524013
v -0.11779983 -0.58782971 -0.20133308
v -0.03885538 -0.53948754 0.10551332
v -0.03879797 -0.51063144 0.10252726
v -0.05841488 -0.50887752 0.10000689
v -0.05066104 -0.67469239 0.12890661
v -0.05810592 -0.73975611 0.13592474
v -0.08416919 -0.72400743 -0.08109436
v -0.07250857 -0.72548580 -0.08232053
v -0.07447954 -0.73999894 -0.07882906
v -0.08697423 -0.73842406 -0.07808399
v -0.10423219 -0.72135997 -0.07542314
v -0.09505705 -0.72290677 -0.07888490
v -0.09835507 -0.73687029 -0.07629905
v -0.10826486 -0.73449725 -0.07376635
v -0.11237365 -0.71808535 -0.07102355
v -0.11683297 -0.73079646 -0.07002709
v -0.09287689 -0.70822537 -0.08059780
v -0.08274547 -0.70897758 -0.08389909
v -0.07191237 -0.71017718 -0.08521757
v -0.10879719 -0.70525330 -0.07212712
v -0.10140178 -0.70730615 -0.07661705
v -0.01564607 -0.91553676 -0.02983836
v -0.01841562 -0.86827612 -0.01665713
v -0.01923068 -0.87826782 -0.01387923
v -0.00024317 -0.72791892 -0.06443883
v -0.00238609 -0.76516634 -0.05643747
v -0.00541713 -0.78016728 -0.05154184
v -0.00802778 -0.79708523 -0.04750317
v -0.01590559 -0.85843331 -0.02274117
v -0.00044170 -0.74639219 -0.06066477
v -0.15940063 -0.25168461 0.06590785
v -0.14562808 -0.23386490 0.08666803
v -0.15099460 -0.26004463 0.08144130
v -0.14064655 -0.24696374 0.09598474
v -0.15380172 -0.33077690 0.05269562
v -0.15424231 -0.30372491 0.06073016
v -0.15495506 -0.35906035 0.04839405
v -0.12369632 -0.23903251 0.10971570
v -0.10139840 -0.23619348 0.12070178
v -0.10250106 -0.25593811 0.12682450
v -0.14612585 -0.35592398 0.07236911
v -0.14616513 -0.32848221 0.07573384
v -0.15436009 -0.27968103 0.06987801
v -0.14655718 -0.28032827 0.08617610
v -0.14556842 -0.26532346 0.08928380
v -0.12298224 -0.25655699 0.11461126
v -0.13726500 -0.26004615 0.10083397
v -0.04917591 -0.39668983 0.12178484
v -0.07458022 -0.39626464 0.11577538
v -0.06974520 -0.41697124 0.10798329
v -0.12670729 -0.40226981 0.08416821
v -0.13416688 -0.42441484 0.06264359
v -0.13679758 -0.27773830 0.10222396
v -0.12299059 -0.27689800 0.11803455
v -0.10271931 -0.27814549 0.13128084
v -0.10307662 -0.35323173 0.12336715
v -0.10368244 -0.32875216 0.12895942
v -0.12230758 -0.32730913 0.11476414
v -0.12091734 -0.35304573 0.10996091
v -0.13190626 -0.37983254 0.08932567
v -0.13492678 -0.35368091 0.09319988
v -0.10000846 -0.37652645 0.11622542
v -0.11737970 -0.37810451 0.10436332
v -0.11179218 -0.40005493 0.09792733
v -0.13606650 -0.32651892 0.09681588
v -0.07944719 -0.30565304 0.14135580
v -0.10415320 -0.30424362 0.13166630
v -0.05125460 -0.30693462 0.14337792
v -0.09553540 -0.39848322 0.10790747
v -0.08937577 -0.41857111 0.10036069
v -0.08480789 -0.43797070 0.09428427
v -0.07834138 -0.50810915 0.09350694
v -0.13623834 -0.01335192 -0.06027078
v -0.00514853 -0.18888891 0.00307185
v -0.00447921 -0.19729066 0.02808547
v -0.15769672 -0.29006779 -0.04104228
v -0.16972809 -0.27135751 0.02508617
v -0.16233934 -0.27639872 0.05014317
v -0.03280186 -0.19339246 -0.05204127
v -0.01838568 -0.18574804 -0.03350398
v -0.13961156 -0.28129810 -0.06097719
v -0.09796193 -0.23061931 -0.08189344
v -0.00909062 -0.18407899 -0.01589435
v -0.14690620 -0.30285767 0.08058788
v -0.13664080 -0.30000898 0.10074170
v -0.12314107 -0.30101717 0.11755853
v -0.07714222 -0.28094986 0.14029726
v -0.04863318 -0.28440043 0.14166883
v -0.00668514 -0.24623221 -0.07903235
v -0.00089781 -0.25702012 -0.08157056
v 0.00628879 -0.25372195 -0.08048823
v 0.00369384 -0.23754615 -0.07528666
v -0.07050485 -0.38235968 -0.07425997
v -0.04992145 -0.37615392 -0.07912080
v -0.01303206 -0.36883843 -0.08265327
v 0.00264705 -0.36702117 -0.08222031
v -0.12924697 -0.40699729 -0.04581057
v -0.03031190 -0.37155893 -0.08179140
v -0.11241540 -0.39823499 -0.05946669
v -0.09161329 -0.38990304 -0.06822832
v -0.14420851 0.44785255 0.08186002
v -0.14614427 0.47781044 0.07916802
v -0.14695098 0.47507143 0.09410594
v -0.14189678 0.44457078 0.09575856
v -0.15572821 0.43847376 0.12071189
v -0.14635625 0.44059801 0.11355566
v -0.16964032 0.43725276 0.12301663
v -0.17004929 0.46819901 0.12525350
v -0.18069640 0.46881163 0.11809886
v -0.18250266 0.43803114 0.11867784
v -0.19138557 0.43913376 0.11040168
v -0.19722958 0.47256708 0.08228221
v -0.20073338 0.44318354 0.08076912
v -0.19780134 0.44047594 0.09943826
v -0.19671109 0.47078490 0.10051654
v -0.19567056 0.44908321 0.06159223
v -0.19386514 0.47714657 0.06316519
v -0.18212616 0.45298225 0.05134046
v -0.14979883 0.45146102 0.06716181
v -0.14990447 0.48084658 0.06263807
v -0.15753418 0.46864772 0.12383515
v -0.14929689 0.47136366 0.11459681
v -0.14193864 0.44280207 0.10490188
v -0.14814726 0.47300220 0.10435328
v -0.14531678 0.50595987 0.09062059
v -0.13769209 0.50794196 0.07390352
v -0.15714528 0.49980009 0.12713763
v -0.15344276 0.50198609 0.11399490
v -0.17783123 0.49966931 0.11706589
v -0.16905305 0.49866033 0.12918092
v -0.19997802 0.50101107 0.10214977
v -0.19002719 0.46974736 0.11013617
v -0.19004613 0.50002044 0.11014804
v -0.20042862 0.50162578 0.08419856
v -0.19602051 0.50492889 0.06041840
v -0.14632860 0.50857502 0.05547997
v -0.15122753 0.50333238 0.10268129
v -0.21160877 0.59308195 -0.10022846
v -0.21622832 0.59299189 -0.09891398
v -0.21809645 0.59735084 -0.10000905
v -0.21046109 0.59879827 -0.10197012
v -0.16514015 0.59038675 -0.11479791
v -0.17421831 0.58791721 -0.11599202
v -0.17676049 0.59730422 -0.11505093
v -0.16462941 0.60072845 -0.11383134
v -0.20204034 0.60193157 -0.10857159
v -0.19703557 0.60212064 -0.10937282
v -0.19600879 0.59764594 -0.11276773
v -0.20497374 0.59670150 -0.11149034
v -0.24011479 0.60224122 -0.06188592
v -0.23601297 0.60248196 -0.06396849
v -0.23574434 0.59760314 -0.06567855
v -0.24095652 0.59835768 -0.06277293
v -0.22938138 0.60266328 -0.08205634
v -0.22558373 0.60337377 -0.08383960
v -0.22521870 0.59833783 -0.08652057
v -0.23024374 0.59956270 -0.08316238
v -0.17510125 0.58730316 -0.09071637
v -0.17561583 0.58587807 -0.10568827
v -0.16211417 0.58929038 -0.10430638
v -0.15984525 0.58700663 -0.08915782
v -0.15601543 0.59969813 -0.10225634
v -0.16439708 0.60516059 -0.09970278
v -0.16210863 0.60760534 -0.08476374
v -0.15376177 0.59949476 -0.08558037
v -0.17737244 0.60428327 -0.10109936
v -0.17629062 0.60598373 -0.08728945
v -0.18290859 0.59646893 -0.09035370
v -0.18574783 0.59406221 -0.10514919
v -0.20358817 0.59531486 -0.08963663
v -0.20862077 0.59531343 -0.10223462
v -0.20193847 0.58946657 -0.10337009
v -0.19786963 0.58803594 -0.08992093
v -0.19307290 0.59062207 -0.10507065
v -0.18704569 0.58924174 -0.09239712
v -0.18420310 0.59886593 -0.09276780
v -0.18800364 0.59774858 -0.10640921
v -0.19361973 0.60360563 -0.10275763
v -0.18915837 0.60468245 -0.08935588
v -0.19878972 0.60306817 -0.08808223
v -0.20296298 0.60299230 -0.10096712
v -0.20905493 0.59218007 -0.09418664
v -0.20544749 0.58925658 -0.08411451
v -0.21592441 0.58794945 -0.08086723
v -0.21675825 0.59149653 -0.09251714
v -0.20779973 0.60437191 -0.08291628
v -0.20234066 0.59949148 -0.08561137
v -0.20520306 0.59993678 -0.09556949
v -0.21035801 0.60448754 -0.09373900
v -0.21795717 0.60394412 -0.09236258
v -0.21700439 0.60305858 -0.08063588
v -0.22122473 0.59467947 -0.08122766
v -0.22206990 0.59720743 -0.09243621
v -0.23064475 0.59296060 -0.07672688
v -0.23043494 0.58932167 -0.06581839
v -0.23435192 0.59617054 -0.06524401
v -0.23383100 0.59891629 -0.07577774
v -0.22262603 0.58988202 -0.07035052
v -0.22455831 0.59224504 -0.07898902
v -0.22278343 0.60393864 -0.07013711
v -0.22036068 0.59570336 -0.07334859
v -0.22054094 0.59696668 -0.08064128
v -0.22280230 0.60479528 -0.07863957
v -0.23017818 0.60482693 -0.07617601
v -0.23052371 0.60394287 -0.06578360
v -0.24416959 0.59807742 -0.05525855
v -0.24204107 0.59208190 -0.05639455
v -0.24254064 0.59042692 -0.04727142
v -0.24375379 0.59796709 -0.04500397
v -0.23615570 0.58963215 -0.05273557
v -0.23621544 0.59155369 -0.05942421
v -0.23435970 0.60365409 -0.05245076
v -0.23397242 0.59570974 -0.05493268
v -0.23285389 0.59673721 -0.06034806
v -0.23406962 0.60378081 -0.05898193
v -0.24094340 0.60388476 -0.05620322
v -0.24033290 0.60347259 -0.04739729
v -0.15907006 0.58572036 -0.07389687
v -0.17820829 0.58885115 -0.07574420
v -0.16765356 0.60340631 -0.10911345
v -0.15354303 0.59996665 -0.07016202
v -0.17476748 0.60261172 -0.10972460
v -0.17997418 0.60722035 -0.07381927
v -0.16212338 0.60836393 -0.06924403
v -0.18181936 0.59787959 -0.08346574
v -0.20258121 0.59161627 -0.11054344
v -0.20046459 0.59770697 -0.07991487
v -0.20026752 0.60608387 -0.07085689
v -0.19696625 0.59245813 -0.11143801
v -0.19758172 0.58778620 -0.07236847
v -0.21541628 0.58855426 -0.06195235
v -0.21252543 0.60296971 -0.09946656
v -0.21665159 0.60242110 -0.09865972
v -0.21842842 0.60565031 -0.06235316
v -0.21999493 0.59543276 -0.07115782
v -0.22924632 0.59531391 -0.08259432
v -0.23441325 0.59550285 -0.05527377
v -0.23198646 0.60526985 -0.04946637
v -0.22628081 0.59426779 -0.08378921
v -0.23123771 0.58760762 -0.04862049
v -0.23963618 0.59489518 -0.06144690
v -0.24030010 0.60537362 -0.03645734
v -0.24443248 0.59779000 -0.03224375
v -0.23696636 0.59394503 -0.06342775
v -0.24171692 0.58885980 -0.03624340
v -0.15775710 0.45477843 0.05614014
v -0.15806767 0.48336422 0.05133491
v -0.16901197 0.45596629 0.05034855
v -0.18227848 0.48122728 0.05076731
v -0.17119826 0.48345131 0.04685139
v -0.15732104 0.51085615 0.04269659
v -0.18401386 0.50878251 0.04573116
v -0.17044935 0.51058006 0.03879156
v -0.20170379 0.52509618 0.10614133
v -0.20453584 0.52580154 0.08862938
v -0.18655580 0.52441519 0.11338369
v -0.16841775 0.52226925 0.13452712
v -0.17678753 0.52316350 0.12279154
v -0.15752640 0.53099859 0.03144927
v -0.14784291 0.53148484 0.04982821
v -0.17228386 0.52968568 0.02589334
v -0.18886177 0.52847469 0.03524349
v -0.15404932 0.58217061 -0.05665306
v -0.15318832 0.58134055 -0.03525587
v -0.16754845 0.57089907 -0.03674971
v -0.17291228 0.57972527 -0.05615689
v -0.18679093 0.57119709 -0.03186800
v -0.19152290 0.58228517 -0.05116433
v -0.20376037 0.57471883 -0.02312331
v -0.20895602 0.58363366 -0.04237811
v -0.21889833 0.57816732 -0.01283623
v -0.22526938 0.58456981 -0.03137489
v -0.23189978 0.58363473 -0.00241007
v -0.23851192 0.58723336 -0.02107661
v -0.23958567 0.59335750 0.00322668
v -0.24502456 0.59634173 -0.01635509
v -0.14842704 0.59984243 -0.05251419
v -0.14861152 0.59773570 -0.03054472
v -0.15971036 0.61173362 -0.04977515
v -0.15921746 0.61172706 -0.02775097
v -0.17787616 0.61183560 -0.04786886
v -0.17629321 0.61233860 -0.02522802
v -0.23642725 0.60639912 0.00080515
v -0.23980312 0.60779995 -0.02000110
v -0.19683746 0.61024624 -0.04230420
v -0.19439125 0.61017710 -0.01961149
v -0.21397322 0.61079556 -0.03488749
v -0.21092594 0.61050141 -0.01237693
v -0.22825766 0.61056322 -0.02694050
v -0.22500163 0.61025095 -0.00501580
v -0.16185807 0.56187886 -0.01474672
v -0.18100555 0.55685693 -0.01200682
v -0.19752690 0.56080508 -0.00202741
v -0.21161023 0.56740922 0.00968791
v -0.22260025 0.57783133 0.02046005
v -0.23224151 0.58831877 0.02606464
v -0.20861572 0.55192620 0.03798261
v -0.21501653 0.57279956 0.04685205
v -0.22225943 0.58596569 0.04948939
v -0.20860218 0.56920868 0.07350400
v -0.21320917 0.58355498 0.07392007
v -0.19648743 0.56722087 0.11544922
v -0.20232341 0.58292627 0.11819308
v -0.20745057 0.58149475 0.09827659
v -0.20214936 0.56713593 0.09708610
v -0.20526934 0.54890335 0.06833203
v -0.20108025 0.54692578 0.09274958
v -0.19413525 0.54556257 0.10944721
v -0.19497895 0.58349615 0.13149938
v -0.19056901 0.56699878 0.12870644
v -0.18251668 0.56570816 0.14070006
v -0.18405992 0.58303708 0.14110878
v -0.16570885 0.56674993 0.14608462
v -0.16695592 0.58442974 0.14481883
v -0.15075797 0.56944537 0.13539359
v -0.15079515 0.58648115 0.13537019
v -0.17953850 0.54346931 0.13190553
v -0.18628946 0.54496658 0.12023386
v -0.16783062 0.54316515 0.13999164
v -0.15387771 0.54562753 0.13138023
v -0.15153345 0.54717404 0.11390865
v -0.14720605 0.57019496 0.11585209
v -0.14384541 0.58739567 0.11692590
v -0.15247124 0.57867491 -0.01015850
v -0.15191922 0.59224498 -0.00543188
v -0.19346145 0.54377025 0.01752343
v -0.17557888 0.54214889 0.00777460
v -0.15639435 0.55032367 0.01439206
v -0.14837185 0.57368439 0.01719302
v -0.15291706 0.58821672 0.02187199
v -0.15152007 0.58607090 0.04674172
v -0.14547011 0.57270378 0.04384821
v -0.16051720 0.60364598 -0.00184680
v -0.16192529 0.59551996 0.02500708
v -0.15975040 0.59305805 0.04961697
v -0.14790484 0.58593041 0.06890432
v -0.14387342 0.57227790 0.06667507
v -0.14591388 0.58604908 0.08665635
v -0.14608201 0.57055837 0.08549027
v -0.14704277 0.56996077 0.10035113
v -0.14385006 0.58684337 0.10130019
v -0.14687663 0.54979479 0.08651627
v -0.14897823 0.54822505 0.09989949
v -0.14381209 0.55265611 0.06719469
v -0.14572676 0.55274981 0.04335005
v -0.22987252 0.60150433 0.02497094
v -0.22194017 0.59707135 0.04892406
v -0.21233159 0.59336144 0.07258847
v -0.20542461 0.59356165 0.09633106
v -0.19850141 0.59498197 0.11524549
v -0.19132686 0.59541297 0.12671836
v -0.16736503 0.59457058 0.13741049
v -0.18165769 0.59475797 0.13529953
v -0.15542856 0.59550530 0.13107067
v -0.15087217 0.59791034 0.11589043
v -0.14961271 0.59840643 0.10262634
v -0.15486062 0.59512192 0.07154274
v -0.15130824 0.59778786 0.08851740
v -0.13852876 0.53163445 0.07058249
v -0.14341307 0.52928072 0.08848573
v -0.14881819 0.52734822 0.10105987
v -0.15589929 0.52382582 0.12873666
v -0.15367576 0.52589822 0.11285774
v -0.17498314 0.60701364 0.00149855
v -0.19180532 0.60623366 0.00705737
v -0.20721518 0.60648233 0.01380092
v -0.22007930 0.60593975 0.01999549
v -0.21366186 0.60157251 0.04519363
v -0.20223448 0.60228384 0.04049661
v -0.18783827 0.60241115 0.03464278
v -0.17332263 0.59983683 0.02883698
v -0.20535675 0.59883904 0.06895101
v -0.19540654 0.60035717 0.06456191
v -0.18176116 0.60058206 0.06001903
v -0.16969371 0.59845817 0.05373060
v -0.16363253 0.60029709 0.07601126
v -0.17409939 0.60128301 0.08231816
v -0.18725951 0.60048795 0.08645335
v -0.19681035 0.59869874 0.09150612
v -0.18983643 0.59884650 0.10894335
v -0.18056011 0.60016233 0.10324609
v -0.16938570 0.60149437 0.09844238
v -0.15991631 0.60095662 0.09307062
v -0.18392348 0.59855503 0.11913856
v -0.16872033 0.59795976 0.12954362
v -0.17757225 0.59809417 0.12640111
v -0.16083232 0.59886366 0.12609643
v -0.15834925 0.60004997 0.11564671
v -0.15850970 0.60075790 0.10474104
v -0.16675684 0.60047740 0.10836929
v -0.16537708 0.59982520 0.11616537
v -0.17693847 0.59973627 0.11246547
v -0.17295049 0.59890002 0.11973877
v -0.16498481 0.59915334 0.12229122
v -0.16919698 0.59871739 0.12390460
v -0.19753486 0.52957833 0.05804859
v -0.14349052 0.16935378 -0.01573093
v -0.12881666 0.16581506 -0.00908791
v -0.15867107 0.16645616 -0.01778168
v -0.11705135 -0.27020842 -0.07513979
v -0.05269603 -0.51282662 -0.07862365
v -0.05993547 -0.55861455 -0.07624175
v -0.05548864 -0.53545952 -0.07695808
v -0.12414001 -0.24012721 -0.07722234
v -0.11644046 -0.58855623 -0.04355735
v -0.09107827 -0.75356126 -0.07461239
v 0.15125556 0.58657545 0.13962696
v 0.15856339 0.58449042 0.12012270
v 0.15243784 0.57051980 0.11839598
v -0.00584133 -1.03947699 -0.10757616
v -0.07617532 -1.01798809 -0.04675007
v -0.07651839 -1.01083171 -0.03884257
v -0.07152681 -0.99894989 -0.04352863
v -0.07192089 -1.00671899 -0.05234515
v -0.06446572 -0.98803103 -0.04885126
v -0.06691488 -0.99739975 -0.05636857
v -0.05626749 -0.97934842 -0.05546011
v -0.06030494 -0.98888993 -0.06142451
v -0.04896859 -0.97382653 -0.06346250
v -0.05338555 -0.98336291 -0.06771353
v -0.03181728 -0.96805239 -0.08152010
v -0.03079383 -0.96308684 -0.07738677
v -0.02334007 -0.95976698 -0.08318900
v -0.02344717 -0.96382385 -0.08741364
v -0.01512985 -0.95786101 -0.08766213
v -0.01526829 -0.96157175 -0.09167789
v -0.00689758 -0.95720583 -0.08962488
v -0.00644743 -0.96054393 -0.09366329
v 0.00227509 -0.95762980 -0.08925024
v 0.00279557 -0.96096992 -0.09331346
v 0.00307160 -0.96997577 -0.09702048
v -0.00551665 -0.96949255 -0.09789634
v -0.00600589 -0.96483076 -0.09653606
v 0.00304818 -0.96494967 -0.09563041
v -0.01330628 -0.97030646 -0.09573081
v -0.01459879 -0.96556604 -0.09420018
v -0.02042770 -0.97290146 -0.09235083
v -0.02249988 -0.96820545 -0.09043564
v -0.02929014 -0.97755939 -0.08835031
v -0.03140348 -0.97263664 -0.08509099
v -0.03593486 -0.98306453 -0.08610520
v -0.03918633 -0.98021615 -0.08179484
v -0.00703399 -0.95455468 -0.08358791
v 0.00141415 -0.95489770 -0.08416471
v -0.01466664 -0.95498621 -0.08165040
v -0.02207798 -0.95655787 -0.07781929
v -0.02833072 -0.95904595 -0.07260366
v -0.04098649 -0.96973544 -0.07121792
v -0.03538337 -0.96255994 -0.06575179
v -0.04384744 -0.96778417 -0.05923827
v -0.05179765 -0.97315753 -0.05042411
v -0.06147811 -0.98217744 -0.04264550
v -0.07021388 -0.99416769 -0.03588190
v -0.07554106 -1.00751746 -0.03087563
v -0.07911996 -1.01971698 -0.03480252
v -0.01244513 -0.97466379 -0.09598344
v -0.00510772 -0.97414732 -0.09795845
v -0.01910613 -0.97675860 -0.09319609
v -0.02692306 -0.98148084 -0.09042713
v -0.03266071 -0.98636198 -0.08937905
v -0.03791455 -0.99792433 -0.09138003
v -0.03658618 -0.99181497 -0.08991759
v -0.03617523 -1.01021004 -0.09535061
v -0.03756212 -1.00408292 -0.09321135
v -0.04477396 -1.01722682 -0.09222860
v -0.04650255 -1.00868571 -0.08836022
v -0.04198142 -1.00578344 -0.09100564
v -0.04046220 -1.01326442 -0.09372993
v -0.04912230 -1.02293921 -0.09083670
v -0.05134147 -1.01330924 -0.08578829
v -0.00702274 -0.95282227 -0.07792887
v 0.00023706 -0.95285046 -0.07776681
v -0.01369583 -0.95319074 -0.07580551
v -0.01997491 -0.95440555 -0.07162870
v -0.02506320 -0.95586658 -0.06602260
v -0.03056175 -0.95792365 -0.05963415
v -0.03714556 -0.96103024 -0.05247992
v -0.04643688 -0.96584475 -0.04447708
v -0.05753867 -0.97515643 -0.03613980
v -0.06843463 -0.99010307 -0.02907494
v -0.07412636 -1.00402570 -0.02425006
v -0.02355997 -0.95185721 -0.05072159
v -0.01904527 -0.95243859 -0.05657300
v -0.01525366 -0.95235592 -0.06156907
v -0.01163216 -0.95206028 -0.06551442
v -0.00781238 -0.95170009 -0.06406754
v -0.00258924 -0.95187688 -0.06272294
v -0.00861282 -0.95042038 -0.05535716
v -0.00388140 -0.95054036 -0.05476956
v -0.01109383 -0.94741261 -0.05063093
v -0.00457953 -0.94712389 -0.04942580
v -0.01347709 -0.94353098 -0.04707940
v -0.00184312 -0.94237351 -0.04446802
v -0.04055997 -0.99005246 -0.08651498
v -0.04475903 -0.98941708 -0.08231630
v -0.04687989 -0.99920762 -0.08478978
v -0.05180512 -1.00257802 -0.08080027
v -0.04988698 -0.99093211 -0.07735296
v -0.04217311 -0.99774063 -0.08844891
v -0.05668325 -0.99514765 -0.07161091
v -0.05764695 -1.00771737 -0.07661551
v -0.05643283 -1.01935005 -0.08327411
v -0.06239387 -1.01359129 -0.07313046
v -0.06267137 -1.00137997 -0.06637505
v -0.06121559 -1.02415884 -0.08012947
v -0.06531107 -1.02873075 -0.07711801
v -0.06623127 -1.01891363 -0.07015199
v -0.06717939 -1.00801158 -0.06328477
v -0.04370647 -0.97803384 -0.07562715
v -0.07086089 -1.01500642 -0.05961471
v -0.06864987 -1.03348565 -0.07391411
v -0.06977917 -1.02462852 -0.06673170
v -0.07226642 -1.03976965 -0.06971537
v -0.07397766 -1.03156734 -0.06062599
v -0.07512740 -1.02410221 -0.05311294
v -0.08023619 -1.02741766 -0.03992072
v 0.00289657 -0.97454143 -0.09755452
v 0.15733086 0.55175948 0.09052960
v 0.14995787 0.55145049 0.11380063
v 0.14128383 0.55024254 0.12983069
v 0.14256638 0.58765262 0.15230858
v 0.13705377 0.57176900 0.14876518
v 0.12775202 0.57095391 0.15960504
v 0.13030019 0.58787584 0.16040659
v 0.11046731 0.57277429 0.16333050
v 0.11283158 0.59029460 0.16244142
v 0.09694341 0.57583833 0.15135077
v 0.09792361 0.59275991 0.15133575
v 0.12422390 0.54894954 0.15117626
v 0.13225958 0.54989702 0.14037374
v 0.11178073 0.54937452 0.15782684
v 0.09936188 0.55175447 0.14826483
v 0.09929468 0.55252630 0.13047385
v 0.09550294 0.57619524 0.13151051
v 0.09310828 0.59363055 0.13188940
v 0.11660187 0.58192956 0.00597066
v 0.11611703 0.59530878 0.01042382
v 0.15039933 0.54586351 0.03887257
v 0.13404128 0.54465717 0.02741185
v 0.11513823 0.55358994 0.03138228
v 0.10866418 0.57737464 0.03305510
v 0.11352967 0.59159315 0.03817324
v 0.10908139 0.59027213 0.06307297
v 0.10225891 0.57722127 0.05943384
v 0.12501372 0.60573924 0.01487993
v 0.12246504 0.59829426 0.04229893
v 0.11734760 0.59678173 0.06678376
v 0.10283652 0.59089333 0.08465564
v 0.09804308 0.57742691 0.08200409
v 0.09851784 0.59151536 0.10207652
v 0.09776086 0.57589185 0.10138527
v 0.09702274 0.57539117 0.11629533
v 0.09489596 0.59251583 0.11642554
v 0.09739000 0.55498981 0.10297173
v 0.09816088 0.55349469 0.11641336
v 0.09736715 0.55682766 0.08349440
v 0.10203964 0.55646431 0.05942550
v 0.18995887 0.60033429 0.05037856
v 0.17915377 0.59738588 0.07294825
v 0.16686285 0.59497643 0.09518799
v 0.15761822 0.59636009 0.11811250
v 0.14863676 0.59857023 0.13625333
v 0.14013629 0.59975672 0.14692581
v 0.11515459 0.60030764 0.15501481
v 0.12955926 0.59985775 0.15434879
v 0.10396138 0.60190088 0.14730650
v 0.10097217 0.60399252 0.13178498
v 0.10166349 0.60447717 0.11810999
v 0.11011232 0.59969038 0.08807407
v 0.10461593 0.60294646 0.10447994
v 0.09040397 0.53644753 0.08645839
v 0.09322087 0.53484851 0.10479146
v 0.09712747 0.53332704 0.11755824
v 0.10050599 0.53042734 0.14601362
v 0.10051623 0.53229451 0.12958775
v 0.13875891 0.60810196 0.02012259
v 0.15441546 0.60591620 0.02783796
v 0.16884726 0.60552287 0.03662774
v 0.18085390 0.60474932 0.04436586
v 0.17171767 0.60202128 0.06835907
v 0.16091546 0.60308152 0.06234058
v 0.14723337 0.60377508 0.05495820
v 0.13343570 0.60193753 0.04745058
v 0.16083282 0.60050148 0.09087922
v 0.15157941 0.60246521 0.08543483
v 0.13854808 0.60331380 0.07942331
v 0.12709539 0.60158628 0.07197399
v 0.11906584 0.60476494 0.09331849
v 0.12899779 0.60540533 0.10067565
v 0.14144416 0.60387146 0.10624456
v 0.14987227 0.60153466 0.11235495
v 0.14093915 0.60265988 0.12905177
v 0.13281244 0.60434544 0.12225704
v 0.12196106 0.60600817 0.11649035
v 0.11349770 0.60625005 0.10980735
v 0.13419071 0.60316569 0.13845129
v 0.11784492 0.60376585 0.14715159
v 0.12709615 0.60345864 0.14487898
v 0.11042534 0.60492051 0.14285594
v 0.10925575 0.60594422 0.13214733
v 0.11066525 0.60644519 0.12128489
v 0.11855502 0.60575569 0.12586017
v 0.11624083 0.60537088 0.13347140
v 0.12777427 0.60427624 0.13124485
v -0.07868610 -1.02104056 -0.01082835
v -0.01996265 -1.01674247 -0.10165159
v -0.01473724 -1.01889324 -0.10376363
v 0.12334887 0.60412377 0.13786842
v 0.11510918 0.60488510 0.13955757
v -0.00944337 -1.01956141 -0.10636923
v -0.00528558 -1.01979351 -0.10827377
v -0.00124872 -1.01963782 -0.10909915
v 0.11902311 0.60419458 0.14166841
v 0.14899750 0.53332680 0.07990557
v 0.11571600 0.16903377 0.02473411
v 0.10098671 0.16554594 0.02949361
v -0.00369631 -0.92823517 -0.03771153
v -0.00218694 -1.09083688 -0.10747010
v -0.00284886 -0.93576717 -0.04210315
v -0.00007809 -0.98948956 -0.08568861
v -0.02162459 -1.18460822 -0.03836861
v 0.00268123 -0.97929639 -0.09784751
v 0.00019978 -0.99380511 -0.08867329
v 0.00283958 -1.04868543 -0.12204992
v 0.00258619 -0.98428988 -0.09769785
v 0.00303316 -0.99481964 -0.10343412
v 0.00231116 -1.00063848 -0.10254723
v -0.00661715 -1.12871313 -0.10083142
v 0.00279024 -0.99807918 -0.10359102
v 0.00229488 -1.02221465 -0.10911582
v 0.00366726 -1.04423833 -0.12483020
v 0.00198834 -1.00230312 -0.10138959
v -0.02872025 -1.01821148 0.06385428
v 0.00291067 -0.99153811 -0.10164022
v 0.00087451 -0.99970430 -0.09380735
v 0.00166567 -1.00246310 -0.09940558
v -0.00021566 -1.00802994 -0.08949279
v 0.00229018 -1.01948082 -0.10823691
v -0.00025583 -1.06754756 -0.11066508
v -0.03407896 -1.05886722 0.08233610
v 0.00024008 -1.06430209 -0.11267128
v -0.01087545 -1.15590215 -0.08687562
v -0.00820801 -1.13976932 -0.09725608
v 0.00208110 -1.05299544 -0.11941117
v -0.03924038 -1.12207890 0.08869267
v -0.04000185 -1.13725388 0.08339176
v -0.00427714 -1.11047769 -0.10489269
v -0.03279695 -1.18775725 0.02278671
v 0.00428127 -1.04002404 -0.12661889
v 0.00313248 -1.02693915 -0.11514968
v -0.01676232 -1.17480612 -0.06224874
v -0.03722536 -1.08679819 0.09023222
v -0.03636013 -1.17954254 0.04650750
v 0.00269849 -1.00382650 -0.10433856
v -0.01915623 -1.18019962 -0.05090508
v 0.00218851 -1.00258529 -0.10119059
v 0.00429510 -1.02988636 -0.12275004
v -0.03553102 -1.07268095 0.08808026
v -0.03984573 -1.10128868 0.09116423
v 0.00257121 -1.01304030 -0.10749476
v 0.00233082 -1.01687479 -0.10755958
v -0.03459258 -1.18442726 0.03487301
v -0.00271634 -1.09731328 -0.10731904
v 0.00276863 -1.01067996 -0.10790227
v -0.00139163 -1.07675529 -0.10672709
v 0.00305793 -1.00813961 -0.10769840
v -0.00467508 -0.92105901 -0.03224968
v -0.03905984 -1.16050339 0.06943315
v 0.00291564 -1.00583768 -0.10614145
v 0.00124061 -1.00438726 -0.09643413
v 0.00138514 -1.05707991 -0.11683847
v 0.00038383 -1.00618863 -0.09219599
v -0.00518916 -1.11837840 -0.10318179
v 0.00240112 -1.02486897 -0.11069222
v 0.00248911 -1.02557456 -0.11137471
v -0.00114911 -1.07372046 -0.10738343
v -0.00926631 -1.14835644 -0.09301850
v -0.00151773 -1.07949841 -0.10671684
v 0.00234991 -1.02402461 -0.11005052
v -0.03967137 -1.15163136 0.07598476
v -0.03020408 -1.19190001 0.00596433
v -0.02785066 -1.19141531 -0.00711220
v -0.00074054 -1.07056415 -0.10871774
v 0.00069256 -1.06096840 -0.11464962
v -0.02780421 -1.00805593 0.06330885
v 0.00460017 -1.03314543 -0.12572654
v 0.00458085 -1.03605020 -0.12680024
v -0.01457985 -1.16859305 -0.07183316
v -0.03286797 -1.04912388 0.07818568
v -0.02470304 -1.18893099 -0.02373791
v -0.01270890 -1.16229606 -0.07965756
v -0.03024914 -1.03049994 0.06873600
v -0.03119092 -1.04079700 0.07464736
v 0.00405837 -1.02873158 -0.12096142
v -0.00167230 -1.08280814 -0.10702096
v 0.00355904 -1.02758789 -0.11778037
v -0.03775463 -1.17228127 0.05735830
v 0.00274661 -1.02629590 -0.11290993
v 0.13130450 0.16684222 0.02466017
v 0.13479513 -0.26707274 -0.03965209
v 0.08794376 -0.51374084 -0.04522317
v 0.09317516 -0.55970818 -0.04303847
v 0.09038240 -0.53636122 -0.04383875
v 0.13919343 -0.23546505 -0.04083993
v 0.12766120 -0.59029150 0.00766601
v 0.11318207 -0.76359290 -0.02064617
v 0.00662955 -1.04021299 -0.10492009
v 0.05380345 -1.02594507 -0.02330166
v 0.05207163 -1.01866567 -0.01571531
v 0.05035488 -1.00634706 -0.02164745
v 0.05276629 -1.01447511 -0.02991758
v 0.04688906 -0.99489039 -0.02886141
v 0.05091636 -1.00480747 -0.03521040
v 0.04228149 -0.98549402 -0.03769728
v 0.04764935 -0.99571759 -0.04190476
v -0.00041944 -1.02983522 -0.12110858
v 0.00016570 -1.02865279 -0.11833122
v 0.03895020 -0.97930169 -0.04755636
v 0.04394765 -0.98947549 -0.05020122
v -0.01958011 -1.06938672 -0.09206009
v -0.00641321 -1.02805638 -0.10954276
v -0.00505523 -1.05046582 -0.11659457
v -0.01817984 -1.06949818 -0.09261517
v 0.03024360 -0.97201711 -0.07046220
v 0.02809347 -0.96669328 -0.06671049
v 0.02360955 -0.96279895 -0.07474971
v 0.02487669 -0.96695989 -0.07867475
v -0.00871151 -1.02836800 -0.10849885
v 0.01791989 -0.96006000 -0.08171916
v 0.01915392 -0.96383917 -0.08556817
v 0.01093726 -0.95844465 -0.08642894
v 0.01155125 -0.96185672 -0.09038423
v -0.00599871 -1.05799782 -0.11225568
v -0.01028196 -1.06775963 -0.10092647
v 0.01129477 -0.97077197 -0.09462142
v 0.01163374 -0.96616364 -0.09311152
v -0.00539683 -1.05425131 -0.11457191
v -0.01344212 -1.03084338 -0.10979895
v -0.01217253 -1.02837694 -0.10814351
v -0.00259144 -1.03561866 -0.12453394
v -0.00377356 -1.03858399 -0.12392424
v 0.01775550 -0.97251421 -0.08997813
v -0.00358734 -1.03244340 -0.12260741
v -0.00082404 -1.03087711 -0.12240866
v 0.01890619 -0.96787560 -0.08816774
v -0.02119902 -1.06913662 -0.09247457
v -0.03288698 -1.07071090 -0.08787525
v -0.00183413 -1.03359103 -0.12414928
v 0.00113682 -1.03156459 -0.12405804
v -0.02495341 -1.07016873 -0.09056850
v -0.02052839 -1.06920660 -0.09229319
v -0.00852505 -1.03425729 -0.11842972
v -0.00829249 -1.06643665 -0.10495137
v 0.02287011 -0.97579849 -0.08442666
v 0.02448522 -0.97123796 -0.08179675
v 0.02912562 -0.98125410 -0.07747868
v 0.03048750 -0.97671866 -0.07392685
v -0.01161415 -1.03302276 -0.11424565
v 0.03410414 -0.98759645 -0.07335057
v 0.03582145 -0.98504132 -0.06827980
v 0.00904145 -0.95555055 -0.08087820
v -0.02210218 -1.06925511 -0.09240703
v -0.02276730 -1.06945765 -0.09224528
v -0.00495278 -1.04626715 -0.11909823
v 0.01520054 -0.95691419 -0.07634414
v 0.02057159 -0.95912433 -0.07008493
v 0.02447367 -0.96202767 -0.06295402
v 0.03491514 -0.97438723 -0.05738124
v -0.02740053 -1.07022905 -0.09105474
v -0.00036925 -1.02747715 -0.11342596
v -0.00642502 -1.03349376 -0.12051973
v -0.00486686 -1.03289890 -0.12173131
v -0.00127338 -1.02707803 -0.11157040
v 0.02804131 -0.96607733 -0.05404590
v 0.03287846 -0.97231841 -0.04511920
v -0.01524475 -1.06901550 -0.09454421
v 0.03625220 -0.97850639 -0.03423703
v -0.00724480 -1.06397164 -0.10821657
v -0.00650216 -1.06105936 -0.11061266
v 0.04187624 -0.98853147 -0.02385486
v 0.04680265 -1.00111961 -0.01467584
v 0.00011936 -1.02806973 -0.11578432
v 0.04864620 -1.01479542 -0.00846558
v 0.05234916 -1.02753687 -0.01127850
v 0.01657646 -0.97680092 -0.09061858
v 0.01058395 -0.97535789 -0.09504861
v 0.02153381 -0.97955817 -0.08575296
v -0.00463775 -1.04226804 -0.12213884
v 0.02743276 -0.98494542 -0.08044138
v 0.03187058 -0.99053359 -0.07747237
v 0.03622048 -1.00281191 -0.07792415
v -0.00393825 -1.02765334 -0.11060290
v 0.03500161 -0.99654424 -0.07673910
v 0.03481650 -1.01493669 -0.08251443
v 0.03601654 -1.00894821 -0.08000295
v 0.04078942 -1.02286327 -0.07681629
v 0.04195606 -1.01454711 -0.07242964
v 0.03905352 -1.01121306 -0.07632048
v 0.00448973 -1.03130162 -0.12436250
v -0.00124743 -1.03203070 -0.12335886
v 0.03788983 -1.01848340 -0.07962807
v 0.04362604 -1.02897453 -0.07413894
v 0.04488022 -1.01957488 -0.06841122
v 0.00718033 -0.95326781 -0.07554819
v -0.03312525 -1.08212209 -0.10182385
v -0.03334126 -1.07972240 -0.09950481
v 0.01252116 -0.95461041 -0.07113820
v 0.01674117 -0.95624542 -0.06495012
v 0.01923175 -0.95802498 -0.05782895
v 0.02165303 -0.96065503 -0.04991189
v 0.02499390 -0.96387351 -0.04076562
v 0.03012603 -0.96963704 -0.02984213
v -0.02527638 -1.08538008 -0.10599347
v -0.00656770 -1.08653712 -0.10738872
v -0.01185981 -1.08640647 -0.10735802
v 0.03572102 -0.98057640 -0.01862568
v -0.03391109 -1.07591534 -0.09686836
v -0.03439252 -1.07420576 -0.09532541
v -0.03350713 -1.07780683 -0.09746735
v -0.03416372 -1.07440615 -0.09683297
v -0.03408357 -1.07506454 -0.09729384
v 0.04301174 -0.99636078 -0.00858594
v -0.03350635 -1.07728159 -0.09628342
v 0.04559567 -1.01101422 -0.00275765
v -0.03362986 -1.07711697 -0.09606114
v 0.01273887 -0.95386851 -0.04376855
v -0.03080946 -1.08454537 -0.10414568
v 0.01060253 -0.95395166 -0.05112747
v 0.00896539 -0.95361114 -0.05722240
v -0.03371014 -1.07672513 -0.09629507
v -0.03494151 -1.07391405 -0.09358466
v 0.00718054 -0.95287085 -0.06225614
v -0.03652655 -1.07257199 -0.08907839
v 0.00299470 -0.95214432 -0.06224540
v -0.00190910 -1.08669603 -0.10723127
v -0.02422375 -1.09645271 -0.10918999
v -0.05812300 -1.09580719 -0.09257434
v 0.00079627 -0.95083833 -0.05372754
v -0.06126013 -1.09051049 -0.08974120
v 0.00184550 -0.94829082 -0.04823338
v -0.05184540 -1.05393100 -0.09062549
v -0.05487519 -1.05518782 -0.08865128
v -0.02087206 -1.09006810 -0.10923494
v 0.00327352 -0.94458115 -0.04398821
v 0.03772860 -0.99516106 -0.07225878
v 0.04009786 -0.99492443 -0.06697778
v 0.04188494 -1.00507212 -0.06874418
v 0.04499164 -1.00888574 -0.06344590
v -0.03256143 -1.11732900 -0.10339558
v -0.04818489 -1.16756344 -0.05994499
v -0.02977134 -1.10965931 -0.10558670
v -0.04463669 -1.10146892 -0.10125944
v 0.04325239 -0.99687237 -0.06062751
v -0.04629874 -1.16234374 -0.06852190
v 0.03912419 -1.00315249 -0.07360321
v 0.04735199 -1.00163126 -0.05295690
v 0.04839966 -1.01448762 -0.05757983
v 0.04812508 -1.02609468 -0.06446743
v 0.05100583 -1.02078521 -0.05285046
v -0.05315629 -1.10005903 -0.09661026
v 0.05026332 -1.00846612 -0.04608904
v -0.06125828 -1.06122494 -0.08307940
v -0.00975041 -1.10334027 -0.10754345
v -0.06338107 -1.06696534 -0.08164757
v 0.05087130 -1.03138065 -0.05995172
v -0.01780925 -1.10296607 -0.10855538
v -0.05681498 -1.18316424 -0.00008317
v 0.05297574 -1.03633845 -0.05578602
v 0.05263218 -1.02645433 -0.04887074
v 0.05229873 -1.01554978 -0.04189480
v 0.03791143 -0.98320884 -0.06092427
v -0.01568328 -1.08243871 -0.10470839
v 0.05337948 -1.02277994 -0.03723486
v -0.04132348 -1.05455327 -0.09451437
v -0.04454722 -1.05412841 -0.09360453
v 0.05441510 -1.04137993 -0.05171078
v -0.05869376 -1.18195200 -0.01147444
v -0.05968799 -1.05862820 -0.08465284
v -0.03896187 -1.13673437 -0.09560126
v -0.01196727 -1.07648635 -0.10100780
v -0.01352502 -1.07927108 -0.10186484
v -0.04100925 -1.14422667 -0.08910749
v 0.05387307 -1.03251672 -0.04451543
v 0.05555998 -1.04797125 -0.04657909
v 0.05504749 -1.03983378 -0.03738075
v -0.04299408 -1.15107822 -0.08257974
v 0.05432264 -1.03221393 -0.02982364
v 0.05419006 -1.03583181 -0.01578213
v -0.05071091 -1.17238081 -0.04998086
v -0.02426018 -1.05847943 -0.09485713
v 0.04301815 -1.02824926 0.01050658
v 0.02101233 -1.01955092 -0.09421527
v 0.01653269 -1.02099752 -0.09800361
v -0.06352573 -1.08454752 -0.08691576
v -0.06460614 -1.07832122 -0.08452613
v -0.05673126 -1.18012941 -0.02486232
v -0.03357914 -1.05564141 -0.09545536
v -0.06425775 -1.07255995 -0.08266162
v -0.04664208 -1.18704772 0.00976988
v 0.01253197 -1.02104437 -0.10238139
v -0.05755461 -1.05658472 -0.08666525
v 0.00931938 -1.02080762 -0.10564511
v 0.00587577 -1.02013135 -0.10780899
v -0.03634857 -1.10234332 -0.10499165
v -0.03765825 -1.05493844 -0.09511644
v -0.01141059 -1.07347047 -0.09951238
v -0.01979323 -1.06093919 -0.09486376
v -0.01647069 -1.06394529 -0.09549132
v -0.04452654 -1.15679514 -0.07584950
v -0.01382068 -1.06672859 -0.09649843
v -0.01171836 -1.07019091 -0.09821795
v -0.02880687 -1.05668306 -0.09546656
v -0.03589210 -1.12676668 -0.10050035
v -0.05352982 -1.17670608 -0.03809099
v -0.04816066 -1.05396354 -0.09230979
v -0.03165076 -1.18991148 0.01532372
v -0.00336339 -1.10349298 -0.10632312
v -0.01255288 -1.06839144 -0.09747992
v -0.01817618 -1.08598781 -0.10704011
v -0.02717045 -1.10275674 -0.10766850
v 0.00268576 -0.98805666 -0.09944248
v -0.02517872 -1.00579667 -0.09921432
v -0.02671278 -1.00365043 -0.09763973
v -0.02631584 -0.99770069 -0.09473267
v -0.01732356 -1.01107228 -0.10385703
v -0.02197928 -1.00829935 -0.10121740
v -0.01588670 -0.99013782 -0.09784654
v -0.02731739 -1.00169694 -0.09634241
v -0.00976622 -0.98859978 -0.09956302
v -0.02724435 -0.99962759 -0.09537117
v -0.00401170 -0.98787129 -0.10007192
v 0.00244418 -1.01498044 -0.10756149
v -0.00683992 -1.01481366 -0.10816675
v -0.00203730 -1.01511383 -0.10876858
v -0.01204720 -1.01343775 -0.10627549
v -0.02443556 -0.99538147 -0.09483212
v -0.02104062 -0.99279624 -0.09571113
v 0.00799890 -1.03027642 -0.11957787
v 0.00665948 -1.02897286 -0.11714748
v 0.01112345 -1.07160640 -0.08632555
v 0.00954051 -1.02916193 -0.10642948
v 0.00810713 -1.05118692 -0.11397228
v 0.00993521 -1.07152581 -0.08726814
v 0.01126891 -1.02969408 -0.10465141
v 0.00664071 -1.05866623 -0.10976388
v 0.00585259 -1.06900358 -0.09781701
v 0.00729599 -1.05494046 -0.11199708
v 0.01603292 -1.03279173 -0.10440974
v 0.01446739 -1.03013134 -0.10318464
v 0.01055587 -1.03637493 -0.12222491
v 0.01105115 -1.03944159 -0.12127563
v 0.01108930 -1.03329730 -0.11992916
v 0.00867986 -1.03140390 -0.12067313
v 0.01280907 -1.07154989 -0.08621272
v 0.02191864 -1.07445979 -0.07810012
v 0.00991121 -1.03425491 -0.12204973
v 0.00737655 -1.03195930 -0.12290575
v 0.01554722 -1.07300019 -0.08326402
v 0.01213822 -1.07155919 -0.08626053
v 0.01402478 -1.03572857 -0.11432274
v 0.00547371 -1.06744230 -0.10228172
v 0.01561453 -1.03485250 -0.10930429
v 0.01366120 -1.07179368 -0.08590157
v 0.01418456 -1.07207620 -0.08553950
v 0.00942165 -1.04708076 -0.11634357
v 0.01797839 -1.07336056 -0.08293030
v 0.00557792 -1.02787411 -0.11229740
v 0.01288148 -1.03467715 -0.11699151
v 0.01191222 -1.03390229 -0.11866824
v 0.00573272 -1.02757621 -0.11018988
v 0.00816044 -1.07084107 -0.09015469
v 0.00587187 -1.06484926 -0.10569645
v 0.00631014 -1.06186891 -0.10817555
v 0.00586937 -1.02836204 -0.11471979
v 0.01064873 -1.04314709 -0.11926957
v 0.00770114 -1.02847135 -0.10829186
v 0.00926298 -1.03263235 -0.12143467
v 0.02579610 -1.08603287 -0.09161514
v 0.02543712 -1.08385968 -0.08917931
v 0.01938676 -1.08824778 -0.09780007
v 0.00245406 -1.08707404 -0.10568915
v 0.00723050 -1.08757806 -0.10369562
v 0.02527263 -1.07989562 -0.08646102
v 0.02528628 -1.07809961 -0.08474105
v 0.02502256 -1.08188140 -0.08717880
v 0.02560642 -1.07829630 -0.08626116
v 0.02564769 -1.07900703 -0.08676843
v 0.02457860 -1.08130848 -0.08603249
v 0.02459512 -1.08109426 -0.08576224
v 0.02407505 -1.08800411 -0.09444673
v 0.02479533 -1.08069003 -0.08596277
v 0.02518316 -1.07786751 -0.08292176
v 0.02526910 -1.07668567 -0.07809298
v 0.01789271 -1.09912610 -0.10153636
v 0.04300140 -1.10237849 -0.07456128
v 0.04573243 -1.09734762 -0.07081087
v 0.04213057 -1.06015217 -0.07374747
v 0.04417050 -1.06171501 -0.07095033
v 0.01572247 -1.09242034 -0.10252830
v 0.01986082 -1.12077034 -0.09334488
v 0.01262857 -1.17118883 -0.04908087
v 0.01945639 -1.11294663 -0.09641980
v 0.03316968 -1.10672307 -0.08759052
v 0.01458250 -1.16623402 -0.05768120
v 0.03893683 -1.10618973 -0.07993153
v 0.04739372 -1.06839287 -0.06417685
v 0.00274802 -1.10407174 -0.10495396
v 0.04828883 -1.07432485 -0.06220789
v 0.01068953 -1.10485435 -0.10287560
v -0.00228324 -1.18652606 0.00967982
v 0.01040108 -1.08412802 -0.09977579
v 0.03378123 -1.05965638 -0.08083668
v 0.03651187 -1.05962598 -0.07897626
v 0.00368151 -1.18586981 -0.00037414
v 0.04680197 -1.06552744 -0.06605028
v 0.02052316 -1.14028215 -0.08410832
v 0.00646933 -1.07778323 -0.09734991
v 0.00786136 -1.08074474 -0.09773499
v 0.01940616 -1.14775920 -0.07797189
v 0.01756764 -1.15433252 -0.07148713
v 0.01084726 -1.17611885 -0.03906908
v 0.01759953 -1.06129587 -0.08699182
v 0.04776785 -1.09160614 -0.06746534
v 0.04877232 -1.08567262 -0.06489705
v 0.00665451 -1.18412447 -0.01358489
v 0.02697599 -1.05978835 -0.08423465
v 0.04877275 -1.07988286 -0.06299971
v -0.01559786 -1.18887389 0.01534163
v 0.04584603 -1.06332469 -0.06833911
v 0.02669157 -1.10656476 -0.09382414
v 0.03051445 -1.05958831 -0.08255595
v 0.00588189 -1.07479095 -0.09632537
v 0.01313553 -1.06317961 -0.08858024
v 0.01003315 -1.06583595 -0.09039517
v 0.01612619 -1.16047668 -0.06509153
v 0.00775325 -1.06839740 -0.09237557
v 0.00610098 -1.07156622 -0.09488255
v 0.02229723 -1.06019771 -0.08587090
v 0.02052673 -1.13041425 -0.08968478
v 0.00878099 -1.18048155 -0.02694067
v 0.03942132 -1.05983973 -0.07654590
v 0.00679392 -1.06991768 -0.09383406
v 0.01303190 -1.08797944 -0.10116325
v 0.01909279 -1.10573280 -0.09923485
v 0.02640496 -1.00935030 -0.08985765
v 0.02745999 -1.00735271 -0.08776278
v 0.02662084 -1.00126588 -0.08490358
v 0.02014681 -1.01363409 -0.09708659
v 0.02395754 -1.01145911 -0.09300582
v 0.01891972 -0.99254435 -0.09152108
v 0.02785404 -1.00544345 -0.08630576
v 0.01428762 -0.99021888 -0.09496045
v 0.02756090 -1.00337481 -0.08522921
v 0.00895869 -0.98879290 -0.09753485
v 0.01126568 -1.01600122 -0.10481371
v 0.00701998 -1.01567876 -0.10705926
v 0.01558409 -1.01530850 -0.10122526
v 0.02524855 -0.99873531 -0.08566889
v 0.02290048 -0.99572748 -0.08770125
v 0.02465391 -1.07576060 -0.07244609
v -0.03772036 -1.07144427 -0.08354324
v 0.02546549 -1.07397580 -0.08546718
v 0.02383970 -1.07390594 -0.08525257
v 0.02228284 -1.07387853 -0.08472635
v 0.02091686 -1.07389402 -0.08393937
v 0.02547413 -1.07429147 -0.08549394
v 0.02385441 -1.07452667 -0.08530547
v 0.02230480 -1.07477903 -0.08480323
v 0.02094579 -1.07503033 -0.08403400
v 0.02554223 -1.07460129 -0.08551068
v 0.02399072 -1.07513165 -0.08533561
v 0.02250241 -1.07565856 -0.08484594
v 0.02119400 -1.07613802 -0.08408894
v 0.02566964 -1.07489049 -0.08551373
v 0.02424154 -1.07570076 -0.08534274
v 0.02286682 -1.07648349 -0.08485658
v 0.02165375 -1.07717872 -0.08410142
v 0.02585241 -1.07514966 -0.08550420
v 0.02459906 -1.07620895 -0.08532545
v 0.02338478 -1.07722247 -0.08483222
v 0.02230617 -1.07811117 -0.08407211
v 0.02608036 -1.07536960 -0.08548403
v 0.02504638 -1.07663894 -0.08528593
v 0.02403514 -1.07784724 -0.08477483
v 0.02312738 -1.07889867 -0.08399966
v 0.02634690 -1.07554007 -0.08545323
v 0.02556961 -1.07697380 -0.08522575
v 0.02479446 -1.07833314 -0.08468739
v 0.02408477 -1.07951140 -0.08388913
v 0.02664211 -1.07565594 -0.08541320
v 0.02614678 -1.07720101 -0.08514653
v 0.02563283 -1.07866204 -0.08457233
v 0.02514104 -1.07992566 -0.08374351
v 0.02695251 -1.07571101 -0.08536361
v 0.02675639 -1.07730961 -0.08505008
v 0.02651820 -1.07882047 -0.08443333
v 0.02625758 -1.08012688 -0.08356977
v 0.02726734 -1.07570493 -0.08530846
v 0.02737551 -1.07729793 -0.08494262
v 0.02741650 -1.07880318 -0.08427712
v 0.02739029 -1.08010411 -0.08337240
v 0.02757621 -1.07563698 -0.08525020
v 0.02797859 -1.07716537 -0.08482715
v 0.02829267 -1.07861042 -0.08410892
v 0.02849453 -1.07986200 -0.08316088
v 0.02786416 -1.07551122 -0.08518927
v 0.02854458 -1.07691669 -0.08470794
v 0.02911412 -1.07825065 -0.08393619
v 0.02953033 -1.07940769 -0.08294310
v 0.02812139 -1.07532966 -0.08512817
v 0.02904974 -1.07656217 -0.08458915
v 0.02984860 -1.07773590 -0.08376445
v 0.03045733 -1.07875931 -0.08272624
v 0.02833976 -1.07510257 -0.08507104
v 0.02947685 -1.07611561 -0.08447641
v 0.03046817 -1.07708740 -0.08360039
v 0.03123836 -1.07793999 -0.08251977
v 0.02850849 -1.07483649 -0.08501903
v 0.02980818 -1.07559395 -0.08437404
v 0.03094875 -1.07632923 -0.08345048
v 0.03184563 -1.07698429 -0.08233140
v 0.02862276 -1.07454181 -0.08497363
v 0.03003154 -1.07501709 -0.08428481
v 0.03127316 -1.07549167 -0.08332130
v 0.03225282 -1.07592785 -0.08216807
v 0.02867603 -1.07423091 -0.08493680
v 0.03013686 -1.07440639 -0.08421272
v 0.03142696 -1.07460463 -0.08321688
v 0.03244889 -1.07480931 -0.08203663
v 0.02866818 -1.07391453 -0.08490912
v 0.03012132 -1.07378483 -0.08415881
v 0.03140378 -1.07370389 -0.08313939
v 0.03241875 -1.07367420 -0.08193980
v 0.02859850 -1.07360506 -0.08489358
v 0.02998507 -1.07318044 -0.08412848
v 0.03120620 -1.07282472 -0.08309582
v 0.03217058 -1.07256532 -0.08188391
v 0.02847080 -1.07331586 -0.08488864
v 0.02973403 -1.07261205 -0.08412084
v 0.03084168 -1.07199955 -0.08308541
v 0.03171001 -1.07152581 -0.08187029
v 0.02828789 -1.07305741 -0.08489755
v 0.02937703 -1.07210410 -0.08413745
v 0.03032457 -1.07126093 -0.08310840
v 0.03105868 -1.07059216 -0.08190100
v 0.02806036 -1.07283735 -0.08491766
v 0.02892962 -1.07167315 -0.08417588
v 0.02967386 -1.07063639 -0.08316578
v 0.03023678 -1.06980562 -0.08197211
v 0.02779391 -1.07266641 -0.08494862
v 0.02840662 -1.07133794 -0.08423702
v 0.02891471 -1.07015038 -0.08325376
v 0.02927950 -1.06919241 -0.08208274
v 0.02749923 -1.07255006 -0.08499040
v 0.02783004 -1.07111108 -0.08431731
v 0.02807682 -1.06982088 -0.08336912
v 0.02822332 -1.06877840 -0.08222748
v 0.02718864 -1.07249451 -0.08503853
v 0.02721989 -1.07100177 -0.08441226
v 0.02719153 -1.06966197 -0.08350787
v 0.02710703 -1.06857657 -0.08240300
v 0.02687360 -1.07250047 -0.08509308
v 0.02660079 -1.07101321 -0.08452002
v 0.02629327 -1.06967807 -0.08366418
v 0.02597410 -1.06859899 -0.08259988
v 0.02656500 -1.07256854 -0.08515216
v 0.02599801 -1.07114601 -0.08463588
v 0.02541650 -1.06987083 -0.08383191
v 0.02486964 -1.06884074 -0.08281098
v 0.02627690 -1.07269442 -0.08521296
v 0.02543172 -1.07139373 -0.08475611
v 0.02459493 -1.07023072 -0.08400549
v 0.02383363 -1.06929517 -0.08302945
v 0.02601947 -1.07287598 -0.08527327
v 0.02492625 -1.07174826 -0.08487347
v 0.02386074 -1.07074511 -0.08417740
v 0.02290697 -1.06994319 -0.08324683
v 0.02580130 -1.07310319 -0.08533127
v 0.02449952 -1.07219505 -0.08498742
v 0.02324190 -1.07139421 -0.08434123
v 0.02212603 -1.07076216 -0.08345352
v 0.02709793 -1.07408452 -0.08535965
v 0.02563301 -1.07336998 -0.08538398
v 0.02416818 -1.07271731 -0.08509026
v 0.02276050 -1.07215238 -0.08449095
v 0.02151927 -1.07171845 -0.08364269
v 0.02551995 -1.07366490 -0.08542987
v 0.02394584 -1.07329535 -0.08517976
v 0.02243679 -1.07299209 -0.08462262
v 0.02111197 -1.07277572 -0.08380701
v 0.01960591 -1.07389557 -0.08328532
v 0.01755590 -1.07391357 -0.08214778
v 0.01569227 -1.07400179 -0.08052568
v 0.01417674 -1.07415056 -0.07857471
v 0.01306869 -1.07435584 -0.07636797
v 0.01240822 -1.07460833 -0.07399411
v 0.01222320 -1.07489848 -0.07153983
v 0.01251772 -1.07521498 -0.06910295
v 0.01328328 -1.07554603 -0.06677448
v 0.01448916 -1.07587922 -0.06464672
v 0.01608811 -1.07620084 -0.06279918
v 0.01802184 -1.07649922 -0.06130383
v 0.02021258 -1.07676268 -0.06021868
v 0.01963895 -1.07526064 -0.08339961
v 0.01759802 -1.07563221 -0.08229198
v 0.01574159 -1.07602322 -0.08069555
v 0.01423185 -1.07639658 -0.07876317
v 0.01312634 -1.07673979 -0.07656884
v 0.01246852 -1.07703888 -0.07419728
v 0.01228113 -1.07728195 -0.07174015
v 0.01257281 -1.07746053 -0.06929191
v 0.01333255 -1.07756770 -0.06694423
v 0.01453119 -1.07759762 -0.06479077
v 0.01612208 -1.07755172 -0.06291267
v 0.01804310 -1.07742941 -0.06138195
v 0.02022395 -1.07723665 -0.06025875
v 0.01993845 -1.07659400 -0.08346517
v 0.01797376 -1.07731283 -0.08237530
v 0.01618410 -1.07799840 -0.08079330
v 0.01472328 -1.07859099 -0.07887129
v 0.01364829 -1.07907033 -0.07668446
v 0.01299929 -1.07941484 -0.07431543
v 0.01280178 -1.07961249 -0.07185608
v 0.01306400 -1.07965493 -0.06940032
v 0.01377468 -1.07954264 -0.06704284
v 0.01490665 -1.07927811 -0.06487474
v 0.01641647 -1.07887077 -0.06297810
v 0.01824710 -1.07833862 -0.06142704
v 0.02032781 -1.07770014 -0.06028162
v 0.02048946 -1.07784510 -0.08348096
v 0.01866893 -1.07888806 -0.08239459
v 0.01700177 -1.07985079 -0.08081615
v 0.01563221 -1.08065021 -0.07889675
v 0.01461250 -1.08125520 -0.07671131
v 0.01398257 -1.08164263 -0.07434265
v 0.01376678 -1.08179736 -0.07188278
v 0.01397243 -1.08171439 -0.06942617
v 0.01459167 -1.08139539 -0.06706539
v 0.01560093 -1.08085370 -0.06489474
v 0.01696226 -1.08010912 -0.06299365
v 0.01862344 -1.07919061 -0.06143785
v 0.02051912 -1.07813478 -0.06028760
v 0.02127426 -1.07896566 -0.08344476
v 0.01965668 -1.08029914 -0.08234841
v 0.01816311 -1.08151019 -0.08076295
v 0.01692280 -1.08249402 -0.07883736
v 0.01598306 -1.08321214 -0.07664815
v 0.01537992 -1.08363855 -0.07427870
v 0.01513685 -1.08375454 -0.07181998
v 0.01526268 -1.08355784 -0.06936683
v 0.01575268 -1.08305478 -0.06701270
v 0.01658915 -1.08226442 -0.06484950
v 0.01773852 -1.08121800 -0.06295853
v 0.01915742 -1.07995522 -0.06141378
v 0.02079216 -1.07852387 -0.06027479
v 0.02226067 -1.07991195 -0.08335890
v 0.02089908 -1.08149183 -0.08224059
v 0.01962374 -1.08291233 -0.08063503
v 0.01854583 -1.08405209 -0.07869567
v 0.01770585 -1.08486724 -0.07649793
v 0.01713628 -1.08532560 -0.07412566
v 0.01685997 -1.08540928 -0.07166977
v 0.01688549 -1.08511591 -0.06922570
v 0.01721341 -1.08445644 -0.06688567
v 0.01783071 -1.08345723 -0.06474128
v 0.01871447 -1.08215451 -0.06287308
v 0.01983069 -1.08060014 -0.06135511
v 0.02113412 -1.07885313 -0.06024532
v 0.02341136 -1.08064783 -0.08322537
v 0.02234879 -1.08241940 -0.08207279
v 0.02132783 -1.08400345 -0.08043858
v 0.02043938 -1.08526480 -0.07847743
v 0.01971548 -1.08615446 -0.07626671
v 0.01918598 -1.08663785 -0.07388940
v 0.01886830 -1.08669674 -0.07143848
v 0.01877862 -1.08632851 -0.06900756
v 0.01891684 -1.08554745 -0.06668898
v 0.01928018 -1.08438468 -0.06457387
v 0.01985341 -1.08288383 -0.06274169
v 0.02061442 -1.08110261 -0.06126464
v 0.02153400 -1.07910872 -0.06019906
v 0.02468137 -1.08114648 -0.08305039
v 0.02394974 -1.08304715 -0.08185263
v 0.02321000 -1.08474231 -0.08018022
v 0.02253063 -1.08608580 -0.07819050
v 0.02193590 -1.08702540 -0.07596220
v 0.02144912 -1.08752477 -0.07357943
v 0.02108902 -1.08756757 -0.07113436
v 0.02086961 -1.08714890 -0.06872050
v 0.02079901 -1.08628607 -0.06643099
v 0.02088100 -1.08501196 -0.06435473
v 0.02111010 -1.08337665 -0.06256942
v 0.02148005 -1.08144259 -0.06114592
v 0.02197594 -1.07928193 -0.06013840
v 0.02602351 -1.08138728 -0.08284163
v 0.02563978 -1.08335078 -0.08158945
v 0.02519753 -1.08509946 -0.07987031
v 0.02473827 -1.08648181 -0.07784592
v 0.02427924 -1.08744538 -0.07559642
v 0.02383822 -1.08795440 -0.07320744
v 0.02343291 -1.08798790 -0.07076871
v 0.02307720 -1.08754539 -0.06837669
v 0.02278601 -1.08664298 -0.06612113
v 0.02257033 -1.08531547 -0.06409119
v 0.02243815 -1.08361542 -0.06236247
v 0.02239470 -1.08160663 -0.06100324
v 0.02244188 -1.07936573 -0.06006561
v 0.02738488 -1.08136141 -0.08260469
v 0.02735370 -1.08331835 -0.08129206
v 0.02721419 -1.08506095 -0.07952027
v 0.02697809 -1.08643949 -0.07745752
v 0.02665729 -1.08740079 -0.07518403
v 0.02626329 -1.08790827 -0.07278590
v 0.02581058 -1.08794284 -0.07035630
v 0.02531698 -1.08750331 -0.06798838
v 0.02480227 -1.08660471 -0.06577143
v 0.02428455 -1.08528328 -0.06379362
v 0.02378561 -1.08358967 -0.06212914
v 0.02332297 -1.08158922 -0.06084227
v 0.02291514 -1.07935703 -0.05998318
v 0.02871325 -1.08106935 -0.08235013
v 0.02902796 -1.08295143 -0.08097115
v 0.02918216 -1.08462858 -0.07914387
v 0.02916519 -1.08595943 -0.07703950
v 0.02897949 -1.08689201 -0.07474014
v 0.02863084 -1.08738947 -0.07233289
v 0.02813243 -1.08743417 -0.06991243
v 0.02750391 -1.08702314 -0.06756984
v 0.02677030 -1.08617306 -0.06539504
v 0.02595868 -1.08491611 -0.06347384
v 0.02509984 -1.08330142 -0.06187769
v 0.02422857 -1.08138978 -0.06066892
v 0.02337694 -1.07925534 -0.05989530
v 0.02995789 -1.08052397 -0.08208849
v 0.03059642 -1.08226323 -0.08064158
v 0.03102624 -1.08381999 -0.07875582
v 0.03121400 -1.08506095 -0.07660761
v 0.03115361 -1.08593750 -0.07428179
v 0.03084779 -1.08641660 -0.07186641
v 0.03030619 -1.08647931 -0.06945445
v 0.02955262 -1.08612406 -0.06713841
v 0.02861372 -1.08536458 -0.06500684
v 0.02752694 -1.08422863 -0.06314367
v 0.02633244 -1.08276141 -0.06161794
v 0.02507652 -1.08101821 -0.06049031
v 0.02380979 -1.07906604 -0.05980426
v 0.03107125 -1.07974386 -0.08182834
v 0.03199840 -1.08128083 -0.08031376
v 0.03267477 -1.08266568 -0.07837079
v 0.03304633 -1.08377767 -0.07617945
v 0.03309886 -1.08457553 -0.07382730
v 0.03283097 -1.08502758 -0.07140321
v 0.03225204 -1.08511758 -0.06899974
v 0.03138469 -1.08484149 -0.06671084
v 0.03026264 -1.08420968 -0.06462186
v 0.02892902 -1.08324647 -0.06281598
v 0.02743382 -1.08198988 -0.06136058
v 0.02583626 -1.08048689 -0.06031287
v 0.02419590 -1.07879448 -0.05971409
v 0.03201104 -1.07876110 -0.08158078
v 0.03318191 -1.08004224 -0.08000172
v 0.03406581 -1.08120871 -0.07800303
v 0.03459184 -1.08215976 -0.07577174
v 0.03473986 -1.08285713 -0.07339380
v 0.03450425 -1.08327639 -0.07096154
v 0.03389333 -1.08339930 -0.06856659
v 0.03292982 -1.08322310 -0.06630215
v 0.03165299 -1.08275330 -0.06425485
v 0.03011183 -1.08200788 -0.06250379
v 0.02836327 -1.08101678 -0.06111519
v 0.02647619 -1.07981563 -0.06014399
v 0.02452259 -1.07845354 -0.05962776
v 0.03273903 -1.07761204 -0.08135418
v 0.03409988 -1.07859492 -0.07971640
v 0.03514495 -1.07950675 -0.07766832
v 0.03579172 -1.08026814 -0.07540011
v 0.03601356 -1.08085060 -0.07299888
v 0.03580262 -1.08122897 -0.07055806
v 0.03516626 -1.08139300 -0.06817076
v 0.03412931 -1.08133161 -0.06592980
v 0.03273234 -1.08105147 -0.06391898
v 0.03102922 -1.08056080 -0.06221863
v 0.02908409 -1.07987881 -0.06089092
v 0.02697225 -1.07903266 -0.05998933
v 0.02477542 -1.07805383 -0.05954932
v 0.03323068 -1.07634151 -0.08115829
v 0.03471909 -1.07699275 -0.07947043
v 0.03587265 -1.07762420 -0.07737802
v 0.03660012 -1.07817638 -0.07507870
v 0.03687021 -1.07862973 -0.07265659
v 0.03667483 -1.07896578 -0.07020931
v 0.03602259 -1.07917190 -0.06782828
v 0.03493646 -1.07924008 -0.06560618
v 0.03345804 -1.07916939 -0.06362858
v 0.03164613 -1.07895911 -0.06197114
v 0.02956863 -1.07862175 -0.06069687
v 0.02730701 -1.07816672 -0.05985557
v 0.02494583 -1.07761240 -0.05948079
v 0.03346610 -1.07499635 -0.08100182
v 0.03501506 -1.07529986 -0.07927266
v 0.03622027 -1.07563281 -0.07714508
v 0.03698362 -1.07596421 -0.07481755
v 0.03727672 -1.07628214 -0.07238051
v 0.03708995 -1.07657242 -0.06992765
v 0.03642811 -1.07682455 -0.06755167
v 0.03531923 -1.07702971 -0.06534587
v 0.03380357 -1.07717919 -0.06339335
v 0.03193910 -1.07726741 -0.06177143
v 0.02979974 -1.07729197 -0.06054009
v 0.02746559 -1.07725036 -0.05974739
v 0.02502711 -1.07714534 -0.05942556
v 0.03343174 -1.07363224 -0.08088569
v 0.03497215 -1.07358170 -0.07912733
v 0.03617002 -1.07361197 -0.07697465
v 0.03692889 -1.07371950 -0.07462914
v 0.03721875 -1.07389796 -0.07217960
v 0.03702944 -1.07414186 -0.06972242
v 0.03637047 -1.07444096 -0.06735104
v 0.03526425 -1.07478392 -0.06515710
v 0.03375317 -1.07515776 -0.06322332
v 0.03189682 -1.07554889 -0.06162698
v 0.02976567 -1.07594097 -0.06042656
v 0.02744300 -1.07632029 -0.05966914
v 0.02501520 -1.07667136 -0.05938588
v 0.03313082 -1.07229960 -0.08081773
v 0.03459458 -1.07190204 -0.07904206
v 0.03572649 -1.07163727 -0.07687587
v 0.03643646 -1.07152522 -0.07451969
v 0.03669734 -1.07156825 -0.07206339
v 0.03649880 -1.07176590 -0.06960350
v 0.03584924 -1.07211065 -0.06723461
v 0.03477269 -1.07258940 -0.06504770
v 0.03331159 -1.07318270 -0.06312521
v 0.03152109 -1.07386887 -0.06154287
v 0.02947095 -1.07462204 -0.06036103
v 0.02723884 -1.07541120 -0.05962460
v 0.02491135 -1.07620764 -0.05936290
v 0.03257965 -1.07104957 -0.08080229
v 0.03389889 -1.07032728 -0.07902280
v 0.03490791 -1.06978559 -0.07685216
v 0.03552784 -1.06946635 -0.07449292
v 0.03573225 -1.06938338 -0.07203573
v 0.03551507 -1.06953788 -0.06957564
v 0.03488439 -1.06992579 -0.06720748
v 0.03386458 -1.07053089 -0.06502195
v 0.03249366 -1.07133031 -0.06310216
v 0.03082663 -1.07229328 -0.06152316
v 0.02892511 -1.07338333 -0.06034530
v 0.02686276 -1.07455885 -0.05961370
v 0.02472016 -1.07577264 -0.05935742
v 0.03179443 -1.06992948 -0.08083762
v 0.03290921 -1.06891692 -0.07906665
v 0.03374627 -1.06812668 -0.07690433
v 0.03423643 -1.06762326 -0.07455170
v 0.03436157 -1.06742656 -0.07209775
v 0.03411840 -1.06754243 -0.06963919
v 0.03351391 -1.06796873 -0.06726976
v 0.03257364 -1.06868684 -0.06508078
v 0.03133262 -1.06967092 -0.06315537
v 0.02983885 -1.07088220 -0.06156865
v 0.02814940 -1.07227445 -0.06038080
v 0.02632880 -1.07379425 -0.05963784
v 0.02444688 -1.07538402 -0.05936989
v 0.03080798 -1.06898344 -0.08092399
v 0.03166654 -1.06772470 -0.07917473
v 0.03228487 -1.06672513 -0.07703071
v 0.03261324 -1.06606507 -0.07469266
v 0.03263816 -1.06577158 -0.07224760
v 0.03236175 -1.06585562 -0.06979194
v 0.03179070 -1.06631386 -0.06741983
v 0.03095109 -1.06712937 -0.06522205
v 0.02987193 -1.06826925 -0.06328250
v 0.02859678 -1.06968999 -0.06167646
v 0.02717281 -1.07133794 -0.06046575
v 0.02565579 -1.07314944 -0.05969637
v 0.02410502 -1.07505488 -0.05939970
v 0.02257778 -1.07698083 -0.05958422
v 0.02965686 -1.06824780 -0.08105585
v 0.03021712 -1.06679738 -0.07934140
v 0.03058027 -1.06563401 -0.07722771
v 0.03071860 -1.06485260 -0.07491095
v 0.03062895 -1.06448448 -0.07247934
v 0.03031216 -1.06454337 -0.07002828
v 0.02978137 -1.06502676 -0.06765124
v 0.02905700 -1.06591642 -0.06544072
v 0.02816848 -1.06717801 -0.06347860
v 0.02714786 -1.06876218 -0.06184343
v 0.02603396 -1.07060874 -0.06059700
v 0.02487212 -1.07264793 -0.05978701
v 0.02370502 -1.07479882 -0.05944593
v 0.02838676 -1.06774831 -0.08123104
v 0.02861548 -1.06617010 -0.07956119
v 0.02869843 -1.06489539 -0.07748574
v 0.02862742 -1.06403232 -0.07519777
v 0.02840847 -1.06361377 -0.07278377
v 0.02804851 -1.06365657 -0.07033882
v 0.02756143 -1.06415582 -0.06795604
v 0.02696587 -1.06509566 -0.06572711
v 0.02628670 -1.06643939 -0.06373659
v 0.02554648 -1.06813478 -0.06206368
v 0.02477731 -1.07011592 -0.06076928
v 0.02400592 -1.07230699 -0.05990550
v 0.02326320 -1.07462585 -0.05950598
v 0.02704501 -1.06750691 -0.08144085
v 0.02692640 -1.06586587 -0.07982532
v 0.02671092 -1.06453872 -0.07779535
v 0.02642030 -1.06363571 -0.07554190
v 0.02606441 -1.06319344 -0.07314923
v 0.02565862 -1.06322658 -0.07071267
v 0.02521766 -1.06373584 -0.06832199
v 0.02475918 -1.06469965 -0.06607150
v 0.02429923 -1.06608224 -0.06404670
v 0.02385721 -1.06783092 -0.06232694
v 0.02344920 -1.06987739 -0.06097630
v 0.02309129 -1.07214379 -0.06004848
v 0.02279717 -1.07454205 -0.05957909
v 0.02568317 -1.06753302 -0.08167683
v 0.02521237 -1.06589842 -0.08012225
v 0.02469437 -1.06457663 -0.07814534
v 0.02418051 -1.06367803 -0.07593004
v 0.02368690 -1.06323791 -0.07356200
v 0.02323389 -1.06327295 -0.07113272
v 0.02283976 -1.06378043 -0.06873427
v 0.02251949 -1.06474185 -0.06646008
v 0.02228344 -1.06612086 -0.06439672
v 0.02214292 -1.06786370 -0.06262401
v 0.02210184 -1.06990337 -0.06121049
v 0.02216305 -1.07216024 -0.06020929
v 0.02232401 -1.07455087 -0.05966106
v 0.02435519 -1.06782508 -0.08193138
v 0.02353761 -1.06626546 -0.08044250
v 0.02272683 -1.06500876 -0.07852191
v 0.02199368 -1.06415820 -0.07634864
v 0.02136507 -1.06374693 -0.07400565
v 0.02086815 -1.06379187 -0.07158460
v 0.02051830 -1.06428933 -0.06917811
v 0.02033269 -1.06522214 -0.06687786
v 0.02031524 -1.06655288 -0.06477312
v 0.02046926 -1.06823063 -0.06294460
v 0.02078801 -1.07019162 -0.06146108
v 0.02125780 -1.07235980 -0.06038254
v 0.02186204 -1.07465243 -0.05974920
v 0.02311030 -1.06836939 -0.08219431
v 0.02197010 -1.06695306 -0.08077341
v 0.02088288 -1.06581724 -0.07891035
v 0.01994447 -1.06505740 -0.07677983
v 0.01919061 -1.06470180 -0.07446343
v 0.01864973 -1.06476438 -0.07205134
v 0.01834455 -1.06524420 -0.06963573
v 0.01828372 -1.06612086 -0.06730913
v 0.01847181 -1.06736147 -0.06516047
v 0.01890139 -1.06891835 -0.06327464
v 0.01955539 -1.07073200 -0.06172119
v 0.02040974 -1.07273126 -0.06056124
v 0.02142944 -1.07484162 -0.05984025
v 0.02199678 -1.06914937 -0.08245489
v 0.02056786 -1.06793475 -0.08110126
v 0.01923385 -1.06697130 -0.07929597
v 0.01811243 -1.06633997 -0.07720778
v 0.01724587 -1.06606400 -0.07491814
v 0.01666714 -1.06615400 -0.07251491
v 0.01639929 -1.06660604 -0.07008995
v 0.01645183 -1.06740403 -0.06773745
v 0.01682302 -1.06851578 -0.06554560
v 0.01749948 -1.06990016 -0.06360216
v 0.01845357 -1.07150316 -0.06197837
v 0.01964974 -1.07326317 -0.06073886
v 0.02104320 -1.07511353 -0.05993119
v 0.02105753 -1.07013214 -0.08270288
v 0.01938484 -1.06917298 -0.08141412
v 0.01784361 -1.06842792 -0.07966346
v 0.01656715 -1.06795824 -0.07761679
v 0.01560470 -1.06778204 -0.07535157
v 0.01499408 -1.06790483 -0.07295661
v 0.01475861 -1.06832433 -0.07052379
v 0.01490674 -1.06902170 -0.06814548
v 0.01543287 -1.06997216 -0.06591330
v 0.01631670 -1.07113874 -0.06391451
v 0.01752422 -1.07247579 -0.06222352
v 0.01901031 -1.07393384 -0.06090748
v 0.02071644 -1.07545424 -0.06001700
v 0.02032956 -1.07128179 -0.08292922
v 0.01846701 -1.07062042 -0.08169957
v 0.01676445 -1.07012999 -0.07999897
v 0.01536787 -1.06984925 -0.07799034
v 0.01433188 -1.06978846 -0.07574776
v 0.01369640 -1.06995201 -0.07336056
v 0.01348549 -1.07033062 -0.07091961
v 0.01370755 -1.07091296 -0.06851852
v 0.01435399 -1.07167435 -0.06624912
v 0.01539934 -1.07258582 -0.06419972
v 0.01680417 -1.07361364 -0.06244824
v 0.01851371 -1.07471681 -0.06106169
v 0.02046384 -1.07585382 -0.06009575
v 0.01983877 -1.07255232 -0.08312643
v 0.01784960 -1.07222199 -0.08194716
v 0.01603788 -1.07201183 -0.08029039
v 0.01456046 -1.07194018 -0.07831363
v 0.01347538 -1.07200897 -0.07609157
v 0.01282378 -1.07221532 -0.07371095
v 0.01262899 -1.07255137 -0.07126290
v 0.01290086 -1.07300436 -0.06884176
v 0.01362794 -1.07355654 -0.06653985
v 0.01478263 -1.07418728 -0.06444729
v 0.01631952 -1.07487059 -0.06264207
v 0.01817904 -1.07558286 -0.06119601
v 0.02029330 -1.07629514 -0.06016387
v -0.03729028 -1.06977630 -0.09673677
v -0.03891529 -1.06968474 -0.09652564
v -0.04047305 -1.06963849 -0.09600633
v -0.04184205 -1.06964099 -0.09522875
v -0.03728291 -1.07009172 -0.09677766
v -0.03890152 -1.07030416 -0.09660633
v -0.04045235 -1.07053804 -0.09612292
v -0.04181359 -1.07077563 -0.09537348
v -0.03721396 -1.07040167 -0.09680651
v -0.03876592 -1.07091081 -0.09666252
v -0.04025553 -1.07141888 -0.09620427
v -0.04156675 -1.07188606 -0.09547715
v -0.03708674 -1.07069314 -0.09682238
v -0.03851543 -1.07148206 -0.09669420
v -0.03989205 -1.07224894 -0.09624995
v -0.04110819 -1.07293212 -0.09553400
v -0.03690448 -1.07095444 -0.09682412
v -0.03815982 -1.07199609 -0.09669809
v -0.03937616 -1.07299495 -0.09625737
v -0.04045808 -1.07387424 -0.09554406
v -0.03667706 -1.07117808 -0.09681367
v -0.03771278 -1.07243276 -0.09667751
v -0.03872698 -1.07362902 -0.09622539
v -0.03963825 -1.07467365 -0.09550369
v -0.03641115 -1.07135212 -0.09678999
v -0.03719072 -1.07277584 -0.09663026
v -0.03796897 -1.07412648 -0.09615692
v -0.03868261 -1.07530117 -0.09541600
v -0.03611634 -1.07147264 -0.09675434
v -0.03661485 -1.07301116 -0.09655932
v -0.03713189 -1.07446873 -0.09605385
v -0.03762782 -1.07573199 -0.09528507
v -0.03580640 -1.07153332 -0.09670679
v -0.03600533 -1.07313037 -0.09646647
v -0.03624745 -1.07464194 -0.09591873
v -0.03651254 -1.07595098 -0.09511586
v -0.03549135 -1.07153308 -0.09665135
v -0.03538705 -1.07312965 -0.09635664
v -0.03534992 -1.07464027 -0.09575897
v -0.03538069 -1.07594788 -0.09491295
v -0.03518303 -1.07147038 -0.09658828
v -0.03478405 -1.07300639 -0.09623243
v -0.03447419 -1.07446229 -0.09557863
v -0.03427715 -1.07572401 -0.09468657
v -0.03489519 -1.07134867 -0.09652039
v -0.03421835 -1.07276785 -0.09609996
v -0.03365346 -1.07411623 -0.09538561
v -0.03324207 -1.07528734 -0.09444313
v -0.03463792 -1.07117200 -0.09645069
v -0.03371368 -1.07242274 -0.09596375
v -0.03291944 -1.07361495 -0.09518839
v -0.03231543 -1.07465565 -0.09419470
v -0.03441968 -1.07094884 -0.09638275
v -0.03328628 -1.07198465 -0.09582937
v -0.03229989 -1.07297754 -0.09499283
v -0.03153507 -1.07385159 -0.09394738
v -0.03425117 -1.07068634 -0.09631750
v -0.03295491 -1.07146811 -0.09570132
v -0.03181893 -1.07222891 -0.09480760
v -0.03092847 -1.07290697 -0.09371382
v -0.03413832 -1.07039344 -0.09625813
v -0.03273137 -1.07089615 -0.09558581
v -0.03149449 -1.07139742 -0.09463925
v -0.03052045 -1.07185936 -0.09350174
v -0.03408357 -1.07008398 -0.09620672
v -0.03262549 -1.07028782 -0.09548547
v -0.03134010 -1.07051468 -0.09449439
v -0.03032416 -1.07074630 -0.09331966
v -0.03409178 -1.06976843 -0.09616591
v -0.03264063 -1.06966841 -0.09540547
v -0.03136220 -1.06961548 -0.09437849
v -0.03035483 -1.06961012 -0.09317001
v -0.03416135 -1.06945562 -0.09613395
v -0.03277761 -1.06906199 -0.09534617
v -0.03156051 -1.06873453 -0.09429324
v -0.03060182 -1.06850255 -0.09306696
v -0.03428847 -1.06916738 -0.09611874
v -0.03302747 -1.06849027 -0.09531556
v -0.03192381 -1.06790483 -0.09424794
v -0.03106023 -1.06745601 -0.09300916
v -0.03447084 -1.06890571 -0.09611578
v -0.03338379 -1.06797636 -0.09530976
v -0.03243976 -1.06715870 -0.09424050
v -0.03171078 -1.06651425 -0.09300043
v -0.03469837 -1.06868231 -0.09612709
v -0.03383070 -1.06753981 -0.09533164
v -0.03308941 -1.06652427 -0.09427218
v -0.03253049 -1.06571496 -0.09303994
v -0.03496436 -1.06850791 -0.09615104
v -0.03435338 -1.06719661 -0.09537914
v -0.03384715 -1.06602669 -0.09434137
v -0.03348622 -1.06508696 -0.09312738
v -0.03525891 -1.06838727 -0.09618822
v -0.03492885 -1.06696033 -0.09545117
v -0.03468420 -1.06568384 -0.09444624
v -0.03454075 -1.06465602 -0.09325917
v -0.03556909 -1.06832659 -0.09623519
v -0.03553822 -1.06684124 -0.09554376
v -0.03556845 -1.06551051 -0.09458086
v -0.03565581 -1.06443620 -0.09342918
v -0.03588367 -1.06832707 -0.09629165
v -0.03615678 -1.06684208 -0.09565467
v -0.03646605 -1.06551242 -0.09474157
v -0.03678785 -1.06443965 -0.09363110
v -0.03619219 -1.06838989 -0.09635416
v -0.03675929 -1.06696486 -0.09577732
v -0.03734172 -1.06569076 -0.09492061
v -0.03789139 -1.06466317 -0.09385829
v -0.03648013 -1.06851125 -0.09642158
v -0.03732502 -1.06720328 -0.09591019
v -0.03816265 -1.06603622 -0.09511301
v -0.03892664 -1.06509924 -0.09410109
v -0.03673747 -1.06868792 -0.09649067
v -0.03783024 -1.06754947 -0.09604526
v -0.03889674 -1.06653738 -0.09531034
v -0.03985303 -1.06572998 -0.09435174
v -0.03695539 -1.06891096 -0.09655856
v -0.03825665 -1.06798768 -0.09617841
v -0.03951542 -1.06717432 -0.09550487
v -0.04063326 -1.06653512 -0.09459552
v -0.03566004 -1.06991112 -0.09662626
v -0.03712386 -1.06917405 -0.09662390
v -0.03858775 -1.06850386 -0.09630617
v -0.03999606 -1.06792367 -0.09568918
v -0.04123937 -1.06747961 -0.09482826
v -0.03723807 -1.06946659 -0.09668270
v -0.03881031 -1.06907511 -0.09642273
v -0.04031967 -1.06875575 -0.09585705
v -0.04164643 -1.06852686 -0.09503997
v -0.04315769 -1.06962752 -0.09458312
v -0.04521324 -1.06962478 -0.09346042
v -0.04708214 -1.06970191 -0.09185441
v -0.04860377 -1.06984782 -0.08991839
v -0.04971845 -1.07005560 -0.08772772
v -0.05038569 -1.07032084 -0.08536908
v -0.05058003 -1.07063150 -0.08293109
v -0.05029505 -1.07097602 -0.08050933
v -0.04953931 -1.07134068 -0.07819530
v -0.04834124 -1.07171166 -0.07607889
v -0.04674993 -1.07207501 -0.07424010
v -0.04482394 -1.07241583 -0.07275041
v -0.04263746 -1.07272220 -0.07166837
v -0.04312441 -1.07099032 -0.09475643
v -0.04517104 -1.07134056 -0.09367934
v -0.04703247 -1.07171941 -0.09211089
v -0.04854936 -1.07208872 -0.09020651
v -0.04966174 -1.07243669 -0.08803312
v -0.05032757 -1.07274866 -0.08568080
v -0.05052435 -1.07301235 -0.08323763
v -0.05024175 -1.07321799 -0.08079830
v -0.04949072 -1.07335913 -0.07845532
v -0.04830069 -1.07342756 -0.07629974
v -0.04671743 -1.07342398 -0.07441394
v -0.04480220 -1.07334530 -0.07287040
v -0.04262610 -1.07319570 -0.07172947
v -0.04282610 -1.07232571 -0.09487961
v -0.04479595 -1.07302475 -0.09383400
v -0.04659091 -1.07369864 -0.09229422
v -0.04805924 -1.07428801 -0.09040895
v -0.04914287 -1.07477140 -0.08825029
v -0.04979965 -1.07512772 -0.08590264
v -0.05000576 -1.07534730 -0.08345530
v -0.04975256 -1.07541704 -0.08100355
v -0.04905109 -1.07533801 -0.07863978
v -0.04792701 -1.07511103 -0.07645725
v -0.04642402 -1.07474518 -0.07453703
v -0.04459905 -1.07425582 -0.07295518
v -0.04252279 -1.07365978 -0.07177292
v -0.04227705 -1.07358336 -0.09494933
v -0.04410287 -1.07460892 -0.09392065
v -0.04577576 -1.07556152 -0.09239452
v -0.04715327 -1.07635915 -0.09052092
v -0.04818124 -1.07696843 -0.08837009
v -0.04881954 -1.07736886 -0.08602522
v -0.04904442 -1.07754326 -0.08357584
v -0.04884694 -1.07748711 -0.08111686
v -0.04823584 -1.07720077 -0.07874191
v -0.04723438 -1.07669508 -0.07654408
v -0.04587967 -1.07599092 -0.07460546
v -0.04422450 -1.07511282 -0.07300261
v -0.04233210 -1.07409716 -0.07179669
v -0.04149423 -1.07471430 -0.09495972
v -0.04311656 -1.07603395 -0.09393273
v -0.04461683 -1.07723761 -0.09241024
v -0.04586545 -1.07822037 -0.09053726
v -0.04681357 -1.07894540 -0.08838791
v -0.04742511 -1.07938385 -0.08604383
v -0.04767727 -1.07952046 -0.08359414
v -0.04755960 -1.07934904 -0.08113450
v -0.04707757 -1.07887650 -0.07875775
v -0.04624895 -1.07812011 -0.07655708
v -0.04510526 -1.07711017 -0.07461578
v -0.04369140 -1.07588470 -0.07300952
v -0.04205954 -1.07448971 -0.07180054
v -0.04050970 -1.07567596 -0.09491110
v -0.04187687 -1.07724488 -0.09387229
v -0.04315903 -1.07866108 -0.09233923
v -0.04424518 -1.07980251 -0.09045793
v -0.04509336 -1.08062458 -0.08830363
v -0.04567192 -1.08109689 -0.08595790
v -0.04595704 -1.08120012 -0.08350965
v -0.04593996 -1.08093071 -0.08105502
v -0.04561993 -1.08030021 -0.07868606
v -0.04500952 -1.07933092 -0.07649690
v -0.04413150 -1.07806170 -0.07456844
v -0.04301994 -1.07654011 -0.07297684
v -0.04171838 -1.07482433 -0.07178375
v -0.03936114 -1.07642913 -0.09480523
v -0.04042966 -1.07819510 -0.09373906
v -0.04145783 -1.07977808 -0.09218312
v -0.04235449 -1.08104372 -0.09028518
v -0.04308737 -1.08194304 -0.08812039
v -0.04362675 -1.08244061 -0.08577053
v -0.04395173 -1.08251846 -0.08332673
v -0.04404993 -1.08217275 -0.08088213
v -0.04391909 -1.08141744 -0.07853085
v -0.04356289 -1.08028126 -0.07636470
v -0.04299426 -1.07880783 -0.07446460
v -0.04223733 -1.07705355 -0.07290559
v -0.04131905 -1.07508612 -0.07174706
v -0.03809258 -1.07694793 -0.09464775
v -0.03883059 -1.07884789 -0.09354070
v -0.03957831 -1.08054626 -0.09194939
v -0.04026625 -1.08189714 -0.09002531
v -0.04087029 -1.08284879 -0.08784439
v -0.04136617 -1.08336401 -0.08548953
v -0.04173448 -1.08342421 -0.08305092
v -0.04196185 -1.08302677 -0.08062255
v -0.04204035 -1.08218539 -0.07829690
v -0.04196404 -1.08093429 -0.07616535
v -0.04173932 -1.07932067 -0.07430853
v -0.04137256 -1.07740772 -0.07279772
v -0.04087798 -1.07526660 -0.07169191
v -0.03675227 -1.07721090 -0.09444401
v -0.03714360 -1.07917833 -0.09328293
v -0.03759335 -1.08093548 -0.09164624
v -0.03806145 -1.08232975 -0.08968856
v -0.03852931 -1.08330703 -0.08748686
v -0.03897899 -1.08383226 -0.08512535
v -0.03939418 -1.08388293 -0.08269320
v -0.03975715 -1.08345878 -0.08028574
v -0.04005543 -1.08257484 -0.07799390
v -0.04027693 -1.08126485 -0.07590784
v -0.04041318 -1.07958126 -0.07410566
v -0.04045890 -1.07758689 -0.07265851
v -0.04041237 -1.07535791 -0.07162118
v -0.03539230 -1.07720768 -0.09419965
v -0.03543091 -1.07917428 -0.09297600
v -0.03557905 -1.08093059 -0.09128572
v -0.03582410 -1.08232474 -0.08928799
v -0.03615431 -1.08330250 -0.08706162
v -0.03655740 -1.08382595 -0.08469097
v -0.03701883 -1.08387816 -0.08226801
v -0.03751989 -1.08345354 -0.07988490
v -0.03804178 -1.08256984 -0.07763317
v -0.03856449 -1.08126068 -0.07560140
v -0.03906726 -1.07957768 -0.07386450
v -0.03953192 -1.07758474 -0.07249222
v -0.03993981 -1.07535684 -0.07153642
v -0.03406543 -1.07693863 -0.09392745
v -0.03375827 -1.07883561 -0.09263237
v -0.03361289 -1.08053207 -0.09088104
v -0.03363913 -1.08188176 -0.08883838
v -0.03383459 -1.08283269 -0.08658449
v -0.03419310 -1.08334792 -0.08420442
v -0.03469875 -1.08340824 -0.08179018
v -0.03533502 -1.08301079 -0.07943545
v -0.03607537 -1.08217120 -0.07722871
v -0.03689225 -1.08092284 -0.07525682
v -0.03775420 -1.07931173 -0.07359426
v -0.03862732 -1.07740116 -0.07230620
v -0.03947833 -1.07526314 -0.07144143
v -0.03282112 -1.07641470 -0.09363602
v -0.03219107 -1.07817566 -0.09226450
v -0.03177017 -1.07975543 -0.09044814
v -0.03159193 -1.08101857 -0.08835730
v -0.03166177 -1.08191645 -0.08607384
v -0.03197712 -1.08241391 -0.08368376
v -0.03252678 -1.08249176 -0.08127990
v -0.03328816 -1.08214784 -0.07895474
v -0.03423338 -1.08139467 -0.07679620
v -0.03532508 -1.08026254 -0.07488929
v -0.03652284 -1.07879281 -0.07330529
v -0.03777983 -1.07704329 -0.07210732
v -0.03904597 -1.07508135 -0.07134011
v -0.03170803 -1.07565570 -0.09333642
v -0.03078935 -1.07721877 -0.09188677
v -0.03012222 -1.07863104 -0.09000450
v -0.02976057 -1.07976866 -0.08786404
v -0.02971785 -1.08058858 -0.08554994
v -0.02999528 -1.08106017 -0.08314958
v -0.03058268 -1.08116388 -0.08075588
v -0.03145719 -1.08089733 -0.07846072
v -0.03258533 -1.08026993 -0.07635175
v -0.03392432 -1.07930517 -0.07451159
v -0.03542173 -1.07804132 -0.07300864
v -0.03702020 -1.07652617 -0.07190251
v -0.03865999 -1.07481718 -0.07123570
v -0.03076904 -1.07468963 -0.09304009
v -0.02960686 -1.07600355 -0.09151410
v -0.02873197 -1.07720089 -0.08956583
v -0.02821539 -1.07817936 -0.08737659
v -0.02807700 -1.07890189 -0.08503221
v -0.02832257 -1.07933974 -0.08262154
v -0.02894259 -1.07947683 -0.08023803
v -0.02991242 -1.07930839 -0.07797318
v -0.03119545 -1.07883930 -0.07591272
v -0.03274129 -1.07808924 -0.07413809
v -0.03449260 -1.07708526 -0.07271522
v -0.03638101 -1.07586694 -0.07170057
v -0.03833324 -1.07448173 -0.07113290
v -0.03004147 -1.07355464 -0.09275844
v -0.02868865 -1.07457399 -0.09116037
v -0.02765242 -1.07552052 -0.08914927
v -0.02701564 -1.07631171 -0.08691390
v -0.02680381 -1.07692003 -0.08454115
v -0.02702428 -1.07731915 -0.08212073
v -0.02766863 -1.07749522 -0.07974679
v -0.02871307 -1.07744014 -0.07751033
v -0.03011646 -1.07715845 -0.07549620
v -0.03182440 -1.07665968 -0.07378386
v -0.03377169 -1.07596159 -0.07243692
v -0.03588453 -1.07509398 -0.07150866
v -0.03808065 -1.07408750 -0.07103530
v -0.02954978 -1.07229424 -0.09250367
v -0.02807071 -1.07298553 -0.09083878
v -0.02692578 -1.07365358 -0.08877136
v -0.02620757 -1.07423747 -0.08649407
v -0.02594632 -1.07471740 -0.08409486
v -0.02615076 -1.07507348 -0.08166622
v -0.02681205 -1.07529247 -0.07930093
v -0.02790508 -1.07536626 -0.07709055
v -0.02938950 -1.07529187 -0.07511799
v -0.03120687 -1.07507145 -0.07346199
v -0.03328705 -1.07471490 -0.07218436
v -0.03554929 -1.07423484 -0.07133456
v -0.03790994 -1.07364929 -0.07094659
v -0.02931632 -1.07095706 -0.09228416
v -0.02777683 -1.07130146 -0.09056219
v -0.02657925 -1.07167256 -0.08844564
v -0.02582345 -1.07203686 -0.08613287
v -0.02553897 -1.07238090 -0.08371069
v -0.02573392 -1.07269156 -0.08127566
v -0.02640432 -1.07295656 -0.07891762
v -0.02752088 -1.07316566 -0.07672874
v -0.02904360 -1.07331121 -0.07479291
v -0.03091237 -1.07338762 -0.07318554
v -0.03305500 -1.07339156 -0.07196686
v -0.03539142 -1.07332301 -0.07118519
v -0.03782924 -1.07318485 -0.07086995
v -0.02934849 -1.06959414 -0.09210815
v -0.02781797 -1.06958556 -0.09034030
v -0.02662826 -1.06965387 -0.08818574
v -0.02587665 -1.06979430 -0.08584398
v -0.02559484 -1.07000041 -0.08340482
v -0.02579254 -1.07026398 -0.08096251
v -0.02645999 -1.07057607 -0.07861061
v -0.02757379 -1.07092357 -0.07644008
v -0.02909116 -1.07129323 -0.07453285
v -0.03095294 -1.07167161 -0.07296490
v -0.03308757 -1.07204223 -0.07179325
v -0.03541200 -1.07239377 -0.07106510
v -0.03783992 -1.07271075 -0.07080912
v -0.02964653 -1.06825852 -0.09198307
v -0.02819213 -1.06790113 -0.09018309
v -0.02706843 -1.06767499 -0.08800070
v -0.02636644 -1.06759560 -0.08563876
v -0.02611386 -1.06766558 -0.08318657
v -0.02632118 -1.06788468 -0.08074000
v -0.02697878 -1.06824100 -0.07839245
v -0.02806293 -1.06872427 -0.07623467
v -0.02953106 -1.06931412 -0.07434841
v -0.03132669 -1.06998813 -0.07280739
v -0.03338094 -1.07072091 -0.07167005
v -0.03561524 -1.07148314 -0.07098000
v -0.03794330 -1.07224655 -0.07076562
v -0.03019630 -1.06700075 -0.09191369
v -0.02888514 -1.06631708 -0.09009586
v -0.02788349 -1.06581187 -0.08789849
v -0.02727241 -1.06552541 -0.08552535
v -0.02707564 -1.06546879 -0.08306581
v -0.02730121 -1.06564343 -0.08061695
v -0.02794061 -1.06604469 -0.07827234
v -0.02896872 -1.06665409 -0.07612108
v -0.03034605 -1.06745088 -0.07424589
v -0.03201926 -1.06840396 -0.07272048
v -0.03392512 -1.06947541 -0.07160098
v -0.03599023 -1.07062614 -0.07093316
v -0.03813401 -1.07180929 -0.07074176
v -0.03097897 -1.06586981 -0.09190307
v -0.02987093 -1.06489253 -0.09008254
v -0.02904150 -1.06413591 -0.08788268
v -0.02855992 -1.06366336 -0.08550714
v -0.02844284 -1.06349218 -0.08304748
v -0.02869539 -1.06362891 -0.08059797
v -0.02930763 -1.06406760 -0.07825346
v -0.03025601 -1.06479275 -0.07610378
v -0.03150442 -1.06577539 -0.07422969
v -0.03300467 -1.06697893 -0.07270682
v -0.03469950 -1.06835616 -0.07159066
v -0.03652278 -1.06985438 -0.07092603
v -0.03840657 -1.07141709 -0.07073860
v -0.03196347 -1.06490827 -0.09195137
v -0.03111071 -1.06368160 -0.09014328
v -0.03049998 -1.06271243 -0.08795369
v -0.03017980 -1.06208181 -0.08558629
v -0.03016235 -1.06181216 -0.08313088
v -0.03044785 -1.06191564 -0.08068359
v -0.03102737 -1.06238818 -0.07833724
v -0.03187583 -1.06321049 -0.07618266
v -0.03296220 -1.06435192 -0.07430097
v -0.03424427 -1.06576812 -0.07276748
v -0.03567347 -1.06740522 -0.07163864
v -0.03719471 -1.06919873 -0.07095882
v -0.03874772 -1.07108212 -0.07075442
v -0.04027562 -1.07298183 -0.07103255
v -0.03311238 -1.06415474 -0.09205590
v -0.03255709 -1.06273139 -0.09027453
v -0.03220107 -1.06159520 -0.08810908
v -0.03207014 -1.06083965 -0.08575957
v -0.03216841 -1.06049359 -0.08331452
v -0.03249488 -1.06057143 -0.08087054
v -0.03303300 -1.06106961 -0.07852080
v -0.03376612 -1.06196868 -0.07635517
v -0.03466275 -1.06323481 -0.07445689
v -0.03569086 -1.06481767 -0.07289964
v -0.03681076 -1.06665850 -0.07174197
v -0.03797728 -1.06868517 -0.07103013
v -0.03914694 -1.07082045 -0.07079108
v -0.03438052 -1.06363571 -0.09221355
v -0.03415658 -1.06207836 -0.09047412
v -0.03407985 -1.06082678 -0.08834261
v -0.03415835 -1.05998564 -0.08601886
v -0.03438558 -1.05958796 -0.08359056
v -0.03475370 -1.05964839 -0.08115232
v -0.03524962 -1.06016374 -0.07879646
v -0.03585397 -1.06111479 -0.07661530
v -0.03654217 -1.06246638 -0.07469055
v -0.03728931 -1.06416488 -0.07309811
v -0.03806517 -1.06614566 -0.07189868
v -0.03884160 -1.06833112 -0.07113759
v -0.03958808 -1.07063997 -0.07084621
v -0.03572080 -1.06337285 -0.09241876
v -0.03584358 -1.06174707 -0.09073183
v -0.03606474 -1.06043768 -0.08864591
v -0.03636313 -1.05955315 -0.08635564
v -0.03672607 -1.05912960 -0.08394753
v -0.03714015 -1.05917990 -0.08151674
v -0.03759025 -1.05970538 -0.07915417
v -0.03805860 -1.06068277 -0.07695168
v -0.03852658 -1.06207705 -0.07499340
v -0.03897642 -1.06383383 -0.07335591
v -0.03939157 -1.06588519 -0.07210079
v -0.03975529 -1.06815290 -0.07127713
v -0.04005368 -1.07054889 -0.07091735
v -0.03708098 -1.06337583 -0.09266220
v -0.03755601 -1.06175172 -0.09103853
v -0.03807910 -1.06044221 -0.08900698
v -0.03860030 -1.05955887 -0.08675648
v -0.03910142 -1.05913436 -0.08437332
v -0.03956271 -1.05918658 -0.08194999
v -0.03996577 -1.05971003 -0.07957938
v -0.04029527 -1.06068790 -0.07735212
v -0.04054052 -1.06208193 -0.07535408
v -0.04068879 -1.06383836 -0.07366297
v -0.04073762 -1.06588864 -0.07234186
v -0.04068230 -1.06815410 -0.07144326
v -0.04052639 -1.07055020 -0.07100151
v -0.03840853 -1.06364501 -0.09293488
v -0.03922899 -1.06208956 -0.09138241
v -0.04004496 -1.06084073 -0.08941177
v -0.04078459 -1.06000161 -0.08720638
v -0.04142144 -1.05960429 -0.08485059
v -0.04192739 -1.05966473 -0.08243646
v -0.04228527 -1.06018007 -0.08005625
v -0.04247990 -1.06113100 -0.07780205
v -0.04250674 -1.06248057 -0.07575871
v -0.04236151 -1.06417644 -0.07400671
v -0.04205063 -1.06615436 -0.07261218
v -0.04158720 -1.06833863 -0.07162938
v -0.04098764 -1.07064342 -0.07109701
v -0.03965236 -1.06416833 -0.09322819
v -0.04079576 -1.06274962 -0.09175119
v -0.04188824 -1.06161773 -0.08984425
v -0.04283282 -1.06086445 -0.08768745
v -0.04359388 -1.06052101 -0.08536092
v -0.04414345 -1.06059909 -0.08295733
v -0.04445757 -1.06109667 -0.08056671
v -0.04452784 -1.06199455 -0.07828299
v -0.04434857 -1.06325769 -0.07619159
v -0.04392854 -1.06483698 -0.07437466
v -0.04328188 -1.06667328 -0.07290161
v -0.04243461 -1.06869555 -0.07182832
v -0.04142012 -1.07082582 -0.07119867
v -0.04076552 -1.06492758 -0.09352829
v -0.04219763 -1.06370592 -0.09212942
v -0.04353643 -1.06274211 -0.09028976
v -0.04466403 -1.06211495 -0.08818150
v -0.04553799 -1.06184900 -0.08588545
v -0.04612516 -1.06195283 -0.08349197
v -0.04640202 -1.06242466 -0.08109096
v -0.04635880 -1.06324434 -0.07877637
v -0.04599679 -1.06438243 -0.07663593
v -0.04532979 -1.06579399 -0.07475293
v -0.04438319 -1.06742477 -0.07319850
v -0.04319396 -1.06921291 -0.07203300
v -0.04180622 -1.07108998 -0.07130254
v -0.04170485 -1.06589365 -0.09382516
v -0.04338095 -1.06492257 -0.09250377
v -0.04492671 -1.06417274 -0.09072892
v -0.04620987 -1.06370366 -0.08866974
v -0.04717879 -1.06353569 -0.08640401
v -0.04779759 -1.06367290 -0.08401988
v -0.04804249 -1.06411147 -0.08160904
v -0.04790397 -1.06483412 -0.07926459
v -0.04738677 -1.06581306 -0.07707493
v -0.04651238 -1.06701016 -0.07512584
v -0.04531212 -1.06838083 -0.07349166
v -0.04383324 -1.06987190 -0.07223493
v -0.04213284 -1.07142472 -0.07140546
v -0.04243202 -1.06702840 -0.09410514
v -0.04429894 -1.06635153 -0.09285885
v -0.04600673 -1.06585264 -0.09114686
v -0.04740955 -1.06557178 -0.08913396
v -0.04845238 -1.06551743 -0.08689591
v -0.04909572 -1.06569386 -0.08452088
v -0.04931598 -1.06609321 -0.08210068
v -0.04910319 -1.06670141 -0.07972768
v -0.04846650 -1.06749344 -0.07749129
v -0.04742919 -1.06843972 -0.07547990
v -0.04603304 -1.06950486 -0.07377028
v -0.04432989 -1.07064521 -0.07242677
v -0.04238544 -1.07181954 -0.07150309
v -0.04292317 -1.06828892 -0.09436096
v -0.04491823 -1.06794000 -0.09318306
v -0.04673538 -1.06771863 -0.09152734
v -0.04821851 -1.06764531 -0.08955599
v -0.04931022 -1.06771946 -0.08734287
v -0.04996934 -1.06793928 -0.08497643
v -0.05017289 -1.06829584 -0.08254702
v -0.04991056 -1.06877577 -0.08014813
v -0.04919272 -1.06936014 -0.07786930
v -0.04804685 -1.07002783 -0.07580194
v -0.04651776 -1.07075143 -0.07402267
v -0.04466497 -1.07150412 -0.07260072
v -0.04255615 -1.07225776 -0.07159221
f 4 2 1
f 8 6 5
f 13 15 14
f 17 19 18
f 32 30 29
f 36 34 33
f 37 39 38
f 21 23 20
f 25 27 24
f 41 43 42
f 48 46 45
f 52 50 49
f 53 55 54
f 60 58 57
f 29 62 61
f 66 64 63
f 67 6 68
f 72 70 69
f 76 74 73
f 77 79 78
f 81 83 82
f 59 86 85
f 88 90 89
f 96 94 93
f 100 98 97
f 101 103 102
f 106 34 87
f 108 115 107
f 117 36 118
f 124 126 125
f 131 129 128
f 132 134 133
f 142 140 139
f 148 60 147
f 144 127 124
f 149 151 150
f 156 154 153
f 159 158 157
f 116 164 105
f 171 169 168
f 174 173 172
f 179 181 180
f 186 188 187
f 194 196 195
f 199 139 198
f 206 208 207
f 213 211 210
f 202 214 201
f 96 216 54
f 92 43 44
f 97 246 100
f 250 229 228
f 252 58 253
f 258 256 255
f 260 229 259
f 110 112 113
f 114 263 109
f 265 267 266
f 56 270 269
f 274 249 250
f 185 63 64
f 280 278 276
f 285 283 157
f 288 211 212
f 141 92 46
f 289 175 176
f 148 105 106
f 312 170 171
f 238 42 43
f 318 160 317
f 310 308 307
f 241 325 324
f 160 240 317
f 47 307 308
f 108 315 164
f 345 86 119
f 348 350 349
f 356 358 357
f 355 353 352
f 363 32 362
f 149 150 176
f 364 253 365
f 366 368 367
f 183 371 63
f 163 161 160
f 209 101 208
f 378 165 166
f 379 381 380
f 383 3 4
f 284 386 385
f 387 389 388
f 391 229 249
f 73 397 396
f 405 407 406
f 203 411 410
f 414 413 412
f 1 357 4
f 277 131 275
f 254 57 58
f 358 415 351
f 417 386 408
f 401 192 420
f 419 127 143
f 421 182 422
f 103 302 409
f 428 368 174
f 380 359 356
f 62 266 323
f 140 431 430
f 357 351 348
f 356 379 380
f 415 403 434
f 437 436 435
f 438 440 439
f 188 450 449
f 452 454 453
f 265 181 421
f 224 64 225
f 237 213 427
f 275 128 458
f 281 460 459
f 50 79 461
f 73 282 281
f 468 466 465
f 390 352 359
f 482 484 483
f 489 487 486
f 493 495 494
f 472 470 469
f 502 500 499
f 220 222 223
f 512 143 66
f 518 511 80
f 513 230 286
f 205 31 244
f 189 451 188
f 163 532 8
f 533 225 251
f 446 447 412
f 335 540 334
f 544 546 545
f 329 291 292
f 199 262 238
f 385 416 550
f 532 191 247
f 363 118 243
f 236 237 250
f 578 580 579
f 573 571 570
f 561 562 272
f 241 259 240
f 590 592 591
f 545 595 594
f 503 155 504
f 606 624 623
f 478 480 479
f 646 648 647
f 590 689 684
f 564 651 650
f 728 184 727
f 714 716 715
f 692 575 693
f 541 581 578
f 346 248 400
f 161 230 160
f 128 94 95
f 698 704 703
f 574 576 575
f 290 401 328
f 630 725 726
f 733 735 734
f 755 496 493
f 759 481 760
f 757 762 761
f 764 466 467
f 768 9260 9261
f 759 488 489
f 492 475 771
f 474 769 473
f 773 465 772
f 771 486 483
f 484 775 491
f 774 489 486
f 495 764 756
f 495 761 494
f 137 784 136
f 325 797 547
f 165 51 52
f 369 29 370
f 730 568 569
f 90 301 89
f 243 516 242
f 800 806 805
f 817 808 816
f 816 823 822
f 306 447 807
f 815 809 808
f 829 828 825
f 726 501 502
f 274 424 423
f 879 881 880
f 884 879 885
f 219 217 211
f 906 904 897
f 455 205 542
f 898 830 829
f 903 880 881
f 906 897 898
f 377 519 165
f 923 948 946
f 946 951 950
f 8963 739 8961
f 900 886 880
f 225 65 144
f 182 442 422
f 809 947 824
f 954 962 961
f 927 965 966
f 885 880 886
f 925 966 967
f 343 341 340
f 965 971 968
f 968 970 969
f 972 969 973
f 963 981 978
f 336 338 339
f 992 827 828
f 810 996 959
f 1007 1002 1008
f 1012 827 1009
f 1011 1007 1008
f 294 292 291
f 907 920 919
f 1017 1019 1018
f 1020 1022 1021
f 1035 1020 1044
f 1061 1047 1046
f 1063 1046 1062
f 1044 1021 1045
f 1102 1097 1109
f 1116 1118 1117
f 1016 1014 1013
f 881 904 903
f 816 1127 817
f 1094 949 1097
f 514 167 515
f 146 81 82
f 1133 1130 1129
f 1102 1126 822
f 822 1116 816
f 1145 1148 1136
f 1076 1151 1069
f 1148 1086 1087
f 1109 1114 1136
f 1154 1156 1155
f 1153 967 1156
f 8815 463 9166
f 1144 1152 1151
f 1156 1163 1162
f 1164 1169 1165
f 1145 1176 1147
f 1114 1154 1171
f 1183 1164 1177
f 1184 1177 1185
f 1069 1062 1064
f 1023 1194 1022
f 1162 1170 1169
f 1195 1185 1191
f 1183 1176 1155
f 1201 1152 1196
f 1061 1201 1202
f 9277 843 9288
f 1203 1195 1034
f 1202 1184 1195
f 1218 1203 1217
f 1060 1202 1203
f 1225 1217 1219
f 671 694 670
f 1219 1024 1035
f 1217 1034 1024
f 1226 1015 1227
f 1243 1234 1233
f 1231 1229 1228
f 847 1233 843
f 843 1244 878
f 1233 1245 1244
f 1923 233 216
f 2100 499 500
f 9366 2135 9352
f 61 323 505
f 210 217 457
f 1299 1309 1300
f 9315 1231 9314
f 1066 1321 1322
f 1322 1228 1229
f 1060 1321 1047
f 1325 1323 1310
f 1244 1332 1330
f 1290 1242 1288
f 1337 1339 1338
f 1330 1340 1339
f 1341 1245 1294
f 1342 1332 1341
f 1343 1341 1344
f 1344 1294 1293
f 9309 1345 1346
f 1347 1342 1343
f 9308 1295 1345
f 1349 1348 1347
f 9313 1347 9305
f 9305 1343 9309
f 906 829 1353
f 905 1353 1354
f 865 1355 1357
f 1355 829 825
f 1357 825 826
f 1356 1353 1355
f 9286 1338 9285
f 866 1356 865
f 1358 1354 1356
f 9280 1337 9286
f 838 1012 841
f 1363 1338 1339
f 1368 1339 1340
f 1348 1340 1342
f 1371 9276 9281
f 524 526 523
f 528 530 527
f 1372 1369 1371
f 535 537 538
f 1367 1348 1350
f 1370 1359 1369
f 1369 9285 9276
f 1373 903 904
f 555 557 558
f 1374 910 1373
f 1373 905 1375
f 1374 1375 1376
f 1375 1354 1370
f 1378 908 1377
f 376 651 1387
f 1388 973 969
f 586 588 585
f 1390 1388 1391
f 1391 969 970
f 597 599 596
f 600 602 603
f 1392 970 979
f 608 610 607
f 612 523 611
f 614 616 613
f 617 25 24
f 620 622 619
f 1397 1391 1392
f 1398 1392 1399
f 1400 920 1378
f 1402 1165 1169
f 636 638 635
f 930 1402 929
f 641 643 644
f 929 1169 1170
f 1404 1403 1402
f 1411 1365 1406
f 1412 1415 1414
f 652 654 655
f 609 657 658
f 659 661 662
f 558 586 585
f 665 667 664
f 1413 1406 1412
f 1418 9262 9265
f 1417 1371 1416
f 1416 9281 9262
f 1419 1416 1418
f 1386 1374 1420
f 677 679 676
f 1385 1420 1421
f 1420 1376 1422
f 685 687 688
f 1421 1422 1423
f 528 691 658
f 1422 1372 1417
f 1018 747 1425
f 699 701 702
f 1424 579 1017
f 9115 1767 9112
f 700 711 712
f 1093 9206 1571
f 717 530 719
f 721 723 720
f 704 8987 8998
f 19 1426 1430
f 1429 1427 1426
f 1658 8986 8988
f 1439 1434 1438
f 1437 1435 1434
f 1426 1433 1432
f 1442 1432 1440
f 742 744 745
f 1432 1441 1440
f 751 753 750
f 1438 1403 1405
f 1446 1444 1443
f 1447 1446 1443
f 9312 1443 9300
f 1415 1445 1446
f 1414 1446 1448
f 2173 469 470
f 777 779 686
f 780 782 783
f 1676 1806 1675
f 9311 1349 9313
f 789 791 788
f 745 793 742
f 652 795 653
f 1455 1457 1456
f 1454 1350 1452
f 610 802 801
f 9283 698 703
f 1352 1045 1351
f 1015 1459 1460
f 811 813 814
f 2118 9269 2117
f 819 821 818
f 1466 1194 1190
f 1467 1465 1466
f 1182 1468 1467
f 832 833 831
f 835 837 834
f 1467 1190 1182
f 1469 1444 1445
f 840 712 690
f 1453 1469 1454
f 599 845 846
f 1226 9301 9307
f 851 853 850
f 855 856 854
f 858 860 857
f 861 863 864
f 1014 9307 9310
f 867 868 869
f 870 872 873
f 874 876 877
f 1310 1471 1309
f 1476 1427 1475
f 1461 1475 1460
f 887 889 890
f 788 892 891
f 894 896 893
f 1460 1227 1015
f 901 524 612
f 1465 1477 1464
f 1865 8944 1864
f 911 913 914
f 916 918 915
f 1850 8951 1851
f 921 895 894
f 1479 1436 1478
f 926 667 601
f 1481 563 1480
f 269 84 1482
f 931 933 916
f 934 614 869
f 936 688 937
f 938 662 939
f 1484 122 123
f 941 835 834
f 320 509 510
f 1849 8949 1850
f 84 1484 83
f 1487 1488 539
f 1757 8946 8953
f 365 1491 364
f 461 80 511
f 117 362 1496
f 1494 541 1495
f 926 957 958
f 1477 1433 1476
f 1709 1585 1700
f 119 1496 345
f 271 504 156
f 511 189 186
f 345 1492 365
f 255 344 254
f 57 299 132
f 1501 268 1500
f 267 1499 145
f 974 976 977
f 1678 1693 1676
f 9298 1807 9292
f 557 663 558
f 983 984 985
f 1443 9301 9300
f 421 268 265
f 989 991 988
f 1490 418 1504
f 279 309 310
f 997 676 679
f 998 999 875
f 1504 38 1505
f 1506 1507 1486
f 360 1508 1506
f 1506 207 360
f 939 1006 938
f 270 1483 269
f 66 546 512
f 1010 793 935
f 367 437 1509
f 244 363 243
f 1670 8978 1669
f 209 1510 226
f 235 1512 1511
f 1511 234 235
f 388 426 425
f 427 250 237
f 161 521 231
f 100 45 44
f 1025 608 1027
f 1029 1031 1028
f 939 1033 1032
f 41 594 99
f 1036 783 1037
f 702 1038 1039
f 1040 1042 1043
f 362 369 1493
f 187 477 186
f 70 539 198
f 1511 1521 234
f 1049 603 1048
f 613 869 614
f 860 1051 857
f 1005 1053 1006
f 753 1056 1054
f 1057 1059 1055
f 293 1522 292
f 288 1521 1522
f 292 1523 329
f 331 1508 1524
f 306 453 305
f 100 41 99
f 462 78 79
f 330 1524 462
f 635 1068 636
f 1485 1526 1528
f 206 1528 1510
f 1070 1072 831
f 942 1073 1074
f 916 1075 917
f 440 1530 439
f 157 1514 285
f 1529 5 1530
f 371 546 63
f 790 663 791
f 1077 857 1078
f 1403 1435 1165
f 1080 1082 1079
f 531 1529 440
f 21 1084 1085
f 272 1531 561
f 137 396 397
f 690 802 691
f 335 9011 581
f 1090 1029 1091
f 1092 794 1042
f 1533 137 138
f 661 1095 1096
f 69 445 72
f 1099 1101 1098
f 38 1536 1505
f 1104 1106 1103
f 852 1108 853
f 1377 909 1386
f 291 411 294
f 316 516 33
f 539 1533 534
f 1505 316 313
f 1110 1112 1113
f 1539 460 264
f 522 1537 1539
f 834 1120 1119
f 1122 1124 1121
f 612 1041 901
f 935 615 614
f 276 130 131
f 1686 8966 1685
f 193 1541 273
f 231 1540 287
f 556 982 557
f 365 85 345
f 190 318 1541
f 1810 9018 8972
f 9376 8956 9243
f 1132 985 1131
f 208 102 132
f 1134 662 661
f 1491 80 77
f 429 1542 147
f 1137 915 918
f 172 428 174
f 1139 1141 1142
f 549 54 55
f 1517 1518 296
f 976 1146 938
f 834 984 941
f 1543 286 115
f 1544 239 513
f 133 1544 1542
f 506 257 258
f 420 328 401
f 1158 1160 1157
f 587 1103 588
f 1513 1514 151
f 607 1027 608
f 304 1545 303
f 364 77 506
f 69 198 139
f 1006 976 938
f 700 1112 701
f 9329 8969 9239
f 1166 657 656
f 1167 858 1077
f 1300 8968 1299
f 1172 1174 1175
f 218 200 217
f 1179 1181 1178
f 372 97 98
f 89 227 88
f 1186 1188 1189
f 172 1517 1549
f 1482 81 1498
f 1090 1193 1030
f 394 353 1551
f 526 1198 1197
f 811 858 812
f 1199 1026 1025
f 606 697 696
f 1204 1206 743
f 1207 523 526
f 1209 867 613
f 914 685 936
f 1478 1441 1477
f 1029 1161 1091
f 1211 1213 1214
f 9310 1451 9311
f 844 1216 845
f 423 273 274
f 1220 1222 1083
f 22 1224 23
f 882 897 881
f 1519 173 387
f 1189 1232 1178
f 349 550 416
f 1071 1236 1072
f 1237 1239 745
f 1221 1189 1240
f 1510 1512 333
f 939 1241 1005
f 1556 5 67
f 1553 394 1551
f 404 67 347
f 1247 1249 1246
f 142 238 92
f 1251 635 1250
f 850 1253 851
f 1254 1077 1255
f 57 133 429
f 443 552 551
f 1187 1175 1188
f 1256 831 833
f 432 382 383
f 741 747 746
f 434 351 415
f 349 383 348
f 251 1481 1480
f 395 352 353
f 1518 1550 1551
f 1558 378 340
f 109 314 315
f 285 1513 407
f 395 393 392
f 202 410 1558
f 417 405 432
f 1246 1258 1247
f 3 297 2
f 1259 1261 1262
f 403 347 284
f 955 953 952
f 462 51 330
f 1096 687 1263
f 429 60 57
f 896 1265 932
f 1267 1268 1266
f 423 327 420
f 37 180 40
f 20 1187 1186
f 1256 1071 1070
f 155 156 504
f 1188 1269 1232
f 1236 1271 1262
f 1272 535 621
f 565 463 464
f 1273 745 1239
f 876 1255 1274
f 316 164 315
f 437 503 1509
f 194 1495 197
f 1275 864 863
f 624 631 630
f 1277 1137 1278
f 569 567 566
f 1481 125 366
f 324 547 326
f 1279 1107 1280
f 1525 329 1523
f 1281 1137 918
f 171 1553 1552
f 1488 396 1533
f 1557 1562 1559
f 1282 1206 1205
f 1053 1278 1281
f 778 607 1283
f 713 9010 9013
f 251 144 124
f 4 348 383
f 709 707 706
f 728 45 246
f 261 1563 544
f 789 1287 790
f 74 263 282
f 403 385 434
f 1178 1240 1189
f 1223 1289 1224
f 158 150 151
f 1220 1186 1221
f 296 354 433
f 784 1538 1566
f 1181 1291 1222
f 1269 1257 1246
f 1566 438 399
f 136 1566 1564
f 1563 169 1565
f 107 109 108
f 1297 1298 1296
f 1464 1476 1461
f 1520 507 508
f 1301 1303 1304
f 1306 1308 1305
f 175 1532 272
f 1532 200 201
f 1311 1312 1313
f 872 1315 1316
f 1317 1318 1319
f 9288 878 9280
f 1305 864 1276
f 1040 863 1320
f 1564 399 169
f 592 1575 591
f 591 1088 689
f 1581 1583 1582
f 1196 1147 1176
f 710 583 713
f 285 408 386
f 953 961 963
f 1594 1589 1593
f 1585 1587 1586
f 1592 1590 1589
f 9337 944 9351
f 1600 1598 1597
f 1604 1602 1601
f 1399 979 980
f 1589 1596 1595
f 1610 1608 1607
f 298 361 360
f 551 276 277
f 1627 9266 9271
f 859 818 860
f 1078 1328 1329
f 1555 1530 1556
f 572 680 681
f 772 776 774
f 977 918 917
f 404 392 393
f 1054 750 753
f 1644 1643 1642
f 932 1082 933
f 1067 1334 1068
f 1540 264 114
f 597 643 1336
f 471 762 470
f 1642 9283 9294
f 1644 9294 9295
f 923 950 927
f 96 548 95
f 520 522 521
f 445 443 442
f 849 848 842
f 480 755 493
f 1646 481 1639
f 311 1567 170
f 464 8941 8939
f 8941 1361 8939
f 234 236 235
f 190 192 191
f 153 152 149
f 231 286 230
f 1552 1551 1550
f 760 1648 488
f 9284 1649 9282
f 828 826 825
f 52 166 165
f 1663 1661 1660
f 287 115 286
f 668 670 669
f 634 640 639
f 553 559 554
f 118 33 516
f 492 491 490
f 8996 1651 8997
f 582 584 583
f 384 392 415
f 1381 1383 1380
f 1562 435 436
f 952 951 947
f 8973 583 584
f 1660 1667 1666
f 1394 1396 1393
f 1660 1664 1663
f 1671 1669 1668
f 1624 1673 1672
f 1407 1409 1410
f 1677 1675 1674
f 1613 1677 1625
f 1679 1676 1677
f 1626 9263 9266
f 534 198 539
f 176 150 159
f 803 734 800
f 400 191 192
f 65 143 144
f 8970 1656 8984
f 402 157 283
f 629 627 626
f 461 49 50
f 758 495 756
f 796 786 785
f 406 1513 1560
f 342 166 167
f 1694 1658 1695
f 1692 1694 1696
f 9001 1652 8996
f 9373 1703 9375
f 326 302 90
f 9368 1702 1706
f 9371 1698 1701
f 1699 9379 9370
f 1557 1560 1561
f 1127 1117 1128
f 400 289 346
f 1706 1707 1708
f 1707 1599 1600
f 1709 1708 1588
f 1714 1711 1713
f 9371 1709 1700
f 1704 1577 1703
f 1716 1713 1715
f 1559 1549 297
f 1722 1720 1719
f 1335 596 1489
f 410 377 378
f 973 1163 972
f 168 399 398
f 1571 1089 1093
f 1572 682 1571
f 749 647 754
f 1730 1723 1729
f 1594 1729 1592
f 1729 1591 1592
f 1731 1730 1583
f 1384 1377 1379
f 1732 1712 1714
f 1724 1731 1732
f 1712 1731 1580
f 1722 1732 1733
f 1721 1733 1734
f 1734 1716 1717
f 1735 1736 1697
f 1733 1714 1716
f 1663 1741 1668
f 1742 1740 1743
f 1738 1737 1735
f 1665 1666 1740
f 1665 1744 1664
f 1725 1746 1745
f 1591 1745 1590
f 1590 1747 1596
f 1745 1748 1747
f 1659 8982 8986
f 5650 8989 5617
f 1185 1182 1190
f 1664 1749 1741
f 1741 1739 1738
f 1746 1743 1748
f 1726 1742 1746
f 1153 924 925
f 1115 1153 1154
f 1654 9019 1655
f 1896 8993 1686
f 1720 1744 1726
f 1721 1749 1720
f 1750 1701 1698
f 1697 1750 1696
f 1151 1063 1062
f 1751 1670 1671
f 1695 1752 1751
f 961 986 981
f 1770 1768 1767
f 1766 1593 1765
f 1731 1579 1580
f 1579 1774 1578
f 9380 1771 9381
f 1764 9380 9369
f 1777 1775 1774
f 9214 1699 1700
f 1004 1128 1003
f 1774 1771 1772
f 987 1399 980
f 1578 1772 1764
f 1783 1781 1778
f 1597 1770 1767
f 639 9347 9336
f 9380 1769 1770
f 1793 1789 1788
f 9381 1798 1769
f 8952 9225 1806
f 1802 9376 9374
f 1788 1794 1793
f 1793 1795 1776
f 9225 1675 1806
f 1584 1783 1789
f 1771 9372 9381
f 1801 1798 1800
f 1768 1798 1799
f 1775 1797 1771
f 508 515 1520
f 1796 1802 1797
f 1800 9372 9374
f 1794 1804 1795
f 8976 1752 8991
f 485 1807 775
f 9261 1640 768
f 9289 1810 1653
f 485 1640 1808
f 1690 9222 9224
f 487 1648 1811
f 9291 1816 9274
f 9290 1648 9282
f 9291 1811 9290
f 1812 487 1811
f 1641 767 768
f 465 755 776
f 767 9275 9260
f 9274 9278 9299
f 1809 1815 767
f 9289 1651 9292
f 675 8985 8940
f 1814 1822 1821
f 1821 9273 9272
f 1824 1649 1825
f 1827 1850 1805
f 1668 1662 1663
f 1779 1848 1828
f 1790 1805 1794
f 1833 1853 1852
f 8965 693 575
f 1614 1616 1617
f 1852 8942 8945
f 1620 1622 1623
f 1855 1574 1861
f 1847 8945 8957
f 1766 1855 1782
f 1629 1631 1628
f 1633 1634 1632
f 1635 1637 1638
f 1848 1852 1847
f 1855 1863 1862
f 1803 1867 1802
f 1862 1831 1832
f 1782 1862 1781
f 9374 1865 1800
f 1873 1870 1869
f 1874 799 804
f 2045 9349 2044
f 1219 1295 1225
f 1615 1396 1395
f 9336 1877 1876
f 645 9238 9003
f 1345 1035 1346
f 634 9336 9332
f 15 1327 14
f 9362 1878 1893
f 1894 605 1893
f 8950 627 693
f 9004 645 9003
f 340 454 1558
f 1897 195 1898
f 1889 1877 1890
f 1901 129 1900
f 196 754 232
f 1705 9373 9368
f 340 166 343
f 1570 563 561
f 1904 194 1897
f 1781 1832 1780
f 1905 55 1906
f 1000 995 996
f 986 920 987
f 1191 1190 1194
f 2094 2075 2093
f 1920 1919 1915
f 453 1912 1911
f 1915 1918 1916
f 9334 2106 9353
f 1655 8975 1868
f 1916 1926 1925
f 704 9005 703
f 278 1925 1900
f 9009 1818 1820
f 1097 1115 1114
f 1927 727 1923
f 9030 9106 9210
f 1920 307 1929
f 1929 48 728
f 503 1497 1509
f 1902 787 796
f 1816 9272 9278
f 1925 1923 1924
f 1535 1568 1534
f 254 258 255
f 1509 366 367
f 119 35 36
f 219 293 294
f 141 47 431
f 542 244 245
f 1940 430 431
f 1779 1827 1790
f 1701 9367 9371
f 1661 8959 1667
f 270 754 647
f 197 749 196
f 1727 1212 1211
f 53 232 754
f 1465 1479 1478
f 1284 9306 1293
f 1951 412 413
f 168 1554 1553
f 1486 206 207
f 506 78 361
f 994 1007 993
f 951 963 964
f 1013 9313 1351
f 9278 1820 1818
f 1498 1954 1482
f 299 543 132
f 1754 1756 1753
f 1681 1683 1682
f 1696 1695 1697
f 13 738 737
f 473 475 474
f 482 768 1640
f 204 30 205
f 1761 820 819
f 611 1125 612
f 1501 1908 1909
f 1074 711 699
f 1960 82 83
f 120 1960 123
f 35 87 34
f 1773 1025 1031
f 1965 1569 1535
f 494 471 479
f 1966 1969 1968
f 446 1971 1967
f 174 125 126
f 1580 1578 1577
f 1785 1787 1784
f 1972 304 305
f 1254 875 999
f 1973 342 514
f 321 1973 509
f 1910 275 1907
f 509 514 508
f 1486 1527 1485
f 1974 804 1975
f 1977 1974 1978
f 1980 1966 1981
f 379 2 295
f 1718 1710 1701
f 884 992 883
f 1680 1678 1679
f 902 525 524
f 344 256 299
f 135 137 136
f 236 228 333
f 448 1967 1966
f 589 604 584
f 910 908 907
f 1981 1968 1987
f 1982 1987 1979
f 1988 1987 1989
f 1990 1989 1991
f 1991 1993 1992
f 322 320 319
f 992 830 883
f 1144 1086 1143
f 1995 1978 1994
f 1133 1118 1126
f 1997 1994 1996
f 870 1335 1489
f 805 1982 1998
f 727 2000 1999
f 1996 1988 1990
f 1994 1979 1988
f 1829 792 1273
f 1830 941 983
f 798 800 799
f 729 731 730
f 2011 2023 2022
f 1834 846 1159
f 402 284 347
f 2022 2024 2025
f 1838 989 988
f 810 952 809
f 1823 1840 644
f 1430 1432 1431
f 1215 1841 1079
f 149 176 177
f 1316 873 872
f 2112 1384 2106
f 1842 1844 1845
f 1159 845 1160
f 837 1846 1120
f 1971 2030 2027
f 517 370 189
f 858 833 812
f 1471 2027 1888
f 8995 626 627
f 2174 770 490
f 935 1854 1010
f 1613 1611 1618
f 1231 1225 1295
f 1856 891 892
f 1300 748 741
f 1150 1858 1859
f 1643 696 1642
f 1215 1264 1216
f 1320 902 901
f 1956 1944 1960
f 2031 669 1474
f 2034 1310 1299
f 1879 1656 1657
f 40 242 39
f 1992 2039 1456
f 888 957 889
f 1882 1996 1990
f 1078 1255 1077
f 1871 1192 1090
f 294 218 219
f 1323 2026 1471
f 123 83 1484
f 1324 2041 1323
f 384 359 352
f 1324 2038 2036
f 1883 1885 1829
f 287 114 107
f 1096 1134 661
f 915 931 916
f 806 1981 1982
f 8977 584 604
f 1425 2042 1018
f 1018 1948 1017
f 9006 740 8963
f 1948 649 646
f 1881 1990 1991
f 1900 130 278
f 992 994 993
f 923 925 924
f 9330 2047 9328
f 1643 625 606
f 2050 2051 2049
f 2045 1404 2047
f 9328 945 9337
f 1139 1079 1841
f 1037 892 982
f 2055 2057 2056
f 1198 718 717
f 1619 1612 1611
f 2058 1606 2059
f 2059 1607 2058
f 2058 1624 1605
f 71 179 37
f 405 1557 382
f 976 1006 977
f 322 1972 1911
f 2061 2063 2062
f 2066 2067 1825
f 2052 2064 2051
f 1609 2066 1647
f 1515 152 1516
f 1009 993 1007
f 1644 9267 2118
f 279 1916 278
f 1285 9314 1284
f 1647 1825 1649
f 2056 2067 2065
f 319 1953 1952
f 667 1913 1914
f 2070 625 2048
f 2052 2055 2063
f 2038 1655 1458
f 1606 2073 2072
f 1235 1270 1236
f 2072 2075 2074
f 2059 2072 2062
f 2074 2077 2076
f 1601 2078 2073
f 2049 1643 1645
f 1000 1001 994
f 1089 684 689
f 1931 1306 1930
f 1462 1021 1022
f 1932 1934 1935
f 875 1846 998
f 1936 1937 1938
f 44 46 92
f 1534 1956 120
f 1541 317 391
f 2081 2084 2083
f 146 1959 300
f 1360 1942 1361
f 985 1032 1033
f 1995 1892 2043
f 2079 2082 2081
f 2095 2076 2077
f 2081 2078 2079
f 2055 2054 2053
f 501 2095 500
f 2097 2099 2098
f 2098 2094 2083
f 2140 9345 9318
f 2141 9346 9345
f 2051 2048 2049
f 592 2101 1576
f 2071 2076 2096
f 2102 2098 2101
f 593 2102 592
f 1019 746 747
f 1950 12 1327
f 725 2096 501
f 1385 2104 1379
f 1379 2106 1384
f 2107 2100 2097
f 9360 502 9348
f 9348 499 9353
f 940 2109 944
f 928 1170 973
f 9320 684 9351
f 1962 1964 1961
f 9330 573 9349
f 2039 1968 1969
f 1389 2110 2109
f 1398 2113 1397
f 9209 9205 9195
f 9363 2107 2103
f 949 924 1115
f 260 324 326
f 1390 2113 2110
f 2070 2064 2071
f 9319 2103 593
f 2105 1421 2114
f 2114 1423 2115
f 9344 2115 9355
f 9360 2114 9344
f 554 1902 553
f 972 967 966
f 1765 1573 1574
f 1984 1986 1983
f 2053 2069 2057
f 9017 724 714
f 1625 1674 1673
f 9333 2119 2122
f 9355 2123 9356
f 56 1906 55
f 626 9331 629
f 2001 2003 2004
f 9364 2127 9359
f 2006 2008 2009
f 2127 1412 2128
f 2014 2016 2017
f 2018 2020 2021
f 1495 1947 197
f 1379 1386 1385
f 9266 1680 1618
f 2029 1884 2028
f 9354 2120 9339
f 629 9366 9324
f 682 943 1089
f 724 2121 716
f 1757 9273 9297
f 765 9296 9261
f 9303 715 9304
f 706 9322 9324
f 981 987 980
f 1457 1656 1880
f 2017 2032 2033
f 1458 1868 1457
f 1776 1792 1793
f 1959 1946 1958
f 9115 9177 9113
f 9365 2122 9302
f 1093 689 1088
f 966 968 972
f 9304 9333 9365
f 2172 2170 2171
f 670 2137 669
f 9213 1903 233
f 1429 28 1449
f 964 978 971
f 9293 1413 2127
f 1473 669 2137
f 9286 1359 1358
f 2138 1870 2137
f 1872 2137 1870
f 715 9340 9333
f 1881 1992 1880
f 9295 739 740
f 1837 8957 8958
f 253 59 85
f 1808 9292 1807
f 1647 9270 1609
f 9317 671 668
f 2112 9335 2111
f 1405 2044 1438
f 9281 1364 1366
f 273 391 249
f 576 8964 8999
f 9327 668 2031
f 1430 2140 2139
f 2136 9312 28
f 1430 18 19
f 9345 570 695
f 1442 2046 2141
f 1431 2141 2140
f 9321 9302 2136
f 9260 1817 766
f 9318 695 671
f 2142 798 2138
f 571 2142 694
f 9271 1618 1611
f 2143 2025 2142
f 694 2138 670
f 681 2144 572
f 2144 2022 2143
f 328 457 290
f 1572 2011 2144
f 630 9355 624
f 2085 2087 2088
f 2090 2092 2089
f 572 2143 571
f 1875 2153 2149
f 1873 2149 2154
f 2103 2097 2102
f 2157 2155 2156
f 2128 1414 2120
f 9326 589 582
f 9324 628 629
f 2149 2158 2159
f 2159 9357 9342
f 698 9354 705
f 9275 9279 1817
f 2158 9326 9357
f 1438 2046 1439
f 2035 2160 2161
f 2161 9341 9338
f 9323 605 589
f 9325 18 9327
f 370 61 451
f 649 413 648
f 2153 2156 2158
f 1428 1449 1450
f 1490 73 1488
f 9342 710 633
f 2155 9343 9323
f 1456 1880 1992
f 2125 2087 2124
f 2160 9342 9341
f 300 505 323
f 1064 1046 1065
f 2043 1891 2155
f 2129 2004 2003
f 2131 2133 2134
f 9300 1450 1449
f 1998 804 805
f 9331 9316 9366
f 474 490 770
f 1164 1182 1177
f 707 9361 9322
f 708 2162 707
f 2162 9338 9361
f 548 1905 458
f 1145 1114 1171
f 705 1650 704
f 2043 1977 1995
f 737 554 559
f 1034 1191 1023
f 458 1907 275
f 195 232 233
f 2040 1969 1970
f 2145 2147 2148
f 2054 2049 1645
f 9284 1639 9270
f 9 11 10
f 252 506 258
f 472 479 471
f 1865 9243 8947
f 900 910 907
f 1941 2151 1942
f 1921 1927 1919
f 2163 1898 2116
f 271 153 178
f 1904 12 9
f 282 264 460
f 1872 2154 2035
f 1326 1897 2163
f 628 693 627
f 1724 1719 1723
f 1549 436 172
f 1582 1730 1729
f 1921 1929 1928
f 9007 10 11
f 2152 1950 1949
f 475 774 771
f 769 2171 473
f 2171 476 473
f 476 772 475
f 1791 464 1760
f 2166 2168 2169
f 595 372 98
f 483 1641 482
f 762 2173 470
f 771 484 492
f 486 1809 483
f 297 1517 296
f 763 2174 762
f 776 759 489
f 184 2176 2000
f 412 303 414
f 2005 185 224
f 9263 1682 9298
f 2164 756 764
f 1472 2161 2162
f 950 964 965
f 2177 2179 2180
f 227 1510 333
f 764 467 2164
f 2182 2184 2181
f 2186 2018 2185
f 1985 2181 1986
f 214 729 1531
f 1545 1546 1569
f 865 842 866
f 849 1357 1362
f 452 1558 454
f 559 3188 737
f 16 737 3188
f 560 498 374
f 3193 3195 3194
f 3200 3198 3199
f 3211 3213 3212
f 3215 3217 3216
f 2187 2002 2001
f 3233 3235 3234
f 3223 3222 3224
f 3229 3231 3230
f 3245 3247 3246
f 2169 2189 2190
f 2192 2085 2191
f 2193 2195 2196
f 2198 2200 2197
f 1998 1979 1975
f 9116 9120 9123
f 3253 3255 3254
f 2116 1903 1902
f 1859 2009 1150
f 9356 2126 9358
f 1135 1087 1130
f 2201 2015 2014
f 1149 110 1858
f 3261 3263 3262
f 3269 3271 3270
f 3265 3267 3266
f 3229 3284 3283
f 3289 3291 3290
f 3299 3301 3300
f 3307 3264 3308
f 3293 3295 3294
f 3297 3224 3298
f 3319 3291 3320
f 3322 3318 3315
f 3314 3312 3311
f 3285 3287 3286
f 3332 3218 3215
f 3329 3330 3328
f 3324 3227 3298
f 3298 3326 3324
f 2203 2205 2206
f 579 1895 1019
f 1755 2208 1756
f 3337 3339 3338
f 9343 1893 605
f 1211 2150 1727
f 868 2210 2209
f 3347 3349 3348
f 944 930 940
f 2130 2202 2201
f 233 1898 195
f 665 750 666
f 1167 999 618
f 2211 2213 2214
f 2215 2217 2218
f 9319 590 9320
f 2220 220 2219
f 823 948 1094
f 3375 3377 3376
f 3393 3391 3390
f 3353 3357 3356
f 3363 3365 3364
f 3402 3404 3403
f 266 455 265
f 9334 2107 9335
f 2221 8963 8961
f 2223 2225 2226
f 2207 2124 2208
f 3293 3336 3286
f 673 9321 9316
f 817 996 815
f 2227 2146 2145
f 1947 646 749
f 9352 17 9325
f 2229 1638 1381
f 1679 1618 1680
f 1637 2232 2230
f 2233 1617 1616
f 2231 2236 2237
f 3406 3408 3407
f 1381 2238 1382
f 9038 2242 9039
f 3414 3341 3415
f 1630 2233 1631
f 1681 472 469
f 1408 2243 2244
f 3423 3425 3424
f 3433 3263 3307
f 3434 3430 3435
f 3440 3442 3441
f 3444 3446 3445
f 3436 3450 3439
f 3442 3456 3455
f 1637 2238 1638
f 3445 3437 3438
f 3448 3440 3449
f 1409 1634 2245
f 1380 2247 2246
f 1628 2245 1621
f 3463 3465 3464
f 3308 3462 3307
f 2249 1622 1633
f 1632 1408 2244
f 2248 1631 2250
f 3478 3480 3479
f 3509 3511 3510
f 2235 1637 1636
f 3505 3507 3506
f 3457 3199 3198
f 631 2071 725
f 515 52 49
f 782 2251 1251
f 2253 2255 2252
f 397 459 784
f 1456 2040 1455
f 2040 2036 1455
f 3434 3518 3517
f 1401 2111 1398
f 2041 1970 2026
f 3367 3338 3368
f 1535 414 1965
f 1586 2080 2079
f 2256 1132 1886
f 3528 3530 3529
f 3519 3520 3517
f 3537 3506 3538
f 3543 3545 3544
f 1700 9370 9371
f 3486 3550 3549
f 3455 3497 3563
f 3558 3559 3323
f 3456 3500 3497
f 3572 3252 3249
f 3308 3285 3569
f 3316 3574 3573
f 3575 3479 3533
f 3576 3578 3577
f 3580 3582 3581
f 3584 3586 3585
f 3505 3588 3503
f 3589 3591 3590
f 3600 3602 3601
f 3542 3595 3594
f 3604 3592 3589
f 3611 3613 3612
f 3622 3624 3623
f 3618 3620 3619
f 3626 3628 3627
f 3644 3646 3645
f 3634 3636 3635
f 3638 3641 3640
f 9267 1686 9269
f 1263 1886 1096
f 3613 3654 3614
f 598 844 599
f 2257 2259 2260
f 2258 2262 2259
f 2259 2263 2216
f 2260 2216 2215
f 1967 1970 1969
f 2212 1963 2213
f 922 2218 2217
f 1312 1101 2264
f 1307 1286 789
f 1548 1546 1972
f 2266 2268 2265
f 2265 2270 2269
f 2272 2269 2271
f 2273 2265 2272
f 2275 2277 2274
f 2278 2277 2279
f 2284 9069 9091
f 2287 2286 2281
f 2288 2283 2287
f 2290 9091 9072
f 2291 2293 2294
f 2295 2294 2279
f 2296 2291 2295
f 2297 2292 2291
f 2294 2299 2300
f 2279 2300 2278
f 2298 2302 2292
f 2292 2303 2293
f 2293 2304 2299
f 2304 2306 2299
f 2306 2300 2299
f 2308 2310 2307
f 2302 2310 2303
f 2301 2307 2302
f 2312 2307 2311
f 2313 2315 2316
f 2318 2320 2317
f 9200 2322 2323
f 2324 2273 2326
f 2313 2326 2327
f 2328 2313 2316
f 2329 2324 2328
f 2331 2333 2330
f 2330 2267 2266
f 2325 2266 2273
f 2329 2330 2325
f 2333 2335 2267
f 2336 2333 2332
f 2338 2332 2337
f 2331 2337 2332
f 2329 2339 2331
f 2328 2340 2329
f 2316 2341 2328
f 2342 2315 2343
f 2344 2346 2347
f 2341 2347 2340
f 2342 2344 2341
f 2348 2345 2344
f 2350 2352 2353
f 2339 2353 2337
f 2340 2350 2339
f 2347 2351 2350
f 2337 2354 2338
f 2353 2355 2354
f 2356 2276 2357
f 2356 2358 2359
f 2356 2296 2295
f 2279 2356 2295
f 2360 2270 2268
f 2267 2360 2268
f 2362 2364 2365
f 2362 2361 2358
f 2366 2358 2357
f 2366 2363 2362
f 2357 2368 2366
f 2366 2369 2367
f 2276 2370 2368
f 2368 2282 2369
f 2372 2374 2371
f 2375 2377 2007
f 2378 2380 2381
f 2382 2381 2383
f 2384 2378 2382
f 2385 2379 2378
f 2388 2390 2387
f 2387 2392 2391
f 2393 2387 2391
f 2394 2388 2387
f 2186 2402 2400
f 2403 2327 2326
f 2272 2326 2273
f 2271 2403 2272
f 2405 2404 2403
f 2404 2408 2327
f 2409 2411 2412
f 2409 2271 2269
f 2413 2269 2270
f 2413 2410 2409
f 2417 2416 2418
f 2417 2406 2405
f 2412 2405 2271
f 2411 2417 2412
f 2406 2407 2404
f 9013 632 713
f 2420 2397 2421
f 2420 2423 2422
f 2424 2422 2419
f 2424 2398 2420
f 2425 2392 2426
f 2421 2426 2423
f 2397 2425 2421
f 2396 2391 2425
f 2427 2315 2314
f 2427 2408 2428
f 2430 2428 2429
f 2343 2427 2430
f 2432 2430 2431
f 2431 2429 2433
f 2435 2433 2434
f 2436 2431 2435
f 2428 2407 2437
f 2422 2407 2419
f 2438 2422 2423
f 2429 2437 2438
f 2440 2433 2439
f 2441 2433 2429
f 2442 2439 2441
f 2443 2440 2439
f 2445 2444 2443
f 2447 2443 2442
f 2383 2445 2447
f 2381 2446 2445
f 2448 2423 2426
f 2449 2426 2392
f 2441 2449 2442
f 2441 2438 2448
f 2449 2390 2450
f 2450 2389 2451
f 2447 2451 2383
f 2442 2450 2447
f 2451 2453 2452
f 2452 2455 2454
f 2382 2454 2384
f 2383 2452 2382
f 2456 2373 2372
f 2459 2461 2458
f 2463 2465 2462
f 2462 2285 2284
f 2466 2284 2290
f 2467 2462 2466
f 2461 9155 9153
f 2468 2470 2471
f 2472 2471 2473
f 2474 9153 9140
f 2475 2477 2478
f 2458 2453 2479
f 2479 2389 2388
f 2395 2479 2388
f 2480 2458 2479
f 2481 2483 2478
f 2484 2485 221
f 2471 2464 2463
f 2473 2463 2467
f 2487 2466 2486
f 2486 2290 2488
f 2490 2488 2489
f 2491 2486 2490
f 2492 2467 2487
f 2493 2487 2491
f 2494 2492 2493
f 2495 2473 2492
f 9142 2474 9140
f 9143 2496 9142
f 2498 2493 2499
f 2500 2499 2501
f 9152 2498 2500
f 9139 2494 2498
f 2306 2278 2300
f 2305 2504 2306
f 2504 2507 2506
f 2506 2288 2508
f 2274 2508 2275
f 2278 2506 2274
f 9085 2489 2488
f 9072 2488 2290
f 2507 2289 2288
f 2505 2509 2507
f 2508 2287 2511
f 2511 2281 2280
f 2370 2280 2282
f 2275 2511 2370
f 2512 2489 2513
f 2514 2513 2515
f 2517 2514 2516
f 2517 2490 2512
f 2499 2491 2517
f 2499 2516 2501
f 2510 2519 2518
f 2518 2521 2520
f 9068 2520 9073
f 9084 2518 9068
f 2522 2303 2310
f 2523 2310 2309
f 2305 2522 2524
f 2524 2523 2525
f 2519 2525 2521
f 2505 2524 2519
f 2308 2527 2526
f 2526 2529 2528
f 2531 2528 2530
f 2309 2526 2531
f 1214 2151 1211
f 2419 2418 2424
f 2533 2349 2317
f 2534 2317 2320
f 2535 2533 2534
f 2536 2345 2533
f 2537 2346 2536
f 2538 2536 2535
f 2539 2537 2538
f 2540 2351 2537
f 2312 2541 2527
f 2527 2542 2529
f 2543 2434 2544
f 2545 2544 2546
f 2319 2543 2545
f 2318 2435 2543
f 2514 2548 2547
f 2547 2550 2549
f 2552 2549 2551
f 2552 2514 2547
f 2520 2554 2553
f 2553 2556 2555
f 9042 2555 9045
f 9073 2553 9042
f 2523 2531 2557
f 2557 2530 2558
f 2525 2557 2559
f 2559 2558 2560
f 2554 2560 2556
f 2521 2559 2554
f 2561 2007 2006
f 2376 2225 2377
f 2564 2566 2563
f 2563 338 2567
f 2569 2567 2568
f 2570 2563 2569
f 2572 2574 2571
f 2571 2576 2575
f 2544 2575 2546
f 2544 2572 2571
f 2578 2569 2577
f 2579 2569 2568
f 2574 2579 2576
f 2573 2577 2574
f 2581 2583 2580
f 2584 2583 2585
f 9149 2580 2584
f 9128 2580 9127
f 2582 2552 2583
f 2583 2551 2585
f 2500 2589 2588
f 2590 2589 2591
f 9145 2588 2590
f 9147 2500 2588
f 2501 2591 2589
f 2592 2594 2595
f 2386 2503 2502
f 2596 2386 2374
f 2596 2373 2597
f 2599 2597 2598
f 2599 2379 2596
f 2600 2380 2599
f 2600 2598 2601
f 2603 2601 2602
f 2603 2446 2600
f 2604 2602 2605
f 2440 2605 2434
f 2444 2604 2440
f 2606 2581 2607
f 2606 2590 2591
f 2591 2582 2606
f 9128 2456 9141
f 9141 2372 9145
f 2478 2608 2481
f 2609 2611 2199
f 2564 2613 2612
f 2612 2598 2597
f 2457 2597 2373
f 2565 2612 2457
f 2614 2570 2578
f 2615 2578 2573
f 2602 2614 2615
f 2601 2613 2614
f 2572 2605 2616
f 2616 2602 2615
f 2573 2616 2615
f 1459 1045 1021
f 1265 1079 1082
f 1612 1609 1611
f 2067 2069 2068
f 1135 1136 1148
f 1938 2618 2617
f 95 458 128
f 2058 1608 1612
f 1454 1445 1367
f 655 1048 2619
f 722 2621 723
f 3665 3634 3666
f 1131 1033 1134
f 562 366 1497
f 1723 1725 1591
f 1786 1122 1787
f 267 323 266
f 1325 1654 2038
f 1468 1435 1479
f 658 529 528
f 8 247 7
f 382 1559 3
f 3631 3680 3630
f 788 1307 789
f 940 929 928
f 911 2623 912
f 2621 655 654
f 2624 2625 2626
f 998 27 26
f 635 2626 2625
f 2627 644 1840
f 2628 1840 2629
f 1200 2627 2628
f 1199 641 2627
f 1520 49 477
f 1452 1349 1451
f 2630 1859 1858
f 644 1335 1823
f 3683 3699 3698
f 1197 717 2632
f 2632 719 1166
f 2628 1166 1200
f 2629 2632 2628
f 1762 1050 821
f 1823 873 1839
f 2634 794 652
f 1028 1027 1161
f 1042 2635 1043
f 93 1901 1924
f 2036 1458 1455
f 1527 1525 1526
f 877 1274 1277
f 134 797 1544
f 1328 931 1329
f 607 1091 1161
f 1043 2637 2636
f 2636 2639 2638
f 1275 2638 1276
f 1275 1043 2636
f 1272 2626 2640
f 2640 638 637
f 1110 2640 637
f 536 2640 2641
f 1472 1474 1473
f 2042 1951 649
f 3668 3633 3669
f 1058 1105 1059
f 2642 2643 2644
f 1192 2644 1193
f 912 2642 1192
f 9350 8970 9238
f 1049 2620 2621
f 616 1885 613
f 1331 666 750
f 990 1198 525
f 1911 321 322
f 1298 1205 2645
f 76 1504 75
f 1502 421 422
f 610 658 691
f 1146 659 938
f 2646 914 936
f 1280 1238 1279
f 975 2647 2648
f 2647 975 974
f 1453 1452 1451
f 1514 158 151
f 835 1843 1842
f 1271 1173 1289
f 2649 813 2650
f 1893 1826 1894
f 1050 1937 1051
f 2651 814 813
f 1006 1281 977
f 2653 2654 2655
f 1001 1003 1002
f 585 679 558
f 2624 621 620
f 555 2028 556
f 1207 1197 2629
f 1626 478 472
f 3729 3731 3730
f 3746 3748 3747
f 3770 3750 3753
f 426 419 1567
f 1030 1773 1031
f 9350 634 9332
f 534 138 262
f 1125 1042 1041
f 333 88 227
f 569 561 730
f 3691 3693 3692
f 1489 871 870
f 1857 620 891
f 1673 9222 9215
f 622 864 1308
f 2647 974 2657
f 619 891 620
f 261 545 262
f 393 1556 404
f 2658 2647 2657
f 1075 2657 917
f 1081 2658 1075
f 1080 2659 2658
f 2644 1141 2660
f 2660 1140 1336
f 642 1336 643
f 1193 2660 642
f 679 555 558
f 3762 3764 3763
f 1503 1500 1502
f 1318 1101 1100
f 2661 1139 1142
f 2661 2663 2662
f 2662 2659 2661
f 2662 2622 2664
f 2664 911 2646
f 2648 2646 1146
f 2648 2662 2664
f 3586 3779 3777
f 2083 2093 2081
f 1442 1437 1439
f 3732 3733 3731
f 519 330 51
f 1885 1209 613
f 799 805 804
f 1946 1952 1953
f 1302 1253 1252
f 3741 3757 3756
f 3660 3662 3661
f 566 224 533
f 1389 928 1388
f 683 681 680
f 836 1842 2665
f 2665 1845 1303
f 2666 1303 1302
f 24 2665 2666
f 831 2650 832
f 1845 1304 1303
f 2010 2012 2011
f 1051 2667 2668
f 1522 1511 1523
f 531 441 522
f 782 1251 1250
f 1250 2625 2669
f 2669 1857 1856
f 783 1856 1037
f 782 2669 783
f 720 2671 721
f 1055 1930 1056
f 1333 1251 2251
f 619 1308 1307
f 652 2619 2634
f 521 1539 1540
f 1838 537 2672
f 2672 536 2641
f 1113 2641 1110
f 1113 1838 2672
f 1016 1351 1045
f 9349 570 9346
f 226 104 101
f 9008 9279 1818
f 1036 1884 1883
f 2674 1304 2673
f 2673 1844 2675
f 1334 2675 1039
f 1333 2673 1334
f 2676 1039 2675
f 1843 2675 1844
f 942 2676 1843
f 1074 702 2676
f 811 859 858
f 752 1055 753
f 1200 656 1026
f 1120 874 2677
f 2677 877 1052
f 1241 1052 1005
f 1119 2677 1241
f 1560 151 1515
f 1208 611 523
f 215 736 214
f 1460 1462 1461
f 3717 3719 3718
f 1208 1839 873
f 854 1282 1297
f 3682 3696 3681
f 72 182 179
f 544 1565 512
f 217 456 457
f 3673 3781 3780
f 2047 930 945
f 1204 1937 2633
f 913 686 685
f 3705 3707 3706
f 840 1113 1112
f 1531 730 561
f 2678 1283 801
f 601 1914 602
f 1537 459 460
f 1819 8953 8971
f 991 862 538
f 2679 1073 1830
f 3776 3581 3582
f 2680 983 2256
f 779 2256 1263
f 778 2680 779
f 2678 1830 2680
f 180 245 40
f 1886 1131 1134
f 3766 3767 3749
f 1138 1274 1255
f 3777 3585 3586
f 1841 1140 1139
f 75 314 74
f 193 420 192
f 2681 1099 1098
f 3658 3587 3659
f 170 1565 169
f 349 417 432
f 1121 2684 2683
f 547 409 302
f 123 121 120
f 2643 1142 1141
f 1542 513 1543
f 899 907 919
f 1210 676 867
f 791 982 892
f 24 837 836
f 893 932 931
f 1860 863 862
f 535 862 861
f 3640 3683 3638
f 832 813 812
f 2650 813 832
f 1569 1547 1568
f 181 542 180
f 660 937 688
f 2013 568 2012
f 3781 3644 3782
f 887 2631 2630
f 1524 361 78
f 520 162 1529
f 2653 854 2685
f 1238 2655 2686
f 718 527 530
f 1492 518 1491
f 792 615 793
f 599 1835 596
f 290 456 175
f 312 1552 425
f 1248 1179 1249
f 153 177 178
f 1240 1222 1221
f 1257 1235 1071
f 1291 1083 1222
f 1052 1277 1053
f 743 2618 1204
f 444 430 443
f 23 1172 1187
f 2687 1180 1179
f 102 409 134
f 1283 610 801
f 373 650 651
f 1180 1084 1291
f 855 2655 1237
f 1173 1917 1174
f 2689 853 2688
f 2688 1108 1279
f 2686 1279 1238
f 2687 2688 2686
f 2691 1252 2690
f 2690 850 2689
f 1248 2689 2687
f 1248 2691 2690
f 2692 24 2666
f 2691 2666 1302
f 1247 2692 2691
f 1258 617 2692
f 394 1555 393
f 2693 1259 1223
f 1072 1262 1261
f 1257 1168 1258
f 398 1555 1554
f 871 1314 872
f 1178 1249 1179
f 1224 1173 1172
f 1010 2618 742
f 1175 1292 1269
f 2654 2686 2655
f 2694 1216 1264
f 71 1487 70
f 701 1111 1038
f 1072 2649 2650
f 1085 22 21
f 895 1264 896
f 1601 1605 1604
f 1259 1271 1289
f 21 1220 1083
f 988 538 537
f 3533 3535 3532
f 598 1336 1140
f 820 1762 821
f 1050 818 821
f 1298 1761 2652
f 1168 618 617
f 3629 3670 3628
f 858 1256 833
f 39 516 1536
f 2652 819 814
f 313 315 314
f 2026 1971 2027
f 2656 596 1835
f 814 818 811
f 2696 813 2649
f 1260 2649 1261
f 2693 2696 1260
f 2697 2651 2696
f 381 390 380
f 9270 1611 1609
f 1475 1428 1227
f 1292 1917 1235
f 1551 354 1518
f 1526 1523 1511
f 1593 1595 1573
f 1232 1246 1249
f 2695 1223 22
f 2698 1296 2697
f 2698 2693 2695
f 2685 2695 1085
f 2685 1297 2698
f 562 271 272
f 2652 1296 1298
f 1365 1364 1363
f 1958 1953 1957
f 585 2210 997
f 1561 1515 435
f 975 1146 976
f 347 68 346
f 1038 636 1068
f 2700 780 2699
f 2699 1036 1883
f 2701 1883 1829
f 851 2699 2701
f 2674 2251 2702
f 2702 781 2700
f 1253 2700 851
f 1301 2702 1253
f 1519 388 1550
f 1273 1280 2703
f 2703 1107 852
f 2701 852 851
f 1829 2703 2701
f 91 326 90
f 1784 2656 1785
f 2683 2705 2704
f 604 8943 8977
f 1669 8992 1662
f 2062 2060 2059
f 621 861 622
f 2023 732 2024
f 686 1263 687
f 857 2668 1328
f 883 882 879
f 3648 3650 3649
f 637 1111 1110
f 2668 893 1328
f 3692 3711 3691
f 2667 894 2668
f 1039 1068 1334
f 313 1504 1505
f 1911 305 453
f 1936 1964 2212
f 2707 2401 2183
f 2708 2183 2182
f 738 2116 554
f 3785 3709 3786
f 2349 2432 2436
f 2711 2020 2019
f 2400 2019 2186
f 2714 2716 2713
f 2717 2719 2720
f 2721 2723 2724
f 2726 2728 2725
f 2725 2730 2729
f 2731 2729 2709
f 2732 2725 2731
f 2734 2736 2733
f 2738 2740 2737
f 2737 2741 2742
f 2744 2746 2743
f 2745 2748 2747
f 2749 2747 2751
f 2753 2751 2752
f 2250 2246 2248
f 3417 3419 3418
f 2754 1614 2755
f 9050 2755 9061
f 9060 2747 9061
f 1617 2755 1614
f 2242 1620 2757
f 3429 3431 3430
f 2191 2760 2759
f 2761 2760 2762
f 9100 2761 9101
f 9075 2759 9100
f 3209 3354 3355
f 1395 2236 2235
f 1395 1636 1615
f 3741 3790 3740
f 1616 2229 2233
f 3410 3412 3411
f 1617 2763 2756
f 2756 9080 9060
f 2765 2234 1630
f 2766 9080 9074
f 3202 3458 3459
f 1516 435 1515
f 2768 8996 8997
f 1495 578 1424
f 2135 28 17
f 8970 2773 2774
f 1690 9378 9377
f 2778 2780 2777
f 2777 2781 2782
f 2784 2777 2783
f 8999 575 576
f 1494 9 540
f 8973 2015 9010
f 451 505 450
f 2786 2788 2785
f 2779 2785 2780
f 2789 2741 2740
f 2790 2752 2789
f 2792 2794 2791
f 2793 2796 2794
f 2796 2750 2749
f 2794 2749 2753
f 2798 1396 2754
f 9043 2754 9050
f 2798 2800 1393
f 9043 2799 2798
f 2797 2795 2801
f 2791 2753 2790
f 216 232 54
f 9256 2807 9255
f 9257 2804 9255
f 2769 9001 8996
f 183 184 97
f 2811 2775 2776
f 2804 2776 2805
f 2809 2811 2804
f 2812 2813 2814
f 9257 2816 9247
f 9248 2815 9247
f 9250 2820 2821
f 9245 2819 9250
f 2824 2735 2819
f 2823 2824 2819
f 2825 2826 2724
f 9245 2827 9244
f 9248 2826 9244
f 2713 2829 2828
f 2828 2831 2830
f 2822 2828 2830
f 2821 2713 2828
f 2832 2822 2830
f 2833 2830 2831
f 2834 2832 2833
f 2835 2827 2832
f 2837 2839 2836
f 2836 2841 2840
f 2842 2840 2727
f 2843 2836 2842
f 2840 2845 2844
f 2718 2845 2719
f 2730 2844 2718
f 2727 2844 2728
f 2846 2719 2845
f 2846 2841 2847
f 2829 2847 2831
f 2829 2716 2846
f 2847 2839 2848
f 2848 2838 2849
f 2833 2849 2834
f 2831 2848 2833
f 2850 2851 2852
f 2853 2852 2854
f 2783 2782 2855
f 2785 2853 2856
f 2780 2856 2781
f 2857 2855 2782
f 2859 2782 2781
f 2861 2842 2860
f 2860 2727 2726
f 2862 2726 2732
f 2863 2860 2862
f 2861 2858 2857
f 2843 2857 2859
f 2856 2854 2864
f 2781 2864 2859
f 2837 2859 2864
f 2838 2864 2854
f 2852 2834 2849
f 2854 2849 2838
f 2865 2818 2835
f 2851 2835 2834
f 2813 2815 2865
f 2814 2865 2851
f 2866 2814 2850
f 2788 2850 2853
f 2866 2787 2867
f 2812 2867 2775
f 1892 1890 1891
f 2720 2846 2870
f 298 256 257
f 2872 2713 2820
f 9246 2735 2734
f 2729 2874 2873
f 2846 2715 2870
f 2876 2878 2875
f 2733 2878 2734
f 9258 2879 2880
f 9258 2872 9246
f 2882 2884 2881
f 2881 2715 2714
f 2880 2714 2872
f 2879 2881 2880
f 2885 2887 2888
f 2888 2890 2885
f 2885 2892 2891
f 2893 2885 2891
f 1942 2532 2894
f 2895 2720 2870
f 2884 2870 2715
f 2883 2895 2884
f 2896 2892 2895
f 2889 2717 2890
f 2890 2720 2892
f 2897 2891 2896
f 2898 2896 2883
f 2899 2883 2882
f 2900 2882 2879
f 9249 2879 9259
f 2876 2901 2877
f 2901 2904 2903
f 1785 1835 1834
f 2905 2899 2900
f 2907 2897 2898
f 9249 2903 9251
f 632 577 633
f 8976 2867 2787
f 434 550 350
f 2768 9092 9095
f 2910 1623 2249
f 2241 2758 2242
f 9092 2913 9104
f 1623 2757 1620
f 9039 2757 9104
f 2229 1380 2250
f 2765 1629 2914
f 2915 1629 2912
f 9094 2914 2915
f 9093 2765 2914
f 2919 9094 9065
f 2918 2912 2241
f 9066 2241 9038
f 9070 9065 9122
f 8985 2180 8940
f 8965 2188 8950
f 3694 3627 3693
f 9157 714 9303
f 2925 2917 2924
f 2924 2916 2919
f 9062 2919 9070
f 9063 2924 9062
f 2926 2766 2925
f 9110 2925 9063
f 1715 1705 1710
f 785 498 796
f 1387 565 1791
f 374 1899 560
f 9017 2206 9000
f 2929 2886 2893
f 2932 2934 2931
f 1905 1908 1907
f 2930 2936 2937
f 2938 2930 2929
f 1493 517 518
f 1603 1586 1602
f 2939 2929 2908
f 2940 2908 2907
f 9117 1600 9113
f 2886 2937 2887
f 2906 2898 2899
f 2908 2893 2897
f 2942 2933 2941
f 2941 2937 2936
f 8945 2936 8957
f 8942 2941 8945
f 2943 2710 2873
f 2943 2874 2889
f 2945 2889 2888
f 2946 2943 2945
f 2932 2888 2887
f 2931 2945 2932
f 727 1929 728
f 2903 2947 2948
f 545 42 262
f 1480 533 251
f 2907 2949 2940
f 2906 2950 2949
f 1558 215 202
f 9251 2948 9253
f 2054 1644 2118
f 9157 2203 9017
f 1828 1849 1827
f 2953 2955 2952
f 2952 2957 2956
f 2956 2258 2952
f 2953 2258 2257
f 2454 2474 2496
f 9199 2959 9218
f 9199 2131 9189
f 2961 2963 2958
f 2958 2964 2959
f 222 2485 2965
f 2477 2966 2608
f 2631 2006 1859
f 2384 2496 2497
f 2967 2959 2964
f 2968 2970 2969
f 9211 2971 9236
f 9236 2960 9218
f 2972 2033 2032
f 2007 2973 2008
f 9004 2134 2133
f 1836 1832 1831
f 8950 2090 8995
f 955 959 956
f 672 674 673
f 633 713 632
f 2024 733 803
f 2025 803 798
f 425 1550 388
f 2975 888 887
f 1319 1157 2694
f 1212 2977 1213
f 889 2228 2227
f 1978 1975 1979
f 1138 1329 915
f 751 2979 2978
f 1619 1625 1624
f 2252 1728 1727
f 1157 845 1216
f 2706 1938 2617
f 2980 2254 2981
f 2982 887 2630
f 802 711 2679
f 678 2029 2028
f 527 690 528
f 1839 2629 1840
f 2983 602 1914
f 2983 1913 1331
f 2985 1331 1054
f 2986 2983 2985
f 2987 2635 2634
f 2985 2639 2986
f 2990 1318 2989
f 2991 2993 2994
f 2995 2994 2996
f 1106 2991 2995
f 1058 2992 2991
f 1415 1365 1367
f 1317 2217 2997
f 1932 2255 2980
f 926 2999 664
f 3001 2992 3000
f 3000 1057 2978
f 2999 2978 2979
f 2998 3000 2999
f 3002 2209 3003
f 3002 2996 2994
f 2993 3002 2994
f 3001 2998 3002
f 1103 2995 3004
f 3004 2996 3003
f 2209 3004 3003
f 588 3004 2210
f 295 433 381
f 2638 2988 3005
f 3005 1056 1930
f 1305 1930 1306
f 1276 3005 1305
f 1987 1993 1989
f 2633 1761 2645
f 1423 1417 1419
f 9005 739 703
f 2671 2704 2705
f 1473 2035 1472
f 922 2694 895
f 1401 1378 1384
f 556 1884 1037
f 842 9277 9288
f 1854 2617 1010
f 933 1081 1075
f 1440 1436 1437
f 529 719 530
f 1031 1027 1028
f 777 912 1871
f 2645 1204 2633
f 441 1538 1537
f 3771 3773 3772
f 790 587 586
f 2065 1610 1607
f 1860 990 902
f 60 87 59
f 1424 1948 1947
f 332 1507 331
f 261 138 135
f 187 449 507
f 1719 1726 1725
f 1931 1059 3006
f 3006 1105 1104
f 1287 1104 587
f 1286 3006 1287
f 3007 3009 3010
f 3009 653 795
f 618 26 25
f 2029 1210 1209
f 957 600 2228
f 1049 2228 600
f 2631 3011 2561
f 890 2227 3011
f 3011 2145 3012
f 2561 3012 2375
f 1026 609 608
f 2706 1961 1964
f 3013 2485 3014
f 2148 1267 3015
f 3015 1266 1311
f 2997 1101 1317
f 642 1773 1193
f 186 461 511
f 1041 1320 901
f 1121 3017 1122
f 2984 2987 3018
f 3018 2634 2619
f 1048 3018 2619
f 603 2984 3018
f 2679 801 802
f 2062 2074 2061
f 2061 2076 2064
f 414 1545 1965
f 3016 2683 3019
f 3019 2704 2670
f 3020 2670 720
f 3007 3019 3020
f 1871 1091 777
f 3021 1122 3017
f 3022 3017 3010
f 1314 3022 1315
f 1784 3021 1314
f 1316 1763 611
f 3023 3010 3009
f 3023 795 1092
f 1763 1092 1125
f 1315 3023 1763
f 3016 3010 3017
f 752 2978 1057
f 2986 2637 2987
f 3024 653 3008
f 3020 3008 3007
f 720 3024 3020
f 723 654 3024
f 2681 1268 3025
f 2671 1268 721
f 2705 3025 2671
f 1313 3027 1311
f 3026 3029 3027
f 3027 3030 3031
f 1311 3031 3015
f 2012 731 2023
f 917 974 977
f 3742 3744 3743
f 743 856 744
f 1888 2030 1425
f 2682 2684 3032
f 3032 1124 2989
f 1100 2989 1318
f 1099 3032 1100
f 1123 2989 1124
f 3033 1159 1158
f 2990 1158 1319
f 1123 3033 2990
f 1786 1834 3033
f 1054 2988 2985
f 2979 664 2999
f 2623 2663 2643
f 1095 688 687
f 3034 2261 2956
f 3036 2956 2957
f 3037 3034 3036
f 3038 3035 3034
f 3040 3026 1313
f 2263 3041 3040
f 3042 3043 3041
f 3041 3028 3026
f 3044 3043 3039
f 3046 3045 3044
f 3047 3049 3045
f 3043 3049 3028
f 3038 3051 3050
f 3050 3053 3052
f 3052 3044 3050
f 3039 3050 3044
f 3054 3039 3042
f 3042 2262 3054
f 2261 3054 2262
f 2216 2997 2217
f 2212 2667 1936
f 3056 2209 3055
f 934 1961 1854
f 2013 9209 567
f 3058 3060 3061
f 3059 3063 3060
f 3060 2213 1963
f 3061 1963 1962
f 3063 2214 2213
f 3062 3064 3063
f 3065 2260 3064
f 3064 2215 2214
f 3066 3031 3030
f 2608 3067 3066
f 2966 3068 3067
f 3031 3068 3015
f 2455 2461 2474
f 2476 2226 2477
f 8995 2089 8969
f 8970 9221 9238
f 433 355 381
f 2115 1419 2123
f 8953 2922 8971
f 9221 2131 2134
f 3069 2167 2166
f 2971 2928 2960
f 2961 2773 2962
f 3070 2478 2483
f 2610 3071 2954
f 2502 2374 2386
f 3072 2595 3073
f 2964 3052 2967
f 3048 3074 3049
f 2593 3075 3074
f 3075 3029 3074
f 3074 3028 3049
f 3072 3075 2592
f 3076 2482 2481
f 2481 3066 3076
f 3076 3030 3075
f 2967 3053 2970
f 2482 3073 2483
f 479 493 494
f 706 9325 709
f 9005 2221 8961
f 2013 9206 9207
f 8977 2016 8973
f 9006 2222 2974
f 1171 1155 1176
f 3782 3689 3783
f 2586 2565 2587
f 2982 113 2484
f 2562 3077 3068
f 2376 3012 3077
f 3012 2148 3077
f 3077 3015 3068
f 2963 3046 2964
f 3051 2970 3053
f 1683 491 775
f 9302 1447 9312
f 1986 9186 9220
f 3079 2546 2575
f 3081 2575 2576
f 1983 9220 9217
f 3082 2319 2545
f 3080 2545 2546
f 9186 3082 3080
f 9184 2323 3082
f 1309 1888 748
f 3073 2772 2771
f 2760 3084 2762
f 2760 2088 3083
f 3085 3086 3087
f 3089 3090 3088
f 3089 3084 3085
f 3092 3090 3091
f 3093 2744 2743
f 2751 2748 3093
f 3093 2752 2751
f 2742 3093 3094
f 3094 2743 3095
f 3096 3098 3087
f 3099 3087 3086
f 3097 3095 3098
f 3100 2746 3101
f 3101 3102 3100
f 2764 2927 3101
f 2745 3101 2746
f 3102 3091 3100
f 3100 3095 2743
f 2869 9044 9086
f 3102 3104 3092
f 9110 2869 9086
f 2927 3103 3102
f 3098 3091 3090
f 3087 3090 3085
f 2088 3105 3083
f 3083 3086 3084
f 2483 2771 3070
f 2401 2185 2321
f 3099 3105 3106
f 2125 3106 3105
f 3108 2742 3107
f 3107 3094 3097
f 3110 3107 3109
f 3109 3097 3096
f 3111 3096 3099
f 3112 3109 3111
f 3113 2737 3108
f 3115 2722 3114
f 3117 3114 3116
f 3119 3116 3118
f 3118 3120 3121
f 3116 3113 3120
f 3122 3111 3123
f 3122 1755 1754
f 3124 3126 3127
f 3125 3121 3126
f 3128 3118 3125
f 3129 3125 3124
f 2020 3128 3129
f 9305 1346 1352
f 1065 1047 1066
f 1814 9282 1649
f 2021 3129 3130
f 3111 3106 3123
f 3123 2207 1755
f 2377 2224 2973
f 3014 113 112
f 1756 9234 9219
f 3131 2530 2528
f 3133 2528 2529
f 1753 9219 9227
f 3134 3127 3135
f 2327 2314 2313
f 2436 2317 2349
f 2018 9163 9164
f 2534 3137 2535
f 2320 3136 2534
f 2185 9164 9223
f 3138 2542 2539
f 3134 9196 9197
f 9237 3134 9197
f 3140 2539 2538
f 2535 3140 2538
f 9163 3130 9237
f 2558 3132 3141
f 9234 3141 3132
f 2560 3141 3142
f 9212 3142 3141
f 958 2976 2981
f 1933 2980 3143
f 3714 3729 3713
f 2399 2418 2416
f 2348 2343 2432
f 2322 2319 2323
f 2718 2874 2730
f 2709 2873 2710
f 2894 1361 1942
f 3788 3720 3717
f 346 176 347
f 1876 1882 1881
f 2802 9059 9044
f 3104 3088 3092
f 2974 9101 9055
f 3089 2761 2762
f 3088 3145 3089
f 2803 9055 9059
f 9322 692 628
f 2123 1418 2126
f 1365 1368 1367
f 3346 3344 3343
f 1581 1782 1783
f 9013 2129 8964
f 8999 2002 8965
f 3146 2551 3147
f 9203 3147 9202
f 9194 3146 9203
f 3149 2585 3146
f 3196 3197 3195
f 9056 2191 9075
f 3142 2556 2560
f 9229 3150 3142
f 9098 2550 9045
f 3150 2555 2556
f 9230 3151 3150
f 9240 3152 9098
f 3153 2551 2549
f 3152 2549 2550
f 9233 3153 3152
f 9228 3147 3153
f 3148 2206 2205
f 2183 2321 2184
f 2132 2928 2133
f 3299 3321 3319
f 9136 2204 2203
f 9171 2197 9173
f 2594 2773 2951
f 2595 2951 2772
f 1870 799 1869
f 3257 3259 3258
f 9165 2178 9158
f 9158 9188 9242
f 336 9226 9174
f 339 3154 336
f 9241 3149 9194
f 9135 2584 3149
f 2963 3048 3047
f 9174 337 336
f 339 2566 2586
f 3156 2168 2167
f 2610 2167 2611
f 2954 3156 2610
f 3157 2953 2257
f 9159 2169 9161
f 2567 3159 2568
f 337 2567 338
f 9182 2166 9159
f 9216 1983 9217
f 2579 3081 2576
f 2568 3160 2579
f 9161 2190 9216
f 3065 3162 3161
f 3161 1984 2189
f 3157 2189 2168
f 2257 3161 3157
f 734 1922 806
f 3059 2708 3163
f 3163 2182 1985
f 3162 1985 1984
f 3062 3163 3162
f 3203 3205 3204
f 3806 3808 3807
f 2122 1448 1447
f 9269 1685 9264
f 139 444 69
f 1570 566 533
f 2957 3165 3036
f 2955 3164 2957
f 1912 341 1973
f 3130 3124 3134
f 1548 319 1547
f 1949 1327 1887
f 2969 3078 3167
f 3167 3169 3168
f 9176 2017 9172
f 9172 2033 9211
f 3168 3165 3170
f 3170 3164 3171
f 9231 3171 9208
f 9176 3170 9231
f 3171 3166 3172
f 3172 3071 3173
f 9204 3173 9201
f 9208 3172 9204
f 3169 3036 3165
f 2593 2962 2594
f 3173 2609 3174
f 3174 2199 2198
f 9235 2198 9171
f 9201 3174 9235
f 2190 1984 1983
f 2196 2767 3148
f 3326 3328 3327
f 2119 1414 1448
f 1464 1466 1465
f 2199 3069 2200
f 2457 2587 2565
f 2226 2562 2966
f 481 1627 1639
f 333 235 236
f 3078 3037 3169
f 3040 2997 2263
f 3351 3262 3263
f 2219 1933 2220
f 2385 2497 2503
f 221 3175 2484
f 2220 3143 3175
f 3175 2976 2975
f 2484 2975 2982
f 2954 3166 2955
f 2630 110 2982
f 1547 1952 1955
f 2091 2188 2187
f 9185 2178 2177
f 1918 1927 1926
f 9007 111 8955
f 3398 3400 3399
f 955 960 954
f 2037 112 9007
f 3143 2981 2976
f 2218 2214 2215
f 672 9239 8985
f 2152 3014 2037
f 1147 1143 1145
f 2248 1409 2245
f 1615 1635 1616
f 1410 2246 2247
f 3486 3487 3310
f 3468 3502 3501
f 3451 3452 3450
f 3177 1383 1382
f 2238 3176 1382
f 3176 2230 3178
f 1410 3179 1407
f 3179 2243 1407
f 1633 2800 2249
f 3816 3817 3814
f 1621 2758 2912
f 3642 3662 3675
f 3422 3260 3257
f 1622 2245 1634
f 2236 3181 3182
f 3793 3795 3794
f 3493 3495 3494
f 2237 3182 3183
f 3513 3515 3514
f 2250 2233 2229
f 3654 3667 3802
f 2912 1628 1621
f 3819 3821 3820
f 3432 3823 3431
f 135 1564 1563
f 1567 512 1565
f 1085 2653 2685
f 3184 868 3056
f 869 3057 934
f 3389 3387 3386
f 1266 1098 1312
f 1267 722 721
f 937 2646 936
f 2146 722 2147
f 2211 921 2667
f 1957 507 449
f 1313 2264 3040
f 1496 1493 1492
f 2681 2705 2682
f 2887 2933 2932
f 1687 1659 1694
f 145 1498 81
f 1317 1319 2694
f 3831 3830 3834
f 37 418 71
f 1935 3185 2977
f 104 301 103
f 2101 2083 2084
f 543 360 207
f 1934 3186 3185
f 234 212 237
f 9297 1822 1824
f 3825 3827 3826
f 1976 1874 1974
f 223 2219 220
f 9107 9057 9064
f 468 773 2165
f 3673 3659 3672
f 1935 1728 1932
f 3490 3840 3549
f 3362 3848 3847
f 3862 3864 3863
f 3465 3484 3868
f 3893 3525 3874
f 3352 3430 3431
f 3869 3871 3870
f 3529 3567 3564
f 3420 3922 3921
f 3304 3236 3303
f 3929 3931 3930
f 3324 3327 3561
f 3219 3939 3331
f 3220 3937 3219
f 3450 3376 3439
f 3942 3833 3941
f 3215 3454 3945
f 3946 3215 3945
f 3422 3948 3421
f 3950 3198 3196
f 3205 3957 3920
f 3261 3961 3288
f 3852 3964 3963
f 3214 3946 3958
f 3965 3214 3192
f 3797 3799 3798
f 3988 3990 3989
f 3777 3806 3822
f 3855 3447 3444
f 3737 3800 3736
f 3949 3952 3948
f 3651 3783 4000
f 4001 3787 3812
f 4019 4021 4020
f 4027 4029 4028
f 3258 4030 4027
f 4033 4035 4034
f 3424 4047 4046
f 3242 4058 4057
f 3970 3547 3971
f 3829 4057 3825
f 3333 3947 4060
f 4063 4065 4064
f 4073 4075 4074
f 3568 3443 3448
f 3981 3335 4050
f 3540 3862 3539
f 4078 4031 4032
f 3565 4088 3993
f 3442 4089 4082
f 4092 4094 4093
f 4093 4097 4096
f 3619 3623 3624
f 3660 3821 3807
f 3809 3649 3808
f 3610 3655 3613
f 3656 3623 3657
f 3621 3804 3620
f 3503 3481 3504
f 3436 3438 3437
f 3356 3427 3353
f 3628 3669 3633
f 3734 4002 3733
f 3276 3370 3369
f 3763 4107 3762
f 4006 3754 3755
f 3747 3752 3746
f 3863 4110 3992
f 3994 4003 3501
f 3653 3664 3652
f 3296 4115 3295
f 4117 4119 4118
f 3249 3251 3250
f 4127 4129 4128
f 3478 3903 3867
f 3410 3921 3922
f 3977 4038 3976
f 3216 3453 3454
f 3967 3548 3966
f 4140 4032 4039
f 3509 4149 3916
f 4151 3659 3587
f 4153 3656 3671
f 4153 3646 3672
f 4156 3645 4155
f 4139 4078 4140
f 3743 4163 4162
f 3861 3987 4166
f 3468 4067 3467
f 3306 3980 3835
f 4172 4010 4024
f 4169 3836 3835
f 4187 4189 4188
f 4213 4215 4214
f 4220 4222 4221
f 4225 4211 4204
f 4230 4232 4231
f 4240 4242 4241
f 3606 3608 3607
f 4250 4252 4251
f 4258 4260 4259
f 4077 4079 4078
f 4276 4278 4277
f 4308 4263 4309
f 4017 3872 3869
f 3196 3951 3950
f 4316 4270 4271
f 3870 4307 3869
f 4324 4326 4325
f 4333 4247 4244
f 4338 4340 4339
f 4348 4350 4349
f 4283 4289 4286
f 4356 4358 4357
f 4359 4020 4358
f 4362 4196 4197
f 4320 4279 4276
f 4370 4296 4371
f 4377 4303 4249
f 4231 4201 4178
f 4203 4331 4381
f 4037 4039 4038
f 4371 4386 4370
f 4387 4347 4314
f 3309 3294 3310
f 4099 3724 3818
f 4355 3257 4313
f 3630 3693 3627
f 4277 4302 4390
f 4350 4319 4349
f 4353 4351 4348
f 3637 3639 3638
f 4394 3827 3320
f 3311 4399 4398
f 3755 4005 4006
f 4363 4259 4260
f 3454 3919 3920
f 3446 3459 3458
f 4298 4404 4406
f 3749 3769 3766
f 3791 3756 3792
f 3643 3684 3640
f 3845 3399 3400
f 4313 3258 4312
f 4411 4408 4412
f 3843 4423 3842
f 4214 4329 4328
f 4431 4433 4432
f 3918 3798 3799
f 3927 3388 3389
f 4453 3874 3873
f 4138 4457 4456
f 3346 4459 3345
f 4100 4108 4107
f 3974 3976 3975
f 3665 3652 3664
f 3773 3993 3992
f 3945 3920 3957
f 4144 4462 4461
f 4464 4466 4465
f 3268 4479 3267
f 4484 4136 4485
f 3348 4487 3347
f 3313 3912 3913
f 3803 3617 3802
f 4086 3510 4087
f 4034 3305 4033
f 3403 4171 4489
f 4481 4492 4491
f 4177 4179 4178
f 4398 3923 3311
f 4451 4494 4450
f 4501 4076 4502
f 4509 4506 4503
f 3304 4462 4517
f 4485 3312 4484
f 3419 3349 4064
f 4356 4385 4305
f 4026 4358 4020
f 4354 4357 4358
f 3599 4091 4090
f 4341 4254 4274
f 4251 4524 4335
f 3482 3484 3483
f 3843 3544 4085
f 4295 4274 4294
f 4381 4206 4203
f 4204 4531 4225
f 4533 4535 4534
f 4542 4544 4543
f 4546 4548 4547
f 4573 4547 4548
f 4575 4577 4576
f 4221 4580 4220
f 4587 4589 4588
f 4328 4589 4214
f 4187 4563 4332
f 4595 4593 4591
f 4597 4604 4596
f 4609 4611 4610
f 4620 4622 4621
f 4612 4614 4613
f 4636 4600 4637
f 4649 4650 4648
f 4652 4654 4653
f 4662 4664 4663
f 4666 4668 4667
f 4637 4685 4684
f 4627 4700 4626
f 4684 4636 4637
f 4663 4661 4662
f 4699 4697 4696
f 4647 4703 4702
f 4709 4603 4710
f 4724 4726 4725
f 4742 4744 4743
f 3311 3924 3314
f 4698 4758 4679
f 4749 4609 4610
f 4342 4344 4343
f 4797 4799 4798
f 4490 3974 4143
f 4019 4306 3870
f 4512 4514 4513
f 3991 4508 4507
f 4692 4694 4693
f 4680 4818 4810
f 4821 4824 4823
f 4367 4243 4240
f 4833 4831 4830
f 4837 4757 4754
f 4332 4562 4561
f 4683 4819 4682
f 4845 4850 4849
f 4751 4752 4669
f 4854 4695 4692
f 4858 4718 4857
f 4822 4859 4824
f 4674 4647 4675
f 4771 4773 4772
f 4726 4537 4540
f 4714 4719 4715
f 4633 4688 4687
f 4616 4618 4617
f 4686 4842 4841
f 4869 4708 4629
f 3502 3528 3529
f 4777 4737 4745
f 4734 4779 4873
f 4883 4663 4664
f 4375 4274 4275
f 4290 4335 4524
f 4799 4826 4825
f 4816 4812 4810
f 4778 4732 4659
f 4158 4160 4159
f 4195 4197 4196
f 3860 4166 4167
f 3758 3763 3764
f 3694 4157 4156
f 4249 4391 4377
f 3467 3469 3468
f 4209 4211 4210
f 4142 4144 4143
f 3615 3617 3616
f 3479 3536 3535
f 4883 4672 4886
f 4802 4642 4643
f 3698 3638 3683
f 4105 3726 3730
f 4848 4896 4895
f 4878 4744 4837
f 4610 4748 4749
f 4036 4489 4035
f 4355 4314 4347
f 4171 4049 4048
f 3875 3216 3217
f 4868 4863 4864
f 4623 4691 4622
f 3629 4155 4154
f 4654 4898 4683
f 4012 4014 4013
f 4902 4866 4867
f 4768 4908 4906
f 4370 4385 4384
f 4888 4914 4913
f 3546 3917 3916
f 4932 4931 4919
f 3625 4151 4150
f 3804 3670 3657
f 3816 4103 4101
f 4911 4887 4912
f 4928 4927 4929
f 4925 4927 4921
f 3655 3666 3654
f 4932 4910 4911
f 4937 4912 4913
f 4939 4942 4941
f 4228 4530 4381
f 4946 4942 4947
f 4938 4923 4937
f 4942 4937 4947
f 4951 4930 4928
f 4955 4928 4954
f 4748 4615 4749
f 4914 4847 4956
f 4824 4584 4856
f 4940 4941 4943
f 4916 4960 4917
f 4909 4891 4862
f 4971 4968 4949
f 4966 4948 4944
f 4962 4953 4965
f 4940 4924 4939
f 4831 4917 4895
f 4935 4925 4924
f 4275 4261 4258
f 4679 4791 4678
f 4016 4373 4376
f 4668 4766 4795
f 4539 4727 4845
f 4929 4936 4933
f 4607 4882 4881
f 4775 4801 4802
f 4801 4742 4774
f 4732 4611 4733
f 4985 4983 4982
f 4534 4562 4533
f 4847 4645 4848
f 4788 4619 4616
f 4787 4678 4791
f 4657 4605 4597
f 4994 4878 4837
f 5006 5008 5007
f 5001 4973 4988
f 4814 4619 4785
f 5014 4974 5012
f 5003 4972 4973
f 5019 5007 5018
f 5024 5017 5025
f 5036 5035 5032
f 4990 4975 4972
f 5045 5034 5044
f 5048 5034 5035
f 5025 5014 5026
f 5046 5043 5031
f 5051 5055 5054
f 5044 5060 5059
f 5011 5021 5020
f 5013 5068 5012
f 5028 5072 5029
f 5077 5064 5065
f 5065 5079 5077
f 5083 5080 5060
f 5063 5080 5065
f 5054 5071 5078
f 4602 4711 4851
f 5058 5083 5053
f 4982 4792 4793
f 5041 5045 5061
f 3909 3278 3250
f 3471 3473 3472
f 5002 4994 4995
f 5060 5067 5059
f 4892 4862 4891
f 4891 4884 4892
f 4996 5003 5001
f 4997 5005 5000
f 4813 4614 4829
f 4618 4827 4613
f 5089 5093 5092
f 3303 3305 3304
f 5100 5102 5101
f 5107 5109 5108
f 5110 5092 5114
f 4610 4734 4874
f 5112 5100 5084
f 5088 5090 5089
f 5119 5117 5116
f 5092 5096 5089
f 3826 3829 3825
f 5108 5102 5126
f 5100 5087 5084
f 5118 5133 5138
f 3783 3690 3784
f 4444 4446 4445
f 5151 5150 5152
f 4790 4617 4813
f 4332 4190 4187
f 3266 4451 4448
f 3211 3332 3946
f 4741 4760 4652
f 4775 4777 4776
f 4764 4691 4766
f 4489 4048 4490
f 4466 4511 4497
f 4518 3930 4514
f 4786 4791 4807
f 4980 4984 4977
f 5144 5150 5143
f 5159 5148 5158
f 5121 5120 5114
f 5169 5162 5165
f 5016 4979 5017
f 5123 5179 5122
f 5181 5140 5183
f 5175 5184 5141
f 4575 4586 4534
f 4984 4976 4977
f 4596 4598 4597
f 5182 5183 5186
f 4785 4787 4786
f 5137 5122 5179
f 5167 5180 5181
f 4835 4898 4897
f 4687 4726 4633
f 4176 4170 4398
f 4760 4655 4652
f 4681 4649 4646
f 5121 5132 5131
f 5171 5178 5170
f 5174 5191 5176
f 5169 5194 5164
f 4909 5095 4907
f 5105 5112 5113
f 4767 5126 4803
f 5201 5205 5204
f 5219 5217 5216
f 5229 5200 5209
f 5234 5236 5235
f 4069 4071 4070
f 4724 4717 4713
f 5108 4768 5107
f 5103 5126 5102
f 5227 5211 5226
f 5015 4884 4885
f 4997 4892 4884
f 5197 5215 5214
f 5241 5247 5246
f 5013 5019 5018
f 5205 5232 5204
f 4969 4971 4970
f 5239 5249 5248
f 4808 5225 4809
f 5216 5199 5196
f 5253 5242 5254
f 5235 5255 5256
f 5135 5157 5134
f 5264 5267 5266
f 5245 5215 5242
f 5260 5269 5267
f 5264 5274 5265
f 5154 5173 5142
f 5287 5278 5288
f 5256 5300 5257
f 5173 5176 5175
f 4631 4629 4628
f 4781 4783 4782
f 5309 5311 5310
f 5155 5144 5145
f 4826 4827 4825
f 5291 5308 5293
f 5310 5281 5286
f 5311 5308 5288
f 4036 4176 4175
f 4641 4704 4702
f 5220 4804 5223
f 4770 5207 4905
f 5188 5175 5176
f 5180 5129 5140
f 4626 5314 5313
f 4731 5315 5317
f 5222 5210 5221
f 4728 5316 5315
f 5230 5216 5196
f 5297 5240 5241
f 5204 5208 5201
f 5318 4864 5319
f 5273 5287 5289
f 5221 5219 5230
f 4700 5321 5314
f 5313 5328 5329
f 5157 5154 5142
f 5275 5263 5265
f 5324 5318 5325
f 5323 5331 5328
f 5343 5345 5344
f 5306 5286 5282
f 5278 5311 5288
f 4882 5320 5316
f 5109 5114 5120
f 5123 5130 5129
f 5299 5284 5298
f 5240 5199 5241
f 5229 5197 5214
f 5305 5292 5293
f 5233 5225 5243
f 5192 5194 5193
f 5104 4670 4746
f 5146 5160 5145
f 5337 5347 5338
f 5347 5341 5332
f 5353 5335 5352
f 5349 5354 5352
f 5355 5357 5354
f 5358 5360 5359
f 5355 5348 5360
f 5342 5365 5364
f 5345 5362 5344
f 5332 5367 5331
f 5372 5315 5316
f 5370 5366 5369
f 5361 5354 5357
f 5364 5368 5367
f 5369 5362 5370
f 5316 5330 5372
f 5373 5371 5372
f 5341 5364 5332
f 5374 5359 5373
f 5329 5375 5330
f 5377 5379 5378
f 5377 5331 5367
f 5380 5367 5368
f 5363 5370 5362
f 5357 5374 5381
f 5381 5361 5357
f 4814 4825 4827
f 4825 4816 4799
f 4806 4747 4805
f 5119 5131 5118
f 4696 4893 5387
f 4696 5390 4699
f 5213 5388 5387
f 5393 5388 5394
f 5380 5384 5379
f 5213 4893 5212
f 4813 4908 4790
f 5390 4693 4694
f 5294 5287 5295
f 5184 5186 5183
f 5285 5253 5254
f 4769 4790 4908
f 5327 5359 5360
f 4598 4690 4656
f 4608 4733 4611
f 4627 4609 4839
f 4596 4851 4711
f 4900 4706 4707
f 4668 5395 4667
f 4863 4639 4601
f 5392 4666 4667
f 4872 4651 4807
f 4807 4758 4872
f 5348 5325 5326
f 5176 5190 5188
f 5046 5022 5023
f 4853 4869 4870
f 5346 5363 5362
f 4709 4620 4599
f 4672 4904 4886
f 4680 4651 4649
f 4841 4688 4686
f 4823 4818 4821
f 4729 4602 4851
f 4881 4851 4604
f 5360 5326 5327
f 4852 4707 4869
f 4890 4669 4666
f 5392 5389 5393
f 5189 5186 5187
f 4881 4605 4607
f 5343 5369 5366
f 4607 4625 4882
f 5056 5052 5057
f 4850 4798 4894
f 3260 5398 3259
f 4855 4899 4871
f 5339 5366 5342
f 4789 4808 4677
f 5400 3948 3952
f 3872 4046 3871
f 4018 3424 3872
f 4025 4172 4024
f 4011 4024 4010
f 4065 3900 3901
f 3413 4013 3412
f 5056 5069 5070
f 5055 5070 5071
f 4062 5399 4061
f 5269 5294 5268
f 4685 4903 4846
f 5254 5240 5296
f 4606 4658 4733
f 4729 4882 4728
f 4030 4043 4029
f 4664 4753 4883
f 3575 3904 3903
f 3413 3922 3426
f 4949 4955 4934
f 4947 4913 4914
f 4849 4894 4856
f 4143 3975 4142
f 4912 4932 4911
f 3774 3995 3994
f 3956 3342 4168
f 4871 4758 4759
f 4270 4272 4271
f 4039 5400 4140
f 3555 5402 3554
f 5403 3906 3907
f 3908 3823 3907
f 4124 5408 5407
f 3901 4046 4047
f 4120 5410 5409
f 4124 4125 4123
f 5420 5404 5421
f 5424 5425 3557
f 3400 5428 3845
f 5432 5435 3226
f 4941 4945 4944
f 4935 4949 4934
f 3895 3897 3896
f 5426 4121 5418
f 5430 3906 5420
f 4045 5398 4062
f 5395 5392 4667
f 4846 4701 4840
f 4880 4710 4879
f 4624 4608 4609
f 4656 4662 4661
f 5305 5309 5304
f 5220 5222 5221
f 4230 4327 4324
f 5030 5028 5027
f 5213 5211 5210
f 5440 3269 5441
f 4396 3980 5444
f 5447 3244 3241
f 3328 5451 5396
f 4208 4248 4207
f 4599 4621 4598
f 4528 4391 4208
f 4529 4199 4207
f 4526 4339 4528
f 4256 5452 4532
f 4532 4241 4242
f 3834 5446 3831
f 5443 5444 4050
f 4530 4334 4206
f 4754 4904 4837
f 4229 4381 4331
f 4205 4383 4531
f 4892 4987 4861
f 4039 3976 4038
f 4738 4796 4741
f 4833 4897 4832
f 4232 4200 4201
f 4194 4241 4193
f 4889 4750 4748
f 4194 4365 4368
f 4531 4195 4238
f 5043 5062 5031
f 4182 4561 4180
f 5446 3241 3831
f 5237 5248 5236
f 4206 4382 4205
f 5210 5218 5219
f 3426 3417 3425
f 4216 4192 4215
f 4219 4184 4185
f 4180 4380 4179
f 4327 4591 4326
f 4223 4231 4222
f 4215 4360 4329
f 4186 4218 4185
f 4190 4209 4189
f 4223 4595 4327
f 4326 4328 4329
f 4366 4568 4186
f 4570 4549 4569
f 4579 4548 4570
f 4563 4533 4562
f 4583 4220 4580
f 4586 4561 4562
f 4239 4363 4243
f 4572 4567 4564
f 4536 4585 4535
f 4538 4566 4541
f 4536 5453 4538
f 3573 3983 3316
f 5427 3552 3556
f 4553 4588 4552
f 4593 4555 4592
f 4368 4183 4227
f 4361 4235 4236
f 4233 4527 4232
f 4233 4324 4237
f 4212 4330 4331
f 4237 4325 4236
f 4193 5452 4361
f 4983 4885 4792
f 5002 4986 4993
f 5074 5076 5075
f 4698 5391 4759
f 5391 5390 4694
f 4871 4650 4872
f 4546 4543 4544
f 4553 4901 4574
f 4552 4555 4556
f 5223 4805 5394
f 5386 5383 5363
f 5317 5371 5327
f 3240 4429 3377
f 5384 5381 5379
f 3938 3218 3937
f 3942 5455 5454
f 5361 5386 5356
f 4542 4541 4545
f 3910 5420 3428
f 3939 4060 3940
f 3851 5351 5454
f 3838 3556 3837
f 4547 4857 4546
f 5442 4050 3335
f 3385 5428 5429
f 4257 4235 4256
f 5312 4893 4809
f 4212 4204 4211
f 3854 5461 4392
f 4226 4210 4211
f 4202 4178 4201
f 3316 3897 3315
f 5464 4432 4433
f 5465 3883 4432
f 4472 4449 4450
f 4501 4450 4494
f 4074 4080 4077
f 5473 5401 4173
f 4173 5475 5473
f 3432 3520 5413
f 3462 5504 3461
f 4075 4494 4080
f 5482 3387 3392
f 5468 5470 5469
f 3427 5422 3523
f 4498 4487 3386
f 5403 5414 4128
f 3382 5522 3873
f 3492 5511 3491
f 3429 3517 3520
f 3873 5524 4453
f 5480 3350 3347
f 3477 5505 3462
f 4507 5544 4475
f 4396 5551 4051
f 3374 5553 3373
f 3373 5554 3390
f 5479 4063 3350
f 3390 5555 3393
f 5531 5566 5565
f 3368 5567 3367
f 5556 5560 5559
f 3393 5557 5556
f 4433 5463 5464
f 5464 5458 5456
f 4435 4439 3380
f 4055 3277 3274
f 3273 3911 3370
f 3395 3358 3394
f 5486 4071 5484
f 5526 4453 5524
f 5525 5569 5566
f 5568 3527 5567
f 3527 3847 3366
f 3365 3849 5462
f 5462 3850 5459
f 4435 5571 4430
f 3378 3943 3944
f 5573 5577 5574
f 4438 3943 3379
f 5477 5579 5476
f 5582 5580 5579
f 5583 5581 5584
f 5586 5588 5587
f 4074 5586 4073
f 5583 5474 5473
f 4507 5590 3991
f 5573 4522 4520
f 3989 5596 3988
f 5594 3407 5593
f 4436 5572 5571
f 5591 3991 5590
f 4507 4476 5589
f 3990 5587 5588
f 5578 3406 5577
f 5595 5584 5581
f 5484 3358 5486
f 4441 5467 3882
f 5472 4077 4139
f 5522 5570 5524
f 5486 3353 3524
f 5481 3386 3387
f 3475 5492 3518
f 5476 3899 5477
f 5540 5606 5603
f 5542 5603 5607
f 5608 5542 5607
f 5608 5545 5544
f 5607 5609 5545
f 5599 5548 5612
f 5598 5543 5608
f 5595 5593 5596
f 5588 3989 3990
f 5626 3266 5627
f 5627 4448 5628
f 5469 4469 5468
f 4515 5625 4491
f 4503 4474 4509
f 4481 5627 4480
f 4500 5469 5470
f 3414 5466 5465
f 5594 5581 5582
f 3376 4430 5571
f 3444 3941 3855
f 5572 3444 3445
f 4273 4287 4272
f 4345 4357 4344
f 4386 4305 4385
f 4517 4463 5625
f 4352 4319 4379
f 4352 4251 4336
f 4268 4390 4388
f 4264 4320 4323
f 4346 4282 4283
f 4337 4343 4344
f 4289 4245 4288
f 4303 4287 4288
f 4343 4291 4342
f 4284 4244 4289
f 4375 4291 4294
f 4379 4271 4272
f 4337 4348 4336
f 4524 4295 4290
f 4364 4197 4279
f 4285 4390 4302
f 5206 5208 5207
f 4297 4371 4296
f 4346 4286 4273
f 4285 4333 4284
f 3571 4395 5460
f 5341 5339 5342
f 5346 5334 5335
f 5269 5273 5289
f 4510 5609 5610
f 4509 5545 5609
f 4445 5611 5546
f 5566 5568 3368
f 5349 5338 5348
f 5489 3401 3398
f 5565 3368 3338
f 5496 5417 5630
f 5523 3383 5634
f 5325 5347 5324
f 5523 5599 5522
f 5429 3401 5633
f 3887 5631 5630
f 5634 5600 5523
f 5276 5279 5277
f 5298 5257 5300
f 5087 5085 5084
f 3361 5612 5548
f 5041 5066 5040
f 5487 3383 3384
f 5101 5130 5100
f 5299 5300 5303
f 5333 5335 5334
f 5302 5304 5303
f 5234 5216 5217
f 5301 5255 5258
f 4868 5322 4867
f 5281 5277 5279
f 5323 5322 5324
f 5298 5296 5297
f 4885 4750 4792
f 5231 5196 5197
f 4625 5313 5320
f 5111 5085 5098
f 5600 5549 5548
f 5531 5563 5527
f 5165 5182 5189
f 5283 5285 5284
f 4269 4277 4268
f 5610 5603 5606
f 5127 5091 5128
f 4907 5125 4906
f 5277 5272 5262
f 5596 5592 5598
f 5212 5226 5211
f 5273 5262 5272
f 5302 5258 5292
f 5635 5645 5640
f 4250 4379 4378
f 4485 3405 3402
f 4354 4023 4351
f 4265 4304 4386
f 4388 4282 4387
f 4345 4384 4385
f 4362 4297 4259
f 4836 4612 4828
f 4360 4236 4325
f 4369 4237 4234
f 5647 3986 3573
f 5650 3192 3189
f 5337 5336 5333
f 4467 4477 4466
f 4253 4340 4252
f 4429 5457 4428
f 3997 3915 3540
f 5535 3839 3982
f 5538 4460 4456
f 3439 5571 3438
f 5570 5526 5524
f 3438 5572 3445
f 4440 3879 3876
f 3440 4407 3449
f 3886 5695 5694
f 5534 5396 5451
f 5685 3471 5684
f 4278 4301 4302
f 5628 4449 5469
f 3579 3538 3578
f 4480 5628 4500
f 4402 5517 5518
f 4279 4198 4278
f 3603 3532 3602
f 3580 4088 4090
f 4095 3531 4094
f 5248 5251 5250
f 3778 3999 3776
f 4617 4613 4614
f 4375 4372 4519
f 3411 4136 3410
f 5094 5111 5097
f 3602 3535 3605
f 4023 4350 4351
f 4349 4336 4348
f 3605 3536 3592
f 4469 4471 4470
f 4094 3593 4097
f 4248 4245 4246
f 3519 5518 5517
f 5254 5284 5285
f 4852 4795 4766
f 4265 5629 4264
f 5632 5503 5631
f 3604 3612 3601
f 5549 5502 3360
f 3653 3607 3661
f 4780 4873 4779
f 4988 4979 4976
f 4491 5626 4481
f 4837 4995 4994
f 4615 4765 4749
f 5468 4470 4504
f 3514 3467 3513
f 5491 4409 5679
f 4093 3619 4092
f 4364 5629 4297
f 3488 5509 3487
f 5606 5611 5610
f 4210 4189 4209
f 4600 4602 4601
f 5242 5198 5240
f 5073 5075 5072
f 5651 3940 4060
f 3996 3775 3998
f 5200 5202 5201
f 5525 5527 5526
f 3364 4434 3363
f 3775 3542 3581
f 3941 5485 3855
f 3731 4105 3730
f 4997 4999 4998
f 4508 5608 5544
f 4101 3818 3816
f 3728 4103 3727
f 4591 4592 4328
f 4539 4538 4537
f 4550 4552 4551
f 4541 4567 4545
f 4389 4570 4568
f 4582 4580 4576
f 4976 4978 4977
f 4705 4707 4706
f 4797 4843 4844
f 3713 3730 3726
f 4675 4702 4704
f 4977 4981 4980
f 4810 4817 4816
f 4786 4812 4785
f 4715 4628 4714
f 4978 5021 4981
f 5010 5006 4991
f 3722 4162 4161
f 4558 4560 4559
f 4568 4569 4218
f 4584 4535 4585
f 4641 4715 4716
f 5026 5012 5068
f 4776 4745 4742
f 4714 4712 4713
f 4982 5001 4985
f 4576 4560 4582
f 4564 4566 4565
f 5069 5018 5029
f 5057 5048 5047
f 4810 4811 4680
f 3710 3786 3709
f 4991 4999 5010
f 5011 5010 5004
f 5008 5022 5027
f 5066 5063 5040
f 5047 5024 5025
f 5050 5051 5053
f 5023 5016 5024
f 5045 5059 5061
f 5047 5026 5057
f 3711 3724 3721
f 5048 5037 5047
f 5042 5063 5062
f 5058 5051 5054
f 5036 5046 5037
f 3715 3700 3714
f 5235 5257 5246
f 3732 3704 3702
f 5030 5062 5064
f 5020 5023 5022
f 5263 5261 5260
f 5049 5044 5034
f 5236 5250 5255
f 5031 5027 5022
f 5043 5039 5042
f 5320 5329 5330
f 5049 5052 5051
f 5326 5317 5327
f 3264 3288 3285
f 5264 5263 5260
f 4998 4992 4987
f 5009 5020 5008
f 5036 5039 5038
f 5032 5034 5033
f 4355 3949 3422
f 4269 4374 4323
f 4253 4378 4303
f 4525 4252 4340
f 3960 4111 3866
f 4372 4258 4296
f 5681 5673 5675
f 4378 4272 4287
f 4270 4346 4273
f 3244 5644 5643
f 4899 4648 4650
f 3734 3702 3810
f 4138 3343 4137
f 4192 4361 4360
f 3813 3812 3810
f 3817 3696 3814
f 5668 5682 5674
f 5690 5687 5684
f 5499 5700 5517
f 3999 3820 3577
f 3745 4102 4106
f 5684 3472 5690
f 5702 3860 5703
f 5712 5693 5670
f 3249 4393 3572
f 5695 5715 5694
f 5694 5716 5696
f 5719 5601 5602
f 4918 4950 4952
f 4774 4743 4773
f 3844 5605 3735
f 5505 4411 5504
f 3583 3585 3582
f 3710 4157 4160
f 5513 4417 5508
f 5704 4146 5709
f 4141 4062 4049
f 5669 5688 4410
f 3898 5653 5450
f 5718 3972 5719
f 5684 5686 5685
f 3917 5717 3512
f 3463 5662 5660
f 5492 5680 5491
f 4931 4950 4919
f 5665 3441 5663
f 3788 3740 3790
f 3501 3529 3994
f 3569 3477 3308
f 5516 5727 5515
f 3564 3566 3565
f 3892 5406 3889
f 3962 5407 3961
f 4126 4123 4125
f 4116 3287 5411
f 3892 5630 5417
f 3824 5413 5414
f 4408 5680 4412
f 3969 3978 5402
f 4408 3449 4407
f 4414 3449 4413
f 3962 3262 4125
f 4425 5616 4321
f 4418 5727 4419
f 5716 5575 5696
f 5719 5717 5718
f 5698 5692 5697
f 3880 4166 3987
f 5652 5520 5619
f 5621 4167 4166
f 5679 4410 5688
f 3210 3355 5618
f 5622 5451 5657
f 5416 5497 5624
f 5729 5731 5730
f 5733 3761 3758
f 5735 5737 5736
f 5750 5751 5734
f 5744 5740 5741
f 5744 3753 5746
f 5753 5730 5731
f 5757 5736 5737
f 5731 5765 5753
f 5774 5776 5775
f 5790 5792 5791
f 5796 5787 5797
f 5817 5819 5818
f 5828 5830 5829
f 3725 3751 3747
f 4874 4873 4875
f 4700 4903 4902
f 4740 4876 4739
f 3199 3201 3200
f 4100 4099 4101
f 3749 4108 3748
f 3695 3712 3692
f 3378 3380 3379
f 5504 4412 5507
f 4405 5518 5699
f 5838 5835 5836
f 4705 4712 4708
f 5832 5828 5833
f 5697 5678 5698
f 3791 4005 3790
f 5848 5794 5850
f 3714 3701 3704
f 3995 4042 3890
f 3329 3224 3222
f 4005 3705 4004
f 4551 4763 4550
f 5855 5808 5856
f 5851 5792 5852
f 5803 5858 5847
f 5844 5840 5845
f 5762 5743 5740
f 5808 5806 5807
f 4012 3426 3423
f 5558 3467 4067
f 4550 4720 4901
f 4950 4953 4952
f 3885 5694 5696
f 5705 4081 4082
f 5508 4415 5505
f 3745 3760 3744
f 5507 5680 5506
f 3592 3588 3591
f 3895 5658 5653
f 5613 5501 5549
f 3834 4393 4055
f 5527 4455 5526
f 5775 5809 5774
f 5766 5813 5810
f 5858 5812 5859
f 5855 5811 5858
f 5863 5819 5862
f 5826 5863 5829
f 5862 5833 5828
f 5870 5837 5845
f 5782 5831 5832
f 5868 5836 5873
f 5778 5843 5844
f 5866 5845 5840
f 5785 5867 5784
f 5790 5789 5793
f 5796 5794 5795
f 5821 5819 5820
f 5657 5620 5622
f 5793 5852 5792
f 5855 5801 5798
f 5853 5786 5796
f 5804 5802 5803
f 5827 5864 5822
f 5767 5821 5813
f 5854 5776 5777
f 5860 5818 5861
f 5782 5825 5785
f 5781 5844 5834
f 5810 5815 5816
f 5867 5830 5784
f 5809 5798 5799
f 5828 5863 5862
f 5865 5838 5868
f 5801 5802 5800
f 4086 3795 4149
f 5779 5842 5843
f 5827 5829 5830
f 5839 5869 5835
f 5814 5855 5856
f 5711 3859 5702
f 4958 4917 4960
f 5861 5821 5768
f 5863 5812 5820
f 5865 5823 5824
f 5873 5837 5871
f 5872 5842 5780
f 4089 3563 5704
f 3812 3785 3811
f 5770 5787 5788
f 5789 5847 5846
f 5793 5846 5849
f 4145 4146 3498
f 5848 5790 5791
f 3953 4009 3952
f 5748 5874 5747
f 4624 4626 4625
f 4665 4752 4664
f 4775 4779 4778
f 4746 4671 4747
f 4637 4601 4639
f 4828 4613 4827
f 4704 4762 4675
f 4843 4727 4687
f 4543 4725 4542
f 4731 4863 4730
f 4723 4558 4722
f 4842 4840 4838
f 4717 4857 4718
f 4865 4867 4866
f 5841 5866 5840
f 4725 4540 4542
f 4798 4816 4817
f 4632 4634 4633
f 4720 4715 4719
f 4642 4644 4643
f 3754 5874 5876
f 4860 4644 4847
f 4674 4722 4721
f 4808 4676 4677
f 4721 4822 4821
f 5876 5877 5746
f 4836 4840 4839
f 4658 4660 4659
f 4826 4800 4838
f 4877 4743 4744
f 4948 4971 4943
f 4875 4876 4889
f 4954 4934 4955
f 5773 5788 5790
f 5825 5833 5824
f 5834 5836 5835
f 5834 5845 5837
f 3359 3361 3360
f 5732 3756 3757
f 3394 3396 3395
f 3766 5741 5742
f 5774 5799 5777
f 5805 5857 5802
f 5813 5820 5812
f 3969 3964 3968
f 5667 5674 5666
f 5729 3792 3756
f 3770 5741 3769
f 4741 4739 4738
f 4689 4660 4661
f 5772 5787 5771
f 5735 3758 3764
f 5850 5773 5848
f 5617 3965 5650
f 5799 5854 5777
f 5875 5764 5879
f 5840 5842 5841
f 5861 5769 5860
f 5807 5853 5851
f 5869 5834 5835
f 3765 5739 5738
f 5882 5761 5759
f 5881 5887 5889
f 5895 5898 5897
f 5907 5906 5908
f 5909 5908 5910
f 4234 4526 4369
f 3912 3389 3914
f 5934 8730 8729
f 8730 5930 5931
f 4920 4922 4921
f 8845 8853 8851
f 4141 3404 4174
f 3733 3706 3731
f 8849 8848 8850
f 4234 4236 4235
f 8863 5919 8862
f 3733 4004 3705
f 5908 8859 8867
f 8865 8871 8870
f 8859 8863 8864
f 5927 5925 5928
f 5911 5904 5912
f 8878 8866 8879
f 5635 5637 5636
f 5745 5746 5877
f 3552 3554 3553
f 8857 8890 8875
f 5924 8860 5923
f 3553 3556 3552
f 5919 8861 8862
f 8869 8870 8891
f 8873 8878 8876
f 8856 8875 8874
f 8862 5889 5887
f 8846 8844 8843
f 8864 8866 8865
f 8729 8883 8884
f 8848 8887 8886
f 8878 5888 8893
f 8896 8855 8897
f 8853 8896 5885
f 8841 5882 5883
f 3489 3491 3490
f 8867 8864 8868
f 5910 8867 8898
f 5914 8898 8899
f 5916 8899 8900
f 5889 8860 5890
f 8876 8893 8894
f 5918 8900 8901
f 4424 5726 4423
f 8904 8900 8899
f 8909 8904 8905
f 8908 8903 8904
f 8869 8905 8868
f 3632 3667 3635
f 3687 3689 3688
f 3636 3681 3631
f 3664 3639 3665
f 4304 4306 4305
f 8909 8891 8910
f 3681 3695 3680
f 3758 3760 3759
f 3684 3700 3683
f 3721 3723 3722
f 3941 3943 3942
f 3738 3740 3739
f 3687 3709 3690
f 3238 3938 3220
f 4249 4288 4245
f 4499 3344 4464
f 4240 4368 4367
f 3453 3951 3919
f 4401 3547 3967
f 3950 3451 3436
f 3702 3701 3703
f 3725 3727 3726
f 3194 3208 3193
f 4034 4461 4462
f 3914 3913 3912
f 3483 3533 3482
f 3191 3957 3206
f 4292 3970 4293
f 3909 3428 3356
f 3959 3866 3867
f 4017 4309 4016
f 4316 4008 3953
f 4448 4450 4449
f 4414 4417 4416
f 3435 3351 3433
f 4413 4415 4414
f 3899 3901 3900
f 3780 3648 3809
f 3474 3886 3885
f 3958 3192 3214
f 3221 3935 4427
f 3905 3907 3906
f 3913 4486 3313
f 4420 4421 4085
f 3881 3883 3882
f 4004 3790 4005
f 4271 4318 4316
f 4259 4296 4258
f 3501 4066 3468
f 5897 5900 5899
f 5901 5904 5903
f 8854 8856 8855
f 3789 3786 3720
f 3651 3781 3782
f 5924 5901 5925
f 8870 8873 8872
f 8876 8874 8873
f 5912 5918 5911
f 3805 3799 3737
f 3369 3395 3396
f 3923 3925 3924
f 3916 3512 3509
f 3641 3801 3642
f 4276 4323 4320
f 4181 4331 4330
f 4428 3377 4429
f 3495 4321 4322
f 4436 3380 3381
f 4430 4437 4435
f 3945 3958 3946
f 4065 4047 3418
f 4495 3408 4496
f 8913 8915 8914
f 8911 8917 8916
f 8889 8923 8890
f 8919 8931 8921
f 8884 8918 8885
f 8922 8931 8925
f 5852 5909 5851
f 5866 5915 5917
f 8926 8914 8915
f 8914 8883 8913
f 8886 8921 8888
f 5846 5894 5891
f 5873 5900 5868
f 8893 5764 5754
f 8894 5754 5753
f 5890 5927 8936
f 5885 5755 5758
f 5871 5902 5873
f 5763 5883 5762
f 5880 8936 5763
f 4175 4398 4399
f 4274 4255 4275
f 8883 5931 8882
f 8868 8898 8867
f 3289 3247 3292
f 3858 5485 5921
f 8850 8886 8888
f 4116 5409 4115
f 3889 4127 5415
f 3678 8938 8937
f 8857 8888 8889
f 3979 3294 3295
f 4126 3431 3823
f 3651 3679 3650
f 3460 5921 3354
f 4084 3310 3487
f 8905 8899 8898
f 3561 5397 5656
f 3213 5528 5519
f 4191 4193 4192
f 5449 5532 5533
f 4142 4031 4479
f 4060 5652 5651
f 4480 4482 4481
f 5519 3212 3213
f 5657 3330 3940
f 4473 4475 4474
f 3514 5668 5667
f 5663 5669 5665
f 8881 5926 8880
f 5734 5749 5750
f 4788 4677 4678
f 3997 3538 3506
f 3551 3310 3294
f 3577 3998 3999
f 4893 4676 4809
f 4753 4671 4672
f 8729 8885 8843
f 3813 9021 8937
f 8938 3813 8937
f 8882 5929 8881
f 4098 3820 3821
f 3399 5416 3398
f 5494 5503 4403
f 5880 5878 5881
f 4986 4861 4987
f 4999 5004 5010
f 4985 4988 4976
f 5816 5766 5810
f 4372 4384 4519
f 5688 5692 5679
f 8903 8901 8900
f 8879 5887 5888
f 8902 8880 8901
f 5919 5895 5920
f 4519 4342 4291
f 8847 8854 8853
f 5925 5903 5926
f 4021 4523 4025
f 5678 5676 4406
f 4424 4085 4421
f 5701 3577 3820
f 5928 5926 5929
f 5000 4980 5004
f 9022 3545 4113
f 9024 5409 5410
f 4008 4010 4009
f 3931 4516 4513
f 3822 3807 3821
f 8851 8844 8845
f 5728 5509 5721
f 9025 4115 5409
f 5209 5201 5208
f 4820 4653 4682
f 3988 5598 4508
f 3370 3357 3395
f 5639 5641 5640
f 5592 4477 5543
f 3378 5572 3381
f 5625 3265 5626
f 5594 5577 3406
f 3302 5645 3301
f 3274 3278 3273
f 5207 5233 5243
f 5071 5072 5075
f 4815 4785 4812
f 4796 4643 4760
f 3243 5643 5648
f 5301 5303 5300
f 5431 5655 5654
f 5251 5244 5252
f 3353 3523 3524
f 4174 3405 3411
f 3546 4113 3545
f 4002 3788 4004
f 4196 4238 4195
f 3232 5647 3231
f 4373 4266 4310
f 4867 5321 4902
f 5648 4058 3243
f 4455 3893 4453
f 5593 4511 5592
f 5275 5252 5253
f 5252 5274 5251
f 4092 3624 3597
f 3723 3743 3722
f 4780 4802 4796
f 4059 3560 5425
f 4317 4347 4270
f 5188 5192 5187
f 5570 5612 5569
f 3385 5633 3384
f 3526 5569 5612
f 3576 3608 3590
f 3581 3594 3580
f 5239 5238 5232
f 5081 5083 5082
f 4369 4528 4527
f 4325 4329 4360
f 3569 3286 3336
f 9022 4112 5709
f 3661 3801 3653
f 5074 5030 5064
f 5064 5063 5065
f 3563 3498 4146
f 3961 4119 5411
f 4854 4870 4735
f 5018 5028 5029
f 5007 5027 5028
f 5040 5039 5041
f 3240 3875 3239
f 5070 5029 5072
f 3504 3866 4111
f 3537 3591 3588
f 5033 5039 5032
f 4710 4635 4879
f 5017 4989 5014
f 5024 5046 5023
f 4991 5019 4990
f 4587 4574 4573
f 4996 4793 4878
f 5066 5059 5067
f 5221 5231 5220
f 5068 5057 5026
f 3675 3643 3642
f 3663 3675 3662
f 4722 4559 4822
f 3579 3590 3591
f 3686 3677 3678
f 4422 3499 4419
f 5142 5138 5133
f 5078 5075 5076
f 3609 3590 3608
f 3288 5411 3287
f 5424 5410 3246
f 5152 5156 5172
f 3960 5709 4112
f 4946 4957 4958
f 3867 5705 3959
f 9026 4113 5710
f 5192 5189 5187
f 5161 5194 5171
f 3637 3682 3636
f 4392 3847 3848
f 3796 4149 3795
f 4104 3727 4103
f 3594 3993 4088
f 3796 4134 5710
f 3687 4156 4157
f 3760 4164 4165
f 4464 3345 4467
f 3485 3868 3484
f 3846 5423 4130
f 3409 4496 3408
f 3767 3765 3762
f 3711 4159 4160
f 3797 4087 3510
f 4072 5562 5560
f 4502 5590 5589
f 5408 9027 4118
f 5683 5714 5682
f 5702 4110 5711
f 5623 4148 4167
f 5428 3525 3522
f 3668 3802 3667
f 4000 8938 3679
f 4221 4179 4380
f 4267 4388 4315
f 3721 4161 4159
f 3903 5706 5705
f 3583 4090 4091
f 3894 3524 3525
f 4635 4636 4634
f 4173 4009 4010
f 4890 5393 5394
f 5290 5293 5292
f 5339 5337 5333
f 5458 4438 4439
f 3251 5430 3910
f 3252 5419 3251
f 3428 5421 3427
f 3571 5418 3252
f 4583 4554 4593
f 4239 4224 4238
f 3322 5450 5449
f 5309 5306 5304
f 4109 3748 4108
f 5707 3794 3795
f 5139 5183 5140
f 5271 5290 5259
f 5280 5282 5279
f 5110 5125 5115
f 5319 4731 5317
f 5334 5339 5333
f 5423 3523 5422
f 5376 5378 5375
f 4721 4646 4674
f 3719 4159 4161
f 4853 4692 4795
f 5373 5330 5375
f 4428 5456 4437
f 5376 5328 5331
f 3337 4434 4431
f 4692 5395 4795
f 5475 4523 5476
f 5478 4068 4522
f 5421 4129 5422
f 5374 5375 5378
f 5283 5306 5282
f 5246 5234 5235
f 5154 5150 5153
f 4458 5561 4457
f 5163 5158 5168
f 5381 5378 5379
f 3397 5484 5483
f 4457 5563 5537
f 5147 5150 5149
f 4474 5544 5545
f 5325 5319 5326
f 5223 5388 5222
f 5517 3521 3519
f 4499 3347 4487
f 5404 4128 4129
f 3476 5506 3475
f 4084 5515 4083
f 3900 5477 3899
f 5536 5547 5546
f 5491 5493 5492
f 5474 4139 5401
f 4063 4522 4068
f 4459 5541 5540
f 5548 3360 3361
f 5444 5550 4396
f 3888 5415 5412
f 5546 3339 4445
f 5536 5538 5537
f 3570 5508 3477
f 4471 5589 4476
f 4280 3359 5933
f 5499 4403 5503
f 5189 5169 5165
f 5543 4478 5542
f 4051 5552 3374
f 3461 5507 3476
f 4629 4870 4869
f 5106 4909 4862
f 5286 5279 5282
f 5462 3364 3365
f 3491 5514 3840
f 5224 5231 5229
f 4478 5540 5542
f 4099 3742 3723
f 4803 4805 4804
f 4130 5422 4129
f 4470 4476 4473
f 4924 4921 4922
f 4920 4927 4926
f 4993 4987 4992
f 4887 4913 4912
f 3894 4070 4071
f 5472 5585 5586
f 3508 4134 3507
f 3603 4096 4097
f 3772 3992 4110
f 5712 5671 5672
f 3739 4162 4163
f 5683 3515 5715
f 5480 4495 5479
f 5698 5493 5498
f 3578 3996 3998
f 3645 4154 4155
f 5660 3466 3463
f 4135 5710 4134
f 5587 4073 5586
f 5687 5693 5686
f 3584 4091 4150
f 5585 5584 5588
f 4128 5415 4127
f 4257 4338 4526
f 4222 4178 4179
f 4366 4191 4216
f 5098 5091 5088
f 5761 5737 5760
f 5760 5738 5739
f 8852 5934 8844
f 8874 8855 8856
f 8895 8855 8877
f 5884 8842 8852
f 4557 4582 4560
f 8890 8917 8892
f 8918 8930 8920
f 8924 8915 8916
f 4182 4330 4190
f 3864 5711 4110
f 3574 3230 3231
f 3342 3415 3341
f 3488 3549 3840
f 4317 3953 3949
f 3672 4152 4153
f 5708 3865 5707
f 9021 3685 3686
f 3621 3616 3617
f 5728 4419 5727
f 4311 4028 4310
f 4131 3543 3841
f 4426 3842 4423
f 4518 4168 4427
f 5457 5464 5456
f 5425 3558 3837
f 5458 4437 5456
f 3416 5465 5457
f 5638 5437 5637
f 3985 5636 5637
f 5646 5636 5647
f 9023 3554 5402
f 5722 5514 5726
f 3256 3934 3255
f 4164 5734 5751
f 8885 8920 8887
f 3282 3929 3281
f 3292 3320 3291
f 3232 3300 3301
f 3303 3271 3334
f 3562 5432 3325
f 3392 3388 3391
f 3854 5350 3851
f 5463 5459 5458
f 5935 3885 5576
f 3879 3954 3878
f 3928 3391 3388
f 4137 4458 4138
f 5454 3850 3851
f 3548 3549 3550
f 4443 5470 4442
f 4452 4506 4447
f 4468 3415 3879
f 4443 3876 4483
f 3234 4515 4516
f 5434 3896 5433
f 5448 5441 5644
f 5447 5443 5442
f 4442 5471 5467
f 5550 3275 5551
f 5578 4520 3409
f 3464 5666 3463
f 4701 4839 4840
f 3259 4041 4030
f 4015 3423 4018
f 3558 3982 3839
f 4856 4823 4824
f 4741 4653 4740
f 3759 4106 3763
f 3560 3290 3559
f 9024 3557 3553
f 5438 3280 5439
f 3321 3290 3291
f 5557 4072 5560
f 5553 3396 5554
f 4045 4174 4044
f 4539 4849 4585
f 3536 3503 3588
f 5478 5574 5477
f 3800 3510 3511
f 4755 4886 4754
f 5561 5527 5563
f 5752 5732 5751
f 5752 5756 5765
f 3518 5493 5521
f 3767 4107 4108
f 3534 4097 3593
f 4395 3826 3827
f 3926 3371 3925
f 4446 5610 5611
f 4050 3980 3981
f 8887 8843 8885
f 5649 5640 5645
f 4643 4761 4760
f 3709 3784 3690
f 4778 4660 4777
f 5649 4054 5648
f 5646 3301 5645
f 3250 3910 3909
f 5884 5757 5761
f 5655 5936 5937
f 4224 4226 4225
f 4043 3412 4013
f 4286 4288 4287
f 4267 4310 4266
f 4493 4080 4494
f 3325 3226 3227
f 3925 3372 3928
f 4312 4314 4313
f 3996 3540 3541
f 8908 8912 8907
f 4023 4025 4024
f 3995 3891 3994
f 5482 5559 4137
f 4486 3921 4484
f 4300 4302 4301
f 5438 5644 5441
f 3233 3282 3270
f 3225 3227 3226
f 5446 5445 5443
f 5554 3397 5555
f 4834 4830 4772
f 4064 3350 4063
f 3596 3598 3597
f 5639 5648 5643
f 5434 5654 5658
f 4895 4830 4831
f 3674 3676 3675
f 3551 3978 3550
f 3835 3305 3306
f 3813 3702 3703
f 3691 4160 4157
f 4109 4101 4103
f 4565 4188 4564
f 3490 3547 3489
f 3672 3647 3673
f 8906 8912 8913
f 3810 3811 3734
f 4051 4397 4396
f 3566 4090 4088
f 5580 5476 5579
f 4456 5537 5538
f 5539 5546 5611
f 8844 8729 8843
f 8872 8874 8875
f 4383 4198 4195
f 4931 4927 4930
f 5529 5397 5396
f 5314 5323 5328
f 5347 5323 5324
f 4711 4599 4596
f 5387 5389 4696
f 5259 5292 5258
f 5195 4803 5126
f 5195 4746 4806
f 4639 4866 4685
f 4821 4681 4721
f 3421 5399 3260
f 4730 4601 4602
f 4807 4811 4786
f 4040 3421 3948
f 4844 4800 4797
f 3936 3929 3930
f 4894 4817 4823
f 5365 5383 5368
f 4657 4661 4658
f 5224 4770 4804
f 5368 5382 5380
f 5336 5352 5335
f 5353 5386 5363
f 4070 4454 4069
f 5396 3327 3328
f 5225 5312 4809
f 5384 5386 5385
f 5391 4695 4759
f 4735 4870 4630
f 4407 4409 4408
f 4623 4880 4706
f 5356 5352 5354
f 4578 4859 4577
f 3239 3217 3938
f 3937 3333 3939
f 4578 4534 4535
f 5467 4505 4452
f 4836 4826 4838
f 4422 5721 4421
f 3392 5556 5482
f 5564 5565 5547
f 3807 3663 3660
f 5922 4392 4281
f 3680 3692 3693
f 3630 3632 3631
f 4416 5725 4418
f 4033 3836 4176
f 3238 4168 3342
f 3466 3483 3484
f 3678 3650 3679
f 3677 3649 3650
f 3340 4431 3884
f 3562 5656 5655
f 5658 5938 5939
f 3642 3640 3641
f 3306 3334 3981
f 3256 3280 3281
f 8910 8892 8917
f 5868 5898 5859
f 8924 8922 8925
f 8935 8925 8931
f 8882 8913 8883
f 8925 8926 8924
f 8840 8936 5927
f 5852 5905 5907
f 5136 5124 5137
f 4243 4260 4242
f 5238 5228 5232
f 5642 5643 5644
f 3924 3928 3927
f 5412 5700 3888
f 3750 3751 3707
f 3746 3770 3769
f 3859 3861 3860
f 3972 3493 3494
f 5923 8861 5920
f 4945 4958 4959
f 3296 3286 3287
f 3824 3907 3823
f 3671 4154 4153
f 4137 5481 5482
f 3614 3802 3617
f 3283 3559 3290
f 4936 4934 4933
f 5511 5726 5514
f 4170 3926 3923
f 3572 3830 3826
f 3459 3858 3460
f 3496 4425 3495
f 3457 3436 3437
f 3984 3986 3985
f 3914 3386 4487
f 5512 5723 5511
f 4500 4483 4480
f 4501 4471 4472
f 4503 4505 4504
f 4143 4461 4490
f 3331 3222 3219
f 4016 4018 4017
f 3998 3776 3999
f 4114 5710 4113
f 4405 4406 4404
f 5602 5720 5719
f 4767 4804 4770
f 4929 4954 4928
f 4410 5665 5669
f 3888 5632 3887
f 4048 3977 3974
f 3947 3212 5652
f 5676 3472 3473
f 5782 5784 5783
f 4315 4311 4267
f 5699 5521 5493
f 5864 5825 5822
f 5826 5822 5823
f 5775 5805 5806
f 3236 3270 3271
f 5823 5859 5826
f 4957 4895 4917
f 8868 8865 8869
f 4281 3848 4280
f 4940 4971 4949
f 4013 4029 4043
f 3685 3701 3684
f 4339 4377 4391
f 8891 8872 8892
f 3753 3755 3754
f 4427 3220 3221
f 3809 3779 3780
f 3568 4418 3500
f 3880 3918 3805
f 3543 3842 3841
f 4646 4648 4647
f 4656 4597 4598
f 4781 4820 4784
f 4972 4974 4973
f 5101 5109 5120
f 5095 5115 5125
f 5090 5132 5093
f 5131 5134 5133
f 5134 5127 5135
f 5117 5140 5129
f 3539 3863 3595
f 4006 3792 4007
f 5128 5099 5124
f 5097 5089 5096
f 5274 5271 5259
f 4571 4569 4549
f 4225 4238 4224
f 5156 5170 5172
f 4538 4540 4537
f 4622 4665 4662
f 4981 5004 4980
f 5012 4975 5013
f 5148 5149 5157
f 5157 5133 5134
f 5161 5145 5160
f 4261 4242 4260
f 5294 5291 5268
f 4255 4532 4261
f 5274 5250 5251
f 4246 4207 4248
f 3314 3927 3912
f 4670 4672 4671
f 4995 4673 4986
f 4638 4603 4600
f 4341 4525 4340
f 5163 5165 5162
f 4834 4784 4819
f 4784 4682 4819
f 4844 4687 4688
f 5280 5275 5285
f 4217 4564 4188
f 4554 4556 4555
f 4551 4556 4594
f 4549 4544 4571
f 5141 5173 5175
f 4653 4683 4682
f 4973 4989 4988
f 4984 5015 4983
f 5177 5170 5178
f 5166 5181 5182
f 5141 5139 5138
f 5178 5151 5177
f 5244 5203 5245
f 5252 5245 5253
f 4479 4079 4493
f 4402 4404 4403
f 3500 4419 3499
f 5856 5909 5913
f 4488 3348 3349
f 8851 5885 5886
f 3607 5701 4098
f 3508 3503 3504
f 5847 5896 5894
f 4374 4309 4263
f 3380 4438 3379
f 9025 3553 3554
f 5718 4131 3973
f 3300 3283 3321
f 5551 3276 5552
f 5552 3369 5553
f 5555 5483 5557
f 5859 5896 5858
f 4133 3794 3915
f 3606 3652 3610
f 4900 4766 4691
f 4616 4789 4788
f 3738 4164 3757
f 4774 4642 4801
f 4399 3402 4175
f 5853 5795 5851
f 3936 4427 3935
f 3418 4064 4065
f 5510 3840 5514
f 3270 3279 3269
f 3274 4056 4055
f 4359 4305 4306
f 4135 3504 4111
f 3610 3609 3606
f 3837 3557 5425
f 5940 4401 5941
f 5853 5803 5847
f 5725 5515 5727
f 3246 4117 3245
f 5713 5672 5681
f 4918 4916 4915
f 4148 3771 5703
f 5106 5113 5111
f 4147 5709 4146
f 5152 5177 5151
f 9026 4111 4112
f 5104 5103 5112
f 3531 3485 3593
f 3713 3715 3714
f 3699 3815 3697
f 4467 4459 4478
f 4703 4736 4640
f 5405 3846 5406
f 3555 3963 3964
f 4120 5411 4119
f 4217 4185 4218
f 3279 5441 3269
f 4944 4959 4966
f 4353 4344 4357
f 3815 3716 4104
f 3374 4052 4051
f 4491 4516 4515
f 5865 5833 5866
f 5819 5856 5862
f 5807 5856 5808
f 3933 3281 3929
f 3208 3920 3919
f 8907 8902 8903
f 5288 5295 5287
f 3728 3747 3748
f 3309 4083 3336
f 5119 5101 5120
f 3811 3789 4002
f 3595 3992 3993
f 4106 4100 4107
f 5696 5576 3885
f 3708 3750 3707
f 3744 4165 4163
f 5905 5892 5906
f 3403 4175 3402
f 4133 3506 3507
f 4147 3544 3545
f 3561 3325 3324
f 3237 3239 3238
f 4877 4793 4794
f 3241 3243 3242
f 3597 3625 3596
f 3279 3281 3280
f 3371 3373 3372
f 3599 3567 3598
f 3975 4032 4031
f 3277 3250 3278
f 3774 3565 3773
f 3658 3780 3779
f 4961 4963 4960
f 3600 3616 4096
f 4228 4202 4199
f 4011 4318 4350
f 4307 4262 4308
f 4838 4841 4842
f 4782 4773 4743
f 4914 4946 4947
f 4839 4765 4836
f 4771 4645 4642
f 4962 4964 4963
f 4966 4963 4964
f 3601 3615 3600
f 5878 5879 5881
f 5890 5881 5889
f 3720 4158 3719
f 4755 4689 4663
f 3740 3718 3739
f 5695 5686 5714
f 5740 5742 5741
f 5733 5736 5749
f 5755 5750 5749
f 5745 5762 5740
f 5798 5800 5799
f 4706 4879 4705
f 5651 5619 5620
f 5850 5797 5772
f 5804 5806 5805
f 4087 5707 4086
f 5915 5914 5916
f 5703 4167 4148
f 5893 5896 5895
f 5892 5919 8858
f 5706 5664 4081
f 5786 5788 5787
f 3973 3841 3493
f 4831 4915 4916
f 5906 8858 8859
f 4965 4969 4964
f 4684 4846 4842
f 3589 3611 3604
f 3596 4150 4091
f 5877 5763 5745
f 4121 4123 4122
f 3469 3868 3502
f 3204 3208 3207
f 3716 3726 3727
f 5460 5426 3571
f 3465 3470 3464
f 5738 3764 3765
f 4887 4655 4888
f 4203 4205 4204
f 3959 4082 4089
f 5758 5886 5885
f 5781 5872 5780
f 4675 4723 4674
f 3757 5751 5732
f 3334 3272 3335
f 8880 5903 5911
f 5615 3473 5614
f 5759 5760 5743
f 8845 8848 8847
f 5778 5780 5779
f 8857 8849 8850
f 4132 3798 3859
f 5839 5841 5842
f 560 3187 559
f 5747 4007 3792
f 5928 8840 5927
f 5766 5768 5767
f 4848 4956 4847
f 4953 4967 4965
f 4832 4910 4915
f 5879 5888 5887
f 3598 3530 4095
f 5747 5730 5748
f 5754 5748 5730
f 5810 5812 5811
f 5758 5749 5736
f 4315 4387 4314
f 5917 5916 5918
f 5913 5910 5914
f 5930 8841 8840
f 4951 4968 4953
f 3209 3201 3202
f 4059 3246 3247
f 8731 8842 8841
f 3776 3585 3778
f 5770 5772 5771
f 5891 5893 5892
f 9028 5641 5439
f 5814 5816 5815
f 5662 5673 5661
f 3522 3524 3523
f 5630 5942 5496
f 5791 5795 5794
f 5746 3754 5876
f 5928 5931 5930
f 5743 5739 5742
f 5876 5875 5878
f 3678 9021 3686
f 4200 4207 4199
f 4114 3916 4149
f 3601 3605 3604
f 3818 3712 3817
f 3315 3317 3316
f 5899 5902 5901
f 8840 5883 8936
f 5562 5559 5560
f 4416 3448 4414
f 3189 3191 3190
f 4751 4747 4671
f 4181 4180 4177
f 3832 5454 5351
f 3362 3526 3361
f 5678 5699 5698
f 3497 3499 3498
f 448 807 447
f 647 122 270
f 5690 5677 5697
f 4183 4185 4184
f 1833 1780 1832
f 5920 5897 5923
f 510 508 507
f 4401 5944 5941
f 5656 5530 5936
f 3970 5940 4293
f 5653 5939 5946
f 5450 5946 5532
f 3384 5945 5487
f 4403 4299 5494
f 5944 3968 5949
f 3963 5951 3852
f 5614 3474 5935
f 5427 3857 5951
f 3210 1887 3201
f 1887 3200 3201
f 15 3197 3200
f 16 3195 3197
f 3195 3187 3194
f 3194 1899 3207
f 3207 375 3204
f 387 126 127
f 3189 1760 5650
f 9029 757 758
f 763 2172 2175
f 9035 9032 9033
f 9033 9031 9030
f 9046 9048 9047
f 8751 9054 8752
f 9078 9077 9079
f 9083 9051 9053
f 9088 9047 9048
f 9099 9040 9097
f 9102 9036 9099
f 9105 9032 9103
f 9105 9106 9031
f 1801 9108 9107
f 9103 9034 9102
f 9096 9047 9089
f 1767 9111 9112
f 1597 9113 1600
f 1708 9117 9116
f 9123 9119 9118
f 9118 9125 9124
f 1588 9116 1587
f 2080 9118 2082
f 2082 9124 2084
f 9126 9087 9083
f 9129 9088 9087
f 5512 5943 5947
f 5634 5488 5948
f 5724 5947 5616
f 9134 9097 9133
f 9144 9102 9138
f 9133 9096 9132
f 786 9144 785
f 9146 9103 9144
f 785 9138 497
f 497 9134 650
f 650 9133 564
f 9148 9133 9132
f 8756 9057 8753
f 9154 9130 9129
f 9151 9131 9130
f 9097 9090 9096
f 1799 9111 1768
f 5949 3964 3853
f 9160 8809 8811
f 8813 9160 8811
f 9166 564 9148
f 9067 9054 9052
f 9162 9148 9150
f 9087 9048 9051
f 9081 9079 9082
f 9049 9051 9048
f 9082 9167 9081
f 9079 9049 9046
f 9169 9175 9170
f 9167 9112 9081
f 9168 9177 9167
f 9120 9113 9177
f 9120 9169 9119
f 9119 9170 9125
f 9179 9125 9170
f 9180 9124 9125
f 9178 9170 9175
f 1576 2084 9124
f 9179 9183 9181
f 3203 1387 3190
f 3190 1791 3189
f 5618 1949 3210
f 317 259 391
f 2000 9105 9146
f 9053 9052 9054
f 9041 9036 9037
f 9029 756 2170
f 9037 9034 9035
f 9130 9089 9088
f 3204 376 3203
f 1801 9109 1799
f 9181 9180 9179
f 1575 9190 1088
f 9187 1576 9180
f 1776 1796 1775
f 1293 1290 1284
f 1326 1327 12
f 1294 1234 1290
f 878 1330 1337
f 5633 5490 5945
f 5933 3360 5502
f 5613 5948 5500
f 5604 3844 5720
f 3972 5950 5601
f 3494 4322 5950
f 4406 5615 4298
f 3492 4292 5943
f 5631 5495 5942
f 497 374 498
f 122 413 121
f 5624 3398 5416
f 9151 9156 9160
f 9058 8752 9054
f 9160 9150 9151
f 8815 9162 8813
f 9156 8794 8809
f 439 399 438
f 1512 1526 1511
f 1668 1738 1671
f 839 1362 838
f 1362 826 1012
f 3425 3418 4047
f 4905 5243 4808
f 4621 4662 4690
f 5582 5574 5577
f 4754 4756 4755
f 3902 4021 4022
f 9295 1896 9267
f 2053 2118 2117
f 9340 2120 2119
f 696 9268 9283
f 4922 4939 4924
f 4365 4186 4183
f 5105 4862 4670
f 5228 5226 5225
f 4781 4877 4794
f 5218 5238 5217
f 4990 4992 4991
f 4335 4336 4251
f 4993 4972 5002
f 4794 4792 4750
f 5886 8852 8851
f 5405 5417 5416
f 4669 4764 4668
f 4676 4698 4679
f 1826 639 640
f 9192 9181 9183
f 5232 5233 5204
f 5418 4122 5419
f 956 886 960
f 5720 3512 5717
f 4728 4730 4729
f 8879 8863 8862
f 1980 1922 807
f 4969 4966 4964
f 33 105 164
f 9028 3254 5437
f 3837 3839 3838
f 4382 4301 4383
f 3908 4122 4123
f 4290 4294 4291
f 4400 4055 4056
f 3219 3221 3220
f 8894 8877 8876
f 4640 4735 4630
f 4389 4216 4213
f 3267 4493 4451
f 3268 4463 4144
f 5097 5098 5088
f 5094 5096 5095
f 5654 5937 5938
f 4089 3960 3959
f 5159 5162 5160
f 5202 5249 5205
f 5412 5414 5413
f 5715 3516 5716
f 5723 4423 5726
f 4263 4323 4374
f 3994 3564 3774
f 1343 9308 9309
f 3470 5667 3464
f 5659 5671 5706
f 3319 4053 3299
f 9359 2128 9354
f 1766 1582 1594
f 14 2163 738
f 595 99 594
f 5703 3772 5702
f 5206 5229 5209
f 3437 3458 3457
f 5516 3487 5509
f 5122 5087 5123
f 3223 3934 3935
f 3979 5402 3978
f 3828 3320 3827
f 5663 4081 5664
f 4035 4490 4461
f 4426 5724 4425
f 3881 4447 4444
f 5407 4118 4119
f 5691 5689 5687
f 5661 5672 5671
f 5911 8901 8880
f 3902 3871 4046
f 5541 5539 5606
f 4069 5561 5562
f 3248 3292 3247
f 1346 1044 1352
f 748 1425 747
f 3297 3255 3934
f 5445 4056 5550
f 5783 5830 5831
f 4310 4376 4373
f 5857 5800 5802
f 3882 4452 3881
f 3193 3919 3951
f 3190 3206 3203
f 4266 4268 4267
f 4488 3420 4486
f 3331 3940 3330
f 4282 4284 4283
f 4606 4607 4605
f 4628 4708 4712
f 4659 4733 4658
f 4615 4829 4614
f 4718 4713 4717
f 5722 4421 5721
f 3307 3461 3433
f 4686 4634 4636
f 3966 3550 3978
f 4738 4875 4873
f 3416 3237 3341
f 4527 4208 4200
f 5093 5114 5092
f 5124 5086 5122
f 5117 5138 5139
f 4631 4640 4630
f 5166 5168 5167
f 5185 5187 5186
f 5194 5191 5171
f 3245 4118 9027
f 5214 5203 5200
f 3230 3318 3284
f 5237 5217 5238
f 5250 5258 5255
f 5113 5084 5085
f 5270 5269 5268
f 4906 5107 4768
f 5271 5267 5270
f 5276 5262 5263
f 5153 5174 5173
f 5290 5268 5291
f 5306 5303 5304
f 5147 5146 5143
f 4585 4856 4584
f 3226 5436 3225
f 4473 4504 4470
f 5765 8897 8895
f 4529 4247 4530
f 8923 8916 8917
f 5713 5682 5714
f 3315 3898 3322
f 5564 5537 5563
f 4468 4441 5466
f 3738 4163 4165
f 4577 4559 4560
f 5567 3366 3363
f 3587 4150 4151
f 5471 4504 4505
f 5860 5816 5817
f 3516 5558 5932
f 5436 5637 5437
f 5050 5083 5060
f 5547 3338 3339
f 9023 3295 4115
f 5708 4132 5711
f 4104 3814 3815
f 3718 4161 4162
f 5498 5679 5692
f 3884 4432 3883
f 3955 3877 3878
f 4049 4061 3977
f 8892 8875 8890
f 4572 4218 4569
f 4440 4442 4441
f 4497 3407 3408
f 4632 4633 4724
f 8906 8881 8902
f 5664 5670 5663
f 3751 3706 3707
f 3511 3736 3800
f 5129 5116 5117
f 5086 5098 5085
f 5135 5128 5136
f 5143 5145 5144
f 5168 5136 5137
f 5297 5246 5257
f 5164 5160 5162
f 5155 5171 5170
f 5137 5167 5168
f 5293 5307 5305
f 5513 4083 5515
f 4053 3825 4057
f 3228 3298 3227
f 3631 3635 3636
f 5689 5670 5693
f 5759 5883 5882
f 3793 3507 4134
f 4906 4891 4907
f 4719 4901 4720
f 3597 4095 4092
f 3352 4125 3262
f 9064 9058 9067
f 9076 9067 9077
f 9083 8794 9126
f 9131 9096 9089
f 9138 9099 9134
f 9154 9126 9156
f 9077 9052 9049
f 9053 8766 9083
f 9191 9187 9181
f 9082 9046 9193
f 9193 9168 9082
f 1284 1288 1285
f 9150 9132 9131
f 3841 3496 3493
f 3570 3336 4083
f 4027 4312 3258
f 4889 4781 4794
f 4041 4044 4043
f 4885 4813 4829
f 5419 3905 5430
f 4367 4227 4224
f 1778 1780 1779
f 1792 1584 1789
f 4308 3869 4307
f 4594 4762 4551
f 4767 4769 4768
f 5461 3366 3847
f 4763 4716 4720
f 4919 4915 4910
f 4300 4334 4333
f 5196 5198 5197
f 5158 5135 5136
f 5431 5433 5432
f 4545 4571 4544
f 4557 4594 4556
f 695 571 694
f 4156 3626 3694
f 4861 4670 4862
f 5681 5674 5682
f 5473 5580 5583
f 3622 4152 4151
f 5647 3574 3231
f 3674 3808 3649
f 4420 3498 3499
f 5675 5666 5674
f 3253 5439 3280
f 5870 5917 5912
f 8887 8919 8886
f 5862 5913 5915
f 3534 3485 3482
f 3313 4484 3312
f 9090 9046 9047
f 4871 4695 4855
f 3778 3822 3819
f 4889 4874 4875
f 4000 3784 4001
f 4897 4911 4910
f 3856 3838 3839
f 4772 4896 4771
f 4015 4376 4014
f 3433 3476 3435
f 4053 3302 3299
f 3367 3363 4434
f 3242 3831 3241
f 3441 4082 4081
f 4735 4855 4854
f 4756 4737 4689
f 3382 3384 3383
f 3698 3697 3682
f 4676 4678 4677
f 4948 4941 4944
f 4890 4805 4747
f 4757 4745 4737
f 4581 4380 4586
f 5716 5932 5597
f 4923 4926 4932
f 5077 5081 5076
f 5078 5058 5054
f 4009 5400 3952
f 5081 5078 5076
f 3930 4513 4514
f 4014 4028 4029
f 4025 4020 4021
f 3618 4096 3616
f 4581 4576 4580
f 4219 4188 4189
f 5440 3335 3272
f 5449 3323 3322
f 4229 4177 4202
f 4590 4214 4589
f 4227 4184 4226
f 4574 4858 4547
f 4565 5453 4563
f 4592 4588 4589
f 4590 4573 4579
f 3517 5521 3519
f 3845 3522 5423
f 4444 3884 3881
f 3982 5533 5535
f 4465 4497 4495
f 4520 4521 4496
f 4076 5591 5590
f 3635 3666 3634
f 3343 4498 5481
f 4022 3870 3871
f 3661 4098 3660
f 5691 5697 5692
f 3768 5742 5739
f 4514 3956 4518
f 3697 3814 3696
f 4394 5460 4395
f 4054 4057 4058
f 3284 3323 3559
f 4052 4169 4397
f 4447 4510 4446
f 4456 3346 4138
f 4483 3877 4482
f 4482 4512 4492
f 4492 4513 4516
f 5642 5439 5641
f 5448 5442 5440
f 5466 3882 3883
f 3340 4445 3339
f 8908 8910 8911
f 4397 3835 3980
f 5413 3521 5412
f 3234 3932 3233
f 5753 8895 8894
f 8896 5756 5755
f 8921 8889 8888
f 8915 8911 8916
f 3933 3935 3934
f 3620 3657 3623
f 3966 3968 3967
f 4905 4769 4770
f 3225 5437 3254
f 5433 3984 5435
f 5714 5693 5713
f 5435 3985 5436
f 3954 3955 3878
f 4713 4632 4724
f 4879 4632 4705
f 3983 3896 3897
f 9027 3248 3245
f 5871 5912 5904
f 5849 5891 5905
f 4702 4640 4641
f 4213 4579 4389
f 3644 3688 3689
f 9193 9040 9041
f 8920 8935 8919
f 5406 4130 4127
f 4140 5401 4139
f 5659 3904 5660
f 4772 4783 4834
f 4244 4246 4245
f 4061 4037 4038
f 3669 3803 3668
f 3459 3209 3202
f 4072 5484 4071
f 4835 4834 4819
f 5660 5661 5659
f 4262 4264 4263
f 3633 3627 3628
f 3685 3676 3686
f 4517 3235 3304
f 4145 4085 3544
f 5455 5459 3850
f 5638 5640 5641
f 3228 3254 3255
f 4044 3411 3412
f 3614 3612 3613
f 3273 3275 3274
f 4952 4961 4918
f 4959 4960 4963
f 4888 4761 4860
f 4254 4256 4255
f 4199 4201 4200
f 4499 4465 5480
f 5479 4496 4521
f 5952 5954 5955
f 5956 5958 5959
f 5959 5960 5961
f 5962 5964 5965
f 5966 5968 5969
f 5967 5971 5968
f 5963 5961 5960
f 5972 5964 5973
f 5974 5976 5977
f 5978 5980 5981
f 5982 5984 5985
f 5986 5985 5984
f 5988 5990 5991
f 5992 5994 5995
f 5996 5998 5999
f 6000 6002 6003
f 6004 6006 6007
f 6008 6010 6011
f 6012 6014 6015
f 6016 6018 6019
f 6020 6022 6023
f 6024 6026 6027
f 6028 6030 6031
f 6032 6034 6035
f 6036 6038 6039
f 6040 6013 6012
f 6042 6044 6045
f 5992 6047 5993
f 6048 6050 6051
f 6052 6054 6055
f 6056 6058 6059
f 6060 5987 5986
f 6062 6064 6065
f 6066 6068 6069
f 6070 6027 6026
f 6072 6057 6056
f 6075 6077 6074
f 6078 6080 6081
f 6082 6054 6084
f 6085 6081 6086
f 6087 5990 6088
f 6061 6089 5987
f 6089 6091 6092
f 6092 6093 6094
f 6095 5981 6096
f 6062 6084 6063
f 6097 6035 6034
f 6056 6099 6072
f 6100 6102 6103
f 6001 6104 6105
f 6107 6109 6106
f 6110 6112 6113
f 6114 6025 6115
f 6116 6118 6119
f 6120 6122 6123
f 6124 6126 6127
f 6128 6101 6100
f 6039 6131 6036
f 6132 6134 6135
f 6136 6138 6003
f 6139 6141 6142
f 6143 6145 6146
f 6148 6150 6147
f 6152 6154 6151
f 6155 6157 6158
f 6159 6161 6162
f 6163 6165 6166
f 6167 6169 6170
f 6171 6173 6174
f 6175 6104 6177
f 6178 6180 6181
f 6023 6183 6020
f 6184 6186 6187
f 6117 6188 6189
f 6190 6192 6193
f 6194 6026 6114
f 6195 6191 6190
f 6197 6199 6200
f 6201 6203 6204
f 6205 6207 6208
f 6209 6201 6204
f 6197 6211 6212
f 6212 6213 6214
f 5979 6214 6213
f 6203 6217 6204
f 6206 6198 6207
f 6218 5962 6219
f 5965 6219 5962
f 5972 3354 6221
f 6070 6222 6223
f 6224 6226 6227
f 6228 6230 6231
f 6232 6234 6235
f 6196 6236 6237
f 6071 6223 6238
f 6239 6241 6242
f 6243 6245 6246
f 6247 6248 6249
f 6250 6252 6253
f 6254 6256 6257
f 6258 6260 6261
f 6229 6263 6230
f 6264 6242 6241
f 6266 6268 6269
f 6270 6272 6273
f 6274 6276 6277
f 6195 6279 6236
f 6280 6281 6282
f 6283 6285 6286
f 6123 6287 6288
f 6289 6291 6292
f 6293 6243 6295
f 6240 6297 6241
f 6298 6267 6266
f 6300 6302 6303
f 6304 6306 6307
f 6251 6308 6309
f 6247 6311 6312
f 6313 6315 6316
f 6314 6317 6318
f 6319 6320 6321
f 6322 6088 6323
f 6216 6258 6217
f 6325 6327 6328
f 6217 6261 6329
f 6330 6238 6331
f 6071 6048 6027
f 6015 6333 6012
f 6079 6335 6080
f 6336 6240 6239
f 6294 6296 6240
f 6337 6339 6340
f 6341 6343 6344
f 6345 6347 6348
f 6266 6349 6298
f 6350 6352 6353
f 6295 6246 6354
f 6303 6356 6300
f 6357 6359 6360
f 6361 6363 6364
f 6365 6353 6366
f 6367 6369 6370
f 6371 6370 6372
f 6372 6374 6371
f 6375 6373 6376
f 6376 6378 6375
f 6379 6381 6382
f 6383 6385 6386
f 6387 6389 6390
f 6391 6393 6394
f 6395 6397 6398
f 6398 6400 6395
f 6399 6402 6400
f 6403 6401 6404
f 6405 6407 6408
f 6409 6411 6412
f 6367 6413 6414
f 6374 6415 6416
f 6417 6384 6383
f 6419 6348 6347
f 6421 6423 6424
f 6425 6400 6402
f 6426 6395 6400
f 6393 6428 6429
f 6429 6394 6393
f 6390 6431 6432
f 6433 6408 6407
f 6435 6437 6438
f 6439 6411 6438
f 6392 6441 6442
f 6397 6442 6443
f 6401 6444 6445
f 6446 6437 6404
f 6448 6450 6451
f 6452 6454 6455
f 6442 6456 6457
f 6443 6457 6458
f 6444 6460 6461
f 6445 6461 6462
f 6463 6462 6465
f 6446 6462 6464
f 6466 6468 6469
f 6448 6470 6471
f 6453 6472 6473
f 6474 6476 6477
f 6478 6480 6481
f 6482 6484 6485
f 6486 6488 6489
f 6490 6492 6493
f 6493 6494 6495
f 6496 6498 6499
f 6500 6502 6503
f 6504 6506 6507
f 6508 6509 6510
f 6511 6513 6508
f 6499 6515 6496
f 6516 6518 6519
f 6520 6522 6523
f 6524 6525 6526
f 6507 6527 6504
f 6504 6528 6510
f 6528 6508 6510
f 6529 6531 6532
f 6342 6534 6343
f 6535 6346 6536
f 6347 6537 6419
f 6434 6539 6408
f 6539 6405 6408
f 6541 6451 6450
f 6543 6470 6545
f 6546 6481 6547
f 6499 6548 6549
f 6549 6514 6499
f 6551 6553 6554
f 6555 6557 6558
f 6403 6423 6559
f 6426 6413 6416
f 6415 6428 6427
f 6430 6561 6562
f 6434 6420 6419
f 6563 6565 6566
f 6404 6445 6446
f 6459 6399 6398
f 6455 6388 6387
f 6405 6449 6406
f 6540 6450 6405
f 6567 6568 6569
f 6570 6463 6567
f 6475 6490 6465
f 6458 6571 6572
f 6573 6574 6575
f 6576 6578 6579
f 6193 6580 6581
f 6582 6584 6585
f 6583 6586 6587
f 6588 6587 6586
f 6590 6068 6591
f 6592 6594 6319
f 6251 6595 6252
f 6304 6597 6598
f 6272 6599 6273
f 3737 6558 6557
f 6600 6160 6601
f 6123 6603 6120
f 6604 6606 6607
f 6608 6208 6609
f 5972 6220 5965
f 6610 6612 6556
f 6613 6615 6616
f 6242 6618 6239
f 6226 6245 6227
f 6620 6622 6623
f 6624 6146 6625
f 6626 6211 6136
f 6627 6629 6630
f 6631 6633 6634
f 6235 6636 6232
f 6637 6639 6640
f 6641 6286 6642
f 6643 6645 6646
f 6647 6649 6650
f 6244 6294 6336
f 6336 6652 6244
f 6194 6237 6222
f 6196 6114 6191
f 6115 6191 6114
f 6653 6655 6656
f 6657 6189 6658
f 6117 6659 6118
f 6130 6156 6131
f 6133 6151 6134
f 6661 6662 6660
f 6663 6616 6552
f 6664 6273 6665
f 6418 6432 6431
f 6290 6328 6291
f 6666 6556 6612
f 6557 3805 3737
f 5971 6668 5968
f 6181 6670 6178
f 6671 6673 6674
f 6676 6672 6675
f 6675 6149 6676
f 6067 5999 5998
f 6677 6679 6680
f 6681 6683 6684
f 6087 6090 6089
f 5983 6685 6686
f 5982 6687 6685
f 6094 6688 6687
f 6211 6137 6136
f 6689 6691 6692
f 6690 3833 3832
f 6001 6686 6002
f 5978 6215 5979
f 6694 5978 6095
f 5974 6095 6695
f 6183 6696 6697
f 6698 5961 6218
f 5959 6699 5956
f 6697 6700 6701
f 6702 6703 6704
f 5968 6705 5969
f 6706 5955 5954
f 6707 6617 6708
f 6024 6709 6710
f 6402 6559 6425
f 3852 6712 3853
f 3856 6593 3857
f 5977 6694 5974
f 6713 5977 5976
f 6714 6716 6717
f 6718 6308 6250
f 6720 6254 6721
f 6722 6724 6725
f 6312 6726 6727
f 6069 6728 6729
f 6319 6730 6086
f 6731 6644 6732
f 6732 6734 6731
f 6046 6320 6047
f 3880 6666 6735
f 6736 6738 6739
f 6531 6741 6326
f 6300 6614 6613
f 6742 6325 6290
f 6743 3891 3890
f 6744 6301 6745
f 6746 6534 6533
f 6536 6579 6535
f 6535 6563 6537
f 6566 6537 6563
f 6538 6409 6539
f 6412 6539 6409
f 6412 6541 6540
f 6748 6542 6541
f 6749 6545 6542
f 6568 6547 6543
f 6751 6548 6546
f 6753 6550 6549
f 6755 6757 6758
f 6759 6761 6762
f 6763 6765 6762
f 6764 6623 6765
f 6766 6768 6769
f 6770 6772 6773
f 6774 6776 6777
f 6021 6777 6022
f 6723 6779 6724
f 6780 6782 6783
f 6784 6786 6787
f 6788 6790 6791
f 6185 6793 6186
f 6794 6725 6795
f 6729 6098 6097
f 6135 6798 6132
f 6799 6065 6800
f 6037 6802 6038
f 6005 6588 6586
f 6005 6804 6006
f 6052 6010 6805
f 6586 6803 6005
f 6092 5987 6089
f 6094 5985 6092
f 6096 6695 6095
f 6082 6799 6585
f 6657 6041 6659
f 6013 6658 6014
f 6795 6807 6808
f 6809 6811 6812
f 6813 6815 6816
f 6817 6819 6820
f 6821 6823 6824
f 6329 6204 6217
f 6202 6826 6203
f 6072 6827 6828
f 6598 6305 6304
f 6301 6613 6663
f 6830 6271 6270
f 6822 6778 6823
f 6326 6832 6327
f 6203 6833 6216
f 6027 6051 6024
f 6360 6835 6357
f 6836 6838 6839
f 6837 6841 6838
f 6362 6366 6363
f 6380 6384 6381
f 6421 6578 6842
f 6566 6410 6409
f 6394 6388 6391
f 6414 6368 6367
f 6371 6416 6413
f 6561 6378 6382
f 6382 6562 6561
f 6381 6418 6562
f 6389 6430 6431
f 6391 6454 6441
f 6441 6453 6456
f 6456 6473 6574
f 6495 6750 6568
f 6843 6485 6484
f 6844 6843 6846
f 6573 6847 6848
f 6849 6487 6486
f 6513 6752 6469
f 6517 6850 6503
f 6521 6851 6850
f 6844 6852 6853
f 6505 6510 6509
f 6753 6512 6754
f 6516 6521 6517
f 6614 6854 6615
f 6742 4003 3891
f 6708 6855 6856
f 6307 6857 6858
f 6307 6665 6304
f 6414 6425 6559
f 6416 6427 6426
f 6562 6431 6430
f 6419 6538 6434
f 6358 6839 6359
f 6059 6859 6860
f 6861 6863 6864
f 6865 6867 6868
f 6115 6869 6870
f 6871 6873 6874
f 6721 6596 6875
f 6876 6556 6555
f 6877 6552 6551
f 6551 6268 6877
f 6879 6265 6269
f 6239 6651 6336
f 6230 6619 6226
f 6171 6669 6880
f 6106 6882 6881
f 6883 6822 6821
f 6759 6187 6174
f 6725 6785 6807
f 6885 6808 6791
f 6886 6888 6031
f 6701 6756 6755
f 6884 6779 6822
f 6715 6309 6308
f 6889 6890 6891
f 6743 4042 6892
f 6270 6893 6830
f 6386 6895 6383
f 6895 6420 6896
f 6897 6417 6896
f 6897 6407 6898
f 6390 6899 6387
f 6900 6406 6449
f 6455 6901 6452
f 6902 6904 6471
f 6482 6905 6483
f 6501 6907 6502
f 6496 6908 6909
f 6532 6326 6325
f 6532 6743 6529
f 6612 6735 6666
f 6611 6910 6612
f 6626 5979 6213
f 6704 6105 6702
f 6913 6591 6914
f 6915 6795 6885
f 6229 4067 4066
f 6263 6289 6619
f 6745 6663 6877
f 6916 6757 6917
f 6885 6165 6915
f 6920 6783 6919
f 6921 6923 6924
f 6925 6924 6926
f 6927 6929 6930
f 6931 6933 6934
f 6935 6937 6938
f 6939 6941 6942
f 6943 6945 6946
f 6947 6949 6950
f 6944 6951 6952
f 6953 6955 6956
f 6957 6959 6960
f 6961 6929 6963
f 6964 6966 6967
f 6968 6970 6971
f 6969 6955 6970
f 6972 6946 6973
f 6974 6976 6977
f 6978 6980 6981
f 6940 6982 6983
f 6984 6986 6987
f 6988 6990 6991
f 6992 6989 6993
f 6994 6996 6997
f 6998 7000 7001
f 7002 7004 7005
f 7006 7008 7009
f 7010 7012 7013
f 7014 7016 7017
f 7018 6999 6998
f 7020 7022 7023
f 7024 7026 7027
f 7028 7030 7031
f 7032 7034 7035
f 7003 7036 7037
f 7038 7040 7027
f 6993 7030 7041
f 7042 7044 7045
f 7046 7007 7006
f 7011 7048 7049
f 7050 7052 7053
f 7054 7014 7055
f 7015 7056 7057
f 6621 7045 7044
f 7049 6775 6774
f 7051 6021 6020
f 7055 6701 7054
f 7054 6755 7056
f 6764 7047 7046
f 7020 7059 7013
f 7060 7062 7063
f 6958 7065 6959
f 6925 7067 6973
f 7068 6934 6926
f 7069 6991 7070
f 7071 7072 7073
f 7074 7076 7077
f 7078 7080 7081
f 7014 7082 7083
f 7084 7086 7087
f 7025 7031 7026
f 7085 7072 7088
f 7089 7087 7090
f 7055 7083 7091
f 7090 6770 6773
f 7092 7094 7095
f 7091 6697 7055
f 6770 7086 6758
f 7095 6767 6766
f 7096 6980 7097
f 7098 6940 7099
f 7058 7023 7100
f 7101 6930 7102
f 6974 7063 6967
f 7103 6971 7104
f 7105 6981 6977
f 7106 7036 7108
f 7109 7010 7110
f 7111 7018 7034
f 7098 7037 7100
f 7048 7112 6775
f 7113 7041 6997
f 6994 7115 7088
f 6965 6923 6966
f 6975 6945 6976
f 7061 7065 7062
f 6954 6933 6963
f 6763 7109 7047
f 7046 6620 6764
f 6947 7067 6956
f 6758 7056 6755
f 7118 7039 7038
f 7038 7070 7118
f 7106 7121 7122
f 7123 7053 7052
f 7123 7083 7082
f 7045 7006 7042
f 7107 7122 7009
f 7091 7052 7051
f 7091 6020 6183
f 6936 7097 6937
f 7125 6960 7102
f 6774 7050 7049
f 7119 6942 7039
f 7019 7005 6999
f 7011 7124 7012
f 7021 7040 7022
f 7114 7016 7115
f 7053 7049 7050
f 7086 7057 7056
f 6993 7127 6992
f 7075 7113 7076
f 4281 6603 7128
f 6012 7129 6040
f 7130 6584 7131
f 6797 7133 6798
f 6074 7135 6075
f 6789 6173 6790
f 6760 6776 6761
f 7136 6801 6589
f 6914 6674 6913
f 7007 7059 7008
f 7099 7003 7098
f 6984 7104 6938
f 7110 7047 7109
f 6333 6587 7129
f 5956 6667 5971
f 5957 5971 5970
f 7137 6308 6719
f 4292 6718 6250
f 6693 6668 6215
f 6215 6667 6214
f 6214 6699 6212
f 6698 6212 6699
f 6219 6198 6218
f 6207 6220 6208
f 6220 6609 6208
f 6262 4066 4003
f 7138 7140 7141
f 4298 7140 4299
f 7143 7145 7146
f 7147 7144 7149
f 7149 7151 7147
f 7150 7153 7151
f 6329 7154 7152
f 6261 7155 7154
f 7156 7157 7158
f 6598 7159 7160
f 6257 7161 7162
f 6256 4321 7161
f 6693 6706 6705
f 5954 6705 6706
f 5953 5969 5954
f 7163 5983 6912
f 7164 6138 7166
f 7167 7169 7170
f 6141 7172 6142
f 7166 7173 7164
f 6141 7174 7175
f 7176 7178 7179
f 7180 7182 7183
f 7184 7186 7187
f 6631 7183 7188
f 6218 6197 6698
f 6625 7189 6624
f 6814 7190 7191
f 6882 7193 7194
f 7195 6109 6108
f 6888 7198 7199
f 7200 7202 7203
f 7176 6630 7204
f 6029 7187 6030
f 7205 7207 7208
f 7209 7211 7212
f 7203 7213 7214
f 6886 6778 6723
f 6031 7215 6886
f 7216 7218 7219
f 7220 6880 6669
f 6076 7220 7222
f 6074 6672 6671
f 6147 6662 7223
f 7223 6111 6110
f 6810 6113 6112
f 6920 6914 6591
f 6077 6675 6672
f 6660 6076 6661
f 7222 6669 6181
f 7224 6181 6180
f 6660 6150 6675
f 7225 6794 6915
f 6783 7225 6164
f 6781 6068 6067
f 7217 7228 7218
f 6031 7199 6028
f 6887 6723 6722
f 6164 6915 6165
f 6780 6591 6068
f 7134 6671 6914
f 7229 6824 6823
f 7187 7230 7229
f 7226 6722 6794
f 7231 6169 7233
f 7201 7233 7202
f 6107 7235 7200
f 7215 6823 6778
f 6030 7229 7215
f 7236 7219 7179
f 7237 6820 6819
f 7237 7207 7238
f 7239 7241 7242
f 6739 7244 6736
f 7245 7242 7246
f 7233 6168 7247
f 7247 7202 7233
f 7195 7203 7214
f 7248 7250 6703
f 7227 7252 7228
f 7253 5998 7251
f 6067 7198 6781
f 6781 7197 6782
f 5984 6683 5986
f 7254 6678 6684
f 6679 7252 5997
f 6887 7197 6888
f 6782 7226 7225
f 7135 6163 7221
f 7221 6075 7135
f 6661 7222 7224
f 7224 6111 6661
f 6180 6112 7224
f 6179 6810 6180
f 6811 6793 6649
f 6650 6622 6769
f 6766 7044 7095
f 7095 7043 7092
f 7092 7121 7081
f 7078 7255 7033
f 7256 7257 7258
f 6768 7259 6647
f 6773 7094 7090
f 7090 7093 7089
f 7089 7080 7073
f 7071 7032 7260
f 7077 6998 7074
f 6995 7260 6996
f 7077 7261 7035
f 7035 7018 7077
f 7108 7111 7255
f 6978 7262 7001
f 7105 7264 7262
f 7263 6952 7264
f 6990 6951 7265
f 6972 7266 7265
f 7117 6950 7266
f 6948 7267 6949
f 6969 6982 7267
f 7103 6987 6983
f 7005 6986 7268
f 6999 7268 7000
f 7269 7271 7272
f 7274 7275 7273
f 7274 7276 7277
f 7278 7280 7281
f 7282 7284 7285
f 7286 7288 7289
f 7290 7292 7293
f 7294 7296 7293
f 7068 7298 7299
f 7300 7302 7303
f 7304 7305 7306
f 7307 7305 7308
f 7309 7283 7310
f 7311 7313 7314
f 7125 7306 7315
f 7285 7280 7282
f 7277 7303 7302
f 6965 7316 7317
f 7318 7316 7319
f 7320 7271 7314
f 7312 7296 7313
f 7270 7298 7322
f 7311 7322 7317
f 6961 7300 7308
f 7323 7325 7326
f 7327 7328 7329
f 7064 7325 7328
f 7287 7292 7288
f 6931 7299 7301
f 7331 7329 7319
f 7332 7334 7335
f 7336 7338 7339
f 7340 7333 7332
f 7342 7343 7344
f 7345 7347 7344
f 7348 7350 7351
f 7352 7354 7355
f 7356 7358 7359
f 7360 7362 7363
f 7365 7367 7364
f 7368 7370 7371
f 7372 7336 7374
f 7373 7337 7336
f 7367 7376 7377
f 7378 7380 7381
f 7382 7384 7385
f 7386 7385 7384
f 7388 7390 7391
f 7392 7333 7393
f 7394 7396 7397
f 7398 7400 7401
f 7402 7404 7405
f 7406 7408 7409
f 7410 7383 7382
f 7412 7414 7415
f 7385 7417 7382
f 7389 7419 7390
f 7373 7421 7375
f 7420 7372 7422
f 7369 7424 7370
f 7399 7397 7425
f 7393 7341 7342
f 7398 7357 7426
f 7358 7401 7427
f 7428 7430 7431
f 7433 7435 7432
f 7363 7436 7437
f 7383 7439 7384
f 7411 7438 7383
f 7441 7443 7444
f 7445 7339 7447
f 7374 7339 7446
f 7444 7364 7448
f 7448 7450 7449
f 7364 7451 7450
f 7451 7377 7452
f 7449 7454 7453
f 7455 7450 7451
f 7456 7451 7452
f 7410 7458 7459
f 7460 7462 7369
f 7423 7462 7463
f 7464 7466 7467
f 7468 7347 7470
f 7376 7471 7472
f 7425 7396 7473
f 7475 7477 7474
f 7478 7480 7481
f 7482 7407 7406
f 7484 7351 7486
f 7487 7488 7489
f 7490 7492 7493
f 7412 7434 7433
f 7494 7434 7415
f 7496 7391 7497
f 7440 7498 7499
f 7401 7488 7500
f 7485 7345 7501
f 7500 7427 7401
f 7395 7469 7468
f 7503 7505 7506
f 7507 7509 7510
f 7511 7513 7514
f 7511 7515 7516
f 7517 7519 7520
f 7521 7523 7355
f 7352 7525 7526
f 7415 7527 7494
f 7528 7530 7486
f 7404 7502 7500
f 7477 7496 7532
f 7512 7481 7513
f 7405 7500 7488
f 7533 7535 7536
f 7378 7510 7537
f 7532 7379 7538
f 7539 7541 7542
f 7524 7355 7523
f 7351 7501 7348
f 7414 7523 7527
f 7522 7527 7523
f 7544 7412 7545
f 7546 7547 7548
f 7526 7353 7352
f 7550 7355 7354
f 7521 7551 7548
f 7552 7548 7551
f 7546 7553 7554
f 7522 7548 7547
f 7418 7520 7555
f 7416 7554 7417
f 7457 7558 7458
f 7557 7560 7558
f 7535 7561 7562
f 7562 7563 7564
f 7564 7349 7348
f 7351 7565 7486
f 7567 7569 7566
f 7570 7520 7519
f 7419 7555 7571
f 7572 7348 7501
f 7389 7556 7418
f 7573 7493 7480
f 7552 7534 7553
f 7562 7536 7535
f 7572 7576 7574
f 7422 7578 7420
f 7423 7580 7424
f 7579 7463 7581
f 7578 7576 7582
f 7583 7381 7380
f 7586 7581 7585
f 7533 7579 7586
f 7447 7338 7587
f 7588 7531 7589
f 7590 7431 7591
f 7321 7592 7585
f 7275 7463 7273
f 7461 7276 7462
f 7279 7461 7453
f 7453 7593 7279
f 7594 7454 7455
f 7330 7498 7459
f 7459 7294 7330
f 7558 7595 7295
f 7560 7320 7595
f 7275 7585 7581
f 7462 7273 7463
f 7596 7380 7497
f 7597 7406 7409
f 7467 7599 7600
f 7601 7603 7604
f 7605 7444 7443
f 7365 7606 7366
f 7607 7494 7608
f 7513 7473 7396
f 7396 7514 7513
f 7514 7468 7515
f 7470 7515 7468
f 7610 7609 7470
f 7612 7476 7475
f 7613 7529 7614
f 7442 7615 7616
f 7343 7617 7618
f 7574 7577 7536
f 7619 7399 7491
f 7518 7509 7519
f 7491 7425 7492
f 7549 7621 7565
f 7491 7622 7619
f 7377 7440 7452
f 7379 7497 7380
f 7453 7460 7449
f 7411 7459 7498
f 7623 7391 7390
f 7625 7610 7484
f 7487 7483 7626
f 7619 7408 7489
f 7627 7620 7549
f 7538 7378 7537
f 7389 7477 7476
f 7629 7412 7433
f 7489 7407 7487
f 7628 7598 7597
f 7413 7524 7414
f 7592 7559 7630
f 7584 7632 7381
f 7569 7633 7571
f 7570 7566 7569
f 7631 7566 7632
f 7508 7519 7509
f 7614 7480 7613
f 7346 7470 7347
f 7572 7562 7564
f 7571 7634 7419
f 7346 7484 7610
f 7607 7431 7495
f 7585 7630 7586
f 7624 7497 7391
f 7635 7384 7439
f 7636 7502 7588
f 7323 7310 7289
f 7420 7582 7421
f 7637 7455 7456
f 7287 7499 7498
f 7458 7295 7294
f 7439 7472 7635
f 7599 7604 7600
f 7359 7427 7636
f 7436 7639 7437
f 7490 7640 7622
f 7481 7493 7473
f 7641 7505 7525
f 7642 7627 7644
f 7492 7473 7493
f 7517 7625 7530
f 7625 7486 7530
f 7634 7390 7419
f 7474 7532 7516
f 7448 7441 7444
f 7368 7449 7460
f 7615 7368 7371
f 7638 7602 7639
f 7575 7501 7345
f 7571 7570 7569
f 7400 7489 7488
f 7508 7632 7566
f 7503 7540 7539
f 6957 7315 7326
f 7376 7438 7377
f 7507 7381 7632
f 7499 7452 7440
f 7286 7456 7499
f 7504 7644 7505
f 7368 7460 7369
f 7645 7627 7643
f 7647 7633 7646
f 7647 7623 7634
f 7649 7623 7648
f 7650 7624 7649
f 7646 7568 7651
f 7651 7567 7652
f 7653 7567 7631
f 7651 7655 7646
f 7656 7658 7659
f 7660 7657 7661
f 7663 7656 7662
f 7664 7663 7666
f 7667 7663 7662
f 7667 7668 7655
f 7663 7661 7657
f 7670 7672 7669
f 7661 7671 7660
f 7659 7662 7656
f 7648 7668 7659
f 7648 7673 7649
f 7659 7674 7673
f 7658 7675 7674
f 7668 7646 7655
f 7660 7676 7675
f 7675 7678 7674
f 7677 7676 7679
f 7677 7681 7678
f 7682 7678 7681
f 7677 7684 7680
f 7673 7678 7683
f 7683 7649 7673
f 7685 7671 7670
f 7667 7686 7666
f 7666 7687 7664
f 7654 7686 7655
f 7689 7686 7688
f 7664 7691 7690
f 7650 7583 7596
f 7693 7631 7584
f 7584 7692 7693
f 7693 7682 7694
f 7694 7681 7695
f 7694 7653 7693
f 7650 7682 7692
f 7696 7652 7653
f 7654 7652 7697
f 7688 7697 7698
f 7699 7697 7696
f 7700 7698 7699
f 7695 7696 7694
f 7699 7702 7700
f 7689 7698 7701
f 7689 7703 7704
f 7705 7707 7703
f 7701 7705 7703
f 7704 7707 7685
f 7685 7691 7704
f 7687 7704 7691
f 7680 7695 7681
f 7684 7702 7680
f 7702 7705 7700
f 7684 7707 7706
f 7676 7707 7679
f 7665 7672 7661
f 7670 7690 7691
f 7665 7690 7669
f 7611 7474 7609
f 7510 7479 7478
f 7511 7537 7512
f 7516 7538 7511
f 7517 7613 7518
f 7537 7478 7512
f 7611 7612 7475
f 7613 7479 7518
f 7556 7517 7520
f 7516 7609 7474
f 7708 7710 7711
f 7712 7714 7715
f 7713 7717 7714
f 7719 7721 7718
f 7722 7597 7409
f 7724 7715 7725
f 7726 7728 7729
f 7731 7573 7730
f 7730 7614 7732
f 7733 7735 7736
f 7721 7724 7737
f 7731 7409 7640
f 7708 7729 7738
f 7737 7709 7739
f 7716 7736 7740
f 7742 7744 7745
f 7740 7735 7746
f 7717 7740 7747
f 7716 7720 7741
f 7748 7711 7710
f 7750 7710 7725
f 7720 7751 7741
f 7734 7728 7735
f 7709 7725 7710
f 7752 7715 7714
f 7739 7708 7738
f 7720 7712 7721
f 7749 7755 7711
f 7745 7756 7747
f 7746 7742 7745
f 7743 7755 7754
f 7727 7735 7728
f 7747 7757 7717
f 7753 7725 7715
f 7751 7620 7733
f 7757 7714 7717
f 7718 7737 7732
f 7747 7746 7745
f 7727 7755 7742
f 7726 7711 7755
f 7759 7756 7758
f 7759 7752 7757
f 7760 7753 7752
f 7761 7750 7753
f 7758 7744 7763
f 7763 7743 7764
f 7754 7764 7743
f 7763 7767 7758
f 7768 7770 7771
f 7772 7771 7773
f 7775 7772 7774
f 7776 7775 7778
f 7779 7775 7774
f 7775 7769 7768
f 7770 7781 7780
f 7782 7772 7773
f 7760 7782 7773
f 7760 7783 7761
f 7773 7784 7783
f 7770 7784 7771
f 7779 7782 7767
f 7782 7758 7767
f 7785 7780 7786
f 7785 7788 7784
f 7787 7786 7789
f 7787 7791 7788
f 7792 7788 7791
f 7787 7794 7790
f 7793 7784 7788
f 7762 7783 7793
f 7796 7780 7795
f 7795 7781 7797
f 7779 7798 7778
f 7799 7778 7798
f 7766 7798 7767
f 7800 7799 7798
f 7802 7799 7803
f 7795 7802 7803
f 7762 7748 7750
f 7805 7754 7749
f 7749 7804 7805
f 7805 7792 7806
f 7806 7791 7807
f 7806 7765 7805
f 7793 7804 7762
f 7808 7764 7765
f 7766 7764 7809
f 7766 7810 7800
f 7811 7809 7808
f 7812 7810 7811
f 7807 7808 7806
f 7811 7814 7812
f 7813 7800 7810
f 7801 7815 7816
f 7817 7819 7815
f 7813 7817 7815
f 7816 7819 7796
f 7796 7803 7816
f 7799 7816 7803
f 7790 7807 7791
f 7794 7814 7790
f 7814 7817 7812
f 7794 7819 7818
f 7786 7819 7789
f 7777 7781 7769
f 7777 7802 7797
f 7528 7718 7529
f 7729 7723 7722
f 7738 7730 7739
f 7732 7739 7730
f 7733 7628 7734
f 7722 7738 7729
f 7621 7719 7528
f 7628 7723 7734
f 7733 7741 7751
f 7732 7529 7718
f 7486 7621 7528
f 7549 7350 7353
f 7353 7349 7354
f 7354 7563 7550
f 7821 7823 7820
f 7824 7826 7827
f 7825 7829 7826
f 7830 7832 7833
f 7834 7827 7835
f 7836 7838 7839
f 7840 7406 7841
f 7841 7598 7842
f 7843 7845 7846
f 7833 7834 7847
f 7848 7836 7839
f 7847 7821 7849
f 7828 7846 7850
f 7853 7855 7852
f 7850 7845 7856
f 7829 7850 7857
f 7828 7832 7851
f 7858 7823 7822
f 7860 7822 7835
f 7831 7851 7832
f 7844 7838 7845
f 7834 7822 7821
f 7863 7827 7826
f 7849 7820 7848
f 7825 7833 7832
f 7859 7866 7823
f 7855 7867 7857
f 7837 7855 7856
f 7865 7852 7866
f 7837 7845 7838
f 7857 7868 7829
f 7864 7835 7827
f 7843 7642 7504
f 7868 7826 7829
f 7830 7847 7842
f 7857 7856 7855
f 7837 7866 7852
f 7836 7823 7866
f 7870 7867 7869
f 7870 7863 7868
f 7871 7864 7863
f 7872 7860 7864
f 7869 7854 7874
f 7874 7853 7875
f 7876 7853 7865
f 7874 7878 7869
f 7879 7881 7882
f 7883 7882 7884
f 7886 7883 7885
f 7887 7886 7889
f 7890 7886 7885
f 7886 7880 7879
f 7891 7880 7892
f 7884 7885 7883
f 7871 7893 7884
f 7871 7894 7872
f 7884 7895 7894
f 7882 7896 7895
f 7890 7893 7878
f 7893 7869 7878
f 7881 7897 7896
f 7898 7895 7896
f 7900 7896 7897
f 7901 7899 7898
f 7904 7902 7903
f 7898 7905 7901
f 7894 7899 7904
f 7904 7872 7894
f 7907 7891 7906
f 7906 7892 7908
f 7890 7909 7889
f 7910 7889 7909
f 7877 7909 7878
f 7912 7909 7911
f 7887 7914 7913
f 7906 7913 7914
f 7873 7858 7860
f 7916 7865 7859
f 7859 7915 7916
f 7916 7903 7917
f 7917 7902 7918
f 7917 7876 7916
f 7873 7903 7915
f 7919 7875 7876
f 7877 7875 7920
f 7911 7920 7921
f 7922 7920 7919
f 7923 7921 7922
f 7918 7919 7917
f 7922 7925 7923
f 7924 7911 7921
f 7912 7926 7927
f 7928 7930 7926
f 7924 7928 7926
f 7927 7930 7907
f 7907 7914 7927
f 7910 7927 7914
f 7901 7918 7902
f 7905 7925 7901
f 7925 7928 7923
f 7905 7930 7929
f 7897 7930 7900
f 7888 7892 7880
f 7888 7913 7908
f 7645 7831 7830
f 7839 7862 7931
f 7841 7848 7840
f 7842 7849 7841
f 7504 7844 7843
f 7839 7840 7848
f 7643 7861 7831
f 7503 7862 7844
f 7846 7861 7843
f 7842 7645 7830
f 7932 7934 7935
f 7936 7938 7939
f 7937 7941 7938
f 7942 7944 7945
f 7947 7949 7946
f 7950 7939 7951
f 7953 7955 7952
f 7956 7958 7959
f 7956 7540 7960
f 7962 7964 7961
f 7936 7965 7945
f 7946 7958 7957
f 7966 7952 7955
f 7965 7933 7967
f 7968 7969 7964
f 7970 7972 7973
f 7974 7964 7963
f 7941 7968 7975
f 7940 7944 7969
f 7976 7935 7934
f 7978 7934 7951
f 7943 7969 7944
f 7947 7963 7962
f 7933 7951 7934
f 7980 7939 7938
f 7967 7932 7966
f 7937 7945 7944
f 7977 7983 7935
f 7973 7984 7975
f 7953 7973 7974
f 7982 7970 7983
f 7974 7954 7953
f 7975 7985 7941
f 7981 7951 7939
f 7961 7544 7545
f 7985 7938 7941
f 7942 7965 7960
f 7975 7974 7973
f 7952 7970 7953
f 7952 7935 7983
f 7987 7984 7986
f 7987 7980 7985
f 7988 7981 7980
f 7989 7978 7981
f 7986 7972 7991
f 7991 7971 7992
f 7993 7971 7982
f 7986 7994 7995
f 7997 7999 7996
f 8000 7999 8001
f 8003 8000 8002
f 8005 8006 8004
f 8007 8003 8002
f 7996 8005 7997
f 7998 8009 8008
f 8010 8000 8001
f 7988 8010 8001
f 7988 8011 7989
f 8011 7999 8012
f 7998 8012 7999
f 8007 8010 7995
f 8010 7986 7995
f 8013 8008 8014
f 8015 8012 8013
f 8017 8013 8014
f 8018 8016 8015
f 8021 8019 8020
f 8015 8022 8018
f 8011 8016 8021
f 8021 7989 8011
f 8023 8014 8008
f 8023 8009 8025
f 8007 8026 8006
f 8026 8004 8006
f 8028 7995 7994
f 8029 8026 8028
f 8030 8027 8031
f 8023 8030 8031
f 7990 7976 7978
f 8033 7982 7977
f 7976 8033 7977
f 8034 8032 8020
f 8035 8020 8019
f 8034 7993 8033
f 7990 8020 8032
f 8036 7992 7993
f 7991 8037 7994
f 7994 8038 8028
f 8039 8037 8036
f 8040 8038 8039
f 8035 8036 8034
f 8039 8042 8040
f 8041 8028 8038
f 8029 8043 8044
f 8045 8047 8043
f 8041 8045 8043
f 8044 8047 8024
f 8024 8031 8044
f 8027 8044 8031
f 8042 8019 8018
f 8022 8042 8018
f 8042 8045 8040
f 8017 8046 8022
f 8014 8047 8017
f 8005 8009 7997
f 8005 8030 8025
f 7506 7943 7942
f 7954 7946 7955
f 7967 7957 7956
f 7960 7967 7956
f 7948 7962 8048
f 7955 7957 7966
f 7641 7979 7943
f 7969 7961 7964
f 7960 7506 7942
f 7362 8050 7436
f 8052 7464 8051
f 8051 7467 8053
f 8054 7600 7604
f 8056 7618 8052
f 7436 8057 7638
f 8049 7361 8056
f 8057 7603 7638
f 8055 7467 7600
f 8058 7604 7603
f 8059 8058 8057
f 8060 8054 8058
f 8061 8055 8054
f 8062 8053 8055
f 8059 8050 8064
f 8064 8049 8065
f 8056 8065 8049
f 8059 8067 8068
f 8069 8071 8072
f 8073 8072 8074
f 8075 8073 8076
f 8077 8075 8076
f 8075 8070 8069
f 8079 8081 8070
f 8082 8070 8081
f 8083 8073 8074
f 8061 8083 8074
f 8061 8084 8062
f 8074 8085 8084
f 8072 8086 8085
f 8077 8083 8068
f 8083 8059 8068
f 8071 8087 8086
f 8088 8085 8086
f 8090 8086 8087
f 8091 8089 8088
f 8094 8092 8093
f 8088 8095 8091
f 8084 8089 8094
f 8094 8062 8084
f 8097 8082 8096
f 8096 8081 8080
f 8077 8098 8078
f 8099 8078 8098
f 8101 8068 8067
f 8102 8098 8101
f 8100 8104 8103
f 8096 8103 8104
f 8075 8100 8079
f 8079 8103 8080
f 8105 8053 8063
f 8066 8052 8106
f 8051 8106 8052
f 8107 8105 8093
f 8108 8093 8092
f 8107 8066 8106
f 8063 8093 8105
f 8109 8065 8066
f 8064 8110 8067
f 8067 8111 8101
f 8112 8110 8109
f 8113 8111 8112
f 8108 8109 8107
f 8112 8115 8113
f 8114 8101 8111
f 8102 8116 8117
f 8118 8120 8116
f 8114 8118 8116
f 8117 8120 8097
f 8097 8104 8117
f 8099 8117 8104
f 8091 8108 8092
f 8095 8115 8091
f 8115 8118 8113
f 8095 8120 8119
f 8087 8120 8090
f 7550 7561 7551
f 7552 7561 7535
f 7931 7539 7542
f 7640 7408 7622
f 7549 7644 7627
f 7525 7544 7641
f 7931 7482 7840
f 7483 7542 7541
f 7626 7405 7487
f 7629 7432 8121
f 7629 7949 7948
f 8122 7949 8121
f 8123 8121 7432
f 8124 7432 7435
f 7434 8125 7435
f 8125 8124 7435
f 8124 7429 8126
f 8123 8126 8127
f 8122 8127 8128
f 7541 7959 8128
f 7404 8129 7531
f 8125 7431 7430
f 7526 7505 7644
f 7626 7541 8128
f 7959 8122 8128
f 7961 8048 7962
f 7629 8048 7545
f 8127 7626 8128
f 7402 8126 7403
f 8129 8126 7429
f 7428 8129 7429
f 7589 7428 7590
f 7471 7366 7606
f 7334 7426 7357
f 7335 7357 7356
f 7616 7446 7445
f 7392 7398 7426
f 7393 7397 7392
f 7342 7394 7393
f 7344 7469 7342
f 7343 7361 7360
f 7360 7344 7343
f 7363 7345 7360
f 7437 7575 7363
f 7582 7437 7639
f 7421 7639 7602
f 7375 7602 7601
f 7599 7375 7601
f 7465 7618 7617
f 7332 7587 7340
f 7447 7335 7445
f 7445 7356 7616
f 7359 7616 7356
f 7636 7442 7359
f 7588 7443 7636
f 7589 7605 7588
f 7590 7606 7589
f 7471 7591 7472
f 7446 7371 7374
f 7371 7372 7374
f 7422 7370 7424
f 7577 7424 7580
f 7536 7580 7533
f 7591 7635 7472
f 7607 7386 7635
f 7543 7494 7527
f 7547 7543 7522
f 7608 7387 7386
f 7387 7416 7385
f 7457 7382 7417
f 7557 7417 7554
f 7559 7554 7553
f 7630 7553 7534
f 7534 7586 7630
f 7466 7337 7599
f 7465 7338 7466
f 7617 7587 7465
f 7341 7617 7343
f 8130 6090 8131
f 6023 8132 8133
f 6182 8133 6784
f 6623 6792 6185
f 6787 6182 6784
f 8134 6696 6787
f 6917 6756 8135
f 6762 7112 6763
f 6762 6184 6759
f 6765 6185 6184
f 6650 6768 6647
f 6772 6916 7259
f 6777 6789 6788
f 6022 6788 8132
f 6756 8134 8135
f 6758 6771 6770
f 6761 6775 7112
f 6769 6621 6766
f 6772 6767 6773
f 6174 6760 6759
f 6187 6178 6670
f 6811 6648 6812
f 6786 6724 6779
f 6791 6918 6885
f 6186 6179 6178
f 6808 8133 8132
f 6884 8135 8134
f 6174 6670 6171
f 6807 6784 8133
f 6791 8132 6788
f 6786 8134 6787
f 6790 6172 6918
f 6649 6792 6650
f 6316 8136 6717
f 8137 6654 8138
f 8139 6601 6160
f 6656 6580 6870
f 6868 8142 6865
f 6316 6711 6313
f 6864 8144 6861
f 6864 8145 6860
f 6868 6869 6710
f 6656 6866 6653
f 8146 8148 8149
f 8139 8151 6640
f 8152 6866 6865
f 8154 8138 6654
f 6874 8156 8157
f 8158 8159 6805
f 8160 6865 8142
f 8161 6313 6711
f 6161 8162 8163
f 8164 6654 6653
f 8153 6653 6866
f 8165 8167 8168
f 8166 8169 8167
f 5989 8170 8169
f 5988 8171 8170
f 8172 6043 6042
f 8174 6032 6035
f 8174 6098 8176
f 8176 6796 8177
f 8177 8178 8179
f 7132 6728 7133
f 6589 8180 7136
f 8180 6004 8181
f 8181 6007 8182
f 6334 6731 6734
f 6079 6645 6731
f 6078 6646 6645
f 6085 8184 6646
f 6091 8185 6093
f 6086 8183 6085
f 6950 7118 7070
f 6952 6992 7127
f 6983 6968 7103
f 6987 7004 7099
f 7001 6979 6978
f 7001 7074 6998
f 7262 7075 7074
f 7264 7127 7075
f 7265 6943 6972
f 7265 6991 6990
f 7266 7070 6991
f 6949 7119 7118
f 7267 6939 7119
f 6983 7099 6940
f 7268 6985 8186
f 7000 8186 6979
f 6938 6985 6984
f 6946 6922 6921
f 6956 6948 6947
f 6971 6928 6927
f 6970 6954 6928
f 6973 6921 6925
f 6977 7263 7105
f 6981 7061 7060
f 6973 7117 6972
f 7097 6979 8186
f 7104 6927 7101
f 6977 7060 6974
f 6976 6944 7263
f 6956 7066 6953
f 6937 8186 6985
f 6938 7101 6935
f 6924 7116 7297
f 6926 7297 7068
f 6930 6962 7304
f 6934 6953 7066
f 6960 6936 6935
f 6963 6928 6954
f 6967 6975 6974
f 7063 7327 7331
f 6959 7096 6936
f 6926 7066 6925
f 7102 7304 7125
f 6967 7331 6964
f 6966 6922 6975
f 7062 7064 7327
f 6963 6932 6961
f 7102 6935 7101
f 7299 7269 8187
f 7301 6932 6931
f 7306 7285 7284
f 7308 6962 6961
f 7315 7284 7309
f 7317 7312 7311
f 7319 6964 7331
f 7322 7297 7116
f 7317 7116 6965
f 7308 7303 7307
f 7326 6958 6957
f 7329 7291 7290
f 7328 7324 7291
f 7301 8187 7302
f 7319 7290 7318
f 7326 7309 7323
f 7272 7321 7275
f 7272 8187 7269
f 7274 7302 8187
f 7281 7307 7303
f 7283 7593 7594
f 7289 7324 7323
f 7293 7330 7294
f 7293 7318 7290
f 7310 7594 7637
f 7314 7595 7320
f 7282 7279 7593
f 7278 7277 7276
f 7314 7270 7311
f 7313 7295 7595
f 7288 7291 7324
f 7289 7637 7286
f 6003 6626 6136
f 6003 7165 6000
f 6690 8189 6691
f 6686 5981 5980
f 6685 6096 5981
f 6687 6806 6096
f 6002 5980 6626
f 6606 5351 5350
f 7164 8190 8191
f 8192 7174 8193
f 6015 8153 8152
f 6189 8155 8154
f 8157 6284 6283
f 6332 8152 8160
f 6593 6317 8161
f 6658 8154 8164
f 6014 8164 8153
f 6332 7131 6333
f 6805 6321 6052
f 6146 8162 6625
f 6607 8195 6604
f 8196 6125 8197
f 8198 7168 8199
f 8199 6633 8200
f 7177 8201 7178
f 8202 8204 8205
f 7208 7185 7205
f 7237 7186 7208
f 6819 7230 7237
f 6818 6824 6819
f 8206 6821 6818
f 8207 8135 8208
f 6917 8209 6916
f 8209 7259 6916
f 8210 6647 7259
f 6812 8212 7258
f 6809 7258 7257
f 6809 8213 6113
f 6113 8214 6110
f 7235 6110 8214
f 7223 7234 6147
f 6147 8215 6148
f 6148 8216 6153
f 8218 6158 8217
f 8219 6116 6119
f 6284 6116 6285
f 6188 8156 8155
f 8155 6873 8138
f 8138 6872 8137
f 8137 8148 6581
f 6193 6281 6190
f 6190 6278 6195
f 8220 8222 8223
f 8224 7139 7138
f 6223 8226 8227
f 6237 8228 8229
f 6238 8227 8230
f 6249 8231 8232
f 6253 8233 8234
f 6236 8221 8228
f 6331 8230 8235
f 6252 8236 8233
f 6222 8229 8226
f 6828 8237 8238
f 6280 8240 8241
f 8208 6883 8206
f 6648 8211 8212
f 6143 8242 8243
f 6624 8244 8242
f 8245 8247 8248
f 8249 8251 8252
f 7195 8254 7196
f 7214 8253 7195
f 8256 7214 7213
f 7243 8257 7244
f 7210 8257 7211
f 8259 6102 8260
f 8261 6121 8262
f 8178 8263 8179
f 7132 8264 8263
f 6797 8265 8264
f 6135 8266 8265
f 6134 8267 8266
f 6151 8268 8267
f 6154 8270 8268
f 8269 8272 8270
f 7194 8273 8274
f 7193 8275 8273
f 8249 8260 8276
f 8248 8278 8245
f 6129 8279 8280
f 7169 8197 6125
f 8198 8192 8197
f 7171 7175 7173
f 6589 7129 6587
f 6801 6040 7129
f 6037 6041 6040
f 6036 6659 6041
f 6131 6118 6659
f 6156 6119 6118
f 8218 6119 6155
f 8219 6815 6642
f 7191 6641 6814
f 8246 7189 7191
f 8245 8281 8282
f 8280 6288 6287
f 6125 7170 7169
f 6288 6602 6123
f 6126 6604 8195
f 8196 6605 6604
f 7174 6691 8189
f 6691 6139 6692
f 7171 8283 7172
f 7172 8284 6142
f 6139 8284 6692
f 8285 8287 8288
f 8211 8289 8286
f 8290 8292 8289
f 8293 8291 8290
f 8293 8208 8295
f 8296 8298 8295
f 6818 8296 8206
f 8285 7258 8212
f 7243 7212 7211
f 7243 8300 8299
f 8301 6739 6738
f 8302 7213 7247
f 8303 7247 6168
f 8304 6168 6167
f 6738 8297 8301
f 8288 6167 6170
f 8304 8291 8305
f 8305 8294 6737
f 6737 8306 8305
f 6736 8307 8306
f 8243 8308 8309
f 8242 8282 8308
f 8247 7191 7190
f 7196 8251 7192
f 8253 8311 8254
f 8255 8310 8253
f 8313 8255 8256
f 7244 8313 8307
f 8313 8258 8312
f 8312 8314 8310
f 8315 8310 8314
f 8311 8316 8252
f 8282 8317 8308
f 8308 8261 8309
f 8309 8262 8318
f 8248 8275 8276
f 8282 8246 8245
f 8307 8256 8302
f 8306 8302 8303
f 8305 8303 8304
f 8298 6737 8294
f 8287 8304 6167
f 7253 7199 7198
f 8319 6028 7199
f 8320 6029 6028
f 8321 7184 6029
f 8322 7185 7184
f 8203 7205 7185
f 8202 7206 7205
f 7239 7210 7209
f 7251 8319 7253
f 7227 8320 8319
f 7217 8321 8320
f 7216 8322 8321
f 7236 8203 8322
f 6175 8200 7204
f 7165 8191 6177
f 6137 7166 6138
f 6200 8283 6137
f 6199 8284 8283
f 8284 6205 6692
f 6205 6689 6692
f 6689 5485 3833
f 7009 8323 7107
f 7013 7021 7020
f 7017 7029 7028
f 7013 7110 7010
f 7073 7084 7089
f 7081 7093 7092
f 7082 7028 7025
f 7088 6995 6994
f 7088 7057 7085
f 7122 7043 7042
f 7124 7024 7126
f 7082 7024 7123
f 7009 7042 7006
f 7012 7126 7021
f 7115 7015 7057
f 7008 7058 8323
f 7081 7120 7078
f 7073 7079 7071
f 6997 7076 7113
f 7023 6942 6941
f 7027 7069 7038
f 7031 6989 6988
f 7079 7033 7032
f 7037 7107 8323
f 7027 7126 7024
f 7041 7029 7114
f 7026 6988 7069
f 7100 6941 7098
f 7108 7002 7019
f 7100 8323 7058
f 6997 7114 6994
f 7022 7039 6942
f 7111 7033 7255
f 7035 7260 7032
f 7261 6996 7260
f 7108 7120 7106
f 7245 8258 7210
f 7246 8314 7245
f 7181 8316 7182
f 8277 6129 8278
f 8278 8280 8281
f 6287 8281 8280
f 6122 8317 6287
f 5487 6144 5488
f 5489 6162 5490
f 6637 8325 8326
f 8326 8225 8224
f 5494 8225 5495
f 6160 8150 8139
f 5496 8151 5497
f 8163 6162 6161
f 6146 8327 8163
f 8243 6144 6143
f 8328 8309 8318
f 8318 5501 5500
f 8262 5502 5501
f 8329 8331 8332
f 8333 8335 8336
f 8338 6007 8337
f 8329 8339 8340
f 8341 6734 8330
f 6006 8337 6007
f 8342 6804 6800
f 6065 8339 8343
f 5995 8341 8340
f 6918 6166 6165
f 7221 6166 6880
f 6172 6880 6166
f 8344 5955 6713
f 5519 5975 5520
f 6806 8346 6695
f 6646 8347 6643
f 8165 8349 6323
f 6322 8131 6090
f 8345 6688 8351
f 6695 5975 5974
f 5976 5528 6713
f 5529 8131 5530
f 6643 8352 8168
f 8183 5532 8184
f 5534 8130 5529
f 6730 5533 8183
f 8351 6093 8185
f 5535 6594 3856
f 8353 6652 6651
f 8354 8355 8356
f 8357 6825 6202
f 8359 6202 6201
f 6224 8356 8360
f 6275 8362 6276
f 6201 7143 8359
f 7146 8359 7143
f 8357 8363 8364
f 8355 8366 8367
f 8361 8368 8362
f 8356 8367 8369
f 8370 8372 7142
f 8220 7145 8374
f 6275 6228 6231
f 5558 6228 6274
f 8375 8367 8366
f 8362 8376 8377
f 8378 8380 8381
f 8363 8382 8383
f 8384 8381 8385
f 8382 8386 8385
f 8383 8364 8363
f 6226 6231 6230
f 6231 8361 6275
f 6636 8389 8379
f 6635 8388 6636
f 8390 5576 5575
f 8379 6232 6636
f 8378 6233 6232
f 8384 8371 6233
f 8372 8393 7141
f 7138 8239 8224
f 8224 8394 8326
f 8146 8394 6282
f 6638 8326 8394
f 6340 6299 6298
f 6747 6577 6576
f 6344 6346 6345
f 6342 6355 6303
f 6353 6349 6297
f 6337 6369 8395
f 6360 6328 6327
f 6358 6386 6385
f 6364 6293 6295
f 6362 6376 6373
f 6366 6297 6296
f 6350 6372 6370
f 6533 6303 6302
f 6534 6346 6343
f 6744 6533 6302
f 6536 6747 6576
f 6357 6894 6386
f 6341 6832 6355
f 6839 6292 6291
f 6837 6380 6379
f 6838 6354 6292
f 6361 6377 6376
f 6363 6296 6293
f 6365 6373 6372
f 6359 6291 6328
f 6836 6385 6380
f 6481 6902 6544
f 6484 6501 6500
f 6477 6487 6474
f 6849 6492 6491
f 6494 6467 6466
f 6547 6544 6543
f 6750 6546 6547
f 6494 6751 6750
f 6843 6500 6846
f 6845 6575 6843
f 6489 6847 6853
f 6474 6491 6490
f 6483 6906 6501
f 6493 6465 6490
f 6471 6544 6902
f 6472 6485 6473
f 6476 6461 6460
f 6470 6542 6545
f 6570 6569 6749
f 6495 6463 6493
f 6475 6462 6461
f 6572 6477 6476
f 6574 6457 6456
f 6569 6543 6545
f 6575 6473 6485
f 6471 6901 6448
f 6469 6508 6513
f 6498 6479 6478
f 6503 6518 6517
f 6489 6505 6486
f 6467 6509 6468
f 6546 6498 6478
f 6549 6752 6753
f 6752 6466 6469
f 6503 6846 6500
f 6850 6844 6846
f 6507 6852 6525
f 6486 6509 6849
f 6502 6909 6518
f 6858 6664 6307
f 8396 6611 6610
f 6833 6324 6216
f 8399 6825 8400
f 6831 8401 8402
f 6707 6826 8399
f 8398 6890 6324
f 6858 8404 6554
f 8405 6610 6876
f 6830 6553 8401
f 8397 6911 6611
f 8400 8358 8365
f 8358 8364 8406
f 8406 8387 8407
f 8389 8380 8379
f 8389 8409 8377
f 8388 8410 8409
f 5575 8410 8390
f 6665 8411 6875
f 8412 6720 6721
f 8413 5601 6720
f 8411 8413 8412
f 6262 6290 6263
f 5602 8414 5604
f 6599 3735 5605
f 7141 7142 8372
f 8393 8241 8240
f 8227 7147 7151
f 8229 8374 7148
f 8230 7151 7153
f 8232 8415 8416
f 8234 8417 8418
f 8221 8374 8228
f 8235 7153 8419
f 8233 8420 8417
f 8226 7148 7147
f 8238 8421 8422
f 7141 8240 7138
f 6581 6655 8137
f 6640 8140 8139
f 6710 8141 6868
f 6717 6712 6316
f 6860 8143 6864
f 6870 6867 6656
f 6717 6726 6714
f 6870 6192 6115
f 6860 6050 6059
f 6710 6025 6024
f 6639 6871 8140
f 6640 8324 6637
f 6581 8147 6193
f 5615 6234 8370
f 7144 8374 7145
f 7144 6210 7149
f 7150 6210 6209
f 7152 6209 6329
f 7152 8419 7153
f 7154 8421 8419
f 7158 8415 8422
f 7160 8420 8416
f 7162 8418 8417
f 7161 5616 8418
f 8370 6233 8371
f 8373 7146 7145
f 8392 8386 8223
f 8391 8372 8371
f 5617 6713 5528
f 5973 3355 5972
f 8345 5619 8346
f 3880 6910 5621
f 8351 5620 8345
f 8346 5520 5975
f 5621 6911 5623
f 5622 8185 5534
f 8150 5497 8151
f 8423 8425 8426
f 8427 6519 8428
f 8429 8431 8432
f 6523 8433 6526
f 8434 8436 8437
f 8438 8434 8439
f 8438 6511 6528
f 8441 8424 8423
f 8427 8430 8429
f 8444 8445 8446
f 8447 8424 8448
f 8449 8444 8450
f 8451 8430 8452
f 8453 8454 8455
f 8456 8437 8453
f 8439 8456 8457
f 8448 8442 8458
f 8452 8443 8449
f 8425 8459 8446
f 8460 8462 8463
f 8464 8466 8467
f 8468 8470 8471
f 8472 8474 8475
f 8476 8478 8479
f 8480 8482 8483
f 8484 8486 8487
f 8485 8489 8486
f 8490 8481 8480
f 8492 8494 8495
f 8495 8496 8497
f 8498 8500 8501
f 8502 8500 8503
f 8504 8506 8507
f 8508 8510 8511
f 8513 8511 8512
f 8507 8514 8515
f 8516 8518 8519
f 8520 8516 8521
f 8522 8524 8525
f 8526 8522 8525
f 8528 8530 8531
f 8532 8529 8533
f 8534 8536 8537
f 8538 8534 8537
f 8464 8481 8465
f 8483 8541 8480
f 8542 8484 8467
f 8487 8540 8483
f 8488 8542 8544
f 8545 8486 8489
f 8481 8466 8465
f 8547 8489 8490
f 8548 8493 8471
f 8549 8502 8492
f 8551 8494 8548
f 8497 8552 8495
f 8469 8499 8470
f 8547 8497 8498
f 8469 8503 8500
f 8501 8550 8545
f 8460 8507 8461
f 8552 8506 8505
f 8554 8510 8463
f 8549 8505 8509
f 8554 8512 8511
f 8513 8550 8508
f 8461 8515 8462
f 8557 8513 8514
f 8558 8519 8479
f 8559 8527 8518
f 8521 8558 8561
f 8553 8517 8520
f 8477 8524 8478
f 8520 8557 8553
f 8476 8525 8477
f 8527 8556 8522
f 8563 8528 8475
f 8564 8531 8565
f 8533 8563 8566
f 8562 8530 8532
f 8473 8536 8474
f 8559 8532 8535
f 8472 8537 8473
f 8560 8539 8564
f 8463 8555 8554
f 8544 8467 8466
f 8470 8548 8471
f 8475 8566 8563
f 8479 8561 8558
f 8484 8483 8482
f 8490 8488 8491
f 8503 8492 8502
f 8498 8496 8499
f 8504 8509 8505
f 8515 8513 8512
f 8519 8527 8526
f 8521 8523 8520
f 8528 8539 8538
f 8533 8535 8532
f 8467 8482 8464
f 8487 8546 8543
f 8544 8491 8488
f 8480 8547 8490
f 8493 8468 8471
f 8495 8549 8492
f 8551 8499 8496
f 8501 8547 8498
f 8460 8510 8504
f 8508 8549 8509
f 8555 8515 8512
f 8506 8557 8514
f 8519 8476 8479
f 8517 8559 8518
f 8561 8524 8521
f 8522 8557 8523
f 8475 8538 8472
f 8567 8531 8530
f 8566 8536 8533
f 8560 8535 8534
f 8442 8568 8569
f 6512 8568 6754
f 8570 8571 8572
f 8426 6514 8423
f 8428 8443 8427
f 6522 8432 6523
f 8437 8433 8454
f 6524 8435 6527
f 6528 8435 8438
f 8423 6550 8441
f 8429 6516 8427
f 6515 8445 6908
f 8441 6754 8568
f 8570 8569 8568
f 8440 6512 6511
f 8569 8458 8442
f 8574 8572 8571
f 8572 8573 8569
f 8453 8577 8456
f 8576 8455 8578
f 8452 8580 8451
f 8573 8582 8458
f 8575 8581 8573
f 8584 8575 8574
f 8571 8457 8574
f 8439 8440 8438
f 8585 8587 8588
f 8587 8590 8588
f 8589 8592 8590
f 8591 8594 8592
f 8593 8596 8594
f 8595 8598 8596
f 8599 8586 8585
f 8601 8600 8599
f 8603 8602 8601
f 8605 8598 8597
f 8607 8604 8603
f 8609 8608 8607
f 8611 8610 8609
f 8606 8612 8611
f 8613 8589 8587
f 8614 8591 8589
f 8615 8593 8591
f 8616 8595 8593
f 8617 8597 8595
f 8619 8617 8616
f 8620 8618 8617
f 8620 8623 8621
f 8624 8626 8627
f 8626 8622 8627
f 8620 8628 8622
f 8622 8629 8627
f 8627 8630 8624
f 8632 8634 8631
f 8636 8633 8635
f 8637 8636 8635
f 8639 8632 8640
f 8633 8641 8635
f 8635 8642 8637
f 8642 8644 8637
f 8645 8637 8644
f 8586 8613 8587
f 8600 8646 8586
f 8616 8648 8619
f 8615 8649 8648
f 8613 8649 8614
f 8651 8613 8646
f 8647 8651 8646
f 8652 8654 8651
f 8602 8647 8600
f 8655 8652 8647
f 8656 8653 8652
f 8653 8659 8654
f 8658 8661 8659
f 8644 8663 8645
f 8664 8662 8665
f 8661 8666 8659
f 8666 8654 8659
f 8667 8651 8654
f 8668 8597 8618
f 8669 8618 8621
f 8670 8621 8623
f 8671 8623 8626
f 8671 8625 8672
f 8625 8673 8672
f 8636 8675 8634
f 8638 8674 8636
f 8645 8676 8638
f 8645 8678 8677
f 8679 8660 8658
f 8657 8658 8653
f 8583 8648 8649
f 8650 8583 8649
f 8667 8581 8650
f 8666 8582 8667
f 8664 8681 8666
f 8682 8665 8683
f 8684 8643 8642
f 8684 8641 8579
f 8639 8579 8641
f 8580 8640 8578
f 8629 8576 8630
f 8604 8655 8602
f 8608 8686 8604
f 8610 8687 8608
f 8612 8688 8610
f 8605 8689 8612
f 8690 8668 8669
f 8691 8689 8690
f 8692 8688 8691
f 8693 8687 8692
f 8656 8686 8693
f 8694 8669 8670
f 8695 8690 8694
f 8696 8691 8695
f 8697 8692 8696
f 8657 8693 8697
f 8697 8679 8657
f 8696 8698 8697
f 8696 8700 8699
f 8694 8700 8695
f 8670 8701 8694
f 8702 8671 8672
f 8701 8703 8700
f 8703 8699 8700
f 8699 8705 8698
f 8698 8680 8679
f 8672 8706 8702
f 8675 8707 8708
f 8674 8709 8707
f 8709 8677 8710
f 8677 8711 8710
f 8712 8710 8711
f 8702 8714 8703
f 8713 8714 8715
f 8707 8716 8717
f 8717 8713 8715
f 8710 8716 8709
f 8708 8717 8715
f 8546 8599 8543
f 8546 8603 8601
f 8550 8603 8545
f 8556 8607 8550
f 8560 8609 8556
f 8564 8611 8560
f 8565 8606 8564
f 8565 8596 8598
f 8567 8594 8596
f 8562 8592 8594
f 8553 8590 8592
f 8590 8541 8588
f 8540 8588 8541
f 8543 8585 8540
f 8684 8450 8685
f 8579 8449 8684
f 8682 8448 8681
f 8447 8683 8459
f 8681 8458 8582
f 8628 8619 8718
f 8584 8619 8648
f 8628 8577 8629
f 8457 8577 8718
f 8574 8718 8584
f 7134 6919 7135
f 6164 6919 6783
f 5485 6609 5921
f 3832 8188 6690
f 5921 6221 3354
f 5922 7128 6607
f 6439 8720 6440
f 8720 6570 6749
f 6570 8721 6464
f 6439 8721 8719
f 6727 6057 6312
f 6312 6073 6247
f 6828 6073 6072
f 6877 6267 6745
f 6745 6299 6744
f 6891 6305 6889
f 6338 6746 6339
f 6438 6410 6435
f 6412 6440 6748
f 6564 6424 6565
f 6842 6577 8395
f 6889 6829 7156
f 6579 6564 6563
f 6435 6565 6424
f 8722 6306 6891
f 8723 6058 6727
f 6269 6878 6879
f 7160 6829 6598
f 8724 8143 8725
f 8238 6248 6828
f 6339 6744 6299
f 8395 6338 6337
f 6879 8404 8726
f 8422 8231 8238
f 8725 6859 8723
f 8416 7157 7160
f 6059 6049 6056
f 6330 6049 6048
f 7156 6259 6889
f 6269 6264 6266
f 6297 6264 6241
f 6340 6351 6337
f 6368 8395 6369
f 6422 6559 6423
f 6436 6404 6437
f 6447 6438 6437
f 6424 6436 6435
f 6331 6099 6330
f 6422 6842 6368
f 8722 6856 8726
f 8141 6862 8142
f 6265 6617 6242
f 6324 6259 6258
f 7158 6260 7156
f 6709 6863 8141
f 8235 6827 6331
f 6298 6352 6340
f 6370 6351 6350
f 6891 8403 8722
f 8419 8237 8235
f 6051 8145 6709
f 8422 7155 7158
f 8721 6446 6464
f 6748 8720 6749
f 8727 6011 8194
f 8158 8144 8724
f 6009 6861 8144
f 6008 6862 6861
f 8142 8727 8160
f 6554 6893 6858
f 6833 6708 8398
f 6708 8403 8398
f 5623 6892 4042
f 8406 8365 8358
f 8407 8366 8406
f 8377 8408 8389
f 8397 6530 6529
f 6651 8400 8353
f 8402 6616 6615
f 6618 8399 6651
f 6554 6878 6551
f 8396 6854 6530
f 8401 6552 6616
f 6892 6529 6743
f 8353 8365 8355
f 8377 6276 8362
f 8409 6277 6276
f 8410 5932 6277
f 8726 6857 8722
f 8726 6855 6879
f 7234 6106 8215
f 8279 6127 6288
f 8354 6227 6652
f 6246 6619 6289
f 8239 6282 8394
f 8162 6286 6625
f 6292 6246 6289
f 6382 6377 6379
f 6392 6396 6393
f 6396 6427 6428
f 6398 6443 6459
f 6459 6458 6460
f 6525 6523 6526
f 6558 6271 6555
f 6429 6560 6561
f 6460 6572 6476
f 6272 3736 3735
f 7128 6602 8195
f 6227 6244 6652
f 7180 6634 6103
f 6642 6285 8219
f 6356 6740 6614
f 6816 8218 8217
f 6820 8301 6817
f 6355 6741 6356
f 6344 6834 6341
f 6364 6840 6361
f 6375 6560 6415
f 6848 6488 6477
f 6853 6506 6489
f 6530 6740 6531
f 8140 6874 6601
f 6555 6831 6876
f 8215 6881 8216
f 6348 6894 6345
f 6383 6896 6417
f 6433 6896 6420
f 6432 6898 6390
f 6406 6898 6407
f 6900 6387 6899
f 6900 6448 6901
f 6472 6903 6482
f 6480 6903 6902
f 6497 6906 6479
f 6908 6518 6909
f 4280 6120 6603
f 6100 7170 6128
f 6632 7188 8201
f 7235 7201 7200
f 7206 7212 7207
f 8213 7232 7231
f 8214 7231 7201
f 6108 7200 7203
f 7238 8300 6820
f 7207 8299 7238
f 8205 7240 8202
f 6170 7232 7256
f 6638 8149 6639
f 6601 8157 6600
f 6600 6283 8162
f 8392 8222 8393
f 6278 8241 6279
f 6816 8274 6813
f 6642 6814 6641
f 6128 6124 8279
f 8195 6127 6126
f 8212 8286 8285
f 8292 8286 8289
f 8290 8210 8209
f 8207 8290 8209
f 8294 8295 8298
f 8206 8295 8208
f 6817 8297 8296
f 8288 7256 8285
f 7209 7240 7239
f 6225 8360 8361
f 8369 8360 8356
f 8375 8368 8369
f 8381 8387 8383
f 8385 8383 8382
f 8385 8391 8384
f 8147 6282 6281
f 6345 6835 6344
f 6327 6834 6360
f 6295 6841 6364
f 6379 6840 6837
f 6853 6845 6844
f 6479 6905 6480
f 6848 6571 6573
f 6452 6904 6472
f 6525 6851 6520
f 6496 6907 6497
f 8402 6876 6831
f 8408 8387 8380
f 6279 8222 8221
f 6872 8149 8148
f 8223 8373 8220
f 6526 8436 6524
f 8446 8426 8425
f 8455 8431 8451
f 8446 8450 8444
f 8454 8432 8431
f 6908 8428 6519
f 8578 8451 8580
f 8632 8625 8624
f 8640 8624 8630
f 8660 8662 8661
f 8662 8643 8665
f 8675 8631 8634
f 8680 8663 8660
f 8683 8643 8685
f 8578 8630 8576
f 8673 8708 8706
f 8678 8705 8711
f 8711 8704 8712
f 8706 8715 8714
f 8703 8712 8704
f 8459 8685 8450
f 8407 8376 8375
f 6615 8405 8402
f 5993 6335 5994
f 6060 6018 5991
f 5993 6081 6080
f 6105 6176 6702
f 6177 6000 7165
f 6309 6310 6251
f 8725 6314 8724
f 8724 6318 8158
f 6321 6053 6052
f 6249 6310 6247
f 6596 6257 6597
f 8188 6605 8189
f 5986 6682 6060
f 6714 6311 6309
f 6047 6086 6081
f 6875 6304 6665
f 6001 6912 5983
f 7162 6597 6257
f 7254 6912 6704
f 6684 7163 7254
f 8723 6315 8725
f 6592 6318 6317
f 8332 8171 8728
f 6607 5350 5922
f 8191 8198 8199
f 8197 8193 8196
f 8159 6319 6321
f 8232 6595 6249
f 8192 7173 7175
f 8189 8193 7174
f 6177 8199 6175
f 6733 8330 6734
f 8340 8330 8329
f 8341 6335 6334
f 8412 6875 8411
f 8414 6273 6599
f 8416 8236 8232
f 6727 8136 8723
f 8417 7159 7162
f 6277 5558 6274
f 5935 6635 6235
f 5991 6061 6060
f 6019 6682 6681
f 5999 6033 5996
f 6045 6677 6680
f 6055 6083 7130
f 5995 6063 5992
f 6084 6053 6046
f 6088 5989 8166
f 6063 6046 5992
f 6066 6034 5999
f 6103 7181 7180
f 6673 6133 6132
f 6149 6153 6152
f 6323 8166 8165
f 6585 6083 6082
f 6630 6702 6176
f 6634 7168 7167
f 6676 6152 6133
f 6703 6628 7248
f 6796 6728 8178
f 6069 6097 6066
f 6132 6674 6673
f 6803 6800 6804
f 6011 6055 7130
f 6799 6582 6585
f 7194 6881 6882
f 7131 6583 6333
f 6798 6913 6674
f 7179 8204 7236
f 7183 7246 7242
f 7188 7242 7241
f 6109 7192 6882
f 7204 6176 6175
f 7219 6628 6627
f 7218 7248 6628
f 7179 6627 7176
f 7250 6704 6703
f 7228 7249 7248
f 6678 7249 6679
f 5997 7251 5998
f 8168 6644 6643
f 8167 6732 6644
f 8169 6733 6732
f 8170 8331 6733
f 8336 8173 8172
f 8182 8175 8174
f 8182 8176 8181
f 8181 8177 8180
f 8180 8179 7136
f 7133 6590 6913
f 7130 8194 6011
f 8200 6632 7177
f 7178 8205 8204
f 8269 6153 8216
f 8254 8252 8251
f 8260 6101 8277
f 8179 6802 7136
f 8263 6038 6802
f 8264 6039 6038
f 8265 6130 6039
f 8266 6157 6130
f 8267 6158 6157
f 8268 8217 6158
f 8270 6816 8217
f 6813 8273 7190
f 8273 8247 7190
f 8276 8277 8248
f 7192 8250 7193
f 8252 8259 8249
f 8276 8250 8249
f 7204 7177 7176
f 7182 8315 7246
f 8343 8334 8333
f 8333 8342 8343
f 8343 6800 6065
f 8340 6064 5995
f 6323 8350 6322
f 8168 8348 8165
f 8349 5936 8350
f 8352 5938 8348
f 6103 7167 6100
f 8271 8216 6881
f 8201 7241 8205
f 8274 8271 7194
f 5991 6017 5988
f 8728 6017 6016
f 5997 6680 6679
f 5996 6045 6680
f 6033 6042 6045
f 6042 8175 8172
f 8172 8338 8336
f 8336 8337 8333
f 6684 6677 6681
f 6681 6044 6019
f 6019 6043 6016
f 6016 8173 8728
f 8728 8335 8332
f 8332 8334 8329
f 8194 8160 8727
f 6805 6009 8158
f 5940 7137 6719
f 8324 5942 8325
f 8325 5495 8225
f 6253 4292 6250
f 7137 5944 6715
f 8348 5937 8349
f 8350 5530 8131
f 5624 6159 5489
f 6718 5940 6719
f 8327 5490 6162
f 8347 5939 8352
f 5933 6121 6120
f 8184 5946 8347
f 7142 5615 8370
f 6145 5945 8327
f 8234 5943 6253
f 8328 5488 6144
f 8318 5948 8328
f 7139 4299 7140
f 8418 5947 8234
f 5604 6599 5605
f 5949 6712 6716
f 5944 6716 6715
f 6720 5950 6255
f 6255 4322 6256
f 5614 6235 6234
f 6711 5951 8161
f 8161 3857 6593
f 5973 2965 3013
f 2965 5963 222
f 222 5960 223
f 223 5958 3186
f 5958 3185 3186
f 5957 2977 3185
f 5970 1213 2977
f 5967 1214 1213
f 2532 5966 5953
f 2894 5953 5952
f 2871 5952 8344
f 5510 5721 5509
f 5822 5824 5823
f 3511 3844 3735
f 3887 3889 3888
f 3876 3878 3877
f 3356 3911 3909
f 3372 3390 3391
f 3849 3851 3850
f 3481 3867 3866
f 3873 3385 3382
f 3875 3450 3452
f 3915 3865 3862
f 3657 3671 3656
f 5618 3013 2152
f 1997 1889 1892
f 1237 744 855
f 1535 120 121
f 1531 201 214
f 1119 1032 984
f 946 824 947
f 163 5 162
f 9041 9175 9193
f 1155 1162 1164
f 427 327 424
f 553 796 498
f 8732 2231 2237
f 8732 2230 2232
f 2237 3180 8732
f 8734 8736 8733
f 8735 8738 8736
f 8737 8740 8738
f 8739 8742 8740
f 8743 8745 8746
f 8746 8747 8748
f 8749 8748 8747
f 8751 8750 8749
f 8754 8756 8753
f 8757 8755 8754
f 8759 8758 8757
f 8761 8760 8759
f 8763 8762 8761
f 8766 8749 8765
f 8765 8747 8767
f 8767 8745 8768
f 8768 8744 8769
f 8744 8771 8769
f 8770 8772 8771
f 8741 8773 8772
f 8739 8774 8773
f 8737 8775 8774
f 8735 8776 8775
f 8776 8777 3184
f 2904 8779 2947
f 8780 2904 2902
f 8781 2902 2876
f 2875 8781 2876
f 8783 2733 2736
f 2825 8786 2824
f 8788 8790 8787
f 8792 8787 8791
f 2724 8785 2825
f 8787 3115 3117
f 8791 3117 3119
f 8794 8765 8793
f 8793 8767 8795
f 8795 8768 8796
f 8796 8769 8797
f 8797 8771 8798
f 8771 8799 8798
f 8772 8800 8799
f 8773 8801 8800
f 8774 8802 8801
f 8775 8803 8802
f 8776 3056 8803
f 8802 2253 2252
f 8801 2252 1727
f 8800 1727 2150
f 8799 2150 1941
f 8804 8799 1941
f 8805 8798 8804
f 8806 8797 8805
f 8807 8796 8806
f 8793 8807 8808
f 8794 8808 8809
f 8810 8809 8808
f 8808 8806 8810
f 8810 8805 8812
f 8813 8810 8812
f 8812 8804 8814
f 8815 8812 8814
f 8814 1941 1360
f 8755 8752 8756
f 8758 8750 8755
f 8760 8748 8758
f 8762 8746 8760
f 8816 8764 8763
f 8818 8820 8817
f 8816 8782 8784
f 8821 8817 8816
f 8789 8783 8786
f 8818 8789 8788
f 8819 8788 8792
f 8822 8819 8823
f 8823 8792 8824
f 8824 8791 2712
f 2712 3119 3128
f 8826 8823 8825
f 8825 8824 8827
f 8827 2712 2711
f 8828 2711 2400
f 8829 8827 8828
f 8830 8825 8829
f 8743 8764 8831
f 8817 8831 8764
f 8770 8743 8831
f 8741 8831 8742
f 8820 8742 8831
f 8740 8822 8826
f 8738 8826 8830
f 8736 8830 8832
f 8833 2400 2402
f 8834 8828 8833
f 8832 8829 8834
f 8835 2402 2707
f 3058 2707 2708
f 3061 8835 3058
f 8836 8833 8835
f 8733 8832 8837
f 8837 8834 8836
f 8777 8733 8838
f 8838 8837 1962
f 8837 3061 1962
f 1961 8838 1962
f 3057 8777 8838
f 8779 8753 8839
f 8778 8754 8779
f 8780 8757 8778
f 8781 8759 8780
f 8782 8761 8781
f 8821 8784 8783
f 8785 8789 8786
f 2723 8790 8785
f 2875 8784 8782
f 2736 8786 8783
f 2947 8839 8944
f 8815 1360 8941
f 1900 1924 1901
f 1736 1718 1750
f 1955 1943 1956
f 1671 1735 1751
f 1696 1698 1692
f 1800 1864 1801
f 2063 2056 2060
f 1737 1717 1736
f 1751 1697 1695
f 943 9351 684
f 9108 8753 9057
f 1577 1764 1703
f 9369 1599 9375
f 1945 82 1944
f 68 7 248
f 147 1543 148
f 1109 1133 1102
f 1503 1907 1908
f 1499 1909 1498
f 452 735 215
f 1824 9287 9297
f 1825 2068 1824
f 1463 1022 1194
f 841 1009 1011
f 1568 1955 1534
f 1926 1927 1923
f 1910 1502 1939
f 1939 422 442
f 309 1940 308
f 1804 1866 1803
f 269 1954 56
f 2065 2060 2056
f 9264 1758 9287
f 280 552 1940
f 1875 1869 1874
f 1739 1734 1737
f 5923 5899 5924
f 1778 1790 1788
f 310 1915 279
f 1909 1906 1954
f 1789 1778 1788
f 978 980 979
f 1584 1731 1583
f 425 311 312
f 148 115 116
f 2044 9346 2046
f 277 1939 551
f 1943 1945 1944
f 1461 1463 1464
f 2253 3056 3055
f 2981 8927 958
f 2209 8927 3055
f 2254 3055 8927
f 2998 958 8927
f 2826 2721 2724
f 8928 2721 2817
f 2816 8928 2817
f 2334 2296 2335
f 2298 2334 2336
f 2301 2336 2338
f 2311 2338 2354
f 2312 2354 2355
f 2359 2361 2360
f 2335 2359 2360
f 2414 2365 2364
f 2413 2361 2365
f 2355 2540 2541
f 2541 2539 2542
f 2722 2739 2738
f 3114 2738 3113
f 3110 3121 3120
f 3108 3120 3113
f 3122 3127 3126
f 3112 3126 3121
f 3127 1753 3135
f 3139 2529 2542
f 9196 3133 3139
f 8928 2740 2739
f 8929 2789 8928
f 228 91 88
f 245 243 242
f 248 247 191
f 2 296 295
f 145 300 267
f 327 210 328
f 329 331 330
f 250 228 236
f 239 240 230
f 373 375 374
f 178 176 175
f 1218 1228 1321
f 9314 1295 9306
f 808 824 823
f 9310 1013 1014
f 9265 1411 1413
f 2154 2159 2160
f 9297 1758 1757
f 306 1922 452
f 2157 1976 1977
f 708 2031 1474
f 1450 1227 1428
f 1672 1605 1624
f 1813 1821 1816
f 1717 1715 1718
f 176 402 347
f 1710 9368 9367
f 1712 1577 1711
f 1705 1711 1704
f 3435 3475 3434
f 971 979 970
f 822 1094 1102
f 2909 2793 2792
f 2810 2795 2793
f 2799 2249 2800
f 9114 2910 2799
f 2769 2801 2795
f 3177 3178 3179
f 3178 3180 3179
f 3181 1393 2800
f 3181 1632 3182
f 3182 2244 3183
f 3183 2243 3180
f 8932 2790 8929
f 2808 8929 2816
f 2239 9016 2240
f 1149 9015 9014
f 1150 9011 9015
f 2202 9010 2015
f 2921 9009 2923
f 9012 2133 2928
f 1777 1759 1792
f 1201 1183 1184
f 9005 2195 2194
f 8997 2770 2768
f 9379 1687 1692
f 1516 154 503
f 8993 2974 2803
f 8994 2779 2778
f 2771 9019 8990
f 3070 8990 9002
f 8991 2775 2867
f 1376 1370 1372
f 2767 9000 2206
f 2195 8987 2767
f 2775 8986 2776
f 8344 8989 2871
f 9256 8983 2806
f 2776 8982 2805
f 2240 8979 2920
f 2920 9121 9071
f 8992 2786 2779
f 1805 1851 1804
f 8978 2787 2786
f 2951 8984 8975
f 2772 8975 9019
f 2973 8974 8980
f 2224 8981 8974
f 1957 320 510
f 306 304 303
f 2770 8972 2913
f 2913 9018 2239
f 2923 8971 2922
f 308 431 47
f 207 132 543
f 1879 1881 1880
f 9185 8969 2089
f 2475 9002 8968
f 2476 8968 8967
f 2223 8967 8981
f 8966 2803 2802
f 2037 11 1950
f 1959 450 505
f 2003 8964 2129
f 9 334 540
f 2009 8962 9011
f 2008 8980 8962
f 9329 673 9331
f 8959 2778 2784
f 2935 8957 2936
f 111 9014 8955
f 3238 3341 3237
f 8954 2935 2938
f 683 9337 943
f 8952 2810 2909
f 736 732 729
f 1795 1803 1796
f 8949 2938 2939
f 8951 2939 2940
f 2950 8948 2949
f 2940 8948 8951
f 9253 8956 2950
f 2868 8946 2869
f 2869 8966 2802
f 1024 1023 1020
f 8944 2948 2947
f 551 442 443
f 2972 9012 2928
f 2032 8943 2972
f 216 1924 1923
f 3532 3482 3533
f 203 201 200
f 3539 3541 3540
f 1828 1847 1837
f 1958 449 450
f 272 178 175
f 2871 8939 1361
f 9071 9008 2921
f 2801 9095 9114
f 2005 9106 2176
f 960 899 962
f 9109 9064 9076
f 9232 9098 3151
f 3151 9045 2555
f 2193 9075 2194
f 9059 3145 3144
f 9055 2761 3145
f 9044 3144 3104
f 2926 9086 3103
f 9086 3104 3103
f 9207 9198 9205
f 566 9210 2005
f 8839 1864 8944
f 1602 2079 2078
f 2868 9063 2922
f 2922 9062 2923
f 2923 9070 2921
f 9122 2918 9066
f 9071 9066 2920
f 2921 9122 9071
f 2920 9038 2240
f 9065 2915 2918
f 2917 9074 9093
f 2916 9093 9094
f 2239 9104 2913
f 2911 9104 2757
f 9095 2911 2910
f 2797 9114 9043
f 2797 9050 2750
f 9074 2763 2765
f 9060 2764 2745
f 2194 9100 2221
f 2221 9101 2222
f 2756 9061 2755
f 2750 9061 2747
f 9121 1817 9279
f 9215 1691 1699
f 2515 9042 2548
f 2548 9045 2550
f 2513 9084 9068
f 2513 9073 2515
f 2509 9072 2289
f 2510 9085 2509
f 2289 9091 2283
f 2283 9069 2286
f 2240 9039 2239
f 9111 9076 9078
f 716 9339 9340
f 727 9213 1923
f 2165 2170 2164
f 9112 9078 9081
f 9195 9030 9209
f 2175 769 770
f 2100 2095 2099
f 9210 9209 9030
f 640 9012 1826
f 1653 8997 1651
f 1895 8974 746
f 746 8981 741
f 1653 8972 9020
f 9214 1604 1672
f 2093 2073 2078
f 959 995 884
f 962 919 986
f 1400 1398 1399
f 1000 1127 1004
f 956 884 885
f 1662 8994 1661
f 2034 8990 1654
f 9378 8983 9254
f 8979 766 1817
f 9016 765 766
f 334 9015 335
f 1868 8984 1656
f 1684 1652 1678
f 1682 775 1807
f 1585 9214 1700
f 9215 1672 1673
f 2173 490 491
f 1658 8991 1752
f 9000 1650 724
f 1571 2010 1572
f 1587 9123 2080
f 2099 2077 2094
f 787 1999 786
f 2000 786 1999
f 3155 9149 9135
f 9165 9135 9241
f 2180 9137 9136
f 8940 9136 9157
f 1684 9292 1651
f 1760 8939 8989
f 2607 9145 2590
f 2581 9141 2607
f 2371 9152 9147
f 2371 9145 2372
f 2587 9127 2586
f 2586 9149 339
f 2497 9139 2503
f 2502 9139 9152
f 2494 9142 2495
f 9142 2472 2495
f 9140 2468 2472
f 9153 2469 2468
f 726 9344 630
f 581 8962 580
f 10 9014 334
f 1837 8954 1849
f 741 8967 1300
f 1299 9002 2034
f 1851 8948 1866
f 8971 1820 1819
f 580 8980 1895
f 1758 8966 8946
f 1693 8952 1806
f 8948 1867 1866
f 1894 9012 8943
f 2126 9265 9293
f 9358 9293 9364
f 2113 9319 2110
f 2179 9241 9137
f 624 9356 623
f 2192 9240 9232
f 2177 9239 9185
f 1364 9285 1338
f 9310 1470 1453
f 3135 9227 9196
f 2069 9287 2068
f 1351 9305 1352
f 2108 9353 499
f 2089 9188 9185
f 9280 1358 866
f 2001 9235 2187
f 2187 9171 2091
f 2130 9204 2004
f 2004 9201 2001
f 2014 9231 2201
f 2201 9208 2130
f 3167 9211 2969
f 3168 9172 3167
f 3159 9216 3160
f 3160 9217 3081
f 9182 3158 337
f 3158 9161 3159
f 2200 9182 9174
f 9137 9194 2204
f 9174 2197 2200
f 9242 2092 9173
f 9226 9173 2197
f 3154 9242 9226
f 3155 9158 3154
f 2091 9173 2092
f 2196 9202 9228
f 2193 9228 9233
f 9056 9233 9240
f 2086 9232 9230
f 2087 9230 9229
f 2204 9203 2205
f 2205 9202 3148
f 9361 574 692
f 2124 9229 9212
f 2208 9212 9234
f 9163 3140 3137
f 9237 3138 3140
f 9197 3139 3138
f 9223 3136 2322
f 9164 3137 3136
f 9227 3131 3133
f 9219 3132 3131
f 1813 9290 1814
f 1293 9308 1344
f 2184 9200 9184
f 2181 9184 9186
f 9217 3079 3081
f 9220 3080 3079
f 709 9327 2031
f 2774 9189 9221
f 9238 2134 9003
f 9261 766 765
f 2968 9218 2959
f 2969 9236 2968
f 2958 9189 2961
f 2132 9218 2960
f 2321 9223 9200
f 9312 1449 28
f 9357 582 710
f 9338 577 574
f 9299 1818 9279
f 705 9339 2121
f 9268 9359 698
f 2111 9363 2113
f 9262 1366 1411
f 1812 9274 1815
f 675 9304 674
f 8940 9303 675
f 2110 9320 2109
f 2104 9353 2106
f 2109 9351 944
f 9294 703 739
f 1680 9298 1684
f 1639 9271 9270
f 623 9358 697
f 2139 9318 9317
f 1808 9296 9289
f 9272 1819 1820
f 9324 9352 706
f 1646 9282 1648
f 9341 633 577
f 2139 9327 18
f 2156 9323 9326
f 674 9365 9321
f 2117 9264 2069
f 1815 9299 9275
f 9307 1444 1470
f 697 9364 9268
f 866 9288 9280
f 9316 2136 2135
f 9037 9178 9041
f 9035 9183 9037
f 9205 9190 9191
f 9192 9033 9195
f 1088 9198 1093
f 9191 9195 9205
f 2791 8933 2792
f 8932 2807 8933
f 2792 8934 2909
f 8933 2806 8934
f 8952 8934 8960
f 8960 2806 8983
f 2948 9243 9253
f 2105 9348 2104
f 8982 9256 2805
f 680 9328 683
f 1891 9362 9343
f 2905 9253 2950
f 2900 9251 2905
f 2901 9259 2877
f 2734 9258 9246
f 2877 9258 2878
f 2820 9246 2872
f 2818 9244 2827
f 2823 9244 2826
f 2822 9250 2821
f 2819 9252 9250
f 2817 9247 2816
f 2809 9247 2815
f 2808 9255 2807
f 2805 9255 2804
f 1702 9375 1599
f 9374 1797 1802
f 9367 1706 1709
f 9370 1692 1698
f 1657 9332 1879
f 1890 9347 9362
f 9224 1674 1675
f 1689 9224 9225
f 9378 8982 1688
f 8960 1689 9225
f 9369 1703 1764
f 1598 9380 1770
f 9332 1876 1879
f 1691 9377 9379
f 9377 1688 1687
f 1117 1118 9382
f 1066 1322 9382
f 1243 847 9382
f 9277 848 9382
f 1128 1117 9382
f 1129 1130 9382
f 841 1011 9382
f 1230 9315 9382
f 1242 1243 9382
f 1322 1229 9382
f 1064 1065 9382
f 1003 1128 9382
f 1229 1230 9382
f 9315 1285 9382
f 1285 1288 9382
f 848 839 9382
f 847 9277 9382
f 1118 1129 9382
f 1065 1066 9382
f 1087 1086 9382
f 1008 1002 9382
f 1011 1008 9382
f 1002 1003 9382
f 1076 1069 9382
f 838 841 9382
f 839 838 9382
f 1288 1242 9382
f 1130 1087 9382
f 1086 1076 9382
f 1069 1064 9382
f 2410 2414 9383
f 2411 2410 9383
f 9069 2285 9383
f 2394 2393 9383
f 2393 2396 9383
f 2281 2286 9383
f 2282 2280 9383
f 2398 2399 9383
f 2465 2464 9383
f 2396 2397 9383
f 2470 2469 9383
f 2399 2416 9383
f 2480 2395 9383
f 2459 2480 9383
f 2369 2282 9383
f 2460 2459 9383
f 2415 2411 9383
f 2416 2415 9383
f 2364 2363 9383
f 2286 9069 9383
f 2464 2470 9383
f 2469 9155 9383
f 2285 2465 9383
f 2414 2364 9383
f 2395 2394 9383
f 2363 2367 9383
f 2397 2398 9383
f 2280 2281 9383
f 9155 2460 9383
f 2367 2369 9383
f 9386 9389 9390
f 9386 9391 9387
f 9384 9389 9385
f 9390 9395 9391
f 9389 9392 9393
f 9389 9394 9390
f 9394 9399 9395
f 9393 9396 9397
f 9394 9397 9398
f 9399 9402 9403
f 9396 9401 9397
f 9397 9402 9398
f 9402 9407 9403
f 9401 9404 9405
f 9402 9405 9406
f 9407 9410 9411
f 9405 9408 9409
f 9405 9410 9406
f 9411 9414 9415
f 9409 9412 9413
f 9410 9413 9414
f 9414 9419 9415
f 9412 9417 9413
f 9413 9418 9414
f 9418 9423 9419
f 9417 9420 9421
f 9418 9421 9422
f 9422 9427 9423
f 9420 9425 9421
f 9421 9426 9422
f 9426 9431 9427
f 9425 9428 9429
f 9426 9429 9430
f 9431 9434 9435
f 9428 9433 9429
f 9429 9434 9430
f 9434 9439 9435
f 9433 9436 9437
f 9434 9437 9438
f 9439 9442 9443
f 9436 9441 9437
f 9437 9442 9438
f 9443 9446 9447
f 9441 9444 9445
f 9442 9445 9446
f 9447 9450 9451
f 9444 9449 9445
f 9445 9450 9446
f 9450 9455 9451
f 9449 9452 9453
f 9450 9453 9454
f 9454 9459 9455
f 9452 9457 9453
f 9453 9458 9454
f 9458 9463 9459
f 9457 9460 9461
f 9458 9461 9462
f 9463 9466 9467
f 9460 9465 9461
f 9461 9466 9462
f 9466 9471 9467
f 9465 9468 9469
f 9466 9469 9470
f 9471 9474 9475
f 9468 9473 9469
f 9469 9474 9470
f 9475 9478 9479
f 9473 9476 9477
f 9474 9477 9478
f 9479 9482 9483
f 9476 9481 9477
f 9477 9482 9478
f 9483 9486 9487
f 9481 9484 9485
f 9482 9485 9486
f 9486 9491 9487
f 9484 9489 9485
f 9485 9490 9486
f 9490 9495 9491
f 9489 9492 9493
f 9490 9493 9494
f 9495 9498 9499
f 9492 9497 9493
f 9493 9498 9494
f 9498 9503 9499
f 9497 9500 9501
f 9498 9501 9502
f 9503 9507 9508
f 9500 9506 9501
f 9501 9507 9502
f 9508 9511 9512
f 9505 9510 9506
f 9507 9510 9511
f 9384 9504 9388
f 9388 9504 9392
f 9392 9504 9396
f 9396 9504 9400
f 9400 9504 9404
f 9404 9504 9408
f 9408 9504 9412
f 9412 9504 9416
f 9416 9504 9420
f 9420 9504 9424
f 9424 9504 9428
f 9428 9504 9432
f 9432 9504 9436
f 9436 9504 9440
f 9440 9504 9444
f 9444 9504 9448
f 9448 9504 9452
f 9452 9504 9456
f 9456 9504 9460
f 9460 9504 9464
f 9464 9504 9468
f 9468 9504 9472
f 9472 9504 9476
f 9476 9504 9480
f 9480 9504 9484
f 9484 9504 9488
f 9488 9504 9492
f 9492 9504 9496
f 9496 9504 9500
f 9500 9504 9505
f 9505 9504 9509
f 9512 9386 9387
f 9510 9384 9385
f 9510 9386 9511
f 9509 9504 9384
f 9521 9533 9534
f 9518 9532 9519
f 9517 9529 9530
f 9515 9527 9528
f 9523 9537 9524
f 9521 9535 9522
f 9519 9533 9520
f 9518 9530 9531
f 9515 9529 9516
f 9513 9527 9514
f 9524 9538 9525
f 9523 9535 9536
f 9528 9542 9529
f 9526 9540 9527
f 9538 9550 9551
f 9535 9549 9536
f 9534 9546 9547
f 9531 9545 9532
f 9530 9542 9543
f 9528 9540 9541
f 9537 9549 9550
f 9534 9548 9535
f 9532 9546 9533
f 9531 9543 9544
f 9541 9555 9542
f 9540 9552 9553
f 9550 9564 9551
f 9548 9562 9549
f 9547 9559 9560
f 9544 9558 9545
f 9542 9556 9543
f 9541 9553 9554
f 9549 9563 9550
f 9547 9561 9548
f 9546 9558 9559
f 9544 9556 9557
f 9555 9567 9568
f 9552 9566 9553
f 9564 9576 9577
f 9562 9574 9575
f 9559 9573 9560
f 9557 9571 9558
f 9555 9569 9556
f 9553 9567 9554
f 9562 9576 9563
f 9561 9573 9574
f 9559 9571 9572
f 9557 9569 9570
f 9567 9581 9568
f 9566 9578 9579
f 9576 9590 9577
f 9575 9587 9588
f 9572 9586 9573
f 9571 9583 9584
f 9569 9581 9582
f 9566 9580 9567
f 9576 9588 9589
f 9574 9586 9587
f 9571 9585 9572
f 9569 9583 9570
f 9581 9593 9594
f 9578 9592 9579
f 9590 9602 9603
f 9588 9600 9601
f 9585 9599 9586
f 9583 9597 9584
f 9582 9594 9595
f 9579 9593 9580
f 9589 9601 9602
f 9587 9599 9600
f 9584 9598 9585
f 9583 9595 9596
f 9594 9606 9607
f 9592 9604 9605
f 9602 9616 9603
f 9601 9613 9614
f 9598 9612 9599
f 9596 9610 9597
f 9594 9608 9595
f 9592 9606 9593
f 9601 9615 9602
f 9600 9612 9613
f 9598 9610 9611
f 9596 9608 9609
f 9607 9619 9620
f 9605 9617 9618
f 9615 9629 9616
f 9613 9627 9614
f 9611 9625 9612
f 9610 9622 9623
f 9607 9621 9608
f 9605 9619 9606
f 9615 9627 9628
f 9613 9625 9626
f 9611 9623 9624
f 9608 9622 9609
f 9619 9633 9620
f 9617 9631 9618
f 9628 9642 9629
f 9627 9639 9640
f 9625 9637 9638
f 9622 9636 9623
f 9621 9633 9634
f 9619 9631 9632
f 9627 9641 9628
f 9625 9639 9626
f 9623 9637 9624
f 9622 9634 9635
f 9632 9646 9633
f 9630 9644 9631
f 9642 9654 9655
f 9639 9653 9640
f 9638 9650 9651
f 9635 9649 9636
f 9634 9646 9647
f 9632 9644 9645
f 9641 9653 9654
f 9638 9652 9639
f 9636 9650 9637
f 9635 9647 9648
f 9645 9659 9646
f 9644 9656 9657
f 9654 9668 9655
f 9652 9666 9653
f 9651 9663 9664
f 9648 9662 9649
f 9646 9660 9647
f 9645 9657 9658
f 9653 9667 9654
f 9651 9665 9652
f 9650 9662 9663
f 9648 9660 9661
f 9659 9671 9672
f 9656 9670 9657
f 9668 9680 9681
f 9665 9679 9666
f 9663 9677 9664
f 9661 9675 9662
f 9659 9673 9660
f 9657 9671 9658
f 9666 9680 9667
f 9665 9677 9678
f 9663 9675 9676
f 9661 9673 9674
f 9671 9685 9672
f 9670 9682 9683
f 9680 9694 9681
f 9678 9692 9679
f 9677 9689 9690
f 9675 9687 9688
f 9673 9685 9686
f 9670 9684 9671
f 9680 9692 9693
f 9678 9690 9691
f 9675 9689 9676
f 9673 9687 9674
f 9685 9697 9698
f 9682 9696 9683
f 9694 9706 9707
f 9692 9704 9705
f 9689 9703 9690
f 9687 9701 9688
f 9686 9698 9699
f 9683 9697 9684
f 9693 9705 9706
f 9691 9703 9704
f 9688 9702 9689
f 9687 9699 9700
f 9698 9710 9711
f 9696 9708 9709
f 9706 9720 9707
f 9705 9717 9718
f 9702 9716 9703
f 9700 9714 9701
f 9698 9712 9699
f 9696 9710 9697
f 9705 9719 9706
f 9704 9716 9717
f 9702 9714 9715
f 9700 9712 9713
f 9711 9723 9724
f 9709 9721 9722
f 9719 9733 9720
f 9717 9731 9718
f 9715 9729 9716
f 9714 9726 9727
f 9711 9725 9712
f 9709 9723 9710
f 9718 9732 9719
f 9717 9729 9730
f 9715 9727 9728
f 9712 9726 9713
f 9723 9737 9724
f 9721 9735 9722
f 9733 9745 9746
f 9731 9743 9744
f 9729 9741 9742
f 9726 9740 9727
f 9725 9737 9738
f 9723 9735 9736
f 9732 9744 9745
f 9729 9743 9730
f 9727 9741 9728
f 9726 9738 9739
f 9736 9750 9737
f 9734 9748 9735
f 9746 9758 9759
f 9743 9757 9744
f 9742 9754 9755
f 9739 9753 9740
f 9738 9750 9751
f 9736 9748 9749
f 9745 9757 9758
f 9742 9756 9743
f 9740 9754 9741
f 9739 9751 9752
f 9749 9763 9750
f 9748 9760 9761
f 9758 9772 9759
f 9756 9770 9757
f 9755 9767 9768
f 9752 9766 9753
f 9750 9764 9751
f 9749 9761 9762
f 9757 9771 9758
f 9756 9768 9769
f 9754 9766 9767
f 9752 9764 9765
f 9762 9776 9763
f 9760 9774 9761
f 9772 9784 9785
f 9770 9782 9783
f 9768 9780 9781
f 9765 9779 9766
f 9763 9777 9764
f 9762 9774 9775
f 9770 9784 9771
f 9768 9782 9769
f 9767 9779 9780
f 9764 9778 9765
f 9775 9789 9776
f 9774 9786 9787
f 9784 9798 9785
f 9782 9796 9783
f 9781 9793 9794
f 9779 9791 9792
f 9777 9789 9790
f 9774 9788 9775
f 9784 9796 9797
f 9782 9794 9795
f 9779 9793 9780
f 9777 9791 9778
f 9789 9802 9803
f 9786 9801 9787
f 9798 9811 9812
f 9796 9809 9810
f 9793 9808 9794
f 9792 9805 9806
f 9790 9803 9804
f 9787 9802 9788
f 9797 9810 9811
f 9795 9808 9809
f 9792 9807 9793
f 9790 9805 9791
f 9803 9815 9816
f 9801 9813 9814
f 9811 9825 9812
f 9810 9822 9823
f 9807 9821 9808
f 9806 9818 9819
f 9803 9817 9804
f 9801 9815 9802
f 9810 9824 9811
f 9809 9821 9822
f 9807 9819 9820
f 9804 9818 9805
f 9816 9828 9829
f 9814 9826 9827
f 9825 9837 9838
f 9822 9836 9823
f 9820 9834 9821
f 9819 9831 9832
f 9816 9830 9817
f 9814 9828 9815
f 9824 9836 9837
f 9822 9834 9835
f 9820 9832 9833
f 9817 9831 9818
f 9828 9842 9829
f 9826 9840 9827
f 9837 9851 9838
f 9836 9848 9849
f 9834 9846 9847
f 9831 9845 9832
f 9830 9842 9843
f 9828 9840 9841
f 9836 9850 9837
f 9834 9848 9835
f 9832 9846 9833
f 9831 9843 9844
f 9841 9855 9842
f 9839 9853 9840
f 9851 9863 9864
f 9848 9862 9849
f 9847 9859 9860
f 9845 9857 9858
f 9843 9855 9856
f 9841 9853 9854
f 9850 9862 9863
f 9847 9861 9848
f 9845 9859 9846
f 9843 9857 9844
f 9854 9868 9855
f 9853 9865 9866
f 9863 9877 9864
f 9861 9875 9862
f 9860 9872 9873
f 9858 9870 9871
f 9855 9869 9856
f 9854 9866 9867
f 9862 9876 9863
f 9860 9874 9861
f 9859 9871 9872
f 9856 9870 9857
f 9868 9880 9881
f 9865 9879 9866
f 9877 9889 9890
f 9875 9887 9888
f 9873 9885 9886
f 9870 9884 9871
f 9868 9882 9869
f 9867 9879 9880
f 9875 9889 9876
f 9873 9887 9874
f 9872 9884 9885
f 9870 9882 9883
f 9880 9894 9881
f 9878 9892 9879
f 9889 9903 9890
f 9887 9901 9888
f 9886 9898 9899
f 9884 9896 9897
f 9882 9894 9895
f 9879 9893 9880
f 9889 9901 9902
f 9887 9899 9900
f 9884 9898 9885
f 9882 9896 9883
f 9894 9906 9907
f 9891 9905 9892
f 9903 9915 9916
f 9901 9913 9914
f 9898 9912 9899
f 9896 9910 9897
f 9895 9907 9908
f 9892 9906 9893
f 9902 9914 9915
f 9899 9913 9900
f 9897 9911 9898
f 9896 9908 9909
f 9907 9919 9920
f 9905 9917 9918
f 9915 9929 9916
f 9914 9926 9927
f 9911 9925 9912
f 9909 9923 9910
f 9907 9921 9908
f 9905 9919 9906
f 9914 9928 9915
f 9913 9925 9926
f 9911 9923 9924
f 9909 9921 9922
f 9799 9525 9538
f 9799 9538 9551
f 9799 9551 9564
f 9799 9564 9577
f 9799 9577 9590
f 9799 9590 9603
f 9799 9603 9616
f 9799 9616 9629
f 9799 9629 9642
f 9799 9642 9655
f 9799 9655 9668
f 9799 9668 9681
f 9799 9681 9694
f 9799 9694 9707
f 9799 9707 9720
f 9799 9720 9733
f 9799 9733 9746
f 9799 9746 9759
f 9799 9759 9772
f 9799 9772 9785
f 9799 9785 9798
f 9799 9798 9812
f 9799 9812 9825
f 9799 9825 9838
f 9799 9838 9851
f 9799 9851 9864
f 9799 9864 9877
f 9799 9877 9890
f 9799 9890 9903
f 9799 9903 9916
f 9799 9916 9929
f 9920 9515 9516
f 9918 9513 9514
f 9929 9524 9525
f 9926 9523 9927
f 9924 9521 9925
f 9923 9518 9519
f 9920 9517 9921
f 9918 9515 9919
f 9799 9929 9525
f 9928 9523 9524
f 9926 9521 9522
f 9924 9519 9520
f 9921 9518 9922
f 9387 9917 9512
f 9917 9508 9512
f 9904 9503 9508
f 9891 9499 9503
f 9499 9865 9495
f 9495 9852 9491
f 9491 9839 9487
f 9839 9483 9487
f 9483 9813 9479
f 9813 9475 9479
f 9800 9471 9475
f 9786 9467 9471
f 9467 9760 9463
f 9463 9747 9459
f 9459 9734 9455
f 9734 9451 9455
f 9451 9708 9447
f 9708 9443 9447
f 9695 9439 9443
f 9682 9435 9439
f 9435 9656 9431
f 9431 9643 9427
f 9427 9630 9423
f 9630 9419 9423
f 9419 9604 9415
f 9604 9411 9415
f 9591 9407 9411
f 9578 9403 9407
f 9403 9552 9399
f 9399 9539 9395
f 9395 9526 9391
f 9526 9387 9391
f 9932 9935 9936
f 9932 9937 9933
f 9931 9934 9935
f 9936 9941 9937
f 9934 9939 9935
f 9935 9940 9936
f 9940 9945 9941
f 9939 9942 9943
f 9940 9943 9944
f 9945 9948 9949
f 9942 9947 9943
f 9943 9948 9944
f 9948 9953 9949
f 9947 9950 9951
f 9948 9951 9952
f 9953 9956 9957
f 9950 9955 9951
f 9951 9956 9952
f 9957 9960 9961
f 9955 9958 9959
f 9956 9959 9960
f 9961 9964 9965
f 9958 9963 9959
f 9959 9964 9960
f 9965 9968 9969
f 9963 9966 9967
f 9964 9967 9968
f 9968 9973 9969
f 9966 9971 9967
f 9967 9972 9968
f 9972 9977 9973
f 9970 9975 9971
f 9972 9975 9976
f 9977 9980 9981
f 9974 9979 9975
f 9975 9980 9976
f 9980 9985 9981
f 9979 9982 9983
f 9980 9983 9984
f 9985 9988 9989
f 9982 9987 9983
f 9983 9988 9984
f 9989 9992 9993
f 9986 9991 9987
f 9988 9991 9992
f 9993 9996 9997
f 9991 9994 9995
f 9991 9996 9992
f 9996 10001 9997
f 9994 9999 9995
f 9996 9999 10000
f 10000 10005 10001
f 9999 10002 10003
f 9999 10004 10000
f 10004 10009 10005
f 10003 10006 10007
f 10004 10007 10008
f 10009 10012 10013
f 10006 10011 10007
f 10007 10012 10008
f 10012 10017 10013
f 10011 10014 10015
f 10012 10015 10016
f 10017 10020 10021
f 10014 10019 10015
f 10015 10020 10016
f 10021 10024 10025
f 10019 10022 10023
f 10020 10023 10024
f 10024 10029 10025
f 10022 10027 10023
f 10023 10028 10024
f 10028 10033 10029
f 10027 10030 10031
f 10028 10031 10032
f 10032 10037 10033
f 10030 10035 10031
f 10031 10036 10032
f 10036 10041 10037
f 10035 10038 10039
f 10036 10039 10040
f 10041 10044 10045
f 10038 10043 10039
f 10039 10044 10040
f 10044 10049 10045
f 10043 10046 10047
f 10044 10047 10048
f 10049 10053 10054
f 10046 10052 10047
f 10047 10053 10048
f 10054 10057 10058
f 10052 10055 10056
f 10053 10056 10057
f 9930 10050 9934
f 9934 10050 9938
f 9938 10050 9942
f 9942 10050 9946
f 9946 10050 9950
f 9950 10050 9954
f 9954 10050 9958
f 9958 10050 9962
f 9962 10050 9966
f 9966 10050 9970
f 9970 10050 9974
f 9974 10050 9978
f 9978 10050 9982
f 9982 10050 9986
f 9986 10050 9990
f 9990 10050 9994
f 9994 10050 9998
f 9998 10050 10002
f 10002 10050 10006
f 10006 10050 10010
f 10010 10050 10014
f 10014 10050 10018
f 10018 10050 10022
f 10022 10050 10026
f 10026 10050 10030
f 10030 10050 10034
f 10034 10050 10038
f 10038 10050 10042
f 10042 10050 10046
f 10046 10050 10051
f 10051 10050 10055
f 10058 9932 9933
f 10055 9931 10056
f 10056 9932 10057
f 10055 10050 9930
f 10067 10079 10080
f 10064 10078 10065
f 10063 10075 10076
f 10061 10073 10074
f 10070 10082 10083
f 10067 10081 10068
f 10065 10079 10066
f 10064 10076 10077
f 10061 10075 10062
f 10059 10073 10060
f 10071 10083 10084
f 10069 10081 10082
f 10074 10088 10075
f 10072 10086 10073
f 10084 10096 10097
f 10081 10095 10082
f 10080 10092 10093
f 10078 10090 10091
f 10076 10088 10089
f 10074 10086 10087
f 10083 10095 10096
f 10080 10094 10081
f 10078 10092 10079
f 10076 10090 10077
f 10087 10101 10088
f 10086 10098 10099
f 10096 10110 10097
f 10094 10108 10095
f 10093 10105 10106
f 10091 10103 10104
f 10088 10102 10089
f 10087 10099 10100
f 10095 10109 10096
f 10094 10106 10107
f 10092 10104 10105
f 10089 10103 10090
f 10100 10114 10101
f 10098 10112 10099
f 10110 10122 10123
f 10108 10120 10121
f 10105 10119 10106
f 10103 10117 10104
f 10101 10115 10102
f 10100 10112 10113
f 10108 10122 10109
f 10106 10120 10107
f 10105 10117 10118
f 10103 10115 10116
f 10113 10127 10114
f 10112 10124 10125
f 10122 10136 10123
f 10120 10134 10121
f 10119 10131 10132
f 10117 10129 10130
f 10115 10127 10128
f 10113 10125 10126
f 10122 10134 10135
f 10119 10133 10120
f 10117 10131 10118
f 10115 10129 10116
f 10127 10139 10140
f 10124 10138 10125
f 10136 10148 10149
f 10134 10146 10147
f 10131 10145 10132
f 10130 10142 10143
f 10128 10140 10141
f 10125 10139 10126
f 10135 10147 10148
f 10133 10145 10146
f 10130 10144 10131
f 10128 10142 10129
f 10140 10152 10153
f 10138 10150 10151
f 10148 10162 10149
f 10147 10159 10160
f 10144 10158 10145
f 10143 10155 10156
f 10140 10154 10141
f 10138 10152 10139
f 10147 10161 10148
f 10146 10158 10159
f 10144 10156 10157
f 10141 10155 10142
f 10153 10165 10166
f 10151 10163 10164
f 10162 10174 10175
f 10159 10173 10160
f 10157 10171 10158
f 10156 10168 10169
f 10153 10167 10154
f 10151 10165 10152
f 10161 10173 10174
f 10159 10171 10172
f 10157 10169 10170
f 10154 10168 10155
f 10165 10179 10166
f 10163 10177 10164
f 10175 10187 10188
f 10173 10185 10186
f 10171 10183 10184
f 10168 10182 10169
f 10167 10179 10180
f 10165 10177 10178
f 10173 10187 10174
f 10171 10185 10172
f 10169 10183 10170
f 10168 10180 10181
f 10178 10192 10179
f 10176 10190 10177
f 10188 10200 10201
f 10185 10199 10186
f 10184 10196 10197
f 10182 10194 10195
f 10180 10192 10193
f 10178 10190 10191
f 10187 10199 10200
f 10184 10198 10185
f 10182 10196 10183
f 10180 10194 10181
f 10191 10205 10192
f 10190 10202 10203
f 10200 10214 10201
f 10198 10212 10199
f 10197 10209 10210
f 10195 10207 10208
f 10192 10206 10193
f 10191 10203 10204
f 10199 10213 10200
f 10197 10211 10198
f 10196 10208 10209
f 10193 10207 10194
f 10205 10217 10218
f 10202 10216 10203
f 10214 10226 10227
f 10211 10225 10212
f 10210 10222 10223
f 10207 10221 10208
f 10205 10219 10206
f 10204 10216 10217
f 10212 10226 10213
f 10210 10224 10211
f 10209 10221 10222
f 10207 10219 10220
f 10217 10231 10218
f 10216 10228 10229
f 10226 10240 10227
f 10224 10238 10225
f 10223 10235 10236
f 10221 10233 10234
f 10219 10231 10232
f 10217 10229 10230
f 10226 10238 10239
f 10223 10237 10224
f 10221 10235 10222
f 10219 10233 10220
f 10231 10243 10244
f 10228 10242 10229
f 10240 10252 10253
f 10238 10250 10251
f 10235 10249 10236
f 10234 10246 10247
f 10232 10244 10245
f 10229 10243 10230
f 10239 10251 10252
f 10237 10249 10250
f 10234 10248 10235
f 10232 10246 10233
f 10244 10256 10257
f 10242 10254 10255
f 10252 10266 10253
f 10251 10263 10264
f 10248 10262 10249
f 10247 10259 10260
f 10244 10258 10245
f 10242 10256 10243
f 10251 10265 10252
f 10250 10262 10263
f 10248 10260 10261
f 10245 10259 10246
f 10257 10269 10270
f 10255 10267 10268
f 10266 10278 10279
f 10263 10277 10264
f 10261 10275 10262
f 10260 10272 10273
f 10257 10271 10258
f 10255 10269 10256
f 10265 10277 10278
f 10263 10275 10276
f 10261 10273 10274
f 10258 10272 10259
f 10269 10283 10270
f 10267 10281 10268
f 10278 10292 10279
f 10277 10289 10290
f 10275 10287 10288
f 10272 10286 10273
f 10271 10283 10284
f 10269 10281 10282
f 10277 10291 10278
f 10275 10289 10276
f 10273 10287 10274
f 10272 10284 10285
f 10282 10296 10283
f 10280 10294 10281
f 10292 10304 10305
f 10289 10303 10290
f 10288 10300 10301
f 10286 10298 10299
f 10284 10296 10297
f 10282 10294 10295
f 10291 10303 10304
f 10288 10302 10289
f 10286 10300 10287
f 10284 10298 10285
f 10295 10309 10296
f 10294 10306 10307
f 10304 10318 10305
f 10302 10316 10303
f 10301 10313 10314
f 10299 10311 10312
f 10296 10310 10297
f 10295 10307 10308
f 10303 10317 10304
f 10301 10315 10302
f 10300 10312 10313
f 10297 10311 10298
f 10309 10321 10322
f 10307 10319 10320
f 10318 10330 10331
f 10316 10328 10329
f 10314 10326 10327
f 10311 10325 10312
f 10309 10323 10310
f 10308 10320 10321
f 10316 10330 10317
f 10314 10328 10315
f 10313 10325 10326
f 10311 10323 10324
f 10321 10335 10322
f 10320 10332 10333
f 10330 10344 10331
f 10329 10341 10342
f 10326 10340 10327
f 10325 10337 10338
f 10323 10335 10336
f 10320 10334 10321
f 10330 10342 10343
f 10328 10340 10341
f 10325 10339 10326
f 10323 10337 10324
f 10335 10348 10349
f 10332 10347 10333
f 10344 10357 10358
f 10342 10355 10356
f 10339 10354 10340
f 10337 10352 10338
f 10336 10349 10350
f 10333 10348 10334
f 10343 10356 10357
f 10341 10354 10355
f 10338 10353 10339
f 10337 10350 10351
f 10349 10361 10362
f 10347 10359 10360
f 10357 10371 10358
f 10356 10368 10369
f 10353 10367 10354
f 10351 10365 10352
f 10349 10363 10350
f 10347 10361 10348
f 10356 10370 10357
f 10355 10367 10368
f 10353 10365 10366
f 10351 10363 10364
f 10362 10374 10375
f 10360 10372 10373
f 10371 10383 10384
f 10368 10382 10369
f 10366 10380 10367
f 10365 10377 10378
f 10362 10376 10363
f 10360 10374 10361
f 10370 10382 10383
f 10368 10380 10381
f 10366 10378 10379
f 10363 10377 10364
f 10374 10388 10375
f 10372 10386 10373
f 10383 10397 10384
f 10382 10394 10395
f 10380 10392 10393
f 10377 10391 10378
f 10376 10388 10389
f 10374 10386 10387
f 10382 10396 10383
f 10380 10394 10381
f 10378 10392 10379
f 10377 10389 10390
f 10387 10401 10388
f 10385 10399 10386
f 10397 10409 10410
f 10394 10408 10395
f 10393 10405 10406
f 10390 10404 10391
f 10389 10401 10402
f 10387 10399 10400
f 10396 10408 10409
f 10393 10407 10394
f 10391 10405 10392
f 10390 10402 10403
f 10400 10414 10401
f 10399 10411 10412
f 10409 10423 10410
f 10407 10421 10408
f 10406 10418 10419
f 10403 10417 10404
f 10401 10415 10402
f 10400 10412 10413
f 10408 10422 10409
f 10406 10420 10407
f 10405 10417 10418
f 10403 10415 10416
f 10414 10426 10427
f 10411 10425 10412
f 10423 10435 10436
f 10420 10434 10421
f 10418 10432 10419
f 10416 10430 10417
f 10414 10428 10415
f 10412 10426 10413
f 10421 10435 10422
f 10419 10433 10420
f 10418 10430 10431
f 10416 10428 10429
f 10427 10439 10440
f 10425 10437 10438
f 10435 10449 10436
f 10433 10447 10434
f 10431 10445 10432
f 10430 10442 10443
f 10428 10440 10441
f 10425 10439 10426
f 10435 10447 10448
f 10433 10445 10446
f 10430 10444 10431
f 10428 10442 10429
f 10440 10452 10453
f 10437 10451 10438
f 10449 10461 10462
f 10447 10459 10460
f 10444 10458 10445
f 10443 10455 10456
f 10441 10453 10454
f 10438 10452 10439
f 10448 10460 10461
f 10446 10458 10459
f 10443 10457 10444
f 10441 10455 10442
f 10453 10465 10466
f 10451 10463 10464
f 10461 10475 10462
f 10460 10472 10473
f 10457 10471 10458
f 10456 10468 10469
f 10453 10467 10454
f 10451 10465 10452
f 10460 10474 10461
f 10459 10471 10472
f 10457 10469 10470
f 10454 10468 10455
f 10345 10071 10084
f 10345 10084 10097
f 10345 10097 10110
f 10345 10110 10123
f 10345 10123 10136
f 10345 10136 10149
f 10345 10149 10162
f 10345 10162 10175
f 10345 10175 10188
f 10345 10188 10201
f 10345 10201 10214
f 10345 10214 10227
f 10345 10227 10240
f 10345 10240 10253
f 10345 10253 10266
f 10345 10266 10279
f 10345 10279 10292
f 10345 10292 10305
f 10345 10305 10318
f 10345 10318 10331
f 10345 10331 10344
f 10345 10344 10358
f 10345 10358 10371
f 10345 10371 10384
f 10345 10384 10397
f 10345 10397 10410
f 10345 10410 10423
f 10345 10423 10436
f 10345 10436 10449
f 10345 10449 10462
f 10345 10462 10475
f 10466 10061 10062
f 10464 10059 10060
f 10474 10071 10475
f 10472 10069 10473
f 10470 10067 10471
f 10469 10064 10065
f 10466 10063 10467
f 10464 10061 10465
f 10345 10475 10071
f 10473 10070 10474
f 10472 10067 10068
f 10470 10065 10066
f 10467 10064 10468
f 9933 10463 10058
f 10463 10054 10058
f 10450 10049 10054
f 10437 10045 10049
f 10045 10411 10041
f 10041 10398 10037
f 10037 10385 10033
f 10385 10029 10033
f 10029 10359 10025
f 10359 10021 10025
f 10346 10017 10021
f 10332 10013 10017
f 10013 10306 10009
f 10009 10293 10005
f 10005 10280 10001
f 10280 9997 10001
f 9997 10254 9993
f 10254 9989 9993
f 10241 9985 9989
f 10228 9981 9985
f 9981 10202 9977
f 9977 10189 9973
f 9973 10176 9969
f 10176 9965 9969
f 9965 10150 9961
f 10150 9957 9961
f 10137 9953 9957
f 10124 9949 9953
f 9949 10098 9945
f 9945 10085 9941
f 9941 10072 9937
f 10072 9933 9937
f 4 3 2
f 8 7 6
f 13 16 15
f 17 28 19
f 32 31 30
f 36 35 34
f 37 40 39
f 21 22 23
f 25 26 27
f 41 44 43
f 48 47 46
f 52 51 50
f 53 56 55
f 60 59 58
f 29 30 62
f 66 65 64
f 67 5 6
f 72 71 70
f 76 75 74
f 77 80 79
f 81 84 83
f 59 87 86
f 88 91 90
f 96 95 94
f 100 99 98
f 101 104 103
f 106 105 34
f 108 116 115
f 117 119 36
f 124 127 126
f 131 130 129
f 132 102 134
f 142 141 140
f 148 106 60
f 144 143 127
f 149 152 151
f 156 155 154
f 159 150 158
f 116 108 164
f 171 170 169
f 174 126 173
f 179 182 181
f 186 189 188
f 194 197 196
f 199 142 139
f 206 209 208
f 213 212 211
f 202 215 214
f 96 93 216
f 92 238 43
f 97 184 246
f 250 249 229
f 252 254 58
f 258 257 256
f 260 91 229
f 110 111 112
f 114 264 263
f 265 268 267
f 56 53 270
f 274 273 249
f 185 183 63
f 280 279 278
f 285 284 283
f 288 219 211
f 141 142 92
f 289 290 175
f 148 116 105
f 312 311 170
f 238 262 42
f 318 163 160
f 310 309 308
f 241 239 325
f 160 230 240
f 47 48 307
f 108 109 315
f 345 85 86
f 348 351 350
f 356 359 358
f 355 354 353
f 363 31 32
f 364 252 253
f 366 125 368
f 183 372 371
f 163 162 161
f 209 226 101
f 378 377 165
f 379 295 381
f 383 382 3
f 284 285 386
f 387 127 389
f 391 259 229
f 73 281 397
f 405 408 407
f 203 218 411
f 414 121 413
f 1 356 357
f 277 276 131
f 254 344 57
f 358 384 415
f 417 416 386
f 401 400 192
f 419 389 127
f 421 181 182
f 103 301 302
f 428 367 368
f 380 390 359
f 62 204 266
f 140 141 431
f 357 358 351
f 356 1 379
f 415 392 403
f 437 428 436
f 438 441 440
f 188 451 450
f 265 455 181
f 224 185 64
f 237 212 213
f 275 131 128
f 281 282 460
f 50 462 79
f 73 74 282
f 468 467 466
f 390 355 352
f 482 485 484
f 489 488 487
f 493 496 495
f 472 471 470
f 502 501 500
f 220 221 222
f 512 419 143
f 518 517 511
f 513 239 230
f 205 30 31
f 189 370 451
f 163 318 532
f 533 224 225
f 446 448 447
f 335 541 540
f 544 512 546
f 329 519 291
f 199 534 262
f 385 386 416
f 532 190 191
f 363 117 118
f 578 581 580
f 573 572 571
f 561 563 562
f 241 260 259
f 590 593 592
f 545 546 595
f 503 154 155
f 606 625 624
f 478 481 480
f 646 649 648
f 590 591 689
f 564 565 651
f 728 246 184
f 714 724 716
f 692 574 575
f 541 335 581
f 346 68 248
f 161 231 230
f 128 129 94
f 698 705 704
f 574 577 576
f 290 289 401
f 630 631 725
f 733 736 735
f 755 466 496
f 759 480 481
f 757 763 762
f 764 496 466
f 768 767 9260
f 759 760 488
f 492 474 475
f 474 770 769
f 773 468 465
f 771 774 486
f 484 485 775
f 774 776 489
f 495 496 764
f 495 757 761
f 137 397 784
f 325 239 797
f 165 519 51
f 369 32 29
f 730 731 568
f 90 302 301
f 243 118 516
f 800 734 806
f 817 815 808
f 816 808 823
f 306 303 447
f 815 810 809
f 829 830 828
f 726 725 501
f 274 427 424
f 879 882 881
f 884 883 879
f 219 218 217
f 906 905 904
f 455 204 205
f 898 882 830
f 903 900 880
f 377 291 519
f 923 949 948
f 946 947 951
f 8963 740 739
f 900 899 886
f 225 64 65
f 182 445 442
f 809 952 947
f 954 960 962
f 927 950 965
f 885 879 880
f 925 927 966
f 343 342 341
f 965 964 971
f 968 971 970
f 972 968 969
f 963 961 981
f 336 337 338
f 992 993 827
f 810 815 996
f 1007 1001 1002
f 1012 826 827
f 1011 1009 1007
f 294 293 292
f 907 908 920
f 1017 579 1019
f 1020 1023 1022
f 1035 1024 1020
f 1061 1060 1047
f 1063 1061 1046
f 1044 1020 1021
f 1102 1094 1097
f 1116 1126 1118
f 1016 1015 1014
f 881 897 904
f 816 1116 1127
f 1094 948 949
f 514 342 167
f 146 145 81
f 1133 1135 1130
f 1102 1133 1126
f 822 1126 1116
f 1145 1143 1148
f 1076 1144 1151
f 1148 1143 1086
f 1109 1097 1114
f 1154 1153 1156
f 1153 925 967
f 8815 8941 463
f 1144 1147 1152
f 1156 967 1163
f 1164 1162 1169
f 1145 1171 1176
f 1114 1115 1154
f 1183 1155 1164
f 1184 1183 1177
f 1069 1151 1062
f 1023 1191 1194
f 1162 1163 1170
f 1195 1184 1185
f 1183 1196 1176
f 1201 1063 1152
f 1061 1063 1201
f 9277 847 843
f 1203 1202 1195
f 1202 1201 1184
f 1218 1060 1203
f 1060 1061 1202
f 1225 1218 1217
f 671 695 694
f 1219 1217 1024
f 1217 1203 1034
f 1226 1014 1015
f 1243 1242 1234
f 1231 1230 1229
f 847 1243 1233
f 843 1233 1244
f 1233 1234 1245
f 1923 9213 233
f 2100 2108 499
f 9366 9316 2135
f 61 62 323
f 210 211 217
f 1299 1310 1309
f 9315 1230 1231
f 1066 1047 1321
f 1322 1321 1228
f 1060 1218 1321
f 1325 1324 1323
f 1244 1245 1332
f 1290 1234 1242
f 1337 1330 1339
f 1330 1332 1340
f 1341 1332 1245
f 1342 1340 1332
f 1343 1342 1341
f 1344 1341 1294
f 9309 9308 1345
f 1347 1348 1342
f 9308 9306 1295
f 1349 1350 1348
f 9313 1349 1347
f 9305 1347 1343
f 906 898 829
f 905 906 1353
f 865 1356 1355
f 1355 1353 829
f 1357 1355 825
f 1356 1354 1353
f 9286 1337 1338
f 866 1358 1356
f 1358 1359 1354
f 9280 878 1337
f 838 1362 1012
f 1363 1364 1338
f 1368 1363 1339
f 1348 1368 1340
f 1371 1369 9276
f 524 525 526
f 528 529 530
f 1372 1370 1369
f 535 536 537
f 1367 1368 1348
f 1370 1354 1359
f 1369 1359 9285
f 1373 910 903
f 555 556 557
f 1374 909 910
f 1373 904 905
f 1374 1373 1375
f 1375 905 1354
f 1378 920 908
f 376 373 651
f 1388 928 973
f 586 587 588
f 1390 1389 1388
f 1391 1388 969
f 597 598 599
f 600 601 602
f 1392 1391 970
f 608 609 610
f 612 524 523
f 614 615 616
f 617 618 25
f 620 621 622
f 1397 1390 1391
f 1398 1397 1392
f 1400 987 920
f 1402 1403 1165
f 636 637 638
f 930 1404 1402
f 641 642 643
f 929 1402 1169
f 1404 1405 1403
f 1411 1366 1365
f 1412 1406 1415
f 652 653 654
f 609 656 657
f 659 660 661
f 558 663 586
f 665 666 667
f 1413 1411 1406
f 1418 1416 9262
f 1417 1372 1371
f 1416 1371 9281
f 1419 1417 1416
f 1386 909 1374
f 677 678 679
f 1385 1386 1420
f 1420 1374 1376
f 685 686 687
f 1421 1420 1422
f 528 690 691
f 1422 1376 1372
f 1018 1019 747
f 699 700 701
f 1424 578 579
f 9115 1597 1767
f 700 699 711
f 1093 9198 9206
f 717 718 530
f 721 722 723
f 704 1650 8987
f 19 1429 1426
f 1429 1428 1427
f 1658 1659 8986
f 1439 1437 1434
f 1437 1436 1435
f 1426 1427 1433
f 1442 1431 1432
f 742 743 744
f 1432 1433 1441
f 751 752 753
f 1438 1434 1403
f 1446 1445 1444
f 1447 1448 1446
f 9312 1447 1443
f 1415 1367 1445
f 1414 1415 1446
f 2173 1683 469
f 777 778 779
f 780 781 782
f 1676 1693 1806
f 9311 1451 1349
f 789 790 791
f 745 792 793
f 652 794 795
f 1455 1458 1457
f 1454 1367 1350
f 610 691 802
f 9283 9268 698
f 1352 1044 1045
f 1015 1016 1459
f 811 812 813
f 2118 9267 9269
f 819 820 821
f 1466 1463 1194
f 1467 1468 1465
f 1182 1165 1468
f 832 812 833
f 835 836 837
f 1467 1466 1190
f 1469 1470 1444
f 840 700 712
f 1453 1470 1469
f 599 844 845
f 1226 1450 9301
f 851 852 853
f 855 744 856
f 858 859 860
f 861 862 863
f 1014 1226 9307
f 867 676 868
f 870 871 872
f 874 875 876
f 1310 1323 1471
f 1476 1433 1427
f 1461 1476 1475
f 887 888 889
f 788 791 892
f 894 895 896
f 1460 1475 1227
f 901 902 524
f 1465 1478 1477
f 1865 8947 8944
f 911 912 913
f 916 917 918
f 1850 8949 8951
f 921 922 895
f 1479 1435 1436
f 926 664 667
f 1481 562 563
f 269 1483 84
f 931 932 933
f 934 935 614
f 936 685 688
f 938 659 662
f 1484 270 122
f 941 942 835
f 320 321 509
f 1849 8954 8949
f 84 1483 1484
f 1487 1490 1488
f 1757 1758 8946
f 365 1492 1491
f 461 79 80
f 117 363 362
f 1494 540 541
f 926 601 957
f 1477 1441 1433
f 1709 1588 1585
f 119 117 1496
f 271 1497 504
f 511 517 189
f 345 1496 1492
f 57 344 299
f 1501 1499 268
f 267 268 1499
f 974 975 976
f 1678 1652 1693
f 9298 1682 1807
f 557 982 663
f 983 941 984
f 1443 1444 9301
f 421 1500 268
f 989 990 991
f 1490 1487 418
f 279 280 309
f 997 868 676
f 998 26 999
f 1504 418 38
f 1506 1508 1507
f 360 361 1508
f 1506 1486 207
f 939 1005 1006
f 270 1484 1483
f 66 63 546
f 1010 742 793
f 367 428 437
f 244 31 363
f 1670 8976 8978
f 209 206 1510
f 388 389 426
f 427 274 250
f 161 520 521
f 100 246 45
f 1025 1026 608
f 1029 1030 1031
f 939 662 1033
f 41 42 594
f 1036 780 783
f 702 701 1038
f 1040 1041 1042
f 362 32 369
f 187 1520 477
f 70 1487 539
f 1049 600 603
f 613 867 869
f 860 1050 1051
f 1005 1052 1053
f 753 1055 1056
f 1057 1058 1059
f 293 288 1522
f 288 212 1521
f 292 1522 1523
f 331 1507 1508
f 306 452 453
f 100 44 41
f 462 1524 78
f 330 331 1524
f 635 1067 1068
f 1485 1527 1526
f 206 1485 1528
f 1070 1071 1072
f 942 941 1073
f 916 933 1075
f 440 1529 1530
f 157 158 1514
f 1529 162 5
f 371 595 546
f 790 586 663
f 1077 858 857
f 1403 1434 1435
f 1080 1081 1082
f 531 520 1529
f 21 1083 1084
f 272 1532 1531
f 690 712 802
f 335 9015 9011
f 1090 1030 1029
f 1092 795 794
f 1533 396 137
f 661 660 1095
f 69 444 445
f 1099 1100 1101
f 38 39 1536
f 1104 1105 1106
f 852 1107 1108
f 1377 908 909
f 291 377 411
f 316 1536 516
f 539 1488 1533
f 1505 1536 316
f 1110 1111 1112
f 1539 1537 460
f 522 441 1537
f 834 837 1120
f 1122 1123 1124
f 612 1125 1041
f 935 793 615
f 276 278 130
f 1686 8993 8966
f 193 190 1541
f 231 521 1540
f 556 1037 982
f 365 253 85
f 190 532 318
f 1810 765 9018
f 9376 1867 8956
f 1132 983 985
f 208 101 102
f 1134 1033 662
f 1491 518 80
f 429 133 1542
f 1137 1138 915
f 172 436 428
f 1139 1140 1141
f 549 96 54
f 1517 1519 1518
f 834 1119 984
f 1543 513 286
f 1544 797 239
f 133 134 1544
f 506 361 257
f 420 327 328
f 1158 1159 1160
f 587 1104 1103
f 607 1161 1027
f 304 1546 1545
f 364 1491 77
f 69 70 198
f 700 840 1112
f 9329 626 8969
f 1166 719 657
f 1167 1168 858
f 1300 8967 8968
f 1172 1173 1174
f 218 203 200
f 1179 1180 1181
f 372 183 97
f 89 104 227
f 1186 1187 1188
f 172 173 1517
f 1482 84 81
f 1090 1192 1193
f 394 395 353
f 526 525 1198
f 1199 1200 1026
f 606 623 697
f 1204 1205 1206
f 1207 1208 523
f 1209 1210 867
f 914 913 685
f 1478 1436 1441
f 1029 1028 1161
f 1211 1212 1213
f 9310 1453 1451
f 844 1215 1216
f 423 193 273
f 1220 1221 1222
f 22 1223 1224
f 882 898 897
f 1519 1517 173
f 1189 1188 1232
f 349 350 550
f 1071 1235 1236
f 1237 1238 1239
f 1221 1186 1189
f 1510 1528 1512
f 939 1032 1241
f 1556 1530 5
f 1553 1554 394
f 404 1556 67
f 1247 1248 1249
f 142 199 238
f 1251 1067 635
f 850 1252 1253
f 1254 1167 1077
f 57 132 133
f 443 430 552
f 1187 1172 1175
f 1256 1070 831
f 432 405 382
f 741 748 747
f 434 350 351
f 349 432 383
f 251 124 1481
f 395 384 352
f 1518 1519 1550
f 1558 410 378
f 109 263 314
f 285 1514 1513
f 395 394 393
f 202 203 410
f 417 408 405
f 1246 1257 1258
f 3 1559 297
f 1259 1260 1261
f 403 404 347
f 955 954 953
f 462 50 51
f 1096 1095 687
f 429 147 60
f 896 1264 1265
f 1267 721 1268
f 423 424 327
f 37 179 180
f 20 23 1187
f 1256 1168 1071
f 1188 1175 1269
f 1236 1270 1271
f 1272 536 535
f 565 564 463
f 1273 792 745
f 876 1254 1255
f 316 33 164
f 437 1516 503
f 194 1494 1495
f 1275 1276 864
f 624 625 631
f 1277 1274 1137
f 569 568 567
f 1481 124 125
f 324 325 547
f 1279 1108 1107
f 1525 332 329
f 1281 1278 1137
f 171 168 1553
f 1488 73 396
f 1557 1561 1562
f 1282 856 1206
f 1053 1277 1278
f 778 777 607
f 713 583 9010
f 251 225 144
f 4 357 348
f 709 708 707
f 728 48 45
f 261 135 1563
f 789 1286 1287
f 74 314 263
f 403 284 385
f 1178 1181 1240
f 1223 1259 1289
f 1220 20 1186
f 296 1518 354
f 784 459 1538
f 1181 1180 1291
f 1269 1292 1257
f 1566 1538 438
f 136 784 1566
f 1563 1564 169
f 107 114 109
f 1297 1282 1298
f 1464 1477 1476
f 1520 187 507
f 1301 1302 1303
f 1306 1307 1308
f 175 456 1532
f 1532 456 200
f 1311 1266 1312
f 872 1314 1315
f 9288 843 878
f 1305 1308 864
f 1040 1275 863
f 1564 1566 399
f 592 1576 1575
f 591 1575 1088
f 1581 1584 1583
f 1196 1152 1147
f 710 582 583
f 285 407 408
f 953 954 961
f 1594 1592 1589
f 1585 1588 1587
f 1592 1591 1590
f 9337 945 944
f 1600 1599 1598
f 1604 1603 1602
f 1399 1392 979
f 1589 1590 1596
f 1610 1609 1608
f 298 257 361
f 551 552 276
f 1627 1626 9266
f 859 811 818
f 1078 857 1328
f 1555 439 1530
f 572 573 680
f 772 465 776
f 977 1281 918
f 404 403 392
f 1054 1331 750
f 1644 1645 1643
f 932 1265 1082
f 1067 1333 1334
f 1540 1539 264
f 597 1335 643
f 471 761 762
f 1642 696 9283
f 1644 1642 9294
f 923 946 950
f 96 549 548
f 520 531 522
f 445 444 443
f 849 839 848
f 480 759 755
f 1646 760 481
f 311 426 1567
f 464 463 8941
f 8941 1360 1361
f 234 237 236
f 190 193 192
f 153 154 152
f 231 287 286
f 1552 1553 1551
f 760 1646 1648
f 9284 1647 1649
f 828 827 826
f 52 167 166
f 1663 1662 1661
f 287 107 115
f 668 671 670
f 634 645 640
f 553 560 559
f 118 36 33
f 492 484 491
f 8996 1652 1651
f 582 589 584
f 384 395 392
f 1381 1382 1383
f 1562 1561 435
f 952 953 951
f 8973 9010 583
f 1660 1661 1667
f 1394 1395 1396
f 1660 1665 1664
f 1671 1670 1669
f 1624 1625 1673
f 1407 1408 1409
f 1677 1676 1675
f 1613 1679 1677
f 1679 1678 1676
f 1626 1681 9263
f 534 199 198
f 803 733 734
f 400 248 191
f 65 66 143
f 8970 1657 1656
f 402 159 157
f 629 628 627
f 461 477 49
f 758 757 495
f 796 787 786
f 406 407 1513
f 342 343 166
f 1694 1659 1658
f 1692 1687 1694
f 9001 1693 1652
f 9373 1704 1703
f 326 547 302
f 9368 9373 1702
f 9371 9370 1698
f 1699 1691 9379
f 1557 406 1560
f 1127 1116 1117
f 400 401 289
f 1706 1702 1707
f 1707 1702 1599
f 1709 1706 1708
f 1714 1712 1711
f 9371 9367 1709
f 1704 1711 1577
f 1716 1714 1713
f 1559 1562 1549
f 1722 1721 1720
f 1335 597 596
f 410 411 377
f 973 1170 1163
f 168 169 399
f 1571 682 1089
f 1572 681 682
f 749 646 647
f 1730 1724 1723
f 1594 1582 1729
f 1729 1723 1591
f 1384 1378 1377
f 1732 1731 1712
f 1724 1730 1731
f 1722 1724 1732
f 1721 1722 1733
f 1734 1733 1716
f 1735 1737 1736
f 1733 1732 1714
f 1663 1664 1741
f 1742 1665 1740
f 1738 1739 1737
f 1665 1660 1666
f 1665 1742 1744
f 1725 1726 1746
f 1591 1725 1745
f 1590 1745 1747
f 1745 1746 1748
f 1659 1688 8982
f 5650 1760 8989
f 1185 1177 1182
f 1664 1744 1749
f 1741 1749 1739
f 1746 1742 1743
f 1726 1744 1742
f 1115 924 1153
f 1654 8990 9019
f 1896 9006 8993
f 1720 1749 1744
f 1721 1739 1749
f 1750 1718 1701
f 1697 1736 1750
f 1151 1152 1063
f 1751 1752 1670
f 1695 1658 1752
f 961 962 986
f 1770 1769 1768
f 1766 1594 1593
f 1731 1759 1579
f 1579 1777 1774
f 9380 1772 1771
f 1764 1772 9380
f 1777 1776 1775
f 9214 9215 1699
f 1004 1127 1128
f 1774 1775 1771
f 987 1400 1399
f 1578 1774 1772
f 1783 1782 1781
f 1597 1598 1770
f 639 1878 9347
f 9380 9381 1769
f 1793 1792 1789
f 9381 9372 1798
f 8952 8960 9225
f 1802 1867 9376
f 1788 1790 1794
f 1793 1794 1795
f 9225 9224 1675
f 1584 1581 1783
f 1771 1797 9372
f 1801 1799 1798
f 1768 1769 1798
f 1775 1796 1797
f 508 514 515
f 1796 1803 1802
f 1800 1798 9372
f 1794 1805 1804
f 8976 1670 1752
f 485 1808 1807
f 9261 9296 1640
f 9289 9296 1810
f 485 482 1640
f 1690 1691 9222
f 487 488 1648
f 9291 1813 1816
f 9290 1811 1648
f 9291 1812 1811
f 1812 1809 487
f 1641 1809 767
f 465 466 755
f 767 1815 9275
f 9274 1816 9278
f 1809 1812 1815
f 9289 1653 1651
f 675 672 8985
f 1814 1649 1822
f 1821 1822 9273
f 1824 1822 1649
f 1827 1849 1850
f 1668 1669 1662
f 1779 1780 1848
f 1790 1827 1805
f 1833 1836 1853
f 8965 8950 693
f 1614 1615 1616
f 1852 1853 8942
f 1620 1621 1622
f 1855 1765 1574
f 1847 1852 8945
f 1766 1765 1855
f 1629 1630 1631
f 1633 1622 1634
f 1635 1636 1637
f 1848 1833 1852
f 1855 1861 1863
f 1803 1866 1867
f 1862 1863 1831
f 1782 1855 1862
f 9374 9376 1865
f 1873 1872 1870
f 1874 1869 799
f 2045 9330 9349
f 1219 1345 1295
f 1615 1614 1396
f 9336 9347 1877
f 645 9350 9238
f 1345 1219 1035
f 634 639 9336
f 15 1887 1327
f 9362 9347 1878
f 1894 604 605
f 8950 8995 627
f 9004 640 645
f 340 341 454
f 1897 194 195
f 1889 1882 1877
f 1901 94 129
f 196 749 754
f 1705 1704 9373
f 340 378 166
f 1570 1480 563
f 1904 1494 194
f 1781 1862 1832
f 1905 549 55
f 1000 994 995
f 986 919 920
f 1191 1185 1190
f 2094 2077 2075
f 1920 1921 1919
f 453 454 1912
f 1915 1919 1918
f 9334 2112 2106
f 1655 9019 8975
f 1916 1918 1926
f 704 8998 9005
f 278 1916 1925
f 9009 9008 1818
f 1097 949 1115
f 1927 1928 727
f 9030 9031 9106
f 1920 310 307
f 1929 307 48
f 503 504 1497
f 1902 1903 787
f 1816 1821 9272
f 1925 1926 1923
f 1535 1569 1568
f 254 252 258
f 1509 1497 366
f 119 86 35
f 219 288 293
f 141 46 47
f 542 205 244
f 1940 552 430
f 1779 1828 1827
f 1701 1710 9367
f 1661 8994 8959
f 270 53 754
f 197 1947 749
f 1727 1728 1212
f 53 54 232
f 1465 1468 1479
f 1284 9314 9306
f 1951 446 412
f 168 398 1554
f 1486 1485 206
f 506 77 78
f 994 1001 1007
f 951 953 963
f 1013 9311 9313
f 9278 9272 1820
f 1498 1909 1954
f 299 298 543
f 1754 1755 1756
f 1681 469 1683
f 1696 1694 1695
f 13 14 738
f 473 476 475
f 482 1641 768
f 204 62 30
f 1761 1762 820
f 611 1763 1125
f 1501 1503 1908
f 1074 1073 711
f 1960 1944 82
f 120 1956 1960
f 35 86 87
f 1773 1199 1025
f 1965 1545 1569
f 494 761 471
f 1966 1967 1969
f 446 1951 1971
f 174 368 125
f 1580 1579 1578
f 1785 1786 1787
f 1972 1546 304
f 1254 876 875
f 1973 341 342
f 321 1912 1973
f 1910 277 275
f 509 1973 514
f 1486 1507 1527
f 1974 1874 804
f 1977 1976 1974
f 1980 448 1966
f 379 1 2
f 1718 1715 1710
f 884 995 992
f 1680 1684 1678
f 902 990 525
f 344 255 256
f 135 138 137
f 448 446 1967
f 589 605 604
f 910 909 908
f 1981 1966 1968
f 1982 1981 1987
f 1988 1979 1987
f 1990 1988 1989
f 1991 1989 1993
f 322 321 320
f 992 828 830
f 1144 1076 1086
f 1995 1977 1978
f 1133 1129 1118
f 1997 1995 1994
f 870 1823 1335
f 805 806 1982
f 727 184 2000
f 1996 1994 1988
f 1994 1978 1979
f 1829 616 792
f 1830 1073 941
f 798 803 800
f 729 732 731
f 2011 2012 2023
f 1834 1835 846
f 402 283 284
f 2022 2023 2024
f 1838 718 989
f 810 955 952
f 1823 1839 1840
f 1430 1426 1432
f 1215 844 1841
f 1316 1208 873
f 2112 1401 1384
f 1842 1843 1844
f 1159 846 845
f 837 27 1846
f 1971 1951 2030
f 517 369 370
f 1471 2026 2027
f 8995 8969 626
f 2174 2175 770
f 935 934 1854
f 1613 1619 1611
f 1231 1228 1225
f 1856 1857 891
f 1300 1309 748
f 1150 1149 1858
f 1643 606 696
f 1215 1265 1264
f 1320 1860 902
f 1956 1943 1944
f 2031 668 669
f 2034 1325 1310
f 1879 1880 1656
f 40 245 242
f 1992 1993 2039
f 888 958 957
f 1882 1889 1996
f 1078 1138 1255
f 1871 912 1192
f 294 411 218
f 1323 2041 2026
f 123 1960 83
f 1324 2036 2041
f 384 358 359
f 1324 1325 2038
f 1883 1884 1885
f 287 1540 114
f 1096 1886 1134
f 915 1329 931
f 806 1980 1981
f 8977 8973 584
f 1425 2030 2042
f 1018 2042 1948
f 9006 1896 740
f 1948 2042 649
f 1881 1882 1990
f 1900 129 130
f 992 995 994
f 923 927 925
f 9330 2045 2047
f 1643 2048 625
f 2050 2052 2051
f 2045 1405 1404
f 9328 2047 945
f 1139 1080 1079
f 1037 1856 892
f 2055 2053 2057
f 1198 989 718
f 1619 2058 1612
f 2058 1605 1606
f 2059 2060 1607
f 2058 1619 1624
f 71 72 179
f 405 406 1557
f 322 1548 1972
f 2061 2052 2063
f 2066 2065 2067
f 2052 2061 2064
f 1609 1610 2066
f 1515 151 152
f 1009 827 993
f 1644 9295 9267
f 279 1915 1916
f 1285 9315 9314
f 1647 2066 1825
f 2056 2057 2067
f 319 320 1953
f 667 666 1913
f 2070 631 625
f 2052 2050 2055
f 2038 1654 1655
f 1606 1601 2073
f 1235 1917 1270
f 2072 2073 2075
f 2059 1606 2072
f 2074 2075 2077
f 1601 1602 2078
f 2049 2048 1643
f 1000 1004 1001
f 1089 943 684
f 1931 1286 1306
f 1462 1459 1021
f 1932 1933 1934
f 875 874 1846
f 1936 1051 1937
f 44 45 46
f 1534 1955 1956
f 1541 318 317
f 2081 2082 2084
f 146 1945 1959
f 1360 1941 1942
f 985 984 1032
f 1995 1997 1892
f 2079 2080 2082
f 2095 2096 2076
f 2081 2093 2078
f 2055 2050 2054
f 501 2096 2095
f 2097 2100 2099
f 2098 2099 2094
f 2140 2141 9345
f 2141 2046 9346
f 2051 2070 2048
f 592 2102 2101
f 2071 2064 2076
f 2102 2097 2098
f 593 2103 2102
f 1019 1895 746
f 1950 11 12
f 725 2071 2096
f 1385 2105 2104
f 1379 2104 2106
f 2107 2108 2100
f 9360 726 502
f 9348 502 499
f 940 1389 2109
f 928 929 1170
f 9320 590 684
f 1962 1963 1964
f 9330 680 573
f 2039 1993 1968
f 1389 1390 2110
f 1398 2111 2113
f 9209 9207 9205
f 9363 9335 2107
f 949 923 924
f 260 241 324
f 1390 1397 2113
f 2070 2051 2064
f 9319 9363 2103
f 2105 1385 1421
f 2114 1421 1423
f 9344 2114 2115
f 9360 2105 2114
f 554 2116 1902
f 972 1163 967
f 1765 1593 1573
f 1984 1985 1986
f 2053 2117 2069
f 9017 9000 724
f 1625 1677 1674
f 9333 9340 2119
f 9355 2115 2123
f 56 1954 1906
f 626 9329 9331
f 2001 2002 2003
f 9364 9293 2127
f 2006 2007 2008
f 2127 1413 1412
f 2014 2015 2016
f 2018 2019 2020
f 1495 1424 1947
f 1379 1377 1386
f 9266 9263 1680
f 2029 1885 1884
f 9354 2128 2120
f 629 9331 9366
f 682 683 943
f 724 1650 2121
f 1757 1819 9273
f 765 1810 9296
f 9303 714 715
f 706 707 9322
f 981 986 987
f 1457 1868 1656
f 2017 2016 2032
f 1458 1655 1868
f 1776 1777 1792
f 1959 1945 1946
f 9115 9167 9177
f 9365 9333 2122
f 1093 1089 689
f 966 965 968
f 9304 715 9333
f 2172 9029 2170
f 670 2138 2137
f 9213 787 1903
f 1429 19 28
f 964 963 978
f 9293 9265 1413
f 1473 1474 669
f 9286 9285 1359
f 2138 798 1870
f 1872 1473 2137
f 715 716 9340
f 1881 1991 1992
f 9295 9294 739
f 1837 1847 8957
f 253 58 59
f 1808 9289 9292
f 1647 9284 9270
f 9317 9318 671
f 2112 9334 9335
f 1405 2045 2044
f 9281 9276 1364
f 273 1541 391
f 576 632 8964
f 9327 9317 668
f 1430 1431 2140
f 2136 9302 9312
f 1430 2139 18
f 9345 9346 570
f 1442 1439 2046
f 1431 1442 2141
f 9321 9365 9302
f 9260 9275 1817
f 9318 9345 695
f 2142 2025 798
f 571 2143 2142
f 9271 9266 1618
f 2143 2022 2025
f 694 2142 2138
f 681 1572 2144
f 2144 2011 2022
f 328 210 457
f 1572 2010 2011
f 630 9344 9355
f 2085 2086 2087
f 2090 2091 2092
f 572 2144 2143
f 1875 1976 2153
f 1873 1875 2149
f 2103 2107 2097
f 2157 2043 2155
f 2128 1412 1414
f 9326 9323 589
f 9324 9322 628
f 2149 2153 2158
f 2159 2158 9357
f 698 9359 9354
f 9275 9299 9279
f 2158 2156 9326
f 1438 2044 2046
f 2035 2154 2160
f 2161 2160 9341
f 9323 9343 605
f 9325 17 18
f 370 29 61
f 649 1951 413
f 2153 2157 2156
f 1428 1429 1449
f 1490 76 73
f 9342 9357 710
f 2155 1891 9343
f 1456 1457 1880
f 2125 2088 2087
f 2160 2159 9342
f 300 1959 505
f 1064 1062 1046
f 2043 1892 1891
f 2129 2130 2004
f 2131 2132 2133
f 9300 9301 1450
f 1998 1975 804
f 9331 673 9316
f 474 492 490
f 1164 1165 1182
f 707 2162 9361
f 708 1472 2162
f 2162 2161 9338
f 548 549 1905
f 1145 1136 1114
f 705 2121 1650
f 2043 2157 1977
f 737 738 554
f 1034 1195 1191
f 458 1905 1907
f 195 196 232
f 2040 2039 1969
f 2145 2146 2147
f 2054 2050 2049
f 9284 1646 1639
f 9 12 11
f 252 364 506
f 472 478 479
f 1865 9376 9243
f 900 903 910
f 1941 2150 2151
f 1921 1928 1927
f 2163 1897 1898
f 271 156 153
f 1904 1326 12
f 282 263 264
f 1872 1873 2154
f 1326 1904 1897
f 628 692 693
f 1724 1722 1719
f 1549 1562 436
f 1582 1583 1730
f 1921 1920 1929
f 9007 8955 10
f 2152 2037 1950
f 475 772 774
f 769 2172 2171
f 2171 2165 476
f 476 773 772
f 1791 565 464
f 2166 2167 2168
f 595 371 372
f 483 1809 1641
f 762 2174 2173
f 771 483 484
f 486 487 1809
f 297 1549 1517
f 763 2175 2174
f 776 755 759
f 184 185 2176
f 412 447 303
f 2005 2176 185
f 9263 1681 1682
f 2164 2170 756
f 1472 2035 2161
f 950 951 964
f 2177 2178 2179
f 227 226 1510
f 2182 2183 2184
f 2186 2019 2018
f 1985 2182 2181
f 214 736 729
f 865 849 842
f 849 865 1357
f 559 3187 3188
f 16 13 737
f 560 553 498
f 3193 3196 3195
f 3200 3197 3198
f 3211 3214 3213
f 3215 3218 3217
f 2187 2188 2002
f 3233 3236 3235
f 3223 3221 3222
f 3229 3232 3231
f 3245 3248 3247
f 2169 2168 2189
f 2192 2086 2085
f 2193 2194 2195
f 2198 2199 2200
f 1998 1982 1979
f 9116 9117 9120
f 3253 3256 3255
f 2116 1898 1903
f 1859 2006 2009
f 9356 2123 2126
f 1135 1148 1087
f 2201 2202 2015
f 1149 111 110
f 3261 3264 3263
f 3269 3272 3271
f 3265 3268 3267
f 3229 3230 3284
f 3289 3292 3291
f 3299 3302 3301
f 3307 3263 3264
f 3293 3296 3295
f 3297 3223 3224
f 3319 3321 3291
f 3322 3323 3318
f 3314 3313 3312
f 3285 3288 3287
f 3332 3333 3218
f 3329 3331 3330
f 3324 3325 3227
f 3298 3224 3326
f 2203 2204 2205
f 579 580 1895
f 1755 2207 2208
f 3337 3340 3339
f 9343 9362 1893
f 1211 2151 2150
f 868 997 2210
f 3347 3350 3349
f 944 945 930
f 2130 2129 2202
f 233 1903 1898
f 665 751 750
f 1167 1254 999
f 2211 2212 2213
f 2215 2216 2217
f 9319 593 590
f 2220 221 220
f 823 824 948
f 3375 3240 3377
f 3393 3392 3391
f 3353 3358 3357
f 3363 3366 3365
f 3402 3405 3404
f 266 204 455
f 9334 2108 2107
f 2221 2222 8963
f 2223 2224 2225
f 2207 2125 2124
f 3293 3309 3336
f 673 674 9321
f 817 1000 996
f 2227 2228 2146
f 1947 1948 646
f 9352 2135 17
f 2229 1635 1638
f 1679 1613 1618
f 1637 2231 2232
f 2233 2234 1617
f 2231 2235 2236
f 3406 3409 3408
f 1381 1638 2238
f 9038 2241 2242
f 3414 3416 3341
f 1630 2234 2233
f 1681 1626 472
f 1408 1407 2243
f 3423 3426 3425
f 3433 3351 3263
f 3434 3429 3430
f 3440 3443 3442
f 3444 3447 3446
f 3436 3451 3450
f 3442 3443 3456
f 1637 2230 2238
f 3445 3446 3437
f 3448 3443 3440
f 1409 1408 1634
f 1380 1383 2247
f 1628 2248 2245
f 3463 3466 3465
f 3308 3477 3462
f 2249 1623 1622
f 1632 1634 1408
f 2248 1628 1631
f 3478 3481 3480
f 3509 3512 3511
f 2235 2231 1637
f 3505 3508 3507
f 3457 3458 3199
f 631 2070 2071
f 515 167 52
f 782 781 2251
f 2253 2254 2255
f 397 281 459
f 1456 2039 2040
f 2040 2041 2036
f 3434 3475 3518
f 1401 2112 2111
f 2041 2040 1970
f 3367 3337 3338
f 1535 121 414
f 1586 1587 2080
f 2256 983 1132
f 3528 3531 3530
f 3519 3521 3520
f 3537 3505 3506
f 3543 3546 3545
f 1700 1699 9370
f 3486 3551 3550
f 3455 3456 3497
f 3558 3560 3559
f 3456 3568 3500
f 3572 3571 3252
f 3308 3264 3285
f 3316 3317 3574
f 3575 3478 3479
f 3576 3579 3578
f 3580 3583 3582
f 3584 3587 3586
f 3505 3537 3588
f 3589 3592 3591
f 3600 3603 3602
f 3542 3539 3595
f 3604 3605 3592
f 3611 3610 3613
f 3622 3625 3624
f 3618 3621 3620
f 3626 3629 3628
f 3644 3647 3646
f 3634 3637 3636
f 3638 3639 3641
f 9267 1896 1686
f 1263 2256 1886
f 3613 3655 3654
f 598 1841 844
f 2257 2258 2259
f 2258 2261 2262
f 2259 2262 2263
f 2260 2259 2216
f 1967 1971 1970
f 2212 1964 1963
f 922 921 2218
f 1312 1098 1101
f 1307 1306 1286
f 1548 1569 1546
f 2266 2267 2268
f 2265 2268 2270
f 2272 2265 2269
f 2273 2266 2265
f 2275 2276 2277
f 2278 2274 2277
f 2284 2285 9069
f 2287 2283 2286
f 2288 2289 2283
f 2290 2284 9091
f 2291 2292 2293
f 2295 2291 2294
f 2296 2297 2291
f 2297 2298 2292
f 2294 2293 2299
f 2279 2294 2300
f 2298 2301 2302
f 2292 2302 2303
f 2293 2303 2304
f 2304 2305 2306
f 2308 2309 2310
f 2302 2307 2310
f 2301 2311 2307
f 2312 2308 2307
f 2313 2314 2315
f 2318 2319 2320
f 9200 9223 2322
f 2324 2325 2273
f 2313 2324 2326
f 2328 2324 2313
f 2329 2325 2324
f 2331 2332 2333
f 2330 2333 2267
f 2325 2330 2266
f 2329 2331 2330
f 2333 2334 2335
f 2336 2334 2333
f 2338 2336 2332
f 2331 2339 2337
f 2329 2340 2339
f 2328 2341 2340
f 2316 2342 2341
f 2342 2316 2315
f 2344 2345 2346
f 2341 2344 2347
f 2342 2348 2344
f 2348 2349 2345
f 2350 2351 2352
f 2339 2350 2353
f 2340 2347 2350
f 2347 2346 2351
f 2337 2353 2354
f 2353 2352 2355
f 2356 2277 2276
f 2356 2357 2358
f 2356 2359 2296
f 2279 2277 2356
f 2360 2361 2270
f 2267 2335 2360
f 2362 2363 2364
f 2362 2365 2361
f 2366 2362 2358
f 2366 2367 2363
f 2357 2276 2368
f 2366 2368 2369
f 2276 2275 2370
f 2368 2370 2282
f 2372 2373 2374
f 2375 2376 2377
f 2378 2379 2380
f 2382 2378 2381
f 2384 2385 2378
f 2385 2386 2379
f 2388 2389 2390
f 2387 2390 2392
f 2393 2394 2387
f 2394 2395 2388
f 2186 2401 2402
f 2403 2404 2327
f 2272 2403 2326
f 2271 2405 2403
f 2405 2406 2404
f 2404 2407 2408
f 2409 2410 2411
f 2409 2412 2271
f 2413 2409 2269
f 2413 2414 2410
f 2417 2415 2416
f 2417 2418 2406
f 2412 2417 2405
f 2411 2415 2417
f 2406 2419 2407
f 9013 8964 632
f 2420 2398 2397
f 2420 2421 2423
f 2424 2420 2422
f 2424 2399 2398
f 2425 2391 2392
f 2421 2425 2426
f 2397 2396 2425
f 2396 2393 2391
f 2427 2314 2408
f 2430 2427 2428
f 2343 2315 2427
f 2432 2343 2430
f 2431 2430 2429
f 2435 2431 2433
f 2436 2432 2431
f 2428 2408 2407
f 2422 2437 2407
f 2438 2437 2422
f 2429 2428 2437
f 2440 2434 2433
f 2441 2439 2433
f 2442 2443 2439
f 2443 2444 2440
f 2445 2446 2444
f 2447 2445 2443
f 2383 2381 2445
f 2381 2380 2446
f 2448 2438 2423
f 2449 2448 2426
f 2441 2448 2449
f 2441 2429 2438
f 2449 2392 2390
f 2450 2390 2389
f 2447 2450 2451
f 2442 2449 2450
f 2451 2389 2453
f 2452 2453 2455
f 2382 2452 2454
f 2383 2451 2452
f 2456 2457 2373
f 2459 2460 2461
f 2463 2464 2465
f 2462 2465 2285
f 2466 2462 2284
f 2467 2463 2462
f 2461 2460 9155
f 2468 2469 2470
f 2472 2468 2471
f 2474 2461 9153
f 2475 2476 2477
f 2458 2455 2453
f 2479 2453 2389
f 2395 2480 2479
f 2480 2459 2458
f 2481 2482 2483
f 2484 113 2485
f 2471 2470 2464
f 2473 2471 2463
f 2487 2467 2466
f 2486 2466 2290
f 2490 2486 2488
f 2491 2487 2486
f 2492 2473 2467
f 2493 2492 2487
f 2494 2495 2492
f 2495 2472 2473
f 9142 2496 2474
f 9143 2497 2496
f 2498 2494 2493
f 2500 2498 2499
f 9152 9139 2498
f 9139 9143 2494
f 2306 2504 2278
f 2305 2505 2504
f 2504 2505 2507
f 2506 2507 2288
f 2274 2506 2508
f 2278 2504 2506
f 9085 9084 2489
f 9072 9085 2488
f 2507 2509 2289
f 2505 2510 2509
f 2508 2288 2287
f 2511 2287 2281
f 2370 2511 2280
f 2275 2508 2511
f 2512 2490 2489
f 2514 2512 2513
f 2517 2512 2514
f 2517 2491 2490
f 2499 2493 2491
f 2499 2517 2516
f 2510 2505 2519
f 2518 2519 2521
f 9068 2518 2520
f 9084 2510 2518
f 2522 2304 2303
f 2523 2522 2310
f 2305 2304 2522
f 2524 2522 2523
f 2519 2524 2525
f 2505 2305 2524
f 2308 2312 2527
f 2526 2527 2529
f 2531 2526 2528
f 2309 2308 2526
f 1214 2532 2151
f 2419 2406 2418
f 2533 2345 2349
f 2534 2533 2317
f 2535 2536 2533
f 2536 2346 2345
f 2537 2351 2346
f 2538 2537 2536
f 2539 2540 2537
f 2540 2352 2351
f 2312 2355 2541
f 2527 2541 2542
f 2543 2435 2434
f 2545 2543 2544
f 2319 2318 2543
f 2318 2436 2435
f 2514 2515 2548
f 2547 2548 2550
f 2552 2547 2549
f 2552 2516 2514
f 2520 2521 2554
f 2553 2554 2556
f 9042 2553 2555
f 9073 2520 2553
f 2523 2309 2531
f 2557 2531 2530
f 2525 2523 2557
f 2559 2557 2558
f 2554 2559 2560
f 2521 2525 2559
f 2561 2375 2007
f 2376 2562 2225
f 2564 2565 2566
f 2563 2566 338
f 2569 2563 2567
f 2570 2564 2563
f 2572 2573 2574
f 2571 2574 2576
f 2544 2571 2575
f 2544 2434 2572
f 2578 2570 2569
f 2579 2577 2569
f 2574 2577 2579
f 2573 2578 2577
f 2581 2582 2583
f 2584 2580 2583
f 9149 9127 2580
f 9128 2581 2580
f 2582 2516 2552
f 2583 2552 2551
f 2500 2501 2589
f 2590 2588 2589
f 9145 9147 2588
f 9147 9152 2500
f 2501 2516 2591
f 2592 2593 2594
f 2386 2385 2503
f 2596 2379 2386
f 2596 2374 2373
f 2599 2596 2597
f 2599 2380 2379
f 2600 2446 2380
f 2600 2599 2598
f 2603 2600 2601
f 2603 2444 2446
f 2604 2603 2602
f 2440 2604 2605
f 2444 2603 2604
f 2606 2582 2581
f 2606 2607 2590
f 2591 2516 2582
f 9128 2587 2456
f 9141 2456 2372
f 2478 2477 2608
f 2609 2610 2611
f 2564 2570 2613
f 2612 2613 2598
f 2457 2612 2597
f 2565 2564 2612
f 2614 2613 2570
f 2615 2614 2578
f 2602 2601 2614
f 2601 2598 2613
f 2572 2434 2605
f 2616 2605 2602
f 2573 2572 2616
f 1459 1016 1045
f 1265 1215 1079
f 1612 1608 1609
f 2067 2057 2069
f 1135 1109 1136
f 1938 1937 2618
f 95 548 458
f 2058 1607 1608
f 1454 1469 1445
f 655 2620 1048
f 722 1049 2621
f 3665 3639 3634
f 1131 985 1033
f 562 1481 366
f 1723 1719 1725
f 1786 1123 1122
f 267 300 323
f 1325 2034 1654
f 1468 1165 1435
f 658 657 529
f 8 532 247
f 382 1557 1559
f 3631 3681 3680
f 788 619 1307
f 940 930 929
f 911 2622 2623
f 2621 2620 655
f 2624 1857 2625
f 998 1846 27
f 635 638 2626
f 2627 641 644
f 2628 2627 1840
f 1200 1199 2627
f 1199 1773 641
f 1520 515 49
f 1452 1350 1349
f 2630 2631 1859
f 644 643 1335
f 3683 3700 3699
f 1197 1198 717
f 2632 717 719
f 2628 2632 1166
f 2629 1197 2632
f 1762 2633 1050
f 1823 870 873
f 2634 2635 794
f 1042 794 2635
f 93 94 1901
f 2036 2038 1458
f 1527 332 1525
f 877 876 1274
f 134 409 797
f 1328 893 931
f 607 777 1091
f 1043 2635 2637
f 2636 2637 2639
f 1275 2636 2638
f 1275 1040 1043
f 1272 2624 2626
f 2640 2626 638
f 1110 2641 2640
f 536 1272 2640
f 1472 708 1474
f 2042 2030 1951
f 3668 3632 3633
f 1058 1106 1105
f 2642 2623 2643
f 1192 2642 2644
f 912 2623 2642
f 9350 1657 8970
f 1049 1048 2620
f 616 1829 1885
f 1331 1913 666
f 990 989 1198
f 1911 1912 321
f 1298 1282 1205
f 76 1490 1504
f 1502 1500 421
f 610 609 658
f 1146 937 659
f 2646 911 914
f 1280 1239 1238
f 1453 1454 1452
f 835 942 1843
f 1271 1270 1173
f 1893 1878 1826
f 1050 2633 1937
f 2651 2652 814
f 1006 1053 1281
f 2653 1084 2654
f 1001 1004 1003
f 585 997 679
f 2624 1272 621
f 555 678 2028
f 1207 526 1197
f 1626 1627 478
f 3729 3732 3731
f 3746 3749 3748
f 3770 3752 3750
f 426 389 419
f 1030 1193 1773
f 9350 645 634
f 534 1533 138
f 1125 1092 1042
f 333 228 88
f 569 1570 561
f 3691 3694 3693
f 1489 2656 871
f 1857 2624 620
f 1673 1674 9222
f 622 861 864
f 619 788 891
f 261 544 545
f 393 1555 1556
f 2658 2659 2647
f 1075 2658 2657
f 1081 1080 2658
f 1080 1139 2659
f 2644 2643 1141
f 2660 1141 1140
f 642 2660 1336
f 1193 2644 2660
f 679 678 555
f 3762 3765 3764
f 1503 1501 1500
f 1318 1317 1101
f 2661 2659 1139
f 2661 1142 2663
f 2662 2647 2659
f 2662 2663 2622
f 2664 2622 911
f 2648 2664 2646
f 2648 2647 2662
f 3586 3658 3779
f 2083 2094 2093
f 1442 1440 1437
f 3732 3734 3733
f 519 329 330
f 1885 2029 1209
f 799 800 805
f 1946 1943 1952
f 1302 1301 1253
f 3741 3738 3757
f 3660 3663 3662
f 566 2005 224
f 1389 940 928
f 683 682 681
f 836 835 1842
f 2665 1842 1845
f 2666 2665 1303
f 24 836 2665
f 831 1072 2650
f 1845 1844 1304
f 2010 2013 2012
f 1051 1936 2667
f 1522 1521 1511
f 531 440 441
f 1250 635 2625
f 2669 2625 1857
f 783 2669 1856
f 782 1250 2669
f 720 2670 2671
f 1055 1931 1930
f 1333 1067 1251
f 619 622 1308
f 652 655 2619
f 521 522 1539
f 1838 988 537
f 2672 537 536
f 1113 2672 2641
f 1113 527 1838
f 1016 1013 1351
f 9349 573 570
f 226 227 104
f 9008 9121 9279
f 1036 1037 1884
f 2674 1301 1304
f 2673 1304 1844
f 1334 2673 2675
f 1333 2674 2673
f 2676 702 1039
f 1843 2676 2675
f 942 1074 2676
f 1074 699 702
f 752 1057 1055
f 1200 1166 656
f 1120 1846 874
f 2677 874 877
f 1241 2677 1052
f 1119 1120 2677
f 1560 1513 151
f 1208 1316 611
f 215 735 736
f 1460 1459 1462
f 3717 3720 3719
f 1208 1207 1839
f 854 856 1282
f 3682 3697 3696
f 72 445 182
f 544 1563 1565
f 217 200 456
f 3673 3647 3781
f 2047 1404 930
f 1204 2618 1937
f 913 777 686
f 3705 3708 3707
f 840 527 1113
f 1531 729 730
f 2678 778 1283
f 601 667 1914
f 1537 1538 459
f 1819 1757 8953
f 991 1860 862
f 2679 711 1073
f 3776 3775 3581
f 2680 1830 983
f 779 2680 2256
f 778 2678 2680
f 2678 2679 1830
f 180 542 245
f 1886 1132 1131
f 3766 3768 3767
f 1138 1137 1274
f 3777 3778 3585
f 1841 598 1140
f 75 313 314
f 193 423 420
f 2681 2682 1099
f 3658 3586 3587
f 170 1567 1565
f 349 416 417
f 1121 1124 2684
f 547 797 409
f 123 122 121
f 2643 2663 1142
f 1542 1544 513
f 899 900 907
f 1210 677 676
f 791 663 982
f 24 27 837
f 893 896 932
f 1860 1320 863
f 535 538 862
f 3640 3684 3683
f 1569 1548 1547
f 181 455 542
f 660 659 937
f 2013 567 568
f 3781 3647 3644
f 887 890 2631
f 1524 1508 361
f 520 161 162
f 2653 855 854
f 1238 1237 2655
f 718 1838 527
f 1492 1493 518
f 792 616 615
f 599 846 1835
f 290 457 456
f 312 171 1552
f 1248 2687 1179
f 153 149 177
f 1240 1181 1222
f 1257 1292 1235
f 1291 1084 1083
f 1052 877 1277
f 743 742 2618
f 444 140 430
f 23 1224 1172
f 2687 2654 1180
f 102 103 409
f 1283 607 610
f 373 497 650
f 1180 2654 1084
f 855 2653 2655
f 1173 1270 1917
f 2689 850 853
f 2688 853 1108
f 2686 2688 1279
f 2687 2689 2688
f 2691 1302 1252
f 2690 1252 850
f 1248 2690 2689
f 1248 1247 2691
f 2692 617 24
f 2691 2692 2666
f 1247 1258 2692
f 1258 1168 617
f 394 1554 1555
f 2693 1260 1259
f 1072 1236 1262
f 1257 1071 1168
f 398 439 1555
f 871 1784 1314
f 1178 1232 1249
f 1224 1289 1173
f 1010 2617 2618
f 1175 1174 1292
f 2654 2687 2686
f 2694 1157 1216
f 71 418 1487
f 701 1112 1111
f 1072 1261 2649
f 1085 2695 22
f 895 2694 1264
f 1601 1606 1605
f 1259 1262 1271
f 21 20 1220
f 988 991 538
f 3533 3479 3535
f 598 597 1336
f 1050 860 818
f 1298 2645 1761
f 1168 1167 618
f 3629 3671 3670
f 858 1168 1256
f 39 242 516
f 2652 1761 819
f 313 316 315
f 2026 1970 1971
f 2656 1489 596
f 814 819 818
f 2696 2651 813
f 1260 2696 2649
f 2693 2697 2696
f 2697 1296 2651
f 381 355 390
f 9270 9271 1611
f 1475 1427 1428
f 1292 1174 1917
f 1551 353 354
f 1526 1525 1523
f 1593 1589 1595
f 1232 1269 1246
f 2695 2693 1223
f 2698 1297 1296
f 2698 2697 2693
f 2685 2698 2695
f 2685 854 1297
f 562 1497 271
f 2652 2651 1296
f 1365 1366 1364
f 1958 1946 1953
f 585 588 2210
f 1561 1560 1515
f 975 2648 1146
f 347 67 68
f 1038 1111 636
f 2700 781 780
f 2699 780 1036
f 2701 2699 1883
f 851 2700 2699
f 2674 1333 2251
f 2702 2251 781
f 1253 2702 2700
f 1301 2674 2702
f 1519 387 388
f 1273 1239 1280
f 2703 1280 1107
f 2701 2703 852
f 1829 1273 2703
f 91 260 326
f 1784 871 2656
f 2683 2684 2705
f 604 1894 8943
f 1669 8978 8992
f 2062 2063 2060
f 621 535 861
f 2023 731 732
f 686 779 1263
f 857 1051 2668
f 883 830 882
f 3648 3651 3650
f 637 636 1111
f 2668 894 893
f 3692 3712 3711
f 2667 921 894
f 1039 1038 1068
f 313 75 1504
f 1911 1972 305
f 1936 2706 1964
f 2707 2402 2401
f 2708 2707 2183
f 738 2163 2116
f 3785 3787 3709
f 2349 2348 2432
f 2711 2712 2020
f 2400 2711 2019
f 2714 2715 2716
f 2717 2718 2719
f 2721 2722 2723
f 2726 2727 2728
f 2725 2728 2730
f 2731 2725 2729
f 2732 2726 2725
f 2734 2735 2736
f 2738 2739 2740
f 2737 2740 2741
f 2744 2745 2746
f 2745 2744 2748
f 2749 2750 2747
f 2753 2749 2751
f 2250 1380 2246
f 3417 3420 3419
f 2754 1396 1614
f 9050 2754 2755
f 9060 2745 2747
f 1617 2756 2755
f 2242 2758 1620
f 3429 3432 3431
f 2191 2085 2760
f 2761 2759 2760
f 9100 2759 2761
f 9075 2191 2759
f 3209 3460 3354
f 1395 1394 2236
f 1395 2235 1636
f 3741 3791 3790
f 1616 1635 2229
f 3410 3413 3412
f 1617 2234 2763
f 2756 2763 9080
f 2765 2763 2234
f 2766 2764 9080
f 3202 3199 3458
f 1516 437 435
f 2768 2769 8996
f 1495 541 578
f 2135 2136 28
f 8970 8984 2773
f 1690 1689 9378
f 2778 2779 2780
f 2777 2780 2781
f 2784 2778 2777
f 8999 8965 575
f 1494 1904 9
f 8973 2016 2015
f 451 61 505
f 2786 2787 2788
f 2779 2786 2785
f 2789 2752 2741
f 2790 2753 2752
f 2792 2793 2794
f 2793 2795 2796
f 2796 2797 2750
f 2794 2796 2749
f 2798 1393 1396
f 9043 2798 2754
f 2798 2799 2800
f 9043 9114 2799
f 2797 2796 2795
f 2791 2794 2753
f 216 233 232
f 9256 2806 2807
f 9257 2809 2804
f 2769 2810 9001
f 183 185 184
f 2811 2812 2775
f 2804 2811 2776
f 2809 2813 2811
f 2812 2811 2813
f 9257 2808 2816
f 9248 2818 2815
f 9250 9252 2820
f 9245 2823 2819
f 2824 2736 2735
f 2823 2825 2824
f 2825 2823 2826
f 9245 2822 2827
f 9248 2817 2826
f 2713 2716 2829
f 2828 2829 2831
f 2822 2821 2828
f 2821 2820 2713
f 2832 2827 2822
f 2833 2832 2830
f 2834 2835 2832
f 2835 2818 2827
f 2837 2838 2839
f 2836 2839 2841
f 2842 2836 2840
f 2843 2837 2836
f 2840 2841 2845
f 2718 2844 2845
f 2730 2728 2844
f 2727 2840 2844
f 2846 2845 2841
f 2829 2846 2847
f 2847 2841 2839
f 2848 2839 2838
f 2833 2848 2849
f 2831 2847 2848
f 2850 2814 2851
f 2853 2850 2852
f 2783 2777 2782
f 2785 2788 2853
f 2780 2785 2856
f 2857 2858 2855
f 2859 2857 2782
f 2861 2843 2842
f 2860 2842 2727
f 2862 2860 2726
f 2863 2861 2860
f 2861 2863 2858
f 2843 2861 2857
f 2856 2853 2854
f 2781 2856 2864
f 2837 2843 2859
f 2838 2837 2864
f 2852 2851 2834
f 2854 2852 2849
f 2865 2815 2818
f 2851 2865 2835
f 2813 2809 2815
f 2814 2813 2865
f 2866 2812 2814
f 2788 2866 2850
f 2866 2788 2787
f 2812 2866 2867
f 1892 1889 1890
f 2720 2719 2846
f 298 299 256
f 2872 2714 2713
f 9246 9252 2735
f 2729 2730 2874
f 2846 2716 2715
f 2876 2877 2878
f 2733 2875 2878
f 9258 9259 2879
f 9258 2880 2872
f 2882 2883 2884
f 2881 2884 2715
f 2880 2881 2714
f 2879 2882 2881
f 2885 2886 2887
f 2888 2889 2890
f 2885 2890 2892
f 2893 2886 2885
f 1942 2151 2532
f 2895 2892 2720
f 2884 2895 2870
f 2883 2896 2895
f 2896 2891 2892
f 2889 2874 2717
f 2890 2717 2720
f 2897 2893 2891
f 2898 2897 2896
f 2899 2898 2883
f 2900 2899 2882
f 9249 2900 2879
f 2876 2902 2901
f 2901 2902 2904
f 1785 2656 1835
f 2905 2906 2899
f 2907 2908 2897
f 9249 2901 2903
f 632 576 577
f 8976 8991 2867
f 434 385 550
f 2768 2770 9092
f 2910 2911 1623
f 2241 2912 2758
f 9092 2770 2913
f 1623 2911 2757
f 9039 2242 2757
f 2229 1381 1380
f 2765 1630 1629
f 2915 2914 1629
f 9094 9093 2914
f 9093 9074 2765
f 2919 2916 9094
f 2918 2915 2912
f 9066 2918 2241
f 9070 2919 9065
f 8985 2177 2180
f 8965 2002 2188
f 3694 3626 3627
f 9157 9017 714
f 2925 2766 2917
f 2924 2917 2916
f 9062 2924 2919
f 9063 2925 2924
f 2926 2927 2766
f 9110 2926 2925
f 1715 1713 1705
f 785 497 498
f 1387 651 565
f 374 375 1899
f 9017 2203 2206
f 2929 2930 2886
f 2932 2933 2934
f 1905 1906 1908
f 2930 2935 2936
f 2938 2935 2930
f 1493 369 517
f 1603 1585 1586
f 2939 2938 2929
f 2940 2939 2908
f 9117 1707 1600
f 2886 2930 2937
f 2906 2907 2898
f 2908 2929 2893
f 2942 2934 2933
f 2941 2933 2937
f 8945 2941 2936
f 8942 2942 2941
f 2943 2944 2710
f 2943 2873 2874
f 2945 2943 2889
f 2946 2944 2943
f 2932 2945 2888
f 2931 2946 2945
f 727 1928 1929
f 2903 2904 2947
f 545 594 42
f 1480 1570 533
f 2907 2906 2949
f 2906 2905 2950
f 1558 452 215
f 9251 2903 2948
f 2054 1645 1644
f 9157 9136 2203
f 1828 1837 1849
f 2953 2954 2955
f 2952 2955 2957
f 2956 2261 2258
f 2953 2952 2258
f 2454 2455 2474
f 9199 2958 2959
f 9199 2132 2131
f 2961 2962 2963
f 2958 2963 2964
f 222 221 2485
f 2477 2226 2966
f 2631 2561 2006
f 2384 2454 2496
f 2967 2968 2959
f 2968 2967 2970
f 9211 2033 2971
f 9236 2971 2960
f 2972 2971 2033
f 2007 2377 2973
f 9004 9003 2134
f 1836 1833 1832
f 8950 2188 2090
f 955 810 959
f 672 675 674
f 633 710 713
f 2024 732 733
f 2025 2024 803
f 425 1552 1550
f 2975 2976 888
f 1319 1158 1157
f 1212 1935 2977
f 889 957 2228
f 1978 1974 1975
f 1138 1078 1329
f 751 665 2979
f 1619 1613 1625
f 2252 2255 1728
f 1157 1160 845
f 2706 1936 1938
f 2980 2255 2254
f 2982 2975 887
f 802 712 711
f 678 677 2029
f 527 840 690
f 1839 1207 2629
f 2983 2984 602
f 2983 1914 1913
f 2985 2983 1331
f 2986 2984 2983
f 2987 2637 2635
f 2985 2988 2639
f 2990 1319 1318
f 2991 2992 2993
f 2995 2991 2994
f 1106 1058 2991
f 1058 1057 2992
f 1415 1406 1365
f 1317 922 2217
f 1932 1728 2255
f 926 2998 2999
f 3001 2993 2992
f 3000 2992 1057
f 2999 3000 2978
f 2998 3001 3000
f 3002 2998 2209
f 3002 3003 2996
f 2993 3001 3002
f 1103 1106 2995
f 3004 2995 2996
f 2209 2210 3004
f 588 1103 3004
f 295 296 433
f 2638 2639 2988
f 3005 2988 1056
f 1305 3005 1930
f 1276 2638 3005
f 1987 1968 1993
f 2633 1762 1761
f 1423 1422 1417
f 9005 8961 739
f 2671 2670 2704
f 1473 1872 2035
f 922 1317 2694
f 1401 1400 1378
f 556 2028 1884
f 842 848 9277
f 1854 2706 2617
f 933 1082 1081
f 1440 1441 1436
f 529 657 719
f 1031 1025 1027
f 777 913 912
f 2645 1205 1204
f 441 438 1538
f 3771 3774 3773
f 790 1287 587
f 2065 2066 1610
f 1860 991 990
f 60 106 87
f 1424 1017 1948
f 332 1527 1507
f 261 262 138
f 187 188 449
f 1719 1720 1726
f 1931 1055 1059
f 3006 1059 1105
f 1287 3006 1104
f 1286 1931 3006
f 3007 3008 3009
f 3009 3008 653
f 618 999 26
f 2029 677 1210
f 957 601 600
f 1049 2146 2228
f 2631 890 3011
f 890 889 2227
f 3011 2227 2145
f 2561 3011 3012
f 1026 656 609
f 2706 1854 1961
f 3013 2965 2485
f 2148 2147 1267
f 3015 1267 1266
f 2997 2264 1101
f 642 641 1773
f 186 477 461
f 1041 1040 1320
f 1121 3016 3017
f 2984 2986 2987
f 3018 2987 2634
f 1048 603 3018
f 603 602 2984
f 2679 2678 801
f 2062 2072 2074
f 2061 2074 2076
f 414 303 1545
f 3016 1121 2683
f 3019 2683 2704
f 3020 3019 2670
f 3007 3016 3019
f 1871 1090 1091
f 3021 1787 1122
f 3022 3021 3017
f 1314 3021 3022
f 1784 1787 3021
f 1316 1315 1763
f 3023 3022 3010
f 3023 3009 795
f 1763 3023 1092
f 1315 3022 3023
f 3016 3007 3010
f 752 751 2978
f 2986 2639 2637
f 3024 654 653
f 3020 3024 3008
f 720 723 3024
f 723 2621 654
f 2681 1098 1268
f 2671 3025 1268
f 2705 2681 3025
f 1313 3026 3027
f 3026 3028 3029
f 3027 3029 3030
f 1311 3027 3031
f 2012 568 731
f 917 2657 974
f 3742 3745 3744
f 743 1206 856
f 1888 2027 2030
f 2682 2705 2684
f 3032 2684 1124
f 1100 3032 2989
f 1099 2682 3032
f 1123 2990 2989
f 3033 1834 1159
f 2990 3033 1158
f 1123 1786 3033
f 1786 1785 1834
f 1054 1056 2988
f 2979 665 664
f 2623 2622 2663
f 1095 660 688
f 3034 3035 2261
f 3036 3034 2956
f 3037 3038 3034
f 3038 3039 3035
f 3040 3041 3026
f 2263 3042 3041
f 3042 3039 3043
f 3041 3043 3028
f 3044 3045 3043
f 3046 3047 3045
f 3047 3048 3049
f 3043 3045 3049
f 3038 3037 3051
f 3050 3051 3053
f 3052 3046 3044
f 3039 3038 3050
f 3054 3035 3039
f 3042 2263 2262
f 2261 3035 3054
f 2216 2263 2997
f 2212 2211 2667
f 3056 868 2209
f 934 3057 1961
f 2013 9207 9209
f 3058 3059 3060
f 3059 3062 3063
f 3060 3063 2213
f 3061 3060 1963
f 3063 3064 2214
f 3062 3065 3064
f 3065 2257 2260
f 3064 2260 2215
f 3066 3067 3031
f 2608 2966 3067
f 2966 2562 3068
f 3031 3067 3068
f 2455 2458 2461
f 2476 2223 2226
f 8995 2090 2089
f 8970 2774 9221
f 433 354 355
f 2115 1423 1419
f 8953 2868 2922
f 9221 9189 2131
f 3069 2611 2167
f 2971 2972 2928
f 2961 2774 2773
f 3070 2475 2478
f 2610 2609 3071
f 2502 2371 2374
f 3072 2592 2595
f 2964 3046 3052
f 3048 2593 3074
f 2593 2592 3075
f 3075 3030 3029
f 3074 3029 3028
f 3072 3076 3075
f 3076 3072 2482
f 2481 2608 3066
f 3076 3066 3030
f 2967 3052 3053
f 2482 3072 3073
f 479 480 493
f 706 9352 9325
f 9005 2194 2221
f 2013 2010 9206
f 8977 2032 2016
f 9006 8963 2222
f 1171 1154 1155
f 3782 3644 3689
f 2586 2566 2565
f 2982 110 113
f 2562 2376 3077
f 2376 2375 3012
f 3012 2145 2148
f 3077 2148 3015
f 2963 3047 3046
f 3051 3078 2970
f 1683 2173 491
f 9302 2122 1447
f 1986 2181 9186
f 3079 3080 2546
f 3081 3079 2575
f 1983 1986 9220
f 3082 2323 2319
f 3080 3082 2545
f 9186 9184 3082
f 9184 9200 2323
f 1309 1471 1888
f 3073 2595 2772
f 2760 3083 3084
f 2760 2085 2088
f 3085 3084 3086
f 3089 3085 3090
f 3089 2762 3084
f 3092 3088 3090
f 3093 2748 2744
f 2751 2747 2748
f 3093 2741 2752
f 2742 2741 3093
f 3094 3093 2743
f 3096 3097 3098
f 3099 3096 3087
f 3097 3094 3095
f 3100 2743 2746
f 3101 2927 3102
f 2764 2766 2927
f 2745 2764 3101
f 3102 3092 3091
f 3100 3091 3095
f 2869 2802 9044
f 3102 3103 3104
f 9110 2868 2869
f 2927 2926 3103
f 3098 3095 3091
f 3087 3098 3090
f 2088 2125 3105
f 3083 3105 3086
f 2483 3073 2771
f 2401 2186 2185
f 3099 3086 3105
f 2125 2207 3106
f 3108 2737 2742
f 3107 2742 3094
f 3110 3108 3107
f 3109 3107 3097
f 3111 3109 3096
f 3112 3110 3109
f 3113 2738 2737
f 3115 2723 2722
f 3117 3115 3114
f 3119 3117 3116
f 3118 3116 3120
f 3116 3114 3113
f 3122 3112 3111
f 3122 3123 1755
f 3124 3125 3126
f 3125 3118 3121
f 3128 3119 3118
f 3129 3128 3125
f 2020 2712 3128
f 9305 9309 1346
f 1065 1046 1047
f 1814 9290 9282
f 2021 2020 3129
f 3111 3099 3106
f 3123 3106 2207
f 2377 2225 2224
f 3014 2485 113
f 1756 2208 9234
f 3131 3132 2530
f 3133 3131 2528
f 1753 1756 9219
f 3134 3124 3127
f 2327 2408 2314
f 2436 2318 2317
f 2018 2021 9163
f 2534 3136 3137
f 2320 2322 3136
f 2185 2018 9164
f 3138 3139 2542
f 3134 3135 9196
f 9237 3130 3134
f 3140 3138 2539
f 2535 3137 3140
f 9163 2021 3130
f 2558 2530 3132
f 9234 9212 3141
f 2560 2558 3141
f 9212 9229 3142
f 958 888 2976
f 1933 1932 2980
f 3714 3704 3729
f 2399 2424 2418
f 2348 2342 2343
f 2322 2320 2319
f 2718 2717 2874
f 2709 2729 2873
f 2894 2871 1361
f 3788 3789 3720
f 346 289 176
f 1876 1877 1882
f 2802 2803 9059
f 3104 3144 3088
f 2974 2222 9101
f 3089 3145 2761
f 3088 3144 3145
f 2803 2974 9055
f 9322 9361 692
f 2123 1419 1418
f 1365 1363 1368
f 3346 3345 3344
f 1581 1766 1782
f 9013 2202 2129
f 8999 2003 2002
f 3146 2585 2551
f 9203 3146 3147
f 9194 3149 3146
f 3149 2584 2585
f 3196 3198 3197
f 9056 2192 2191
f 3142 3150 2556
f 9229 9230 3150
f 9098 3152 2550
f 3150 3151 2555
f 9230 9232 3151
f 9240 9233 3152
f 3153 3147 2551
f 3152 3153 2549
f 9233 9228 3153
f 9228 9202 3147
f 3148 2767 2206
f 2183 2401 2321
f 2132 2960 2928
f 3299 3300 3321
f 9136 9137 2204
f 9171 2198 2197
f 2594 2962 2773
f 2595 2594 2951
f 1870 798 799
f 3257 3260 3259
f 9165 2179 2178
f 9158 2178 9188
f 336 3154 9226
f 339 3155 3154
f 9241 9135 3149
f 9135 9149 2584
f 2963 2962 3048
f 9174 9182 337
f 339 338 2566
f 3156 3157 2168
f 2610 3156 2167
f 2954 2953 3156
f 3157 3156 2953
f 9159 2166 2169
f 2567 3158 3159
f 337 3158 2567
f 9182 3069 2166
f 9216 2190 1983
f 2579 3160 3081
f 2568 3159 3160
f 9161 2169 2190
f 3065 3062 3162
f 3161 3162 1984
f 3157 3161 2189
f 2257 3065 3161
f 734 735 1922
f 3059 3058 2708
f 3163 2708 2182
f 3162 3163 1985
f 3062 3059 3163
f 3203 3206 3205
f 3806 3809 3808
f 2122 2119 1448
f 9269 1686 1685
f 139 140 444
f 1570 569 566
f 2957 3164 3165
f 2955 3166 3164
f 1912 454 341
f 3130 3129 3124
f 1548 322 319
f 1949 1950 1327
f 2969 2970 3078
f 3167 3078 3169
f 9176 2014 2017
f 9172 2017 2033
f 3168 3169 3165
f 3170 3165 3164
f 9231 3170 3171
f 9176 3168 3170
f 3171 3164 3166
f 3172 3166 3071
f 9204 3172 3173
f 9208 3171 3172
f 3169 3037 3036
f 2593 3048 2962
f 3173 3071 2609
f 3174 2609 2199
f 9235 3174 2198
f 9201 3173 3174
f 2190 2189 1984
f 2196 2195 2767
f 3326 3329 3328
f 2119 2120 1414
f 1464 1463 1466
f 2199 2611 3069
f 2457 2456 2587
f 2226 2225 2562
f 481 478 1627
f 333 1512 235
f 3078 3051 3037
f 3040 2264 2997
f 3351 3352 3262
f 2219 1934 1933
f 2385 2384 2497
f 221 2220 3175
f 2220 1933 3143
f 3175 3143 2976
f 2484 3175 2975
f 2954 3071 3166
f 2630 1858 110
f 1547 319 1952
f 2091 2090 2188
f 9185 9188 2178
f 1918 1919 1927
f 9007 112 111
f 3398 3401 3400
f 955 956 960
f 2037 3014 112
f 3143 2980 2981
f 2218 2211 2214
f 672 9329 9239
f 2152 3013 3014
f 1147 1144 1143
f 2248 2246 1409
f 1615 1636 1635
f 1410 1409 2246
f 3486 3488 3487
f 3468 3469 3502
f 3451 3453 3452
f 1382 3176 3177
f 3177 1410 2247
f 2247 1383 3177
f 3176 2238 2230
f 1410 3177 3179
f 3179 3180 2243
f 1633 3181 2800
f 3816 3818 3817
f 1621 1620 2758
f 3642 3801 3662
f 3422 3421 3260
f 1622 1621 2245
f 2236 1394 3181
f 3793 3796 3795
f 3493 3496 3495
f 2237 2236 3182
f 3513 3516 3515
f 2250 1631 2233
f 3654 3666 3667
f 2912 1629 1628
f 3819 3822 3821
f 3432 3824 3823
f 135 136 1564
f 1567 419 512
f 1085 1084 2653
f 3184 869 868
f 869 3184 3057
f 3389 3388 3387
f 1266 1268 1098
f 1267 2147 722
f 937 1146 2646
f 2146 1049 722
f 2211 2218 921
f 1957 510 507
f 1313 1312 2264
f 1496 362 1493
f 2887 2937 2933
f 1687 1688 1659
f 145 1499 1498
f 3831 3829 3830
f 37 38 418
f 1935 1934 3185
f 104 89 301
f 2101 2098 2083
f 543 298 360
f 1934 2219 3186
f 234 1521 212
f 9297 9273 1822
f 3825 3828 3827
f 1976 1875 1874
f 223 3186 2219
f 9107 9108 9057
f 2165 2164 467
f 467 468 2165
f 773 476 2165
f 3673 3658 3659
f 1935 1212 1728
f 3490 3491 3840
f 3362 3359 3848
f 3862 3865 3864
f 3465 3466 3484
f 3893 3894 3525
f 3352 3351 3430
f 3869 3872 3871
f 3529 3530 3567
f 3420 3417 3922
f 3304 3235 3236
f 3929 3932 3931
f 3324 3326 3327
f 3219 3937 3939
f 3220 3938 3937
f 3450 3375 3376
f 3942 3832 3833
f 3215 3216 3454
f 3946 3332 3215
f 3422 3949 3948
f 3950 3457 3198
f 3205 3206 3957
f 3261 3962 3961
f 3852 3853 3964
f 3214 3211 3946
f 3965 3213 3214
f 3797 3800 3799
f 3988 3991 3990
f 3777 3779 3806
f 3855 3858 3447
f 3737 3799 3800
f 3949 3953 3952
f 3651 3782 3783
f 4001 3784 3787
f 4019 4022 4021
f 4027 4030 4029
f 3258 3259 4030
f 4033 4036 4035
f 3424 3425 4047
f 3242 3243 4058
f 3970 3489 3547
f 3829 3242 4057
f 3333 3332 3947
f 4063 4068 4065
f 4073 4076 4075
f 3568 3456 3443
f 3981 3334 3335
f 3540 3915 3862
f 4078 4079 4031
f 3565 3566 4088
f 3442 3455 4089
f 4092 4095 4094
f 4093 4094 4097
f 3619 3620 3623
f 3660 4098 3821
f 3809 3648 3649
f 3610 3652 3655
f 3656 3622 3623
f 3621 3803 3804
f 3503 3480 3481
f 3436 3439 3438
f 3356 3428 3427
f 3628 3670 3669
f 3734 3811 4002
f 3276 3273 3370
f 3763 4106 4107
f 4006 4007 3754
f 3747 3751 3752
f 3863 3864 4110
f 3994 3891 4003
f 3653 3801 3664
f 3296 4116 4115
f 4117 4120 4119
f 3249 3252 3251
f 4127 4130 4129
f 3478 3575 3903
f 3410 4136 3921
f 3977 4061 4038
f 3216 3452 3453
f 3967 3547 3548
f 4140 4078 4032
f 3509 4086 4149
f 4151 4152 3659
f 4153 4152 3656
f 4153 4154 3646
f 4156 3688 3645
f 4139 4077 4078
f 3743 3744 4163
f 3861 3918 3987
f 3468 4066 4067
f 3306 3981 3980
f 4172 4173 4010
f 4169 4170 3836
f 4187 4190 4189
f 4213 4216 4215
f 4220 4223 4222
f 4225 4226 4211
f 4230 4233 4232
f 4240 4243 4242
f 3606 3609 3608
f 4250 4253 4252
f 4258 4261 4260
f 4077 4080 4079
f 4276 4279 4278
f 4308 4262 4263
f 4017 4018 3872
f 3196 3193 3951
f 4316 4317 4270
f 3870 4306 4307
f 4324 4327 4326
f 4333 4334 4247
f 4338 4341 4340
f 4348 4351 4350
f 4283 4284 4289
f 4356 4359 4358
f 4359 4019 4020
f 4362 4363 4196
f 4320 4364 4279
f 4370 4372 4296
f 4377 4253 4303
f 4231 4232 4201
f 4203 4212 4331
f 4037 4040 4039
f 4371 4265 4386
f 4387 4346 4347
f 3309 3293 3294
f 4099 3723 3724
f 4355 3422 3257
f 3630 3680 3693
f 4277 4278 4302
f 4350 4318 4319
f 4353 4354 4351
f 3637 3634 3639
f 4394 4395 3827
f 3311 3312 4399
f 3755 3708 4005
f 4363 4362 4259
f 3454 3453 3919
f 3446 3447 3459
f 4298 4299 4404
f 3749 3746 3769
f 3791 3741 3756
f 3643 3685 3684
f 3845 3846 3399
f 4313 3257 3258
f 4411 4413 4408
f 3843 4424 4423
f 4214 4215 4329
f 4431 4434 4433
f 3918 3861 3798
f 3927 3928 3388
f 4453 3893 3874
f 4138 4458 4457
f 3346 4460 4459
f 4100 4109 4108
f 3974 3977 3976
f 3665 3655 3652
f 3773 3565 3993
f 3945 3454 3920
f 4144 4463 4462
f 4464 4467 4466
f 3268 4142 4479
f 4484 3921 4136
f 3348 3914 4487
f 3313 3314 3912
f 3803 3621 3617
f 4086 3509 3510
f 4034 3304 3305
f 3403 3404 4171
f 4481 4482 4492
f 4177 4180 4179
f 4398 4170 3923
f 4451 4493 4494
f 4501 4075 4076
f 4509 4510 4506
f 3304 4034 4462
f 4485 4399 3312
f 3419 4488 3349
f 4356 4345 4385
f 4026 4354 4358
f 4354 4353 4357
f 3599 3596 4091
f 4341 4338 4254
f 4251 4252 4524
f 3482 3485 3484
f 3843 3543 3544
f 4295 4341 4274
f 4381 4530 4206
f 4204 4205 4531
f 4533 4536 4535
f 4542 4545 4544
f 4546 4549 4548
f 4573 4574 4547
f 4575 4578 4577
f 4221 4581 4580
f 4587 4590 4589
f 4328 4592 4589
f 4187 4565 4563
f 4595 4583 4593
f 4597 4605 4604
f 4609 4608 4611
f 4620 4623 4622
f 4612 4615 4614
f 4636 4638 4600
f 4649 4651 4650
f 4652 4655 4654
f 4662 4665 4664
f 4666 4669 4668
f 4637 4639 4685
f 4627 4701 4700
f 4684 4686 4636
f 4663 4689 4661
f 4699 4698 4697
f 4647 4648 4703
f 4709 4711 4603
f 4724 4633 4726
f 4742 4745 4744
f 3311 3923 3924
f 4698 4759 4758
f 4749 4765 4609
f 4342 4345 4344
f 4797 4800 4799
f 4490 4048 3974
f 4019 4359 4306
f 4512 3955 4514
f 3991 3988 4508
f 4692 4695 4694
f 4680 4681 4818
f 4821 4822 4824
f 4367 4239 4243
f 4833 4832 4831
f 4837 4744 4757
f 4332 4563 4562
f 4683 4835 4819
f 4845 4843 4850
f 4751 4753 4752
f 4854 4855 4695
f 4858 4719 4718
f 4822 4559 4859
f 4674 4646 4647
f 4771 4774 4773
f 4726 4727 4537
f 4714 4718 4719
f 4633 4634 4688
f 4616 4619 4618
f 4686 4684 4842
f 4869 4707 4708
f 3502 3868 3528
f 4777 4660 4737
f 4734 4732 4779
f 4883 4755 4663
f 4375 4294 4274
f 4290 4343 4335
f 4816 4815 4812
f 4778 4779 4732
f 4158 3710 4160
f 4195 4198 4197
f 3860 3861 4166
f 3758 3759 3763
f 3694 3691 4157
f 4249 4248 4391
f 3467 3470 3469
f 4209 4212 4211
f 4142 3268 4144
f 3615 3614 3617
f 3479 3480 3536
f 4883 4753 4672
f 4802 4801 4642
f 3698 3637 3638
f 4105 3725 3726
f 4848 4645 4896
f 4878 4877 4744
f 4610 4874 4748
f 4036 3403 4489
f 4355 4313 4314
f 4171 4141 4049
f 3875 3452 3216
f 4868 4865 4863
f 4623 4900 4691
f 3629 3626 4155
f 4654 4887 4898
f 4012 4015 4014
f 4902 4903 4866
f 4768 4769 4908
f 4370 4386 4385
f 4888 4860 4914
f 3546 3543 3917
f 4932 4926 4931
f 3625 3622 4151
f 3804 3669 3670
f 3816 4104 4103
f 4911 4898 4887
f 4928 4930 4927
f 4925 4929 4927
f 3655 3665 3666
f 4932 4919 4910
f 4937 4923 4912
f 4939 4938 4942
f 4228 4529 4530
f 4946 4945 4942
f 4938 4922 4923
f 4942 4938 4937
f 4951 4950 4930
f 4955 4951 4928
f 4748 4750 4615
f 4914 4860 4847
f 4824 4859 4584
f 4940 4939 4941
f 4916 4961 4960
f 4909 4907 4891
f 4971 4967 4968
f 4966 4970 4948
f 4962 4952 4953
f 4940 4935 4924
f 4831 4916 4917
f 4935 4936 4925
f 4275 4255 4261
f 4679 4758 4791
f 4016 4309 4373
f 4668 4764 4766
f 4539 4537 4727
f 4929 4925 4936
f 4775 4776 4801
f 4801 4776 4742
f 4732 4734 4611
f 4985 4984 4983
f 4534 4586 4562
f 4847 4644 4645
f 4788 4787 4619
f 4787 4788 4678
f 4657 4606 4605
f 4994 4996 4878
f 5006 5009 5008
f 5001 5003 4973
f 4814 4618 4619
f 5014 4989 4974
f 5003 5002 4972
f 5019 5006 5007
f 5024 5016 5017
f 5036 5037 5035
f 4990 5019 4975
f 5045 5033 5034
f 5048 5049 5034
f 5025 5017 5014
f 5046 5038 5043
f 5051 5052 5055
f 5044 5050 5060
f 5011 4981 5021
f 5013 5069 5068
f 5028 5073 5072
f 5077 5074 5064
f 5065 5080 5079
f 5083 5079 5080
f 5063 5067 5080
f 5054 5055 5071
f 4602 4603 4711
f 5058 5082 5083
f 4982 4983 4792
f 5041 5033 5045
f 3909 3911 3278
f 3471 3474 3473
f 5002 5003 4994
f 5060 5080 5067
f 4892 4861 4862
f 4891 4813 4884
f 4996 4994 5003
f 4997 5015 5005
f 4813 4617 4614
f 4618 4814 4827
f 5089 5090 5093
f 3303 3306 3305
f 5100 5103 5102
f 5107 5110 5109
f 5110 5115 5092
f 4610 4611 4734
f 5112 5103 5100
f 5088 5091 5090
f 5119 5118 5117
f 5092 5115 5096
f 3826 3830 3829
f 5108 5109 5102
f 5100 5130 5087
f 5118 5131 5133
f 3783 3689 3690
f 4444 4447 4446
f 5151 5153 5150
f 4790 4616 4617
f 4332 4182 4190
f 3266 3267 4451
f 3211 3947 3332
f 4741 4796 4760
f 4775 4778 4777
f 4764 4665 4691
f 4489 4171 4048
f 4466 4477 4511
f 4518 3936 3930
f 4786 4787 4791
f 4980 5005 4984
f 5144 5152 5150
f 5159 5146 5148
f 5121 5119 5120
f 5169 5164 5162
f 5016 4978 4979
f 5123 5180 5179
f 5181 5180 5140
f 5175 5185 5184
f 4575 4581 4586
f 4984 4985 4976
f 4596 4599 4598
f 5182 5181 5183
f 4785 4619 4787
f 5137 5124 5122
f 5167 5179 5180
f 4835 4683 4898
f 4687 4727 4726
f 4176 3836 4170
f 4760 4761 4655
f 4681 4680 4649
f 5121 5093 5132
f 5171 5191 5178
f 5174 5178 5191
f 5169 5193 5194
f 4909 5094 5095
f 5105 5104 5112
f 4767 5108 5126
f 5201 5202 5205
f 5219 5218 5217
f 5229 5214 5200
f 5234 5237 5236
f 4069 4072 4071
f 4724 4725 4717
f 5108 4767 4768
f 5103 5195 5126
f 5227 5218 5211
f 5015 4997 4884
f 4997 4998 4892
f 5197 5198 5215
f 5241 5199 5247
f 5013 4975 5019
f 5205 5239 5232
f 4969 4967 4971
f 5239 5205 5249
f 4808 5243 5225
f 5216 5247 5199
f 5253 5245 5242
f 5235 5236 5255
f 5135 5148 5157
f 5264 5260 5267
f 5245 5203 5215
f 5260 5261 5269
f 5264 5266 5274
f 5154 5153 5173
f 5287 5272 5278
f 5256 5301 5300
f 5173 5174 5176
f 4631 4630 4629
f 4781 4784 4783
f 5309 5307 5311
f 5155 5156 5144
f 4826 4828 4827
f 5291 5295 5308
f 5310 5311 5281
f 5311 5307 5308
f 4036 4033 4176
f 4641 4716 4704
f 5220 5224 4804
f 4770 5206 5207
f 5188 5185 5175
f 5180 5123 5129
f 4626 4700 5314
f 4731 4728 5315
f 5222 5213 5210
f 4728 4882 5316
f 5230 5219 5216
f 5297 5296 5240
f 5204 5233 5208
f 5318 4868 4864
f 5273 5272 5287
f 5221 5210 5219
f 4700 4902 5321
f 5313 5314 5328
f 5157 5149 5154
f 5275 5276 5263
f 5324 5322 5318
f 5323 5332 5331
f 5343 5334 5345
f 5306 5310 5286
f 5278 5281 5311
f 4882 4625 5320
f 5109 5110 5114
f 5123 5087 5130
f 5299 5283 5284
f 5240 5198 5199
f 5229 5231 5197
f 5305 5302 5292
f 5233 5228 5225
f 5192 5190 5194
f 5104 5105 4670
f 5146 5159 5160
f 5337 5340 5347
f 5347 5340 5341
f 5353 5346 5335
f 5349 5355 5354
f 5355 5358 5357
f 5358 5355 5360
f 5355 5349 5348
f 5342 5366 5365
f 5345 5346 5362
f 5332 5364 5367
f 5372 5371 5315
f 5370 5365 5366
f 5361 5356 5354
f 5364 5365 5368
f 5369 5344 5362
f 5316 5320 5330
f 5373 5359 5371
f 5341 5342 5364
f 5374 5358 5359
f 5329 5376 5375
f 5377 5380 5379
f 5377 5376 5331
f 5380 5377 5367
f 5363 5383 5370
f 5357 5358 5374
f 5381 5385 5361
f 4814 4815 4825
f 4825 4815 4816
f 4806 4746 4747
f 5119 5121 5131
f 4696 4697 4893
f 4696 5389 5390
f 5213 5222 5388
f 5393 5389 5388
f 5380 5382 5384
f 5213 5387 4893
f 4813 4891 4908
f 5390 5392 4693
f 5294 5289 5287
f 5184 5185 5186
f 5285 5275 5253
f 4769 4789 4790
f 5327 5371 5359
f 4598 4621 4690
f 4608 4606 4733
f 4627 4624 4609
f 4596 4604 4851
f 4900 4623 4706
f 4668 4795 5395
f 4863 4865 4639
f 5392 5393 4666
f 4872 4650 4651
f 4807 4791 4758
f 5348 5338 5325
f 5176 5191 5190
f 5046 5031 5022
f 4853 4852 4869
f 5346 5353 5363
f 4709 4880 4620
f 4672 4673 4904
f 4680 4811 4651
f 4841 4844 4688
f 4823 4817 4818
f 4729 4730 4602
f 4881 4729 4851
f 5360 5348 5326
f 4852 4900 4707
f 4890 4751 4669
f 5392 5390 5389
f 5189 5182 5186
f 4881 4604 4605
f 5343 5344 5369
f 4607 4624 4625
f 5056 5055 5052
f 4850 4797 4798
f 3260 5399 5398
f 4855 4736 4899
f 5339 5343 5366
f 4789 4905 4808
f 5400 4040 3948
f 3872 3424 4046
f 4018 3423 3424
f 4025 4523 4172
f 4011 4023 4024
f 4065 4068 3900
f 3413 4012 4013
f 5056 5068 5069
f 5055 5056 5070
f 4062 5398 5399
f 5269 5289 5294
f 4685 4866 4903
f 5254 5242 5240
f 4606 4657 4658
f 4729 4881 4882
f 4030 4041 4043
f 4664 4752 4753
f 3575 3483 3904
f 3413 3410 3922
f 4949 4968 4955
f 4947 4937 4913
f 4849 4850 4894
f 4143 3974 3975
f 4912 4923 4932
f 3774 3771 3995
f 3956 3954 3342
f 4871 4872 4758
f 4270 4273 4272
f 4039 4040 5400
f 3555 3969 5402
f 5403 5404 3906
f 3908 4126 3823
f 4124 4121 5408
f 3901 3902 4046
f 4120 4117 5410
f 4124 3962 4125
f 5420 3906 5404
f 5424 4059 5425
f 3400 5429 5428
f 5432 5433 5435
f 4941 4942 4945
f 4935 4940 4949
f 3895 3898 3897
f 5426 5408 4121
f 5430 3905 3906
f 4045 4041 5398
f 5395 4693 5392
f 4846 4903 4701
f 4880 4709 4710
f 4624 4607 4608
f 4656 4690 4662
f 5305 5307 5309
f 5220 5223 5222
f 4230 4223 4327
f 5030 5073 5028
f 5213 5212 5211
f 5440 3272 3269
f 4396 4397 3980
f 5447 5448 3244
f 3328 3330 5451
f 4208 4391 4248
f 4599 4620 4621
f 4528 4339 4391
f 4529 4228 4199
f 4526 4338 4339
f 4256 4235 5452
f 4532 5452 4241
f 3834 4400 5446
f 5443 5445 5444
f 4530 4247 4334
f 4754 4886 4904
f 4229 4228 4381
f 4205 4382 4383
f 4892 4998 4987
f 4039 4032 3976
f 4738 4780 4796
f 4833 4835 4897
f 4232 4527 4200
f 4194 4240 4241
f 4889 4794 4750
f 4194 4191 4365
f 4531 4383 4195
f 5043 5042 5062
f 4182 4332 4561
f 5446 5447 3241
f 5237 5239 5248
f 4206 4334 4382
f 5210 5211 5218
f 3426 3922 3417
f 4216 4191 4192
f 4219 4210 4184
f 4180 4561 4380
f 4327 4595 4591
f 4223 4230 4231
f 4215 4192 4360
f 4186 4568 4218
f 4190 4330 4209
f 4223 4220 4595
f 4326 4591 4328
f 4366 4389 4568
f 4570 4548 4549
f 4579 4573 4548
f 4563 5453 4533
f 4583 4595 4220
f 4586 4380 4561
f 4239 4196 4363
f 4572 4571 4567
f 4536 4539 4585
f 4538 5453 4566
f 4536 4533 5453
f 3573 3986 3983
f 5427 3963 3552
f 4553 4587 4588
f 4593 4554 4555
f 4368 4365 4183
f 4361 5452 4235
f 4233 4369 4527
f 4233 4230 4324
f 4212 4209 4330
f 4237 4324 4325
f 4193 4241 5452
f 4983 5015 4885
f 5002 4995 4986
f 5074 5077 5076
f 4698 4699 5391
f 5391 4699 5390
f 4871 4899 4650
f 4546 4857 4543
f 4553 4550 4901
f 4552 4588 4555
f 5223 4804 4805
f 5386 5382 5383
f 5317 5315 5371
f 3240 3237 4429
f 5384 5385 5381
f 3938 3217 3218
f 3942 3943 5455
f 5361 5385 5386
f 4542 4540 4541
f 3910 5430 5420
f 3939 3333 4060
f 3851 5350 5351
f 3838 5427 3556
f 4547 4858 4857
f 5442 5443 4050
f 3385 3874 5428
f 4257 4234 4235
f 5312 5212 4893
f 4212 4203 4204
f 3854 3849 5461
f 4226 4184 4210
f 4202 4177 4178
f 3316 3983 3897
f 5464 5465 4432
f 5465 5466 3883
f 4472 4469 4449
f 4501 4472 4450
f 4074 4075 4080
f 5473 5474 5401
f 4173 4172 5475
f 3432 3429 3520
f 3462 5505 5504
f 4075 4501 4494
f 5482 5481 3387
f 5468 5471 5470
f 3427 5421 5422
f 4498 4499 4487
f 5403 3824 5414
f 3382 5523 5522
f 3492 5512 5511
f 3429 3434 3517
f 3873 5522 5524
f 5480 5479 3350
f 3477 5508 5505
f 4507 4508 5544
f 4396 5550 5551
f 3374 5552 5553
f 3373 5553 5554
f 5479 4521 4063
f 3390 5554 5555
f 5531 5525 5566
f 3368 5568 5567
f 5556 5557 5560
f 3393 5555 5557
f 4433 3364 5463
f 5464 5463 5458
f 4435 4437 4439
f 4055 4393 3277
f 3273 3278 3911
f 3395 3357 3358
f 5486 3894 4071
f 5526 4455 4453
f 5525 5570 5569
f 5568 3526 3527
f 3527 3362 3847
f 3365 5461 3849
f 5462 3849 3850
f 4435 4436 5571
f 3378 3379 3943
f 5573 5578 5577
f 4438 5455 3943
f 5477 5574 5579
f 5582 5581 5580
f 5583 5580 5581
f 5586 5585 5588
f 4074 5472 5586
f 5583 5585 5474
f 4507 5589 5590
f 5573 5478 4522
f 3989 5595 5596
f 5594 3406 3407
f 4436 3381 5572
f 5591 3990 3991
f 4507 4475 4476
f 3990 5591 5587
f 5578 3409 3406
f 5595 3989 5584
f 5484 3394 3358
f 4441 4442 5467
f 5472 4074 4077
f 5522 5599 5570
f 5486 3358 3353
f 5481 4498 3386
f 3475 5506 5492
f 5476 4523 3899
f 5540 5541 5606
f 5542 5540 5603
f 5608 5543 5542
f 5608 5607 5545
f 5607 5603 5609
f 5599 5600 5548
f 5598 5592 5543
f 5595 5594 5593
f 5588 5584 3989
f 5626 3265 3266
f 5627 3266 4448
f 5469 4449 4469
f 4515 4517 5625
f 4503 4473 4474
f 4481 5626 5627
f 4500 5628 5469
f 3414 4468 5466
f 5594 5595 5581
f 3376 3377 4430
f 3444 3944 3941
f 5572 3944 3444
f 4273 4286 4287
f 4345 4356 4357
f 4386 4304 4305
f 4517 4462 4463
f 4352 4349 4319
f 4352 4250 4251
f 4268 4277 4390
f 4264 5629 4320
f 4346 4387 4282
f 4337 4335 4343
f 4289 4244 4245
f 4303 4378 4287
f 4343 4290 4291
f 4284 4333 4244
f 4375 4519 4291
f 4379 4319 4271
f 4337 4353 4348
f 4524 4525 4295
f 4364 4362 4197
f 4285 4282 4390
f 5206 5209 5208
f 4297 5629 4371
f 4346 4283 4286
f 4285 4300 4333
f 3571 3572 4395
f 5341 5340 5339
f 5346 5345 5334
f 5269 5261 5273
f 4510 4509 5609
f 4509 4474 5545
f 4445 4446 5611
f 5566 5569 5568
f 5349 5336 5338
f 5489 5490 3401
f 5565 5566 3368
f 5496 5497 5417
f 5523 3382 3383
f 5325 5338 5347
f 5523 5600 5599
f 5429 3400 3401
f 3887 5632 5631
f 5634 5613 5600
f 5276 5280 5279
f 5298 5297 5257
f 5087 5086 5085
f 3361 3526 5612
f 5041 5061 5066
f 5487 5488 3383
f 5101 5116 5130
f 5299 5298 5300
f 5333 5336 5335
f 5302 5305 5304
f 5234 5247 5216
f 5301 5256 5255
f 4868 5318 5322
f 5281 5278 5277
f 5323 5321 5322
f 5298 5284 5296
f 4885 4829 4750
f 5231 5230 5196
f 4625 4626 5313
f 5111 5113 5085
f 5600 5613 5549
f 5531 5564 5563
f 5165 5166 5182
f 5283 5280 5285
f 4269 4276 4277
f 5610 5609 5603
f 5127 5090 5091
f 4907 5095 5125
f 5277 5278 5272
f 5596 5593 5592
f 5212 5312 5226
f 5273 5261 5262
f 5302 5301 5258
f 5635 5646 5645
f 4250 4352 4379
f 4485 4136 3405
f 4354 4026 4023
f 4265 4262 4304
f 4388 4390 4282
f 4345 4342 4384
f 4362 4364 4297
f 4836 4765 4612
f 4360 4361 4236
f 4369 4233 4237
f 5647 5636 3986
f 5650 3965 3192
f 5337 5338 5336
f 4467 4478 4477
f 4253 4377 4340
f 4429 3416 5457
f 3997 4133 3915
f 5535 3856 3839
f 5538 5541 4460
f 3439 3376 5571
f 5570 5525 5526
f 3438 5571 5572
f 4440 4468 3879
f 3440 5665 4407
f 3886 5685 5695
f 5534 5529 5396
f 5685 3886 3471
f 4278 4198 4301
f 5628 4448 4449
f 3579 3537 3538
f 4480 5627 5628
f 4402 5499 5517
f 4279 4197 4198
f 3603 3534 3532
f 3580 3594 4088
f 4095 3530 3531
f 5248 5249 5251
f 3778 3819 3999
f 4617 4618 4613
f 4375 4275 4372
f 3411 3405 4136
f 5094 5106 5111
f 3602 3532 3535
f 4023 4011 4350
f 4349 4352 4336
f 3605 3535 3536
f 4469 4472 4471
f 4094 3531 3593
f 4248 4249 4245
f 3519 5521 5518
f 5254 5296 5284
f 4852 4853 4795
f 4265 4371 5629
f 5632 5499 5503
f 3604 3611 3612
f 5549 5501 5502
f 3653 3606 3607
f 4780 4738 4873
f 4988 4989 4979
f 4491 5625 5626
f 4837 4904 4995
f 4615 4612 4765
f 5468 4469 4470
f 3514 3470 3467
f 5491 5680 4409
f 4093 3618 3619
f 4364 4320 5629
f 3488 5510 5509
f 5606 5539 5611
f 4210 4219 4189
f 4600 4603 4602
f 5242 5215 5198
f 5073 5074 5075
f 5651 5657 3940
f 3996 3541 3775
f 5200 5203 5202
f 5525 5531 5527
f 3364 4433 4434
f 3775 3541 3542
f 3941 3833 5485
f 3731 3706 4105
f 4997 5000 4999
f 4508 5598 5608
f 4101 4099 3818
f 3728 4109 4103
f 4591 4593 4592
f 4539 4536 4538
f 4550 4553 4552
f 4541 4566 4567
f 4389 4579 4570
f 4582 4583 4580
f 4976 4979 4978
f 4705 4708 4707
f 4797 4850 4843
f 3713 3729 3730
f 4675 4647 4702
f 4977 4978 4981
f 4810 4818 4817
f 4786 4811 4812
f 4715 4631 4628
f 4978 5016 5021
f 5010 5009 5006
f 3722 3743 4162
f 4558 4557 4560
f 4568 4570 4569
f 4584 4578 4535
f 4641 4631 4715
f 5026 5014 5012
f 4776 4777 4745
f 4714 4628 4712
f 4982 4996 5001
f 4576 4577 4560
f 4564 4567 4566
f 5069 5013 5018
f 5057 5052 5048
f 4810 4812 4811
f 3710 4158 3786
f 4991 4992 4999
f 5011 5009 5010
f 5008 5020 5022
f 5066 5067 5063
f 5047 5037 5024
f 5050 5049 5051
f 5023 5021 5016
f 5045 5044 5059
f 5047 5025 5026
f 3711 3712 3724
f 5048 5035 5037
f 5042 5040 5063
f 5058 5053 5051
f 5036 5038 5046
f 3715 3699 3700
f 5235 5256 5257
f 3732 3729 3704
f 5030 5031 5062
f 5020 5021 5023
f 5263 5262 5261
f 5049 5050 5044
f 5236 5248 5250
f 5031 5030 5027
f 5043 5038 5039
f 5320 5313 5329
f 5049 5048 5052
f 5326 5319 5317
f 3264 3261 3288
f 5264 5265 5263
f 4998 4999 4992
f 5009 5011 5020
f 5036 5032 5039
f 5032 5035 5034
f 4355 4317 3949
f 4269 4266 4374
f 4253 4250 4378
f 4525 4524 4252
f 3960 4112 4111
f 4372 4275 4258
f 5681 5672 5673
f 4378 4379 4272
f 4270 4347 4346
f 3244 5448 5644
f 4899 4703 4648
f 3734 3732 3702
f 4138 3346 3343
f 4192 4193 4361
f 3813 4001 3812
f 3817 3695 3696
f 5668 5683 5682
f 5690 5691 5687
f 5499 5632 5700
f 3999 3819 3820
f 3745 3742 4102
f 5684 3471 3472
f 5702 3859 3860
f 5712 5713 5693
f 3249 3277 4393
f 5695 5683 5715
f 5694 5715 5716
f 5719 3972 5601
f 4918 4919 4950
f 4774 4742 4743
f 5505 4415 4411
f 3583 3584 3585
f 3710 3687 4157
f 5513 5725 4417
f 5704 3563 4146
f 4141 4045 4062
f 5669 5689 5688
f 3898 3895 5653
f 5718 3973 3972
f 5684 5687 5686
f 3917 4131 5717
f 3463 5666 5662
f 5492 5506 5680
f 4931 4930 4950
f 5665 3440 3441
f 3788 3717 3740
f 3501 3502 3529
f 3569 3570 3477
f 5516 5728 5727
f 3564 3567 3566
f 3892 5405 5406
f 3962 4124 5407
f 4126 3908 4123
f 4116 3296 3287
f 3892 3887 5630
f 3824 3432 5413
f 4408 4409 5680
f 3969 3966 3978
f 4408 4413 3449
f 4414 3448 3449
f 3962 3261 3262
f 4425 5724 5616
f 4418 5725 5727
f 5716 5597 5575
f 5719 5720 5717
f 5698 5498 5692
f 3880 5621 4166
f 5652 3212 5520
f 5621 5623 4167
f 5679 4409 4410
f 3210 3209 3355
f 5622 5534 5451
f 5416 5417 5497
f 5729 5732 5731
f 5733 5734 3761
f 5735 5738 5737
f 5750 5752 5751
f 5744 5745 5740
f 5744 3770 3753
f 5753 5754 5730
f 5757 5758 5736
f 5731 5752 5765
f 5774 5777 5776
f 5790 5793 5792
f 5796 5786 5787
f 5817 5814 5819
f 5828 5831 5830
f 3725 4105 3751
f 4874 4734 4873
f 4700 4701 4903
f 4740 4820 4876
f 3199 3202 3201
f 4100 4102 4099
f 3749 3767 4108
f 3695 3817 3712
f 3378 3381 3380
f 5504 4411 4412
f 4405 4402 5518
f 5838 5839 5835
f 4705 4632 4712
f 5832 5831 5828
f 5697 5677 5678
f 3791 4006 4005
f 5848 5791 5794
f 3714 3700 3701
f 3995 4148 4042
f 3329 3326 3224
f 4005 3708 3705
f 4551 4762 4763
f 5855 5798 5808
f 5851 5795 5792
f 5803 5801 5858
f 5844 5843 5840
f 5762 5759 5743
f 5808 5809 5806
f 4012 3413 3426
f 5558 3513 3467
f 4550 4763 4720
f 4950 4951 4953
f 3885 3886 5694
f 5705 5706 4081
f 5508 4417 4415
f 3745 3759 3760
f 5507 4412 5680
f 3592 3536 3588
f 3895 5434 5658
f 5613 5500 5501
f 3834 3830 4393
f 5527 4454 4455
f 5775 5806 5809
f 5766 5767 5813
f 5858 5811 5812
f 5855 5815 5811
f 5863 5820 5819
f 5826 5859 5863
f 5862 5866 5833
f 5870 5871 5837
f 5782 5783 5831
f 5868 5838 5836
f 5778 5779 5843
f 5866 5870 5845
f 5785 5864 5867
f 5790 5788 5789
f 5796 5797 5794
f 5821 5818 5819
f 5657 5651 5620
f 5793 5849 5852
f 5855 5858 5801
f 5853 5847 5786
f 5804 5805 5802
f 5827 5867 5864
f 5767 5768 5821
f 5854 5857 5776
f 5860 5817 5818
f 5782 5832 5825
f 5781 5778 5844
f 5810 5811 5815
f 5867 5827 5830
f 5809 5808 5798
f 5828 5829 5863
f 5865 5841 5838
f 5801 5803 5802
f 4086 5707 3795
f 5779 5780 5842
f 5827 5826 5829
f 5839 5872 5869
f 5814 5815 5855
f 5711 4132 3859
f 4958 4957 4917
f 5861 5818 5821
f 5863 5859 5812
f 5865 5868 5823
f 5873 5836 5837
f 5872 5839 5842
f 4089 3455 3563
f 3812 3787 3785
f 5770 5771 5787
f 5789 5786 5847
f 5793 5789 5846
f 4145 4147 4146
f 5848 5773 5790
f 3953 4008 4009
f 5748 5875 5874
f 4624 4627 4626
f 4665 4764 4752
f 4775 4780 4779
f 4746 4670 4671
f 4637 4600 4601
f 4828 4612 4613
f 4704 4763 4762
f 4843 4845 4727
f 4543 4717 4725
f 4731 4864 4863
f 4723 4594 4558
f 4842 4846 4840
f 4717 4543 4857
f 4865 4868 4867
f 5841 5865 5866
f 4725 4726 4540
f 4798 4799 4816
f 4632 4635 4634
f 4720 4716 4715
f 4642 4645 4644
f 3754 4007 5874
f 4860 4761 4644
f 4674 4723 4722
f 4808 4809 4676
f 4721 4722 4822
f 5876 5878 5877
f 4836 4838 4840
f 4658 4661 4660
f 4826 4799 4800
f 4877 4782 4743
f 4948 4970 4971
f 4875 4739 4876
f 4954 4933 4934
f 5773 5770 5788
f 5825 5832 5833
f 5834 5837 5836
f 5834 5844 5845
f 3359 3362 3361
f 5732 5729 3756
f 3394 3397 3396
f 3766 3769 5741
f 5774 5809 5799
f 5805 5776 5857
f 5813 5821 5820
f 3969 3555 3964
f 5667 5668 5674
f 5729 5747 3792
f 3770 5744 5741
f 4741 4740 4739
f 4689 4737 4660
f 5772 5797 5787
f 5735 5733 3758
f 5850 5772 5773
f 5617 5528 3965
f 5799 5800 5854
f 5875 5748 5764
f 5840 5843 5842
f 5861 5768 5769
f 5807 5804 5853
f 5869 5781 5834
f 3765 3768 5739
f 5882 5884 5761
f 5881 5879 5887
f 5895 5896 5898
f 5907 5905 5906
f 5909 5907 5908
f 4234 4257 4526
f 3912 3927 3389
f 5934 8731 8730
f 8730 8731 5930
f 4920 4923 4922
f 8845 8847 8853
f 4141 4171 3404
f 3733 3705 3706
f 8849 8847 8848
f 4234 4237 4236
f 8863 8858 5919
f 3733 4002 4004
f 5908 5906 8859
f 8865 8866 8871
f 8859 8858 8863
f 5927 5924 5925
f 5911 5903 5904
f 8878 8871 8866
f 5635 5638 5637
f 5745 5744 5746
f 3552 3555 3554
f 8857 8889 8890
f 5924 5927 8860
f 3553 3557 3556
f 5919 5920 8861
f 8869 8865 8870
f 8873 8871 8878
f 8856 8857 8875
f 8862 8861 5889
f 8846 8845 8844
f 8864 8863 8866
f 8729 8730 8883
f 8848 8846 8887
f 8878 8879 5888
f 8896 8854 8855
f 8853 8854 8896
f 8841 8842 5882
f 3489 3492 3491
f 8867 8859 8864
f 5910 5908 8867
f 5914 5910 8898
f 5916 5914 8899
f 5889 8861 8860
f 8876 8878 8893
f 5918 5916 8900
f 4424 5722 5726
f 8904 8903 8900
f 8909 8908 8904
f 8908 8907 8903
f 8869 8909 8905
f 3632 3668 3667
f 3687 3690 3689
f 3636 3682 3681
f 3664 3641 3639
f 4304 4307 4306
f 8909 8869 8891
f 3681 3696 3695
f 3758 3761 3760
f 3684 3701 3700
f 3721 3724 3723
f 3941 3944 3943
f 3738 3741 3740
f 3687 3710 3709
f 3238 3239 3938
f 4249 4303 4288
f 4499 4498 3344
f 4240 4194 4368
f 3453 3451 3951
f 4401 3971 3547
f 3950 3951 3451
f 3702 3704 3701
f 3725 3728 3727
f 3194 3207 3208
f 4034 4035 4461
f 3914 3348 3913
f 3483 3575 3533
f 3191 3958 3957
f 4292 3489 3970
f 3909 3910 3428
f 3959 3960 3866
f 4017 4308 4309
f 4316 4318 4008
f 4448 4451 4450
f 4414 4415 4417
f 3435 3430 3351
f 4413 4411 4415
f 3899 3902 3901
f 3780 3781 3648
f 3474 3471 3886
f 3958 3191 3192
f 3221 3223 3935
f 3905 3908 3907
f 3913 4488 4486
f 4420 4422 4421
f 3881 3884 3883
f 4004 3788 3790
f 4271 4319 4318
f 4259 4297 4296
f 3501 4003 4066
f 5897 5898 5900
f 5901 5902 5904
f 8854 8849 8856
f 3789 3785 3786
f 3651 3648 3781
f 5924 5899 5901
f 8870 8871 8873
f 8876 8877 8874
f 5912 5917 5918
f 3805 3918 3799
f 3369 3370 3395
f 3923 3926 3925
f 3916 3917 3512
f 3641 3664 3801
f 4276 4269 4323
f 4181 4229 4331
f 4428 4430 3377
f 3495 4425 4321
f 4436 4435 3380
f 4430 4428 4437
f 3945 3957 3958
f 4065 3901 4047
f 4495 4497 3408
f 8913 8912 8915
f 8911 8910 8917
f 8889 8922 8923
f 8919 8935 8931
f 8884 8914 8918
f 8922 8921 8931
f 5852 5907 5909
f 5866 5862 5915
f 8926 8918 8914
f 8914 8884 8883
f 8886 8919 8921
f 5846 5847 5894
f 5873 5902 5900
f 8893 5888 5764
f 8894 8893 5754
f 5890 8860 5927
f 5885 8896 5755
f 5871 5904 5902
f 5763 8936 5883
f 5880 5890 8936
f 4175 4176 4398
f 4274 4254 4255
f 8883 8730 5931
f 8868 8905 8898
f 3289 4059 3247
f 3858 3855 5485
f 8850 8848 8886
f 4116 4120 5409
f 3889 5406 4127
f 3678 3679 8938
f 8857 8850 8888
f 3979 3551 3294
f 4126 3352 3431
f 3651 4000 3679
f 3460 3858 5921
f 4084 3309 3310
f 8905 8904 8899
f 3561 3327 5397
f 3213 3965 5528
f 4191 4194 4193
f 5449 5450 5532
f 4142 3975 4031
f 4060 3947 5652
f 4480 4483 4482
f 5519 5520 3212
f 5657 5451 3330
f 4473 4476 4475
f 3514 3515 5668
f 5663 5670 5669
f 8881 5929 5926
f 5734 5733 5749
f 4788 4789 4677
f 3997 3996 3538
f 3551 3486 3310
f 3577 3578 3998
f 4893 4697 4676
f 4753 4751 4671
f 8729 8884 8885
f 3813 3703 9021
f 8938 4001 3813
f 8882 5931 5929
f 4098 5701 3820
f 3399 5405 5416
f 5494 5495 5503
f 5880 5877 5878
f 4986 4673 4861
f 4999 5000 5004
f 4985 5001 4988
f 5816 5769 5766
f 4372 4370 4384
f 5688 5691 5692
f 8903 8902 8901
f 8879 8862 5887
f 8902 8881 8880
f 5919 5893 5895
f 4519 4384 4342
f 8847 8849 8854
f 5925 5901 5903
f 4021 3899 4523
f 5678 5677 5676
f 4424 3843 4085
f 5701 3576 3577
f 5928 5925 5926
f 5000 5005 4980
f 9022 4147 3545
f 9024 9025 5409
f 4008 4011 4010
f 3931 3234 4516
f 3822 3806 3807
f 8851 8852 8844
f 5728 5516 5509
f 9025 9023 4115
f 5209 5200 5201
f 4820 4740 4653
f 3988 5596 5598
f 3370 3911 3357
f 5639 5642 5641
f 5592 4511 4477
f 3378 3944 5572
f 5625 4463 3265
f 5594 5582 5577
f 3302 5649 5645
f 3274 3277 3278
f 5207 5208 5233
f 5071 5070 5072
f 4815 4814 4785
f 4796 4802 4643
f 3243 3244 5643
f 5301 5302 5303
f 5431 3562 5655
f 5251 5249 5244
f 3353 3427 3523
f 4174 3404 3405
f 3546 4114 4113
f 4002 3789 3788
f 4196 4239 4238
f 3232 5646 5647
f 4373 4374 4266
f 4867 5322 5321
f 5648 4054 4058
f 4455 4070 3893
f 5593 3407 4511
f 5275 5265 5252
f 5252 5265 5274
f 4092 3619 3624
f 3723 3742 3743
f 4780 4775 4802
f 4059 3289 3560
f 4317 4355 4347
f 5188 5190 5192
f 5570 5599 5612
f 3385 5429 5633
f 3526 5568 5569
f 3576 5701 3608
f 3581 3542 3594
f 5239 5237 5238
f 5081 5079 5083
f 4369 4526 4528
f 4325 4326 4329
f 3569 3285 3286
f 9022 9026 4112
f 3661 3662 3801
f 5074 5073 5030
f 5064 5062 5063
f 3563 3497 3498
f 3961 5407 4119
f 4854 4853 4870
f 5018 5007 5028
f 5007 5008 5027
f 5040 5042 5039
f 3240 3375 3875
f 5070 5069 5029
f 3504 3481 3866
f 3537 3579 3591
f 5033 5041 5039
f 4710 4638 4635
f 5017 4979 4989
f 5024 5037 5046
f 4991 5006 5019
f 4587 4553 4574
f 4996 4982 4793
f 5066 5061 5059
f 5221 5230 5231
f 5068 5056 5057
f 3675 3676 3643
f 3663 3674 3675
f 4722 4558 4559
f 3579 3576 3590
f 3686 3676 3677
f 4422 4420 3499
f 5142 5141 5138
f 5078 5071 5075
f 3609 3589 3590
f 3288 3961 5411
f 5424 9024 5410
f 5152 5144 5156
f 3960 5704 5709
f 4946 4956 4957
f 3867 3903 5705
f 9026 9022 4113
f 5192 5193 5189
f 5161 5164 5194
f 3637 3698 3682
f 4392 5461 3847
f 3796 4114 4149
f 4104 3716 3727
f 3594 3595 3993
f 3796 3793 4134
f 3687 3688 4156
f 3760 3761 4164
f 4464 3344 3345
f 3485 3528 3868
f 3846 3845 5423
f 3409 4520 4496
f 3767 3768 3765
f 3711 3721 4159
f 3797 4132 4087
f 4072 4069 5562
f 4502 4076 5590
f 5408 5426 9027
f 5683 5695 5714
f 5702 3772 4110
f 5623 4042 4148
f 5428 3874 3525
f 3668 3803 3802
f 4000 4001 8938
f 4221 4222 4179
f 4267 4268 4388
f 3721 3722 4161
f 3903 5659 5706
f 3583 3580 4090
f 3894 5486 3524
f 4635 4638 4636
f 4173 5401 4009
f 4890 4666 5393
f 5290 5291 5293
f 5339 5340 5337
f 5458 5459 4438
f 3251 5419 5430
f 3252 5418 5419
f 3428 5420 5421
f 3571 5426 5418
f 4583 4582 4554
f 4239 4367 4224
f 3322 3898 5450
f 5309 5310 5306
f 4109 3728 3748
f 5707 3865 3794
f 5139 5184 5183
f 5271 5270 5290
f 5280 5283 5282
f 5110 5107 5125
f 5319 4864 4731
f 5334 5343 5339
f 5423 3522 3523
f 5376 5377 5378
f 4721 4681 4646
f 3719 4158 4159
f 4853 4854 4692
f 5373 5372 5330
f 4428 5457 5456
f 5376 5329 5328
f 3337 3367 4434
f 4692 4693 5395
f 5475 4172 4523
f 5478 3900 4068
f 5421 5404 4129
f 5374 5373 5375
f 5283 5299 5306
f 5246 5247 5234
f 5154 5149 5150
f 4458 5562 5561
f 5163 5159 5158
f 5381 5374 5378
f 3397 3394 5484
f 4457 5561 5563
f 5147 5143 5150
f 4474 4475 5544
f 5325 5318 5319
f 5223 5394 5388
f 5517 5700 3521
f 4499 5480 3347
f 5404 5403 4128
f 3476 5507 5506
f 4084 5516 5515
f 3900 5478 5477
f 5536 5564 5547
f 5491 5498 5493
f 5474 5472 4139
f 4063 4521 4522
f 4459 4460 5541
f 5548 5549 3360
f 5444 5445 5550
f 3888 3889 5415
f 5546 5547 3339
f 5536 5539 5538
f 3570 5513 5508
f 4471 4502 5589
f 4280 3848 3359
f 5499 4402 4403
f 5189 5193 5169
f 5543 4477 4478
f 4051 5551 5552
f 3461 5504 5507
f 4629 4630 4870
f 5106 5094 4909
f 5286 5281 5279
f 5462 5463 3364
f 3491 5511 5514
f 5224 5220 5231
f 4478 4459 5540
f 4099 4102 3742
f 4803 4806 4805
f 4130 5423 5422
f 4470 4471 4476
f 4924 4925 4921
f 4920 4921 4927
f 4993 4986 4987
f 4887 4888 4913
f 3894 3893 4070
f 5472 5474 5585
f 3508 4135 4134
f 3603 3600 4096
f 3772 3773 3992
f 5712 5664 5671
f 3739 3718 4162
f 5683 5668 3515
f 5480 4465 4495
f 5698 5699 5493
f 3578 3538 3996
f 3645 3646 4154
f 5660 3904 3466
f 4135 9026 5710
f 5587 5591 4073
f 5687 5689 5693
f 3584 3583 4091
f 5585 5583 5584
f 4128 5414 5415
f 4257 4254 4338
f 4222 4231 4178
f 4366 4365 4191
f 5098 5099 5091
f 5761 5757 5737
f 5760 5737 5738
f 8852 8842 5934
f 8874 8877 8855
f 8895 8897 8855
f 5884 5882 8842
f 4557 4554 4582
f 8890 8923 8917
f 8918 8926 8930
f 8924 8926 8915
f 4182 4181 4330
f 3864 5708 5711
f 3574 3317 3230
f 3342 3954 3415
f 3488 3486 3549
f 4317 4316 3953
f 3672 3659 4152
f 5708 3864 3865
f 9021 3703 3685
f 3621 3618 3616
f 5728 4422 4419
f 4311 4027 4028
f 4131 3917 3543
f 4426 3496 3842
f 4518 3956 4168
f 5457 5465 5464
f 5425 3560 3558
f 5458 4439 4437
f 3416 3414 5465
f 5638 9028 5437
f 3985 3986 5636
f 5646 5635 5636
f 9023 9025 3554
f 5722 5510 5514
f 3256 3933 3934
f 4164 3761 5734
f 8885 8918 8920
f 3282 3932 3929
f 3292 4394 3320
f 3232 3229 3300
f 3303 3236 3271
f 3562 5431 5432
f 3392 3387 3388
f 3854 5922 5350
f 5463 5462 5459
f 5935 3474 3885
f 3879 3415 3954
f 3928 3372 3391
f 4137 5559 4458
f 5454 5455 3850
f 3548 3490 3549
f 4443 4500 5470
f 4452 4505 4506
f 4468 3414 3415
f 4443 4440 3876
f 3234 3235 4515
f 5434 3895 3896
f 5448 5440 5441
f 5447 5446 5443
f 4442 5470 5471
f 5550 4056 3275
f 5578 5573 4520
f 3464 5667 5666
f 4701 4627 4839
f 3259 5398 4041
f 4015 4012 3423
f 3558 3323 3982
f 4856 4894 4823
f 4741 4652 4653
f 3759 3745 4106
f 3560 3289 3290
f 9024 5424 3557
f 5438 3279 3280
f 3321 3283 3290
f 5557 5483 4072
f 5553 3369 3396
f 4045 4141 4174
f 4539 4845 4849
f 3536 3480 3503
f 5478 5573 5574
f 3800 3797 3510
f 4755 4883 4886
f 5561 4454 5527
f 5752 5731 5732
f 5752 5750 5756
f 3518 5492 5493
f 3767 3762 4107
f 3534 3603 4097
f 4395 3572 3826
f 3926 4052 3371
f 4446 4510 5610
f 4050 5444 3980
f 8887 8846 8843
f 5649 5639 5640
f 4643 4644 4761
f 3709 3787 3784
f 4778 4659 4660
f 5649 3302 4054
f 5646 3232 3301
f 3250 3251 3910
f 5884 5886 5757
f 5655 5656 5936
f 4224 4227 4226
f 4043 4044 3412
f 4286 4289 4288
f 4267 4311 4310
f 4493 4079 4080
f 3325 5432 3226
f 3925 3371 3372
f 4312 4315 4314
f 3996 3997 3540
f 8908 8911 8912
f 4023 4026 4025
f 3995 3890 3891
f 5482 5556 5559
f 4486 3420 3921
f 4300 4285 4302
f 5438 5642 5644
f 3233 3932 3282
f 3225 3228 3227
f 5446 4400 5445
f 5554 3396 3397
f 4834 4833 4830
f 4064 3349 3350
f 3596 3599 3598
f 5639 5649 5648
f 5434 5431 5654
f 4895 4896 4830
f 3674 3677 3676
f 3551 3979 3978
f 3835 3836 3305
f 3813 3810 3702
f 3691 3711 4160
f 4109 4100 4101
f 4565 4187 4188
f 3490 3548 3547
f 3672 3646 3647
f 8906 8907 8912
f 3810 3812 3811
f 4051 4052 4397
f 3566 3599 4090
f 5580 5475 5476
f 4456 4457 5537
f 5539 5536 5546
f 8844 5934 8729
f 8872 8873 8874
f 4383 4301 4198
f 4931 4926 4927
f 5529 5530 5397
f 5314 5321 5323
f 5347 5332 5323
f 4711 4709 4599
f 5387 5388 5389
f 5259 5290 5292
f 5195 4806 4803
f 5195 5104 4746
f 4639 4865 4866
f 4821 4818 4681
f 3421 4037 5399
f 4730 4863 4601
f 4807 4651 4811
f 4040 4037 3421
f 4844 4841 4800
f 3936 3933 3929
f 4894 4798 4817
f 5365 5370 5383
f 4657 4656 4661
f 5224 5206 4770
f 5368 5383 5382
f 5336 5349 5352
f 5353 5356 5386
f 4070 4455 4454
f 5396 5397 3327
f 5225 5226 5312
f 5384 5382 5386
f 5391 4694 4695
f 4407 4410 4409
f 4623 4620 4880
f 5356 5353 5352
f 4578 4584 4859
f 3239 3875 3217
f 3937 3218 3333
f 4578 4575 4534
f 5467 5471 4505
f 4836 4828 4826
f 4422 5728 5721
f 3392 3393 5556
f 5564 5531 5565
f 3807 3808 3663
f 5922 3854 4392
f 3680 3695 3692
f 3630 3633 3632
f 4416 4417 5725
f 4033 3305 3836
f 3238 3220 4168
f 3466 3904 3483
f 3678 3677 3650
f 3677 3674 3649
f 3340 3337 4431
f 3562 3561 5656
f 5658 5654 5938
f 3642 3643 3640
f 3306 3303 3334
f 3256 3253 3280
f 8910 8891 8892
f 5868 5900 5898
f 8924 8923 8922
f 8935 8930 8925
f 8882 8906 8913
f 8925 8930 8926
f 5852 5849 5905
f 5136 5128 5124
f 4243 4363 4260
f 5238 5227 5228
f 5642 5639 5643
f 3924 3925 3928
f 5412 3521 5700
f 3750 3752 3751
f 3746 3752 3770
f 3859 3798 3861
f 3972 3973 3493
f 5923 8860 8861
f 4945 4946 4958
f 3296 3293 3286
f 3824 5403 3907
f 3671 3629 4154
f 4137 3343 5481
f 3614 3654 3802
f 3283 3284 3559
f 4936 4935 4934
f 5511 5723 5726
f 4170 4169 3926
f 3572 4393 3830
f 3459 3447 3858
f 3496 4426 4425
f 3457 3950 3436
f 3984 3983 3986
f 3914 3389 3386
f 5512 5724 5723
f 4500 4443 4483
f 4501 4502 4471
f 4503 4506 4505
f 4143 4144 4461
f 3331 3329 3222
f 4016 4015 4018
f 3998 3775 3776
f 4114 3796 5710
f 4405 5678 4406
f 5602 5604 5720
f 4767 4803 4804
f 4929 4933 4954
f 4410 4407 5665
f 3888 5700 5632
f 4048 4049 3977
f 3947 3211 3212
f 5676 5677 3472
f 5782 5785 5784
f 4315 4312 4311
f 5699 5518 5521
f 5864 5785 5825
f 5826 5827 5822
f 5775 5776 5805
f 3236 3233 3270
f 5823 5868 5859
f 4957 4848 4895
f 8868 8864 8865
f 4281 4392 3848
f 4940 4943 4971
f 4013 4014 4029
f 3685 3703 3701
f 4339 4340 4377
f 8891 8870 8872
f 3753 3750 3755
f 4427 4168 3220
f 3809 3806 3779
f 3568 4416 4418
f 3880 3987 3918
f 3543 3843 3842
f 4646 4649 4648
f 4656 4657 4597
f 4781 4876 4820
f 4972 4975 4974
f 5101 5102 5109
f 5095 5096 5115
f 5090 5127 5132
f 5131 5132 5134
f 5134 5132 5127
f 5117 5139 5140
f 3539 3862 3863
f 4006 3791 3792
f 5128 5091 5099
f 5097 5088 5089
f 5274 5266 5271
f 4571 4572 4569
f 4225 4531 4238
f 5156 5155 5170
f 4538 4541 4540
f 4622 4691 4665
f 4981 5011 5004
f 5012 4974 4975
f 5148 5147 5149
f 5157 5142 5133
f 5161 5155 5145
f 4261 4532 4242
f 5294 5295 5291
f 4255 4256 4532
f 5274 5259 5250
f 4246 4529 4207
f 3314 3924 3927
f 4670 4673 4672
f 4995 4904 4673
f 4638 4710 4603
f 4341 4295 4525
f 5163 5166 5165
f 4834 4783 4784
f 4784 4820 4682
f 4844 4843 4687
f 5280 5276 5275
f 4217 4572 4564
f 4554 4557 4556
f 4551 4552 4556
f 4549 4546 4544
f 5141 5142 5173
f 4653 4654 4683
f 4973 4974 4989
f 4984 5005 5015
f 5177 5172 5170
f 5166 5167 5181
f 5141 5184 5139
f 5178 5174 5151
f 5244 5202 5203
f 5252 5244 5245
f 4479 4031 4079
f 4402 4405 4404
f 3500 4418 4419
f 5856 5851 5909
f 4488 3913 3348
f 8851 8853 5885
f 3607 3608 5701
f 3508 3505 3503
f 5847 5858 5896
f 4374 4373 4309
f 3380 4439 4438
f 9025 9024 3553
f 5718 5717 4131
f 3300 3229 3283
f 5551 3275 3276
f 5552 3276 3369
f 5555 3397 5483
f 5859 5898 5896
f 4133 3793 3794
f 3606 3653 3652
f 4900 4852 4766
f 4616 4790 4789
f 3738 4165 4164
f 4774 4771 4642
f 4399 4485 3402
f 5853 5796 5795
f 3936 4518 4427
f 3418 3419 4064
f 5510 3488 3840
f 3270 3282 3279
f 3274 3275 4056
f 4359 4356 4305
f 4135 3508 3504
f 3610 3611 3609
f 3837 3556 3557
f 5940 3971 4401
f 5853 5804 5803
f 5725 5513 5515
f 3246 5410 4117
f 5713 5712 5672
f 4918 4961 4916
f 4148 3995 3771
f 5106 5105 5113
f 4147 9022 5709
f 5152 5172 5177
f 9026 4135 4111
f 5104 5195 5103
f 3531 3528 3485
f 3713 3716 3715
f 3699 3715 3815
f 4467 3345 4459
f 4703 4899 4736
f 5405 3399 3846
f 3555 3552 3963
f 4120 4116 5411
f 4217 4219 4185
f 3279 5438 5441
f 4944 4945 4959
f 4353 4337 4344
f 3815 3715 3716
f 3374 3371 4052
f 4491 4492 4516
f 5865 5824 5833
f 5819 5814 5856
f 5807 5851 5856
f 3933 3256 3281
f 3208 3205 3920
f 8907 8906 8902
f 5288 5308 5295
f 3728 3725 3747
f 3309 4084 4083
f 5119 5116 5101
f 3811 3785 3789
f 3595 3863 3992
f 4106 4102 4100
f 5696 5575 5576
f 3708 3755 3750
f 3744 3760 4165
f 5905 5891 5892
f 3403 4036 4175
f 4133 3997 3506
f 4147 4145 3544
f 3561 3562 3325
f 3237 3240 3239
f 4877 4878 4793
f 3241 3244 3243
f 3597 3624 3625
f 3279 3282 3281
f 3371 3374 3373
f 3599 3566 3567
f 3975 3976 4032
f 3277 3249 3250
f 3774 3564 3565
f 3658 3673 3780
f 4961 4962 4963
f 3600 3615 3616
f 4228 4229 4202
f 4011 4008 4318
f 4307 4304 4262
f 4838 4800 4841
f 4782 4783 4773
f 4914 4956 4946
f 4839 4609 4765
f 4771 4896 4645
f 4962 4965 4964
f 4966 4959 4963
f 3601 3612 3615
f 5878 5875 5879
f 5890 5880 5881
f 3720 3786 4158
f 4755 4756 4689
f 3740 3717 3718
f 5695 5685 5686
f 5740 5743 5742
f 5733 5735 5736
f 5755 5756 5750
f 5745 5763 5762
f 5798 5801 5800
f 4706 4880 4879
f 5651 5652 5619
f 5850 5794 5797
f 5804 5807 5806
f 4087 5708 5707
f 5915 5913 5914
f 5703 3860 4167
f 5893 5894 5896
f 5892 5893 5919
f 5706 5671 5664
f 5786 5789 5788
f 3973 4131 3841
f 4831 4832 4915
f 5906 5892 8858
f 4965 4967 4969
f 4684 4685 4846
f 3589 3609 3611
f 3596 3625 4150
f 5877 5880 5763
f 4121 4124 4123
f 3469 3465 3868
f 3204 3205 3208
f 3716 3713 3726
f 5460 9027 5426
f 3465 3469 3470
f 5738 5735 3764
f 4887 4654 4655
f 4203 4206 4205
f 3959 5705 4082
f 5758 5757 5886
f 5781 5869 5872
f 4675 4762 4723
f 3757 4164 5751
f 3334 3271 3272
f 8880 5926 5903
f 5615 5676 3473
f 5759 5761 5760
f 8845 8846 8848
f 5778 5781 5780
f 8857 8856 8849
f 4132 3797 3798
f 5839 5838 5841
f 560 1899 3187
f 5747 5874 4007
f 5928 5930 8840
f 5766 5769 5768
f 4848 4957 4956
f 4953 4968 4967
f 4832 4897 4910
f 5879 5764 5888
f 3598 3567 3530
f 5747 5729 5730
f 5754 5764 5748
f 5810 5813 5812
f 5758 5755 5749
f 4315 4388 4387
f 5917 5915 5916
f 5913 5909 5910
f 5930 8731 8841
f 4951 4955 4968
f 3209 3210 3201
f 4059 5424 3246
f 8731 5934 8842
f 3776 3582 3585
f 5770 5773 5772
f 5891 5894 5893
f 9028 5638 5641
f 5814 5817 5816
f 5662 5675 5673
f 3522 3525 3524
f 5630 5631 5942
f 5791 5792 5795
f 5746 3753 3754
f 5928 5929 5931
f 5743 5760 5739
f 5876 5874 5875
f 3678 8937 9021
f 4200 4208 4207
f 4114 3546 3916
f 3601 3602 3605
f 3818 3724 3712
f 3315 3318 3317
f 5899 5900 5902
f 8840 8841 5883
f 5562 4458 5559
f 4416 3568 3448
f 3189 3192 3191
f 4751 4890 4747
f 4181 4182 4180
f 3832 3942 5454
f 3362 3527 3526
f 5678 4405 5699
f 3497 3500 3499
f 448 1980 807
f 647 648 122
f 5690 3472 5677
f 4183 4186 4185
f 1833 1848 1780
f 5920 5895 5897
f 510 509 508
f 4401 3967 5944
f 5656 5397 5530
f 3970 3971 5940
f 5653 5658 5939
f 5450 5653 5946
f 3384 5633 5945
f 4403 4404 4299
f 5944 3967 3968
f 3963 5427 5951
f 5614 3473 3474
f 5427 3838 3857
f 3210 1949 1887
f 1887 15 3200
f 15 16 3197
f 16 3188 3195
f 3195 3188 3187
f 3194 3187 1899
f 3207 1899 375
f 387 173 126
f 3189 1791 1760
f 9029 763 757
f 763 9029 2172
f 9035 9034 9032
f 9033 9032 9031
f 9046 9049 9048
f 8751 9053 9054
f 9078 9076 9077
f 9083 9087 9051
f 9088 9089 9047
f 9099 9036 9040
f 9102 9034 9036
f 9105 9031 9032
f 9105 2176 9106
f 1801 1864 9108
f 9103 9032 9034
f 9096 9090 9047
f 1767 1768 9111
f 1597 9115 9113
f 1708 1707 9117
f 9123 9120 9119
f 9118 9119 9125
f 1588 1708 9116
f 2080 9123 9118
f 2082 9118 9124
f 9126 9129 9087
f 9129 9130 9088
f 5512 3492 5943
f 5634 3383 5488
f 5724 5512 5947
f 9134 9099 9097
f 9144 9103 9102
f 9133 9097 9096
f 786 9146 9144
f 9146 9105 9103
f 785 9144 9138
f 497 9138 9134
f 650 9134 9133
f 9148 564 9133
f 8756 9058 9057
f 9154 9151 9130
f 9151 9150 9131
f 9097 9040 9090
f 1799 9109 9111
f 5949 3968 3964
f 9160 9156 8809
f 8813 9162 9160
f 9166 463 564
f 9067 9058 9054
f 9162 9166 9148
f 9087 9088 9048
f 9081 9078 9079
f 9049 9052 9051
f 9082 9168 9167
f 9079 9077 9049
f 9169 9168 9175
f 9167 9115 9112
f 9168 9169 9177
f 9120 9117 9113
f 9120 9177 9169
f 9119 9169 9170
f 9179 9180 9125
f 9180 1576 9124
f 9178 9179 9170
f 1576 2101 2084
f 9179 9178 9183
f 3203 376 1387
f 3190 1387 1791
f 5618 2152 1949
f 317 240 259
f 2000 2176 9105
f 9053 9051 9052
f 9041 9040 9036
f 9029 758 756
f 9037 9036 9034
f 9130 9131 9089
f 3204 375 376
f 1801 9107 9109
f 9181 9187 9180
f 1575 9187 9190
f 9187 1575 1576
f 1776 1795 1796
f 1293 1294 1290
f 1326 14 1327
f 1294 1245 1234
f 878 1244 1330
f 5633 3401 5490
f 5933 3359 3360
f 5613 5634 5948
f 5604 5605 3844
f 3972 3494 5950
f 3494 3495 4322
f 4406 5676 5615
f 3492 3489 4292
f 5631 5503 5495
f 497 373 374
f 122 648 413
f 5624 5489 3398
f 9151 9154 9156
f 9058 8756 8752
f 9160 9162 9150
f 8815 9166 9162
f 9156 9126 8794
f 439 398 399
f 1512 1528 1526
f 1668 1741 1738
f 839 849 1362
f 1362 1357 826
f 3425 3417 3418
f 4905 5207 5243
f 4621 4622 4662
f 5582 5579 5574
f 4754 4757 4756
f 3902 3899 4021
f 9295 740 1896
f 2053 2054 2118
f 9340 9339 2120
f 696 697 9268
f 4922 4938 4939
f 4365 4366 4186
f 5105 5106 4862
f 5228 5227 5226
f 4781 4782 4877
f 5218 5227 5238
f 4990 4993 4992
f 4335 4337 4336
f 4993 4990 4972
f 4794 4793 4792
f 5886 5884 8852
f 5405 3892 5417
f 4669 4752 4764
f 4676 4697 4698
f 1826 1878 639
f 9192 9191 9181
f 5232 5228 5233
f 5418 4121 4122
f 956 885 886
f 5720 3844 3512
f 4728 4731 4730
f 8879 8866 8863
f 1980 806 1922
f 4969 4970 4966
f 33 34 105
f 9028 3253 3254
f 3837 3558 3839
f 4382 4300 4301
f 3908 3905 4122
f 4290 4295 4294
f 4400 3834 4055
f 3219 3222 3221
f 8894 8895 8877
f 4640 4736 4735
f 4389 4366 4216
f 3267 4479 4493
f 3268 3265 4463
f 5097 5111 5098
f 5094 5097 5096
f 5654 5655 5937
f 4089 5704 3960
f 5159 5163 5162
f 5202 5244 5249
f 5412 5415 5414
f 5715 3515 3516
f 5723 4426 4423
f 4263 4264 4323
f 3994 3529 3564
f 1343 1344 9308
f 3470 3514 5667
f 5659 5661 5671
f 3319 3828 4053
f 9359 2127 2128
f 1766 1581 1582
f 14 1326 2163
f 595 98 99
f 5703 3771 3772
f 5206 5224 5229
f 3437 3446 3458
f 5516 4084 3487
f 5122 5086 5087
f 3223 3297 3934
f 3979 9023 5402
f 3828 3319 3320
f 5663 3441 4081
f 4035 4489 4490
f 4426 5723 5724
f 3881 4452 4447
f 5407 5408 4118
f 5691 5688 5689
f 5661 5673 5672
f 5911 5918 8901
f 3902 4022 3871
f 5541 5538 5539
f 4069 4454 5561
f 3248 4394 3292
f 1346 1035 1044
f 748 1888 1425
f 3297 3228 3255
f 5445 4400 4056
f 5783 5784 5830
f 4310 4028 4376
f 5857 5854 5800
f 3882 5467 4452
f 3193 3208 3919
f 3190 3191 3206
f 4266 4269 4268
f 4488 3419 3420
f 3331 3939 3940
f 4282 4285 4284
f 4606 4608 4607
f 4628 4629 4708
f 4659 4732 4733
f 4615 4750 4829
f 4718 4714 4713
f 5722 4424 4421
f 3307 3462 3461
f 4686 4688 4634
f 3966 3548 3550
f 4738 4739 4875
f 3416 4429 3237
f 4527 4528 4208
f 5093 5121 5114
f 5124 5099 5086
f 5117 5118 5138
f 4631 4641 4640
f 5166 5163 5168
f 5185 5188 5187
f 5194 5190 5191
f 3245 4117 4118
f 5214 5215 5203
f 3230 3317 3318
f 5237 5234 5217
f 5250 5259 5258
f 5113 5112 5084
f 5270 5267 5269
f 4906 5125 5107
f 5271 5266 5267
f 5276 5277 5262
f 5153 5151 5174
f 5290 5270 5268
f 5306 5299 5303
f 5147 5148 5146
f 4585 4849 4856
f 3226 5435 5436
f 4473 4503 4504
f 5765 5756 8897
f 4529 4246 4247
f 8923 8924 8916
f 5713 5681 5682
f 3315 3897 3898
f 5564 5536 5537
f 4468 4440 4441
f 3738 3739 4163
f 4577 4859 4559
f 5567 3527 3366
f 3587 3584 4150
f 5471 5468 4504
f 5860 5769 5816
f 3516 3513 5558
f 5436 3985 5637
f 5050 5053 5083
f 5547 5565 3338
f 9023 3979 3295
f 5708 4087 4132
f 4104 3816 3814
f 3718 3719 4161
f 5498 5491 5679
f 3884 4431 4432
f 3955 4512 3877
f 4049 4062 4061
f 8892 8872 8875
f 4572 4217 4218
f 4440 4443 4442
f 4497 4511 3407
f 8906 8882 8881
f 5664 5712 5670
f 3751 4105 3706
f 3511 3735 3736
f 5129 5130 5116
f 5086 5099 5098
f 5135 5127 5128
f 5143 5146 5145
f 5168 5158 5136
f 5297 5241 5246
f 5164 5161 5160
f 5155 5161 5171
f 5137 5179 5167
f 5293 5308 5307
f 5513 3570 4083
f 4053 3828 3825
f 3228 3297 3298
f 3631 3632 3635
f 5689 5669 5670
f 5759 5762 5883
f 3793 4133 3507
f 4906 4908 4891
f 4719 4858 4901
f 3597 3598 4095
f 3352 4126 4125
f 9064 9057 9058
f 9076 9064 9067
f 9083 8766 8794
f 9131 9132 9096
f 9138 9102 9099
f 9154 9129 9126
f 9077 9067 9052
f 9053 8751 8766
f 9191 9190 9187
f 9082 9079 9046
f 9193 9175 9168
f 1284 1290 1288
f 9150 9148 9132
f 3841 3842 3496
f 3570 3569 3336
f 4027 4311 4312
f 4889 4876 4781
f 4041 4045 4044
f 4885 4884 4813
f 5419 4122 3905
f 4367 4368 4227
f 1778 1781 1780
f 1792 1759 1584
f 4308 4017 3869
f 4594 4723 4762
f 4767 4770 4769
f 5461 3365 3366
f 4763 4704 4716
f 4919 4918 4915
f 4300 4382 4334
f 5196 5199 5198
f 5158 5148 5135
f 5431 5434 5433
f 4545 4567 4571
f 4557 4558 4594
f 695 570 571
f 4156 4155 3626
f 4861 4673 4670
f 5681 5675 5674
f 5473 5475 5580
f 3622 3656 4152
f 5647 3573 3574
f 3674 3663 3808
f 4420 4145 3498
f 5675 5662 5666
f 3253 9028 5439
f 5870 5866 5917
f 8887 8920 8919
f 5862 5856 5913
f 3534 3593 3485
f 3313 4486 4484
f 9090 9193 9046
f 4871 4759 4695
f 3778 3777 3822
f 4889 4748 4874
f 4000 3783 3784
f 4897 4898 4911
f 3856 3857 3838
f 4772 4830 4896
f 4015 4016 4376
f 3433 3461 3476
f 4053 4054 3302
f 3367 5567 3363
f 3242 3829 3831
f 3441 3442 4082
f 4735 4736 4855
f 4756 4757 4737
f 3382 3385 3384
f 3698 3699 3697
f 4676 4679 4678
f 4948 4943 4941
f 4890 5394 4805
f 4757 4744 4745
f 4581 4221 4380
f 5716 3516 5932
f 4923 4920 4926
f 5077 5079 5081
f 5078 5082 5058
f 4009 5401 5400
f 5081 5082 5078
f 3930 3931 4513
f 4014 4376 4028
f 4025 4026 4020
f 3618 4093 4096
f 4581 4575 4576
f 4219 4217 4188
f 5440 5442 3335
f 5449 3982 3323
f 4229 4181 4177
f 4590 4213 4214
f 4227 4183 4184
f 4574 4901 4858
f 4565 4566 5453
f 4592 4555 4588
f 4590 4587 4573
f 3517 3518 5521
f 3845 5428 3522
f 4444 3340 3884
f 3982 5449 5533
f 4465 4466 4497
f 4520 4522 4521
f 4076 4073 5591
f 3635 3667 3666
f 3343 3344 4498
f 4022 4019 3870
f 3661 3607 4098
f 5691 5690 5697
f 3768 3766 5742
f 4514 3955 3956
f 3697 3815 3814
f 4394 3248 5460
f 4054 4053 4057
f 3284 3318 3323
f 4052 3926 4169
f 4447 4506 4510
f 4456 4460 3346
f 4483 3876 3877
f 4482 3877 4512
f 4492 4512 4513
f 5642 5438 5439
f 5448 5447 5442
f 5466 4441 3882
f 3340 4444 4445
f 8908 8909 8910
f 4397 4169 3835
f 5413 3520 3521
f 3234 3931 3932
f 5753 5765 8895
f 8896 8897 5756
f 8921 8922 8889
f 8915 8912 8911
f 3933 3936 3935
f 3620 3804 3657
f 3966 3969 3968
f 4905 4789 4769
f 3225 5436 5437
f 5433 3896 3984
f 5714 5686 5693
f 5435 3984 3985
f 3954 3956 3955
f 4713 4712 4632
f 4879 4635 4632
f 3983 3984 3896
f 9027 5460 3248
f 5871 5870 5912
f 5849 5846 5891
f 4702 4703 4640
f 4213 4590 4579
f 3644 3645 3688
f 9193 9090 9040
f 8920 8930 8935
f 5406 3846 4130
f 4140 5400 5401
f 5659 3903 3904
f 4772 4773 4783
f 4244 4247 4246
f 4061 5399 4037
f 3669 3804 3803
f 3459 3460 3209
f 4072 5483 5484
f 4835 4833 4834
f 5660 5662 5661
f 4262 4265 4264
f 3633 3630 3627
f 3685 3643 3676
f 4517 4515 3235
f 4145 4420 4085
f 5455 4438 5459
f 5638 5635 5640
f 3228 3225 3254
f 4044 4174 3411
f 3614 3615 3612
f 3273 3276 3275
f 4952 4962 4961
f 4959 4958 4960
f 4888 4655 4761
f 4254 4257 4256
f 4199 4202 4201
f 4499 4464 4465
f 5479 4495 4496
f 5952 5953 5954
f 5956 5957 5958
f 5959 5958 5960
f 5962 5963 5964
f 5966 5967 5968
f 5967 5970 5971
f 5963 5962 5961
f 5972 5965 5964
f 5974 5975 5976
f 5978 5979 5980
f 5982 5983 5984
f 5986 5987 5985
f 5988 5989 5990
f 5992 5993 5994
f 5996 5997 5998
f 6000 6001 6002
f 6004 6005 6006
f 6008 6009 6010
f 6012 6013 6014
f 6016 6017 6018
f 6020 6021 6022
f 6024 6025 6026
f 6028 6029 6030
f 6032 6033 6034
f 6036 6037 6038
f 6040 6041 6013
f 6042 6043 6044
f 5992 6046 6047
f 6048 6049 6050
f 6052 6053 6054
f 6056 6057 6058
f 6060 6061 5987
f 6062 6063 6064
f 6066 6067 6068
f 6070 6071 6027
f 6072 6073 6057
f 6075 6076 6077
f 6078 6079 6080
f 6082 6083 6054
f 6085 6078 6081
f 6087 6061 5990
f 6061 6087 6089
f 6089 6090 6091
f 6092 6091 6093
f 6095 5978 5981
f 6062 6082 6084
f 6097 6098 6035
f 6056 6049 6099
f 6100 6101 6102
f 6001 6000 6104
f 6107 6108 6109
f 6110 6111 6112
f 6114 6026 6025
f 6116 6117 6118
f 6120 6121 6122
f 6124 6125 6126
f 6128 6129 6101
f 6039 6130 6131
f 6132 6133 6134
f 6136 6137 6138
f 6139 6140 6141
f 6143 6144 6145
f 6148 6149 6150
f 6152 6153 6154
f 6155 6156 6157
f 6159 6160 6161
f 6163 6164 6165
f 6167 6168 6169
f 6171 6172 6173
f 6175 6176 6104
f 6178 6179 6180
f 6023 6182 6183
f 6184 6185 6186
f 6117 6116 6188
f 6190 6191 6192
f 6194 6070 6026
f 6195 6196 6191
f 6197 6198 6199
f 6201 6202 6203
f 6205 6206 6207
f 6209 6210 6201
f 6197 6200 6211
f 6212 6211 6213
f 5979 6215 6214
f 6203 6216 6217
f 6206 6199 6198
f 6218 5961 5962
f 5965 6220 6219
f 5972 3355 3354
f 6070 6194 6222
f 6224 6225 6226
f 6228 6229 6230
f 6232 6233 6234
f 6196 6195 6236
f 6071 6070 6223
f 6239 6240 6241
f 6243 6244 6245
f 6247 6073 6248
f 6250 6251 6252
f 6254 6255 6256
f 6258 6259 6260
f 6229 6262 6263
f 6264 6265 6242
f 6266 6267 6268
f 6270 6271 6272
f 6274 6275 6276
f 6195 6278 6279
f 6280 6278 6281
f 6283 6284 6285
f 6123 6122 6287
f 6289 6290 6291
f 6293 6294 6243
f 6240 6296 6297
f 6298 6299 6267
f 6300 6301 6302
f 6304 6305 6306
f 6251 6250 6308
f 6247 6310 6311
f 6313 6314 6315
f 6314 6313 6317
f 6319 6086 6320
f 6322 6087 6088
f 6216 6324 6258
f 6325 6326 6327
f 6217 6258 6261
f 6330 6071 6238
f 6071 6330 6048
f 6015 6332 6333
f 6079 6334 6335
f 6336 6294 6240
f 6294 6293 6296
f 6337 6338 6339
f 6341 6342 6343
f 6345 6346 6347
f 6266 6264 6349
f 6350 6351 6352
f 6295 6243 6246
f 6303 6355 6356
f 6357 6358 6359
f 6361 6362 6363
f 6365 6350 6353
f 6367 6368 6369
f 6371 6367 6370
f 6372 6373 6374
f 6375 6374 6373
f 6376 6377 6378
f 6379 6380 6381
f 6383 6384 6385
f 6387 6388 6389
f 6391 6392 6393
f 6395 6396 6397
f 6398 6399 6400
f 6399 6401 6402
f 6403 6402 6401
f 6405 6406 6407
f 6409 6410 6411
f 6367 6371 6413
f 6374 6375 6415
f 6417 6418 6384
f 6419 6420 6348
f 6421 6422 6423
f 6425 6426 6400
f 6426 6427 6395
f 6393 6396 6428
f 6429 6430 6394
f 6390 6389 6431
f 6433 6434 6408
f 6435 6436 6437
f 6439 6440 6411
f 6392 6391 6441
f 6397 6392 6442
f 6401 6399 6444
f 6446 6447 6437
f 6448 6449 6450
f 6452 6453 6454
f 6442 6441 6456
f 6443 6442 6457
f 6444 6459 6460
f 6445 6444 6461
f 6463 6464 6462
f 6446 6445 6462
f 6466 6467 6468
f 6448 6451 6470
f 6453 6452 6472
f 6474 6475 6476
f 6478 6479 6480
f 6482 6483 6484
f 6486 6487 6488
f 6490 6491 6492
f 6493 6492 6494
f 6496 6497 6498
f 6500 6501 6502
f 6504 6505 6506
f 6508 6468 6509
f 6511 6512 6513
f 6499 6514 6515
f 6516 6517 6518
f 6520 6521 6522
f 6524 6507 6525
f 6507 6524 6527
f 6504 6527 6528
f 6528 6511 6508
f 6529 6530 6531
f 6342 6533 6534
f 6535 6347 6346
f 6347 6535 6537
f 6434 6538 6539
f 6539 6540 6405
f 6541 6542 6451
f 6543 6544 6470
f 6546 6478 6481
f 6499 6498 6548
f 6549 6550 6514
f 6551 6552 6553
f 6555 6556 6557
f 6403 6436 6423
f 6426 6425 6413
f 6415 6560 6428
f 6430 6429 6561
f 6434 6433 6420
f 6563 6564 6565
f 6404 6401 6445
f 6459 6444 6399
f 6455 6454 6388
f 6405 6450 6449
f 6540 6541 6450
f 6567 6495 6568
f 6570 6464 6463
f 6475 6474 6490
f 6458 6457 6571
f 6573 6571 6574
f 6576 6577 6578
f 6193 6192 6580
f 6582 6583 6584
f 6583 6582 6586
f 6588 6589 6587
f 6590 6069 6068
f 6592 6593 6594
f 6251 6310 6595
f 6304 6596 6597
f 6272 3735 6599
f 3737 3736 6558
f 6600 6161 6160
f 6123 6602 6603
f 6604 6605 6606
f 6608 6205 6208
f 5972 6221 6220
f 6610 6611 6612
f 6613 6614 6615
f 6242 6617 6618
f 6226 6619 6245
f 6620 6621 6622
f 6624 6143 6146
f 6626 6213 6211
f 6627 6628 6629
f 6631 6632 6633
f 6235 6635 6636
f 6637 6638 6639
f 6641 6625 6286
f 6643 6644 6645
f 6647 6648 6649
f 6244 6243 6294
f 6336 6651 6652
f 6194 6196 6237
f 6196 6194 6114
f 6115 6192 6191
f 6653 6654 6655
f 6657 6117 6189
f 6117 6657 6659
f 6130 6157 6156
f 6133 6152 6151
f 6661 6111 6662
f 6663 6613 6616
f 6664 6270 6273
f 6418 6417 6432
f 6290 6325 6328
f 6666 6557 6556
f 6557 6666 3805
f 5971 6667 6668
f 6181 6669 6670
f 6671 6672 6673
f 6676 6673 6672
f 6675 6150 6149
f 6067 6066 5999
f 6677 6678 6679
f 6681 6682 6683
f 6087 6322 6090
f 5983 5982 6685
f 5982 6094 6687
f 6094 6093 6688
f 6211 6200 6137
f 6689 6690 6691
f 6690 6689 3833
f 6001 5983 6686
f 5978 6693 6215
f 6694 6693 5978
f 5974 6694 6095
f 6183 6182 6696
f 6698 5959 5961
f 5959 6698 6699
f 6697 6696 6700
f 6702 6629 6703
f 5968 6668 6705
f 6706 5977 5955
f 6707 6618 6617
f 6024 6051 6709
f 6402 6403 6559
f 3852 6711 6712
f 3856 6594 6593
f 5977 6706 6694
f 6713 5955 5977
f 6714 6715 6716
f 6718 6719 6308
f 6720 6255 6254
f 6722 6723 6724
f 6312 6311 6726
f 6069 6590 6728
f 6319 6594 6730
f 6731 6645 6644
f 6732 6733 6734
f 6046 6053 6320
f 3880 3805 6666
f 6736 6737 6738
f 6531 6740 6741
f 6300 6356 6614
f 6742 6532 6325
f 6743 6742 3891
f 6744 6302 6301
f 6746 6747 6534
f 6536 6576 6579
f 6535 6579 6563
f 6566 6538 6537
f 6538 6566 6409
f 6412 6540 6539
f 6412 6748 6541
f 6748 6749 6542
f 6749 6569 6545
f 6568 6750 6547
f 6751 6752 6548
f 6753 6754 6550
f 6755 6756 6757
f 6759 6760 6761
f 6763 6764 6765
f 6764 6620 6623
f 6766 6767 6768
f 6770 6771 6772
f 6774 6775 6776
f 6021 6774 6777
f 6723 6778 6779
f 6780 6781 6782
f 6784 6785 6786
f 6788 6789 6790
f 6185 6792 6793
f 6794 6722 6725
f 6729 6796 6098
f 6135 6797 6798
f 6799 6062 6065
f 6037 6801 6802
f 6005 6004 6588
f 6005 6803 6804
f 6052 6055 6010
f 6586 6582 6803
f 6092 5985 5987
f 6094 5982 5985
f 6096 6806 6695
f 6082 6062 6799
f 6657 6013 6041
f 6013 6657 6658
f 6795 6725 6807
f 6809 6810 6811
f 6813 6814 6815
f 6817 6818 6819
f 6821 6822 6823
f 6329 6209 6204
f 6202 6825 6826
f 6072 6099 6827
f 6598 6829 6305
f 6301 6300 6613
f 6830 6831 6271
f 6822 6779 6778
f 6326 6741 6832
f 6203 6826 6833
f 6027 6048 6051
f 6360 6834 6835
f 6836 6837 6838
f 6837 6840 6841
f 6362 6365 6366
f 6380 6385 6384
f 6421 6564 6578
f 6566 6565 6410
f 6394 6389 6388
f 6414 6422 6368
f 6371 6374 6416
f 6561 6560 6378
f 6382 6381 6562
f 6381 6384 6418
f 6389 6394 6430
f 6391 6388 6454
f 6441 6454 6453
f 6456 6453 6473
f 6495 6494 6750
f 6843 6575 6485
f 6844 6845 6843
f 6573 6845 6847
f 6849 6491 6487
f 6513 6753 6752
f 6517 6521 6850
f 6521 6520 6851
f 6844 6851 6852
f 6505 6504 6510
f 6753 6513 6512
f 6516 6522 6521
f 6614 6740 6854
f 6742 6262 4003
f 6708 6617 6855
f 6307 6306 6857
f 6307 6664 6665
f 6414 6413 6425
f 6416 6415 6427
f 6562 6418 6431
f 6419 6537 6538
f 6358 6836 6839
f 6059 6058 6859
f 6861 6862 6863
f 6865 6866 6867
f 6115 6025 6869
f 6871 6872 6873
f 6721 6254 6596
f 6876 6610 6556
f 6877 6663 6552
f 6551 6878 6268
f 6879 6855 6265
f 6239 6618 6651
f 6230 6263 6619
f 6171 6670 6669
f 6106 6109 6882
f 6883 6884 6822
f 6759 6184 6187
f 6725 6724 6785
f 6885 6795 6808
f 6886 6887 6888
f 6701 6700 6756
f 6884 6786 6779
f 6715 6714 6309
f 6889 6259 6890
f 6743 3890 4042
f 6270 6664 6893
f 6386 6894 6895
f 6895 6348 6420
f 6897 6432 6417
f 6897 6433 6407
f 6390 6898 6899
f 6900 6899 6406
f 6455 6900 6901
f 6902 6903 6904
f 6482 6903 6905
f 6501 6906 6907
f 6496 6515 6908
f 6532 6531 6326
f 6532 6742 6743
f 6612 6910 6735
f 6611 6911 6910
f 6626 5980 5979
f 6704 6912 6105
f 6913 6590 6591
f 6915 6794 6795
f 6229 6228 4067
f 6263 6290 6289
f 6745 6301 6663
f 6916 6771 6757
f 6885 6918 6165
f 6920 6780 6783
f 6921 6922 6923
f 6925 6921 6924
f 6927 6928 6929
f 6931 6932 6933
f 6935 6936 6937
f 6939 6940 6941
f 6943 6944 6945
f 6947 6948 6949
f 6944 6943 6951
f 6953 6954 6955
f 6957 6958 6959
f 6961 6962 6929
f 6964 6965 6966
f 6968 6969 6970
f 6969 6948 6955
f 6972 6943 6946
f 6974 6975 6976
f 6978 6979 6980
f 6940 6939 6982
f 6984 6985 6986
f 6988 6989 6990
f 6992 6990 6989
f 6994 6995 6996
f 6998 6999 7000
f 7002 7003 7004
f 7006 7007 7008
f 7010 7011 7012
f 7014 7015 7016
f 7018 7019 6999
f 7020 7021 7022
f 7024 7025 7026
f 7028 7029 7030
f 7032 7033 7034
f 7003 7002 7036
f 7038 7039 7040
f 6993 6989 7030
f 7042 7043 7044
f 7046 7047 7007
f 7011 7010 7048
f 7050 7051 7052
f 7054 7015 7014
f 7015 7054 7056
f 6621 6620 7045
f 7049 7048 6775
f 7051 7050 6021
f 7055 6697 6701
f 7054 6701 6755
f 6764 6763 7047
f 7020 7058 7059
f 7060 7061 7062
f 6958 7064 7065
f 6925 7066 7067
f 7068 6931 6934
f 7069 6988 6991
f 7071 6995 7072
f 7074 7075 7076
f 7078 7079 7080
f 7014 7017 7082
f 7084 7085 7086
f 7025 7028 7031
f 7085 7084 7072
f 7089 7084 7087
f 7055 7014 7083
f 7090 7087 6770
f 7092 7093 7094
f 7091 6183 6697
f 6770 7087 7086
f 7095 7094 6767
f 7096 7061 6980
f 7098 6941 6940
f 7058 7020 7023
f 7101 6927 6930
f 6974 7060 7063
f 7103 6968 6971
f 7105 6978 6981
f 7106 7107 7036
f 7109 7048 7010
f 7111 7019 7018
f 7098 7003 7037
f 7048 7109 7112
f 7113 6993 7041
f 6994 7114 7115
f 6965 7116 6923
f 6975 6922 6945
f 7061 7096 7065
f 6954 6953 6933
f 6763 7112 7109
f 7046 7045 6620
f 6947 7117 7067
f 6758 7086 7056
f 7118 7119 7039
f 7038 7069 7070
f 7106 7120 7121
f 7123 7124 7053
f 7123 7052 7083
f 7045 7046 7006
f 7107 7106 7122
f 7091 7083 7052
f 7091 7051 6020
f 6936 7096 7097
f 7125 6957 6960
f 6774 6021 7050
f 7119 6939 6942
f 7019 7002 7005
f 7011 7053 7124
f 7021 7126 7040
f 7114 7029 7016
f 7053 7011 7049
f 7086 7085 7057
f 6993 7113 7127
f 7075 7127 7113
f 4281 4280 6603
f 6012 6333 7129
f 7130 6083 6584
f 6797 7132 7133
f 6074 7134 7135
f 6789 6760 6173
f 6760 6789 6776
f 7136 6802 6801
f 6914 6671 6674
f 7007 7110 7059
f 7099 7004 7003
f 6984 7103 7104
f 7110 7007 7047
f 6333 6583 6587
f 5956 6699 6667
f 5957 5956 5971
f 7137 6715 6308
f 4292 4293 6718
f 6693 6705 6668
f 6215 6668 6667
f 6214 6667 6699
f 6698 6197 6212
f 6219 6207 6198
f 6207 6219 6220
f 6220 6221 6609
f 6262 6229 4066
f 7138 7139 7140
f 4298 7142 7140
f 7143 7144 7145
f 7147 7148 7144
f 7149 7150 7151
f 7150 7152 7153
f 6329 6261 7154
f 6261 6260 7155
f 7156 6829 7157
f 6598 6597 7159
f 6257 6256 7161
f 6256 4322 4321
f 6693 6694 6706
f 5954 5969 6705
f 5953 5966 5969
f 7163 5984 5983
f 7164 7165 6138
f 7167 7168 7169
f 6141 7171 7172
f 7166 7171 7173
f 6141 6140 7174
f 7176 7177 7178
f 7180 7181 7182
f 7184 7185 7186
f 6631 7180 7183
f 6218 6198 6197
f 6625 6641 7189
f 6814 6813 7190
f 6882 7192 7193
f 7195 7196 6109
f 6888 7197 7198
f 7200 7201 7202
f 7176 6627 6630
f 6029 7184 7187
f 7205 7206 7207
f 7209 7210 7211
f 7203 7202 7213
f 6886 7215 6778
f 6031 6030 7215
f 7216 7217 7218
f 7220 7221 6880
f 6076 6075 7220
f 6074 6077 6672
f 6147 6150 6662
f 7223 6662 6111
f 6810 6809 6113
f 6920 7134 6914
f 6077 6660 6675
f 6660 6077 6076
f 7222 7220 6669
f 7224 7222 6181
f 6660 6662 6150
f 7225 7226 6794
f 6783 6782 7225
f 6781 6780 6068
f 7217 7227 7228
f 6031 6888 7199
f 6887 6886 6723
f 6164 7225 6915
f 6780 6920 6591
f 7134 6074 6671
f 7229 7230 6824
f 7187 7186 7230
f 7226 6887 6722
f 7231 7232 6169
f 7201 7231 7233
f 6107 7234 7235
f 7215 7229 6823
f 6030 7187 7229
f 7236 7216 7219
f 7237 7238 6820
f 7237 7208 7207
f 7239 7240 7241
f 6739 7243 7244
f 7245 7239 7242
f 7233 6169 6168
f 7247 7213 7202
f 7195 6108 7203
f 7248 7249 7250
f 7227 7251 7252
f 7253 6067 5998
f 6067 7253 7198
f 6781 7198 7197
f 5984 7163 6683
f 7254 7250 6678
f 6679 7249 7252
f 6887 7226 7197
f 6782 7197 7226
f 7135 6919 6163
f 7221 7220 6075
f 6661 6076 7222
f 7224 6112 6111
f 6180 6810 6112
f 6179 6811 6810
f 6811 6179 6793
f 6650 6792 6622
f 6766 6621 7044
f 7095 7044 7043
f 7092 7043 7121
f 7078 7120 7255
f 7256 7232 7257
f 6768 6772 7259
f 6773 6767 7094
f 7090 7094 7093
f 7089 7093 7080
f 7071 7079 7032
f 7077 7018 6998
f 6995 7071 7260
f 7077 7076 7261
f 7035 7034 7018
f 7108 7019 7111
f 6978 7105 7262
f 7105 7263 7264
f 7263 6944 6952
f 6990 6992 6951
f 6972 7117 7266
f 7117 6947 6950
f 6948 6969 7267
f 6969 6968 6982
f 7103 6984 6987
f 7005 7004 6986
f 6999 7005 7268
f 7269 7270 7271
f 7274 7272 7275
f 7274 7273 7276
f 7278 7279 7280
f 7282 7283 7284
f 7286 7287 7288
f 7290 7291 7292
f 7294 7295 7296
f 7068 7297 7298
f 7300 7301 7302
f 7304 6962 7305
f 7307 7285 7305
f 7309 7284 7283
f 7311 7312 7313
f 7125 7304 7306
f 7285 7307 7280
f 7277 7281 7303
f 6965 6964 7316
f 7318 7312 7316
f 7320 7321 7271
f 7312 7318 7296
f 7270 7269 7298
f 7311 7270 7322
f 6961 6932 7300
f 7323 7324 7325
f 7327 7064 7328
f 7064 6958 7325
f 7287 7330 7292
f 6931 7068 7299
f 7331 7327 7329
f 7332 7333 7334
f 7336 7337 7338
f 7340 7341 7333
f 7342 7341 7343
f 7345 7346 7347
f 7348 7349 7350
f 7352 7353 7354
f 7356 7357 7358
f 7360 7361 7362
f 7365 7366 7367
f 7368 7369 7370
f 7372 7373 7336
f 7373 7375 7337
f 7367 7366 7376
f 7378 7379 7380
f 7382 7383 7384
f 7386 7387 7385
f 7388 7389 7390
f 7392 7334 7333
f 7394 7395 7396
f 7398 7399 7400
f 7402 7403 7404
f 7406 7407 7408
f 7410 7411 7383
f 7412 7413 7414
f 7385 7416 7417
f 7389 7418 7419
f 7373 7420 7421
f 7420 7373 7372
f 7369 7423 7424
f 7399 7398 7397
f 7393 7333 7341
f 7398 7358 7357
f 7358 7398 7401
f 7428 7429 7430
f 7433 7434 7435
f 7363 7362 7436
f 7383 7438 7439
f 7411 7440 7438
f 7441 7442 7443
f 7445 7446 7339
f 7374 7336 7339
f 7444 7365 7364
f 7448 7364 7450
f 7364 7367 7451
f 7451 7367 7377
f 7449 7450 7454
f 7455 7454 7450
f 7456 7455 7451
f 7410 7457 7458
f 7460 7461 7462
f 7423 7369 7462
f 7464 7465 7466
f 7468 7469 7347
f 7376 7366 7471
f 7425 7397 7396
f 7475 7476 7477
f 7478 7479 7480
f 7482 7483 7407
f 7484 7485 7351
f 7487 7405 7488
f 7490 7491 7492
f 7412 7415 7434
f 7494 7495 7434
f 7496 7388 7391
f 7440 7411 7498
f 7401 7400 7488
f 7485 7346 7345
f 7500 7502 7427
f 7395 7394 7469
f 7503 7504 7505
f 7507 7508 7509
f 7511 7512 7513
f 7511 7514 7515
f 7517 7518 7519
f 7521 7522 7523
f 7352 7524 7525
f 7415 7414 7527
f 7528 7529 7530
f 7404 7531 7502
f 7477 7388 7496
f 7512 7478 7481
f 7405 7404 7500
f 7533 7534 7535
f 7378 7507 7510
f 7532 7496 7379
f 7539 7540 7541
f 7524 7352 7355
f 7351 7485 7501
f 7414 7524 7523
f 7522 7543 7527
f 7544 7413 7412
f 7546 7416 7547
f 7526 7549 7353
f 7550 7521 7355
f 7521 7550 7551
f 7552 7546 7548
f 7546 7552 7553
f 7522 7521 7548
f 7418 7556 7520
f 7416 7546 7554
f 7457 7557 7558
f 7557 7559 7560
f 7562 7561 7563
f 7564 7563 7349
f 7351 7350 7565
f 7567 7568 7569
f 7570 7555 7520
f 7419 7418 7555
f 7572 7564 7348
f 7389 7476 7556
f 7573 7490 7493
f 7552 7535 7534
f 7562 7574 7536
f 7572 7575 7576
f 7422 7577 7578
f 7423 7579 7580
f 7579 7423 7463
f 7578 7574 7576
f 7583 7584 7381
f 7586 7579 7581
f 7533 7580 7579
f 7447 7339 7338
f 7588 7502 7531
f 7590 7428 7431
f 7321 7320 7592
f 7275 7581 7463
f 7461 7278 7276
f 7279 7278 7461
f 7453 7454 7593
f 7594 7593 7454
f 7330 7287 7498
f 7459 7458 7294
f 7558 7560 7595
f 7560 7592 7320
f 7275 7321 7585
f 7462 7276 7273
f 7596 7583 7380
f 7597 7598 7406
f 7467 7466 7599
f 7601 7602 7603
f 7605 7365 7444
f 7365 7605 7606
f 7607 7495 7494
f 7513 7481 7473
f 7396 7395 7514
f 7514 7395 7468
f 7470 7609 7515
f 7610 7611 7609
f 7612 7556 7476
f 7613 7530 7529
f 7442 7441 7615
f 7574 7578 7577
f 7619 7400 7399
f 7518 7479 7509
f 7491 7399 7425
f 7549 7620 7621
f 7491 7490 7622
f 7377 7438 7440
f 7379 7496 7497
f 7453 7461 7460
f 7411 7410 7459
f 7623 7624 7391
f 7625 7611 7610
f 7487 7407 7483
f 7619 7622 7408
f 7627 7628 7620
f 7538 7379 7378
f 7389 7388 7477
f 7629 7545 7412
f 7489 7408 7407
f 7628 7627 7598
f 7413 7525 7524
f 7592 7560 7559
f 7584 7631 7632
f 7569 7568 7633
f 7570 7508 7566
f 7631 7567 7566
f 7508 7570 7519
f 7614 7573 7480
f 7346 7610 7470
f 7572 7574 7562
f 7571 7633 7634
f 7346 7485 7484
f 7607 7591 7431
f 7585 7592 7630
f 7624 7596 7497
f 7635 7386 7384
f 7636 7427 7502
f 7323 7309 7310
f 7420 7578 7582
f 7637 7594 7455
f 7287 7286 7499
f 7458 7558 7295
f 7439 7376 7472
f 7599 7601 7604
f 7359 7358 7427
f 7436 7638 7639
f 7490 7573 7640
f 7481 7480 7493
f 7641 7506 7505
f 7642 7643 7627
f 7492 7425 7473
f 7517 7612 7625
f 7625 7484 7486
f 7634 7623 7390
f 7474 7477 7532
f 7448 7368 7441
f 7368 7448 7449
f 7615 7441 7368
f 7638 7603 7602
f 7575 7572 7501
f 7571 7555 7570
f 7400 7619 7489
f 7508 7507 7632
f 7503 7506 7540
f 6957 7125 7315
f 7376 7439 7438
f 7507 7378 7381
f 7499 7456 7452
f 7286 7637 7456
f 7504 7642 7644
f 7645 7598 7627
f 7647 7634 7633
f 7647 7648 7623
f 7649 7624 7623
f 7650 7596 7624
f 7646 7633 7568
f 7651 7568 7567
f 7653 7652 7567
f 7651 7654 7655
f 7656 7657 7658
f 7660 7658 7657
f 7663 7657 7656
f 7664 7665 7663
f 7667 7666 7663
f 7667 7662 7668
f 7663 7665 7661
f 7670 7671 7672
f 7661 7672 7671
f 7659 7668 7662
f 7648 7647 7668
f 7648 7659 7673
f 7659 7658 7674
f 7658 7660 7675
f 7668 7647 7646
f 7660 7671 7676
f 7675 7677 7678
f 7677 7675 7676
f 7677 7680 7681
f 7682 7683 7678
f 7677 7679 7684
f 7673 7674 7678
f 7683 7650 7649
f 7685 7676 7671
f 7667 7655 7686
f 7666 7686 7687
f 7654 7688 7686
f 7689 7687 7686
f 7664 7687 7691
f 7650 7692 7583
f 7693 7653 7631
f 7584 7583 7692
f 7693 7692 7682
f 7694 7682 7681
f 7694 7696 7653
f 7650 7683 7682
f 7696 7697 7652
f 7654 7651 7652
f 7688 7654 7697
f 7699 7698 7697
f 7700 7701 7698
f 7695 7699 7696
f 7699 7695 7702
f 7689 7688 7698
f 7689 7701 7703
f 7705 7706 7707
f 7701 7700 7705
f 7704 7703 7707
f 7685 7670 7691
f 7687 7689 7704
f 7680 7702 7695
f 7684 7706 7702
f 7702 7706 7705
f 7684 7679 7707
f 7676 7685 7707
f 7665 7669 7672
f 7670 7669 7690
f 7665 7664 7690
f 7611 7475 7474
f 7510 7509 7479
f 7511 7538 7537
f 7516 7532 7538
f 7517 7530 7613
f 7537 7510 7478
f 7611 7625 7612
f 7613 7480 7479
f 7556 7612 7517
f 7516 7515 7609
f 7708 7709 7710
f 7712 7713 7714
f 7713 7716 7717
f 7719 7720 7721
f 7722 7723 7597
f 7724 7712 7715
f 7726 7727 7728
f 7731 7640 7573
f 7730 7573 7614
f 7733 7734 7735
f 7721 7712 7724
f 7731 7722 7409
f 7708 7726 7729
f 7737 7724 7709
f 7716 7741 7736
f 7742 7743 7744
f 7740 7736 7735
f 7717 7716 7740
f 7716 7713 7720
f 7748 7749 7711
f 7750 7748 7710
f 7720 7719 7751
f 7734 7723 7728
f 7709 7724 7725
f 7752 7753 7715
f 7739 7709 7708
f 7720 7713 7712
f 7749 7754 7755
f 7745 7744 7756
f 7746 7727 7742
f 7743 7742 7755
f 7727 7746 7735
f 7747 7756 7757
f 7753 7750 7725
f 7751 7621 7620
f 7757 7752 7714
f 7718 7721 7737
f 7747 7740 7746
f 7727 7726 7755
f 7726 7708 7711
f 7759 7757 7756
f 7759 7760 7752
f 7760 7761 7753
f 7761 7762 7750
f 7758 7756 7744
f 7763 7744 7743
f 7754 7765 7764
f 7763 7766 7767
f 7768 7769 7770
f 7772 7768 7771
f 7775 7768 7772
f 7776 7777 7775
f 7779 7778 7775
f 7775 7777 7769
f 7770 7769 7781
f 7782 7774 7772
f 7760 7759 7782
f 7760 7773 7783
f 7773 7771 7784
f 7770 7785 7784
f 7779 7774 7782
f 7782 7759 7758
f 7785 7770 7780
f 7785 7787 7788
f 7787 7785 7786
f 7787 7790 7791
f 7792 7793 7788
f 7787 7789 7794
f 7793 7783 7784
f 7762 7761 7783
f 7796 7786 7780
f 7795 7780 7781
f 7779 7767 7798
f 7799 7776 7778
f 7766 7800 7798
f 7800 7801 7799
f 7802 7776 7799
f 7795 7797 7802
f 7762 7804 7748
f 7805 7765 7754
f 7749 7748 7804
f 7805 7804 7792
f 7806 7792 7791
f 7806 7808 7765
f 7793 7792 7804
f 7808 7809 7764
f 7766 7763 7764
f 7766 7809 7810
f 7811 7810 7809
f 7812 7813 7810
f 7807 7811 7808
f 7811 7807 7814
f 7813 7801 7800
f 7801 7813 7815
f 7817 7818 7819
f 7813 7812 7817
f 7816 7815 7819
f 7796 7795 7803
f 7799 7801 7816
f 7790 7814 7807
f 7794 7818 7814
f 7814 7818 7817
f 7794 7789 7819
f 7786 7796 7819
f 7777 7797 7781
f 7777 7776 7802
f 7528 7719 7718
f 7729 7728 7723
f 7738 7731 7730
f 7732 7737 7739
f 7733 7620 7628
f 7722 7731 7738
f 7621 7751 7719
f 7628 7597 7723
f 7733 7736 7741
f 7732 7614 7529
f 7486 7565 7621
f 7549 7565 7350
f 7353 7350 7349
f 7354 7349 7563
f 7821 7822 7823
f 7824 7825 7826
f 7825 7828 7829
f 7830 7831 7832
f 7834 7824 7827
f 7836 7837 7838
f 7840 7482 7406
f 7841 7406 7598
f 7843 7844 7845
f 7833 7824 7834
f 7848 7820 7836
f 7847 7834 7821
f 7828 7851 7846
f 7853 7854 7855
f 7850 7846 7845
f 7829 7828 7850
f 7828 7825 7832
f 7858 7859 7823
f 7860 7858 7822
f 7831 7861 7851
f 7844 7862 7838
f 7834 7835 7822
f 7863 7864 7827
f 7849 7821 7820
f 7825 7824 7833
f 7859 7865 7866
f 7855 7854 7867
f 7837 7852 7855
f 7865 7853 7852
f 7837 7856 7845
f 7857 7867 7868
f 7864 7860 7835
f 7843 7861 7642
f 7868 7863 7826
f 7830 7833 7847
f 7857 7850 7856
f 7837 7836 7866
f 7836 7820 7823
f 7870 7868 7867
f 7870 7871 7863
f 7871 7872 7864
f 7872 7873 7860
f 7869 7867 7854
f 7874 7854 7853
f 7876 7875 7853
f 7874 7877 7878
f 7879 7880 7881
f 7883 7879 7882
f 7886 7879 7883
f 7887 7888 7886
f 7890 7889 7886
f 7886 7888 7880
f 7891 7881 7880
f 7884 7893 7885
f 7871 7870 7893
f 7871 7884 7894
f 7884 7882 7895
f 7882 7881 7896
f 7890 7885 7893
f 7893 7870 7869
f 7881 7891 7897
f 7898 7899 7895
f 7900 7898 7896
f 7901 7902 7899
f 7904 7899 7902
f 7898 7900 7905
f 7894 7895 7899
f 7904 7873 7872
f 7907 7897 7891
f 7906 7891 7892
f 7890 7878 7909
f 7910 7887 7889
f 7877 7911 7909
f 7912 7910 7909
f 7887 7910 7914
f 7906 7908 7913
f 7873 7915 7858
f 7916 7876 7865
f 7859 7858 7915
f 7916 7915 7903
f 7917 7903 7902
f 7917 7919 7876
f 7873 7904 7903
f 7919 7920 7875
f 7877 7874 7875
f 7911 7877 7920
f 7922 7921 7920
f 7923 7924 7921
f 7918 7922 7919
f 7922 7918 7925
f 7924 7912 7911
f 7912 7924 7926
f 7928 7929 7930
f 7924 7923 7928
f 7927 7926 7930
f 7907 7906 7914
f 7910 7912 7927
f 7901 7925 7918
f 7905 7929 7925
f 7925 7929 7928
f 7905 7900 7930
f 7897 7907 7930
f 7888 7908 7892
f 7888 7887 7913
f 7645 7643 7831
f 7839 7838 7862
f 7841 7849 7848
f 7842 7847 7849
f 7504 7503 7844
f 7839 7931 7840
f 7643 7642 7861
f 7503 7539 7862
f 7846 7851 7861
f 7842 7598 7645
f 7932 7933 7934
f 7936 7937 7938
f 7937 7940 7941
f 7942 7943 7944
f 7947 7948 7949
f 7950 7936 7939
f 7953 7954 7955
f 7956 7957 7958
f 7956 7959 7540
f 7962 7963 7964
f 7936 7950 7965
f 7946 7949 7958
f 7966 7932 7952
f 7965 7950 7933
f 7968 7940 7969
f 7970 7971 7972
f 7974 7968 7964
f 7941 7940 7968
f 7940 7937 7944
f 7976 7977 7935
f 7978 7976 7934
f 7943 7979 7969
f 7947 7954 7963
f 7933 7950 7951
f 7980 7981 7939
f 7967 7933 7932
f 7937 7936 7945
f 7977 7982 7983
f 7973 7972 7984
f 7953 7970 7973
f 7982 7971 7970
f 7974 7963 7954
f 7975 7984 7985
f 7981 7978 7951
f 7961 7979 7544
f 7985 7980 7938
f 7942 7945 7965
f 7975 7968 7974
f 7952 7983 7970
f 7952 7932 7935
f 7987 7985 7984
f 7987 7988 7980
f 7988 7989 7981
f 7989 7990 7978
f 7986 7984 7972
f 7991 7972 7971
f 7993 7992 7971
f 7986 7991 7994
f 7997 7998 7999
f 8000 7996 7999
f 8003 7996 8000
f 8005 8003 8006
f 8007 8006 8003
f 7996 8003 8005
f 7998 7997 8009
f 8010 8002 8000
f 7988 7987 8010
f 7988 8001 8011
f 8011 8001 7999
f 7998 8013 8012
f 8007 8002 8010
f 8010 7987 7986
f 8013 7998 8008
f 8015 8016 8012
f 8017 8015 8013
f 8018 8019 8016
f 8021 8016 8019
f 8015 8017 8022
f 8011 8012 8016
f 8021 7990 7989
f 8023 8024 8014
f 8023 8008 8009
f 8007 7995 8026
f 8026 8027 8004
f 8028 8026 7995
f 8029 8027 8026
f 8030 8004 8027
f 8023 8025 8030
f 7990 8032 7976
f 8033 7993 7982
f 7976 8032 8033
f 8034 8033 8032
f 8035 8034 8020
f 8034 8036 7993
f 7990 8021 8020
f 8036 8037 7992
f 7991 7992 8037
f 7994 8037 8038
f 8039 8038 8037
f 8040 8041 8038
f 8035 8039 8036
f 8039 8035 8042
f 8041 8029 8028
f 8029 8041 8043
f 8045 8046 8047
f 8041 8040 8045
f 8044 8043 8047
f 8024 8023 8031
f 8027 8029 8044
f 8042 8035 8019
f 8022 8046 8042
f 8042 8046 8045
f 8017 8047 8046
f 8014 8024 8047
f 8005 8025 8009
f 8005 8004 8030
f 7506 7641 7943
f 7954 7947 7946
f 7967 7966 7957
f 7960 7965 7967
f 7948 7947 7962
f 7955 7946 7957
f 7641 7544 7979
f 7969 7979 7961
f 7960 7540 7506
f 7362 8049 8050
f 8052 7618 7464
f 8051 7464 7467
f 8054 8055 7600
f 8056 7361 7618
f 7436 8050 8057
f 8049 7362 7361
f 8057 8058 7603
f 8055 8053 7467
f 8058 8054 7604
f 8059 8060 8058
f 8060 8061 8054
f 8061 8062 8055
f 8062 8063 8053
f 8059 8057 8050
f 8064 8050 8049
f 8056 8066 8065
f 8059 8064 8067
f 8069 8070 8071
f 8073 8069 8072
f 8075 8069 8073
f 8077 8078 8075
f 8075 8079 8070
f 8079 8080 8081
f 8082 8071 8070
f 8083 8076 8073
f 8061 8060 8083
f 8061 8074 8084
f 8074 8072 8085
f 8072 8071 8086
f 8077 8076 8083
f 8083 8060 8059
f 8071 8082 8087
f 8088 8089 8085
f 8090 8088 8086
f 8091 8092 8089
f 8094 8089 8092
f 8088 8090 8095
f 8084 8085 8089
f 8094 8063 8062
f 8097 8087 8082
f 8096 8082 8081
f 8077 8068 8098
f 8099 8100 8078
f 8101 8098 8068
f 8102 8099 8098
f 8100 8099 8104
f 8096 8080 8103
f 8075 8078 8100
f 8079 8100 8103
f 8105 8051 8053
f 8066 8056 8052
f 8051 8105 8106
f 8107 8106 8105
f 8108 8107 8093
f 8107 8109 8066
f 8063 8094 8093
f 8109 8110 8065
f 8064 8065 8110
f 8067 8110 8111
f 8112 8111 8110
f 8113 8114 8111
f 8108 8112 8109
f 8112 8108 8115
f 8114 8102 8101
f 8102 8114 8116
f 8118 8119 8120
f 8114 8113 8118
f 8117 8116 8120
f 8097 8096 8104
f 8099 8102 8117
f 8091 8115 8108
f 8095 8119 8115
f 8115 8119 8118
f 8095 8090 8120
f 8087 8097 8120
f 7550 7563 7561
f 7552 7551 7561
f 7931 7862 7539
f 7640 7409 7408
f 7549 7526 7644
f 7525 7413 7544
f 7931 7542 7482
f 7483 7482 7542
f 7626 7402 7405
f 7629 7433 7432
f 7629 8121 7949
f 8122 7958 7949
f 8123 8122 8121
f 8124 8123 7432
f 7434 7495 8125
f 8125 7430 8124
f 8124 7430 7429
f 8123 8124 8126
f 8122 8123 8127
f 7541 7540 7959
f 7404 7403 8129
f 8125 7495 7431
f 7526 7525 7505
f 7626 7483 7541
f 7959 7958 8122
f 7961 7545 8048
f 7629 7948 8048
f 8127 7402 7626
f 7402 8127 8126
f 8129 7403 8126
f 7428 7531 8129
f 7589 7531 7428
f 7334 7392 7426
f 7335 7334 7357
f 7616 7615 7446
f 7392 7397 7398
f 7393 7394 7397
f 7342 7469 7394
f 7344 7347 7469
f 7343 7618 7361
f 7360 7345 7344
f 7363 7575 7345
f 7437 7576 7575
f 7582 7576 7437
f 7421 7582 7639
f 7375 7421 7602
f 7599 7337 7375
f 7465 7464 7618
f 7332 7447 7587
f 7447 7332 7335
f 7445 7335 7356
f 7359 7442 7616
f 7636 7443 7442
f 7588 7605 7443
f 7589 7606 7605
f 7590 7471 7606
f 7471 7590 7591
f 7446 7615 7371
f 7371 7370 7372
f 7422 7372 7370
f 7577 7422 7424
f 7536 7577 7580
f 7591 7607 7635
f 7607 7608 7386
f 7543 7608 7494
f 7547 7387 7543
f 7608 7543 7387
f 7387 7547 7416
f 7457 7410 7382
f 7557 7457 7417
f 7559 7557 7554
f 7630 7559 7553
f 7534 7533 7586
f 7466 7338 7337
f 7465 7587 7338
f 7617 7340 7587
f 7341 7340 7617
f 8130 6091 6090
f 6023 6022 8132
f 6182 6023 8133
f 6623 6622 6792
f 6787 6696 6182
f 8134 6700 6696
f 6917 6757 6756
f 6762 6761 7112
f 6762 6765 6184
f 6765 6623 6185
f 6650 6769 6768
f 6772 6771 6916
f 6777 6776 6789
f 6022 6777 6788
f 6756 6700 8134
f 6758 6757 6771
f 6761 6776 6775
f 6769 6622 6621
f 6772 6768 6767
f 6174 6173 6760
f 6187 6186 6178
f 6811 6649 6648
f 6786 6785 6724
f 6791 6790 6918
f 6186 6793 6179
f 6808 6807 8133
f 6884 6883 8135
f 6174 6187 6670
f 6807 6785 6784
f 6791 6808 8132
f 6786 6884 8134
f 6790 6173 6172
f 6649 6793 6792
f 6316 6315 8136
f 8137 6655 6654
f 8139 8140 6601
f 6656 6655 6580
f 6868 8141 8142
f 6316 6712 6711
f 6864 8143 8144
f 6864 6863 8145
f 6868 6867 6869
f 6656 6867 6866
f 8146 8147 8148
f 8139 8150 8151
f 8152 8153 6866
f 8154 8155 8138
f 6874 6873 8156
f 8158 6318 8159
f 8160 8152 6865
f 8161 6317 6313
f 6161 6600 8162
f 8164 8154 6654
f 8153 8164 6653
f 8165 8166 8167
f 8166 5989 8169
f 5989 5988 8170
f 5988 6017 8171
f 8172 8173 6043
f 8174 8175 6032
f 8174 6035 6098
f 8176 6098 6796
f 8177 6796 8178
f 7132 8178 6728
f 6589 6588 8180
f 8180 6588 6004
f 8181 6004 6007
f 6334 6079 6731
f 6079 6078 6645
f 6078 6085 6646
f 6085 8183 8184
f 6091 8130 8185
f 6086 6730 8183
f 6950 6949 7118
f 6952 6951 6992
f 6983 6982 6968
f 6987 6986 7004
f 7001 7000 6979
f 7001 7262 7074
f 7262 7264 7075
f 7264 6952 7127
f 7265 6951 6943
f 7265 7266 6991
f 7266 6950 7070
f 6949 7267 7119
f 7267 6982 6939
f 6983 6987 7099
f 7268 6986 6985
f 7000 7268 8186
f 6938 6937 6985
f 6946 6945 6922
f 6956 6955 6948
f 6971 6970 6928
f 6970 6955 6954
f 6973 6946 6921
f 6977 6976 7263
f 6981 6980 7061
f 6973 7067 7117
f 7097 6980 6979
f 7104 6971 6927
f 6977 6981 7060
f 6976 6945 6944
f 6956 7067 7066
f 6937 7097 8186
f 6938 7104 7101
f 6924 6923 7116
f 6926 6924 7297
f 6930 6929 6962
f 6934 6933 6953
f 6960 6959 6936
f 6963 6929 6928
f 6967 6966 6975
f 7063 7062 7327
f 6959 7065 7096
f 6926 6934 7066
f 7102 6930 7304
f 6967 7063 7331
f 6966 6923 6922
f 7062 7065 7064
f 6963 6933 6932
f 7102 6960 6935
f 7299 7298 7269
f 7301 7300 6932
f 7306 7305 7285
f 7308 7305 6962
f 7315 7306 7284
f 7317 7316 7312
f 7319 7316 6964
f 7322 7298 7297
f 7317 7322 7116
f 7308 7300 7303
f 7326 7325 6958
f 7329 7328 7291
f 7328 7325 7324
f 7301 7299 8187
f 7319 7329 7290
f 7326 7315 7309
f 7272 7271 7321
f 7272 7274 8187
f 7274 7277 7302
f 7281 7280 7307
f 7283 7282 7593
f 7289 7288 7324
f 7293 7292 7330
f 7293 7296 7318
f 7310 7283 7594
f 7314 7313 7595
f 7282 7280 7279
f 7278 7281 7277
f 7314 7271 7270
f 7313 7296 7295
f 7288 7292 7291
f 7289 7310 7637
f 6003 6002 6626
f 6003 6138 7165
f 6690 8188 8189
f 6686 6685 5981
f 6685 6687 6096
f 6687 6688 6806
f 6002 6686 5980
f 6606 8188 5351
f 7164 7173 8190
f 8192 7175 7174
f 6015 6014 8153
f 6189 6188 8155
f 8157 8156 6284
f 6332 6015 8152
f 6593 6592 6317
f 6658 6189 8154
f 6014 6658 8164
f 6332 8194 7131
f 6805 8159 6321
f 6146 8163 8162
f 6607 7128 8195
f 8196 6126 6125
f 8198 7169 7168
f 8199 7168 6633
f 7177 6632 8201
f 8202 8203 8204
f 7208 7186 7185
f 7237 7230 7186
f 6819 6824 7230
f 6818 6821 6824
f 8206 6883 6821
f 8207 6917 8135
f 6917 8207 8209
f 8209 8210 7259
f 8210 8211 6647
f 6812 6648 8212
f 6809 6812 7258
f 6809 7257 8213
f 6113 8213 8214
f 7235 7223 6110
f 7223 7235 7234
f 6147 7234 8215
f 6148 8215 8216
f 8218 6155 6158
f 8219 6285 6116
f 6284 6188 6116
f 6188 6284 8156
f 8155 8156 6873
f 8138 6873 6872
f 8137 6872 8148
f 6193 8147 6281
f 6190 6281 6278
f 8220 8221 8222
f 8224 8225 7139
f 6223 6222 8226
f 6237 6236 8228
f 6238 6223 8227
f 6249 6248 8231
f 6253 6252 8233
f 6236 6279 8221
f 6331 6238 8230
f 6252 6595 8236
f 6222 6237 8229
f 6828 6827 8237
f 6280 8239 8240
f 8208 8135 6883
f 6648 6647 8211
f 6143 6624 8242
f 6624 7189 8244
f 8245 8246 8247
f 8249 8250 8251
f 7195 8253 8254
f 7214 8255 8253
f 8256 8255 7214
f 7243 7211 8257
f 7210 8258 8257
f 8259 7181 6102
f 8261 6122 6121
f 8178 7132 8263
f 7132 6797 8264
f 6797 6135 8265
f 6135 6134 8266
f 6134 6151 8267
f 6151 6154 8268
f 6154 8269 8270
f 8269 8271 8272
f 7194 7193 8273
f 7193 8250 8275
f 8249 8259 8260
f 8248 8277 8278
f 6129 6128 8279
f 7169 8198 8197
f 8198 8190 8192
f 7171 6141 7175
f 6589 6801 7129
f 6801 6037 6040
f 6037 6036 6041
f 6036 6131 6659
f 6131 6156 6118
f 6156 6155 6119
f 8218 8219 6119
f 8219 8218 6815
f 7191 7189 6641
f 8246 8244 7189
f 8245 8278 8281
f 8280 8279 6288
f 6125 6124 7170
f 6288 6127 6602
f 6126 8196 6604
f 8196 8193 6605
f 7174 6140 6691
f 6691 6140 6139
f 7171 7166 8283
f 7172 8283 8284
f 6139 6142 8284
f 8285 8286 8287
f 8211 8210 8289
f 8290 8291 8292
f 8293 8294 8291
f 8293 8207 8208
f 8296 8297 8298
f 6818 6817 8296
f 8285 7256 7258
f 7243 8299 7212
f 7243 6739 8300
f 8301 8300 6739
f 8302 8256 7213
f 8303 8302 7247
f 8304 8303 6168
f 6738 8298 8297
f 8288 8287 6167
f 8304 8292 8291
f 8305 8291 8294
f 6737 6736 8306
f 6736 7244 8307
f 8243 8242 8308
f 8242 8244 8282
f 8247 8246 7191
f 7196 8254 8251
f 8253 8310 8311
f 8255 8312 8310
f 8313 8312 8255
f 7244 8257 8313
f 8313 8257 8258
f 8312 8258 8314
f 8315 8311 8310
f 8311 8315 8316
f 8282 8281 8317
f 8308 8317 8261
f 8309 8261 8262
f 8248 8247 8275
f 8282 8244 8246
f 8307 8313 8256
f 8306 8307 8302
f 8305 8306 8303
f 8298 6738 6737
f 8287 8292 8304
f 7253 8319 7199
f 8319 8320 6028
f 8320 8321 6029
f 8321 8322 7184
f 8322 8203 7185
f 8203 8202 7205
f 8202 7240 7206
f 7239 7245 7210
f 7251 7227 8319
f 7227 7217 8320
f 7217 7216 8321
f 7216 7236 8322
f 7236 8204 8203
f 6175 8199 8200
f 7165 7164 8191
f 6137 8283 7166
f 6200 6199 8283
f 6199 6206 8284
f 8284 6206 6205
f 6205 6608 6689
f 6689 6608 5485
f 7009 7008 8323
f 7013 7012 7021
f 7017 7016 7029
f 7013 7059 7110
f 7073 7072 7084
f 7081 7080 7093
f 7082 7017 7028
f 7088 7072 6995
f 7088 7115 7057
f 7122 7121 7043
f 7124 7123 7024
f 7082 7025 7024
f 7009 7122 7042
f 7012 7124 7126
f 7115 7016 7015
f 7008 7059 7058
f 7081 7121 7120
f 7073 7080 7079
f 6997 6996 7076
f 7023 7022 6942
f 7027 7026 7069
f 7031 7030 6989
f 7079 7078 7033
f 7037 7036 7107
f 7027 7040 7126
f 7041 7030 7029
f 7026 7031 6988
f 7100 7023 6941
f 7108 7036 7002
f 7100 7037 8323
f 6997 7041 7114
f 7022 7040 7039
f 7111 7034 7033
f 7035 7261 7260
f 7261 7076 6996
f 7108 7255 7120
f 7245 8314 8258
f 7246 8315 8314
f 7181 8259 8316
f 8277 6101 6129
f 8278 6129 8280
f 6287 8317 8281
f 6122 8261 8317
f 5487 6145 6144
f 5489 6159 6162
f 6637 8324 8325
f 8326 8325 8225
f 5494 7139 8225
f 6160 6159 8150
f 5496 8324 8151
f 8163 8327 6162
f 6146 6145 8327
f 8243 8328 6144
f 8328 8243 8309
f 8318 8262 5501
f 8262 6121 5502
f 8329 8330 8331
f 8333 8334 8335
f 8338 8182 6007
f 8329 8334 8339
f 8341 6334 6734
f 6006 8342 8337
f 8342 6006 6804
f 6065 6064 8339
f 5995 5994 8341
f 6918 6172 6166
f 7221 6163 6166
f 6172 6171 6880
f 8344 5952 5955
f 5519 5976 5975
f 6806 8345 8346
f 6646 8184 8347
f 8165 8348 8349
f 6322 8350 8131
f 8345 6806 6688
f 6695 8346 5975
f 5976 5519 5528
f 5529 8130 8131
f 6643 8347 8352
f 8183 5533 5532
f 5534 8185 8130
f 6730 5535 5533
f 8351 6688 6093
f 5535 6730 6594
f 8353 8354 6652
f 8354 8353 8355
f 8357 8358 6825
f 8359 8357 6202
f 6224 8354 8356
f 6275 8361 8362
f 6201 6210 7143
f 7146 8363 8359
f 8357 8359 8363
f 8355 8365 8366
f 8361 8360 8368
f 8356 8355 8367
f 8370 8371 8372
f 8220 8373 7145
f 6275 6274 6228
f 5558 4067 6228
f 8375 8369 8367
f 8362 8368 8376
f 8378 8379 8380
f 8363 7146 8382
f 8384 8378 8381
f 8382 8373 8386
f 8383 8387 8364
f 6226 6225 6231
f 6231 6225 8361
f 6636 8388 8389
f 6635 8390 8388
f 8390 6635 5576
f 8379 8378 6232
f 8378 8384 6233
f 8384 8391 8371
f 8372 8392 8393
f 7138 8240 8239
f 8224 8239 8394
f 8146 6638 8394
f 6638 6637 8326
f 6340 6339 6299
f 6747 6338 6577
f 6344 6343 6346
f 6342 6341 6355
f 6353 6352 6349
f 6337 6351 6369
f 6360 6359 6328
f 6358 6357 6386
f 6364 6363 6293
f 6362 6361 6376
f 6366 6353 6297
f 6350 6365 6372
f 6533 6342 6303
f 6534 6536 6346
f 6744 6746 6533
f 6536 6534 6747
f 6357 6835 6894
f 6341 6834 6832
f 6839 6838 6292
f 6837 6836 6380
f 6838 6841 6354
f 6361 6840 6377
f 6363 6366 6296
f 6365 6362 6373
f 6359 6839 6291
f 6836 6358 6385
f 6481 6480 6902
f 6484 6483 6501
f 6477 6488 6487
f 6849 6467 6492
f 6494 6492 6467
f 6547 6481 6544
f 6750 6751 6546
f 6494 6466 6751
f 6843 6484 6500
f 6845 6573 6575
f 6489 6488 6847
f 6474 6487 6491
f 6483 6905 6906
f 6493 6463 6465
f 6471 6470 6544
f 6472 6482 6485
f 6476 6475 6461
f 6470 6451 6542
f 6570 6567 6569
f 6495 6567 6463
f 6475 6465 6462
f 6572 6848 6477
f 6574 6571 6457
f 6569 6568 6543
f 6575 6574 6473
f 6471 6904 6901
f 6469 6468 6508
f 6498 6497 6479
f 6503 6502 6518
f 6489 6506 6505
f 6467 6849 6509
f 6546 6548 6498
f 6549 6548 6752
f 6752 6751 6466
f 6503 6850 6846
f 6850 6851 6844
f 6507 6506 6852
f 6486 6505 6509
f 6502 6907 6909
f 6858 6893 6664
f 8396 8397 6611
f 6833 8398 6324
f 8399 6826 6825
f 6831 6830 8401
f 6707 6833 6826
f 8398 8403 6890
f 6858 6857 8404
f 8405 8396 6610
f 6830 6893 6553
f 8397 6892 6911
f 8400 6825 8358
f 8358 8357 8364
f 8406 8364 8387
f 8389 8408 8380
f 8389 8388 8409
f 8388 8390 8410
f 5575 5597 8410
f 6665 6273 8411
f 8412 8413 6720
f 8413 5602 5601
f 8411 8414 8413
f 6262 6742 6290
f 5602 8413 8414
f 7141 7140 7142
f 8393 8222 8241
f 8227 8226 7147
f 8229 8228 8374
f 8230 8227 7151
f 8232 8231 8415
f 8234 8233 8417
f 8221 8220 8374
f 8235 8230 7153
f 8233 8236 8420
f 8226 8229 7148
f 8238 8237 8421
f 7141 8393 8240
f 6581 6580 6655
f 6640 6639 8140
f 6710 6709 8141
f 6717 6716 6712
f 6860 6859 8143
f 6870 6869 6867
f 6717 8136 6726
f 6870 6580 6192
f 6860 8145 6050
f 6710 6869 6025
f 6639 8149 6871
f 6640 8151 8324
f 6581 8148 8147
f 5615 5614 6234
f 7144 7148 8374
f 7144 7143 6210
f 7150 7149 6210
f 7152 7150 6209
f 7152 7154 8419
f 7154 7155 8421
f 7158 7157 8415
f 7160 7159 8420
f 7162 7161 8418
f 7161 4321 5616
f 8370 6234 6233
f 8373 8382 7146
f 8392 8391 8386
f 8391 8392 8372
f 5617 8344 6713
f 5973 5618 3355
f 8345 5620 5619
f 3880 6735 6910
f 8351 5622 5620
f 8346 5619 5520
f 5621 6910 6911
f 5622 8351 8185
f 8150 5624 5497
f 8423 8424 8425
f 8427 6516 6519
f 8429 8430 8431
f 6523 8432 8433
f 8434 8435 8436
f 8438 8435 8434
f 8438 8440 6511
f 8441 8442 8424
f 8427 8443 8430
f 8444 8428 8445
f 8447 8425 8424
f 8449 8443 8444
f 8451 8431 8430
f 8453 8437 8454
f 8456 8434 8437
f 8439 8434 8456
f 8448 8424 8442
f 8452 8430 8443
f 8425 8447 8459
f 8460 8461 8462
f 8464 8465 8466
f 8468 8469 8470
f 8472 8473 8474
f 8476 8477 8478
f 8480 8481 8482
f 8484 8485 8486
f 8485 8488 8489
f 8490 8491 8481
f 8492 8493 8494
f 8495 8494 8496
f 8498 8499 8500
f 8502 8501 8500
f 8504 8505 8506
f 8508 8509 8510
f 8513 8508 8511
f 8507 8506 8514
f 8516 8517 8518
f 8520 8517 8516
f 8522 8523 8524
f 8526 8527 8522
f 8528 8529 8530
f 8532 8530 8529
f 8534 8535 8536
f 8538 8539 8534
f 8464 8482 8481
f 8483 8540 8541
f 8542 8485 8484
f 8487 8543 8540
f 8488 8485 8542
f 8545 8546 8486
f 8481 8491 8466
f 8547 8545 8489
f 8548 8494 8493
f 8549 8550 8502
f 8551 8496 8494
f 8497 8541 8552
f 8469 8500 8499
f 8547 8541 8497
f 8469 8468 8503
f 8501 8502 8550
f 8460 8504 8507
f 8552 8553 8506
f 8554 8511 8510
f 8549 8552 8505
f 8554 8555 8512
f 8513 8556 8550
f 8461 8507 8515
f 8557 8556 8513
f 8558 8516 8519
f 8559 8560 8527
f 8521 8516 8558
f 8553 8562 8517
f 8477 8525 8524
f 8520 8523 8557
f 8476 8526 8525
f 8527 8560 8556
f 8563 8529 8528
f 8564 8539 8531
f 8533 8529 8563
f 8562 8567 8530
f 8473 8537 8536
f 8559 8562 8532
f 8472 8538 8537
f 8560 8534 8539
f 8463 8462 8555
f 8544 8542 8467
f 8470 8551 8548
f 8475 8474 8566
f 8479 8478 8561
f 8484 8487 8483
f 8490 8489 8488
f 8503 8493 8492
f 8498 8497 8496
f 8504 8510 8509
f 8515 8514 8513
f 8519 8518 8527
f 8521 8524 8523
f 8528 8531 8539
f 8533 8536 8535
f 8467 8484 8482
f 8487 8486 8546
f 8544 8466 8491
f 8480 8541 8547
f 8493 8503 8468
f 8495 8552 8549
f 8551 8470 8499
f 8501 8545 8547
f 8460 8463 8510
f 8508 8550 8549
f 8555 8462 8515
f 8506 8553 8557
f 8519 8526 8476
f 8517 8562 8559
f 8561 8478 8524
f 8522 8556 8557
f 8475 8528 8538
f 8567 8565 8531
f 8566 8474 8536
f 8560 8559 8535
f 8442 8441 8568
f 6512 8570 8568
f 8570 8440 8571
f 8426 6515 6514
f 8428 8444 8443
f 6522 8429 8432
f 8437 8436 8433
f 6524 8436 8435
f 6528 6527 8435
f 8423 6514 6550
f 8429 6522 6516
f 6515 8426 8445
f 8441 6550 6754
f 8570 8572 8569
f 8440 8570 6512
f 8569 8573 8458
f 8574 8575 8572
f 8572 8575 8573
f 8453 8576 8577
f 8576 8453 8455
f 8452 8579 8580
f 8573 8581 8582
f 8575 8583 8581
f 8584 8583 8575
f 8571 8439 8457
f 8439 8571 8440
f 8585 8586 8587
f 8587 8589 8590
f 8589 8591 8592
f 8591 8593 8594
f 8593 8595 8596
f 8595 8597 8598
f 8599 8600 8586
f 8601 8602 8600
f 8603 8604 8602
f 8605 8606 8598
f 8607 8608 8604
f 8609 8610 8608
f 8611 8612 8610
f 8606 8605 8612
f 8613 8614 8589
f 8614 8615 8591
f 8615 8616 8593
f 8616 8617 8595
f 8617 8618 8597
f 8619 8620 8617
f 8620 8621 8618
f 8620 8622 8623
f 8624 8625 8626
f 8626 8623 8622
f 8620 8619 8628
f 8622 8628 8629
f 8627 8629 8630
f 8632 8633 8634
f 8636 8634 8633
f 8637 8638 8636
f 8639 8633 8632
f 8633 8639 8641
f 8635 8641 8642
f 8642 8643 8644
f 8645 8638 8637
f 8586 8646 8613
f 8600 8647 8646
f 8616 8615 8648
f 8615 8614 8649
f 8613 8650 8649
f 8651 8650 8613
f 8647 8652 8651
f 8652 8653 8654
f 8602 8655 8647
f 8655 8656 8652
f 8656 8657 8653
f 8653 8658 8659
f 8658 8660 8661
f 8644 8662 8663
f 8664 8661 8662
f 8661 8664 8666
f 8666 8667 8654
f 8667 8650 8651
f 8668 8605 8597
f 8669 8668 8618
f 8670 8669 8621
f 8671 8670 8623
f 8671 8626 8625
f 8625 8631 8673
f 8636 8674 8675
f 8638 8676 8674
f 8645 8677 8676
f 8645 8663 8678
f 8679 8680 8660
f 8657 8679 8658
f 8583 8584 8648
f 8650 8581 8583
f 8667 8582 8581
f 8666 8681 8582
f 8664 8682 8681
f 8682 8664 8665
f 8684 8685 8643
f 8684 8642 8641
f 8639 8580 8579
f 8580 8639 8640
f 8629 8577 8576
f 8604 8686 8655
f 8608 8687 8686
f 8610 8688 8687
f 8612 8689 8688
f 8605 8668 8689
f 8690 8689 8668
f 8691 8688 8689
f 8692 8687 8688
f 8693 8686 8687
f 8656 8655 8686
f 8694 8690 8669
f 8695 8691 8690
f 8696 8692 8691
f 8697 8693 8692
f 8657 8656 8693
f 8697 8698 8679
f 8696 8699 8698
f 8696 8695 8700
f 8694 8701 8700
f 8670 8671 8701
f 8702 8701 8671
f 8701 8702 8703
f 8703 8704 8699
f 8699 8704 8705
f 8698 8705 8680
f 8672 8673 8706
f 8675 8674 8707
f 8674 8676 8709
f 8709 8676 8677
f 8677 8678 8711
f 8712 8713 8710
f 8702 8706 8714
f 8713 8712 8714
f 8707 8709 8716
f 8717 8716 8713
f 8710 8713 8716
f 8708 8707 8717
f 8546 8601 8599
f 8546 8545 8603
f 8550 8607 8603
f 8556 8609 8607
f 8560 8611 8609
f 8564 8606 8611
f 8565 8598 8606
f 8565 8567 8596
f 8567 8562 8594
f 8562 8553 8592
f 8553 8552 8590
f 8590 8552 8541
f 8540 8585 8588
f 8543 8599 8585
f 8684 8449 8450
f 8579 8452 8449
f 8682 8447 8448
f 8447 8682 8683
f 8681 8448 8458
f 8584 8718 8619
f 8628 8718 8577
f 8457 8456 8577
f 8574 8457 8718
f 7134 6920 6919
f 6164 6163 6919
f 5485 6608 6609
f 3832 5351 8188
f 5921 6609 6221
f 5922 4281 7128
f 6439 8719 8720
f 8720 8719 6570
f 6570 8719 8721
f 6439 6447 8721
f 6727 6058 6057
f 6312 6057 6073
f 6828 6248 6073
f 6877 6268 6267
f 6745 6267 6299
f 6891 6306 6305
f 6338 6747 6746
f 6438 6411 6410
f 6412 6411 6440
f 6564 6421 6424
f 6842 6578 6577
f 6889 6305 6829
f 6579 6578 6564
f 6435 6410 6565
f 8722 6857 6306
f 8723 6859 6058
f 6269 6268 6878
f 7160 7157 6829
f 8724 8144 8143
f 8238 8231 6248
f 6339 6746 6744
f 8395 6577 6338
f 6879 6878 8404
f 8422 8415 8231
f 8725 8143 6859
f 8416 8415 7157
f 6059 6050 6049
f 6330 6099 6049
f 7156 6260 6259
f 6269 6265 6264
f 6297 6349 6264
f 6340 6352 6351
f 6368 6842 8395
f 6422 6414 6559
f 6436 6403 6404
f 6447 6439 6438
f 6424 6423 6436
f 6331 6827 6099
f 6422 6421 6842
f 8722 8403 6856
f 8141 6863 6862
f 6265 6855 6617
f 6324 6890 6259
f 7158 7155 6260
f 6709 8145 6863
f 8235 8237 6827
f 6298 6349 6352
f 6370 6369 6351
f 6891 6890 8403
f 8419 8421 8237
f 6051 6050 8145
f 8422 8421 7155
f 8721 6447 6446
f 6748 6440 8720
f 8727 6008 6011
f 8158 6009 8144
f 6009 6008 6861
f 6008 8727 6862
f 8142 6862 8727
f 6554 6553 6893
f 6833 6707 6708
f 6708 6856 8403
f 5623 6911 6892
f 8406 8366 8365
f 8407 8375 8366
f 8377 8376 8408
f 8397 8396 6530
f 6651 8399 8400
f 8402 8401 6616
f 6618 6707 8399
f 6554 8404 6878
f 8396 8405 6854
f 8401 6553 6552
f 6892 8397 6529
f 8353 8400 8365
f 8377 8409 6276
f 8409 8410 6277
f 8410 5597 5932
f 8726 8404 6857
f 8726 6856 6855
f 7234 6107 6106
f 8279 6124 6127
f 8354 6224 6227
f 6246 6245 6619
f 8239 6280 6282
f 8162 6283 6286
f 6292 6354 6246
f 6382 6378 6377
f 6392 6397 6396
f 6396 6395 6427
f 6398 6397 6443
f 6459 6443 6458
f 6525 6520 6523
f 6558 6272 6271
f 6429 6428 6560
f 6460 6458 6572
f 6272 6558 3736
f 7128 6603 6602
f 6227 6245 6244
f 7180 6631 6634
f 6642 6286 6285
f 6356 6741 6740
f 6816 6815 8218
f 6820 8300 8301
f 6355 6832 6741
f 6344 6835 6834
f 6364 6841 6840
f 6375 6378 6560
f 6848 6847 6488
f 6853 6852 6506
f 6530 6854 6740
f 8140 6871 6874
f 6555 6271 6831
f 8215 6106 6881
f 6348 6895 6894
f 6383 6895 6896
f 6433 6897 6896
f 6432 6897 6898
f 6406 6899 6898
f 6900 6455 6387
f 6900 6449 6448
f 6472 6904 6903
f 6480 6905 6903
f 6497 6907 6906
f 6908 6519 6518
f 4280 5933 6120
f 6100 7167 7170
f 6632 6631 7188
f 7235 8214 7201
f 7206 7209 7212
f 8213 7257 7232
f 8214 8213 7231
f 6108 6107 7200
f 7238 8299 8300
f 7207 7212 8299
f 8205 7241 7240
f 6170 6169 7232
f 6638 8146 8149
f 6601 6874 8157
f 6600 8157 6283
f 8392 8223 8222
f 6278 6280 8241
f 6816 8272 8274
f 6642 6815 6814
f 6128 7170 6124
f 8195 6602 6127
f 8212 8211 8286
f 8292 8287 8286
f 8290 8289 8210
f 8207 8293 8290
f 8294 8293 8295
f 8206 8296 8295
f 6817 8301 8297
f 8288 6170 7256
f 7209 7206 7240
f 6225 6224 8360
f 8369 8368 8360
f 8375 8376 8368
f 8381 8380 8387
f 8385 8381 8383
f 8385 8386 8391
f 8147 8146 6282
f 6345 6894 6835
f 6327 6832 6834
f 6295 6354 6841
f 6379 6377 6840
f 6853 6847 6845
f 6479 6906 6905
f 6848 6572 6571
f 6452 6901 6904
f 6525 6852 6851
f 6496 6909 6907
f 8402 8405 6876
f 8408 8407 8387
f 6279 8241 8222
f 6872 6871 8149
f 8223 8386 8373
f 6526 8433 8436
f 8446 8445 8426
f 8455 8454 8431
f 8446 8459 8450
f 8454 8433 8432
f 6908 8445 8428
f 8578 8455 8451
f 8632 8631 8625
f 8640 8632 8624
f 8660 8663 8662
f 8662 8644 8643
f 8675 8673 8631
f 8680 8678 8663
f 8683 8665 8643
f 8578 8640 8630
f 8673 8675 8708
f 8678 8680 8705
f 8711 8705 8704
f 8706 8708 8715
f 8703 8714 8712
f 8459 8683 8685
f 8407 8408 8376
f 6615 6854 8405
f 5993 6080 6335
f 6060 6682 6018
f 5993 6047 6081
f 6105 6104 6176
f 6177 6104 6000
f 6309 6311 6310
f 8725 6315 6314
f 8724 6314 6318
f 6321 6320 6053
f 6249 6595 6310
f 6596 6254 6257
f 8188 6606 6605
f 5986 6683 6682
f 6714 6726 6311
f 6047 6320 6086
f 6875 6596 6304
f 6001 6105 6912
f 7162 7159 6597
f 7254 7163 6912
f 6684 6683 7163
f 8723 8136 6315
f 6592 8159 6318
f 8332 8331 8171
f 6607 6606 5350
f 8191 8190 8198
f 8197 8192 8193
f 8159 6592 6319
f 8232 8236 6595
f 8192 8190 7173
f 8189 6605 8193
f 6177 8191 8199
f 6733 8331 8330
f 8340 8341 8330
f 8341 5994 6335
f 8412 6721 6875
f 8414 8411 6273
f 8416 8420 8236
f 6727 6726 8136
f 8417 8420 7159
f 6277 5932 5558
f 5935 5576 6635
f 5991 5990 6061
f 6019 6018 6682
f 5999 6034 6033
f 6045 6044 6677
f 6055 6054 6083
f 5995 6064 6063
f 6084 6054 6053
f 6088 5990 5989
f 6063 6084 6046
f 6066 6097 6034
f 6103 6102 7181
f 6673 6676 6133
f 6149 6148 6153
f 6323 6088 8166
f 6585 6584 6083
f 6630 6629 6702
f 6634 6633 7168
f 6676 6149 6152
f 6703 6629 6628
f 6796 6729 6728
f 6069 6729 6097
f 6132 6798 6674
f 6803 6799 6800
f 6011 6010 6055
f 6799 6803 6582
f 7194 8271 6881
f 7131 6584 6583
f 6798 7133 6913
f 7179 7178 8204
f 7183 7182 7246
f 7188 7183 7242
f 6109 7196 7192
f 7204 6630 6176
f 7219 7218 6628
f 7218 7228 7248
f 7179 7219 6627
f 7250 7254 6704
f 7228 7252 7249
f 6678 7250 7249
f 5997 7252 7251
f 8168 8167 6644
f 8167 8169 6732
f 8169 8170 6733
f 8170 8171 8331
f 8336 8335 8173
f 8182 8338 8175
f 8182 8174 8176
f 8181 8176 8177
f 8180 8177 8179
f 7133 6728 6590
f 7130 7131 8194
f 8200 6633 6632
f 7178 8201 8205
f 8269 6154 6153
f 8254 8311 8252
f 8260 6102 6101
f 8179 8263 6802
f 8263 8264 6038
f 8264 8265 6039
f 8265 8266 6130
f 8266 8267 6157
f 8267 8268 6158
f 8268 8270 8217
f 8270 8272 6816
f 6813 8274 8273
f 8273 8275 8247
f 8276 8260 8277
f 7192 8251 8250
f 8252 8316 8259
f 8276 8275 8250
f 7204 8200 7177
f 7182 8316 8315
f 8343 8339 8334
f 8333 8337 8342
f 8343 8342 6800
f 8340 8339 6064
f 6323 8349 8350
f 8168 8352 8348
f 8349 5937 5936
f 8352 5939 5938
f 6103 6634 7167
f 8271 8269 8216
f 8201 7188 7241
f 8274 8272 8271
f 5991 6018 6017
f 8728 8171 6017
f 5997 5996 6680
f 5996 6033 6045
f 6033 6032 6042
f 6042 6032 8175
f 8172 8175 8338
f 8336 8338 8337
f 6684 6678 6677
f 6681 6677 6044
f 6019 6044 6043
f 6016 6043 8173
f 8728 8173 8335
f 8332 8335 8334
f 8194 6332 8160
f 6805 6010 6009
f 5940 5941 7137
f 8324 5496 5942
f 8325 5942 5495
f 6253 5943 4292
f 7137 5941 5944
f 8348 5938 5937
f 8350 5936 5530
f 5624 8150 6159
f 6718 4293 5940
f 8327 5945 5490
f 8347 5946 5939
f 5933 5502 6121
f 8184 5532 5946
f 7142 4298 5615
f 6145 5487 5945
f 8234 5947 5943
f 8328 5948 5488
f 8318 5500 5948
f 7139 5494 4299
f 8418 5616 5947
f 5604 8414 6599
f 5949 3853 6712
f 5944 5949 6716
f 6720 5601 5950
f 6255 5950 4322
f 5614 5935 6235
f 6711 3852 5951
f 8161 5951 3857
f 5973 5964 2965
f 2965 5964 5963
f 222 5963 5960
f 223 5960 5958
f 5958 5957 3185
f 5957 5970 2977
f 5970 5967 1213
f 5967 5966 1214
f 2532 1214 5966
f 2894 2532 5953
f 2871 2894 5952
f 5510 5722 5721
f 5822 5825 5824
f 3511 3512 3844
f 3887 3892 3889
f 3876 3879 3878
f 3356 3357 3911
f 3372 3373 3390
f 3849 3854 3851
f 3481 3478 3867
f 3873 3874 3385
f 3875 3375 3450
f 3915 3794 3865
f 3657 3670 3671
f 5618 5973 3013
f 1997 1996 1889
f 1237 745 744
f 1535 1534 120
f 1531 1532 201
f 1119 1241 1032
f 946 948 824
f 163 8 5
f 9041 9178 9175
f 1155 1156 1162
f 427 213 327
f 553 1902 796
f 8732 2232 2231
f 8732 3178 2230
f 2237 3183 3180
f 8734 8735 8736
f 8735 8737 8738
f 8737 8739 8740
f 8739 8741 8742
f 8743 8744 8745
f 8746 8745 8747
f 8749 8750 8748
f 8751 8752 8750
f 8754 8755 8756
f 8757 8758 8755
f 8759 8760 8758
f 8761 8762 8760
f 8763 8764 8762
f 8766 8751 8749
f 8765 8749 8747
f 8767 8747 8745
f 8768 8745 8744
f 8744 8770 8771
f 8770 8741 8772
f 8741 8739 8773
f 8739 8737 8774
f 8737 8735 8775
f 8735 8734 8776
f 8776 8734 8777
f 2904 8778 8779
f 8780 8778 2904
f 8781 8780 2902
f 2875 8782 8781
f 8783 8784 2733
f 2825 8785 8786
f 8788 8789 8790
f 8792 8788 8787
f 2724 2723 8785
f 8787 8790 3115
f 8791 8787 3117
f 8794 8766 8765
f 8793 8765 8767
f 8795 8767 8768
f 8796 8768 8769
f 8797 8769 8771
f 8771 8772 8799
f 8772 8773 8800
f 8773 8774 8801
f 8774 8775 8802
f 8775 8776 8803
f 8776 3184 3056
f 8802 8803 2253
f 8801 8802 2252
f 8800 8801 1727
f 8799 8800 2150
f 8804 8798 8799
f 8805 8797 8798
f 8806 8796 8797
f 8807 8795 8796
f 8793 8795 8807
f 8794 8793 8808
f 8810 8811 8809
f 8808 8807 8806
f 8810 8806 8805
f 8813 8811 8810
f 8812 8805 8804
f 8815 8813 8812
f 8814 8804 1941
f 8755 8750 8752
f 8758 8748 8750
f 8760 8746 8748
f 8762 8743 8746
f 8816 8817 8764
f 8818 8819 8820
f 8816 8763 8782
f 8821 8818 8817
f 8789 8821 8783
f 8818 8821 8789
f 8819 8818 8788
f 8822 8820 8819
f 8823 8819 8792
f 8824 8792 8791
f 2712 8791 3119
f 8826 8822 8823
f 8825 8823 8824
f 8827 8824 2712
f 8828 8827 2711
f 8829 8825 8827
f 8830 8826 8825
f 8743 8762 8764
f 8817 8820 8831
f 8770 8744 8743
f 8741 8770 8831
f 8820 8822 8742
f 8740 8742 8822
f 8738 8740 8826
f 8736 8738 8830
f 8833 8828 2400
f 8834 8829 8828
f 8832 8830 8829
f 8835 8833 2402
f 3058 8835 2707
f 3061 8836 8835
f 8836 8834 8833
f 8733 8736 8832
f 8837 8832 8834
f 8777 8734 8733
f 8838 8733 8837
f 8837 8836 3061
f 1961 3057 8838
f 3057 3184 8777
f 8779 8754 8753
f 8778 8757 8754
f 8780 8759 8757
f 8781 8761 8759
f 8782 8763 8761
f 8821 8816 8784
f 8785 8790 8789
f 2723 3115 8790
f 2875 2733 8784
f 2736 2824 8786
f 2947 8779 8839
f 8815 8814 1360
f 1900 1925 1924
f 1736 1717 1718
f 1955 1952 1943
f 1671 1738 1735
f 1696 1750 1698
f 1800 1865 1864
f 2063 2055 2056
f 1737 1734 1717
f 1751 1735 1697
f 943 9337 9351
f 9108 8839 8753
f 1577 1578 1764
f 9369 1598 1599
f 1945 146 82
f 68 6 7
f 147 1542 1543
f 1109 1135 1133
f 1503 1910 1907
f 1499 1501 1909
f 452 1922 735
f 1824 2068 9287
f 1825 2067 2068
f 1463 1462 1022
f 841 1012 1009
f 1568 1547 1955
f 1910 1503 1502
f 1939 1502 422
f 309 280 1940
f 1804 1851 1866
f 269 1482 1954
f 2065 1607 2060
f 9264 1685 1758
f 280 276 552
f 1875 1873 1869
f 1739 1721 1734
f 5923 5897 5899
f 1778 1779 1790
f 310 1920 1915
f 1909 1908 1906
f 1789 1783 1778
f 978 981 980
f 1584 1759 1731
f 425 426 311
f 148 1543 115
f 2044 9349 9346
f 277 1910 1939
f 1943 1946 1945
f 1461 1462 1463
f 2253 8803 3056
f 2981 2254 8927
f 2209 2998 8927
f 2254 2253 3055
f 2998 926 958
f 2826 2817 2721
f 8928 2739 2721
f 2816 8929 8928
f 2334 2297 2296
f 2298 2297 2334
f 2301 2298 2336
f 2311 2301 2338
f 2312 2311 2354
f 2359 2358 2361
f 2335 2296 2359
f 2414 2413 2365
f 2413 2270 2361
f 2355 2352 2540
f 2541 2540 2539
f 2722 2721 2739
f 3114 2722 2738
f 3110 3112 3121
f 3108 3110 3120
f 3122 1754 3127
f 3112 3122 3126
f 3127 1754 1753
f 3139 3133 2529
f 9196 9227 3133
f 8928 2789 2740
f 8929 2790 2789
f 228 229 91
f 245 244 243
f 248 7 247
f 2 297 296
f 145 146 300
f 327 213 210
f 329 332 331
f 239 241 240
f 373 376 375
f 178 177 176
f 1218 1225 1228
f 9314 1231 1295
f 808 809 824
f 9310 9311 1013
f 9265 9262 1411
f 2154 2149 2159
f 9297 9287 1758
f 306 807 1922
f 2157 2153 1976
f 708 709 2031
f 1450 1226 1227
f 1672 1604 1605
f 1813 1814 1821
f 1717 1716 1715
f 176 159 402
f 1710 1705 9368
f 1712 1580 1577
f 1705 1713 1711
f 3435 3476 3475
f 971 978 979
f 822 823 1094
f 2909 2810 2793
f 2810 2769 2795
f 2799 2910 2249
f 9114 9095 2910
f 2769 2768 2801
f 3177 3176 3178
f 3178 8732 3180
f 3181 1394 1393
f 3181 1633 1632
f 3182 1632 2244
f 3183 2244 2243
f 8932 2791 2790
f 2808 8932 8929
f 2239 9018 9016
f 1149 1150 9015
f 1150 2009 9011
f 2202 9013 9010
f 2921 9008 9009
f 9012 9004 2133
f 1777 1579 1759
f 1201 1196 1183
f 9005 8998 2195
f 8997 9020 2770
f 9379 9377 1687
f 1516 152 154
f 8993 9006 2974
f 8994 8992 2779
f 2771 2772 9019
f 3070 2771 8990
f 8991 8988 2775
f 1376 1375 1370
f 2767 8987 9000
f 2195 8998 8987
f 2775 8988 8986
f 8344 5617 8989
f 9256 9254 8983
f 2776 8986 8982
f 2240 9016 8979
f 2920 8979 9121
f 8992 8978 2786
f 1805 1850 1851
f 8978 8976 2787
f 2951 2773 8984
f 2772 2951 8975
f 2973 2224 8974
f 2224 2223 8981
f 1957 1953 320
f 306 305 304
f 2770 9020 8972
f 2913 8972 9018
f 2923 9009 8971
f 308 1940 431
f 207 208 132
f 1879 1876 1881
f 9185 9239 8969
f 2475 3070 9002
f 2476 2475 8968
f 2223 2476 8967
f 8966 8993 2803
f 2037 9007 11
f 1959 1958 450
f 2003 8999 8964
f 9 10 334
f 2009 2008 8962
f 2008 2973 8980
f 9329 672 673
f 8959 8994 2778
f 2935 8958 8957
f 111 1149 9014
f 3238 3342 3341
f 8954 8958 2935
f 683 9328 9337
f 8952 9001 2810
f 736 733 732
f 1795 1804 1803
f 8949 8954 2938
f 8951 8949 2939
f 2950 8956 8948
f 2940 2949 8948
f 9253 9243 8956
f 2868 8953 8946
f 2869 8946 8966
f 1024 1034 1023
f 8944 8947 2948
f 551 1939 442
f 2972 8943 9012
f 2032 8977 8943
f 216 93 1924
f 3532 3534 3482
f 203 202 201
f 3539 3542 3541
f 1828 1848 1847
f 1958 1957 449
f 272 271 178
f 2871 8989 8939
f 9071 9121 9008
f 2801 2768 9095
f 2005 9210 9106
f 960 886 899
f 9109 9107 9064
f 9232 9240 9098
f 3151 9098 9045
f 2193 9056 9075
f 9059 9055 3145
f 9055 9101 2761
f 9044 9059 3144
f 2926 9110 9086
f 9086 9044 3104
f 9207 9206 9198
f 566 567 9210
f 8839 9108 1864
f 1602 1586 2079
f 2868 9110 9063
f 2922 9063 9062
f 2923 9062 9070
f 9122 9065 2918
f 9071 9122 9066
f 2921 9070 9122
f 2920 9066 9038
f 9065 9094 2915
f 2917 2766 9074
f 2916 2917 9093
f 2239 9039 9104
f 2911 9092 9104
f 9095 9092 2911
f 2797 2801 9114
f 2797 9043 9050
f 9074 9080 2763
f 9060 9080 2764
f 2194 9075 9100
f 2221 9100 9101
f 2756 9060 9061
f 2750 9050 9061
f 9121 8979 1817
f 9215 9222 1691
f 2515 9073 9042
f 2548 9042 9045
f 2513 2489 9084
f 2513 9068 9073
f 2509 9085 9072
f 2510 9084 9085
f 2289 9072 9091
f 2283 9091 9069
f 2240 9038 9039
f 9111 9109 9076
f 716 2121 9339
f 727 1999 9213
f 2165 2171 2170
f 9112 9111 9078
f 9195 9033 9030
f 2175 2172 769
f 2100 500 2095
f 9210 567 9209
f 640 9004 9012
f 1653 9020 8997
f 1895 8980 8974
f 746 8974 8981
f 1653 1810 8972
f 9214 1603 1604
f 2093 2075 2073
f 959 996 995
f 962 899 919
f 1400 1401 1398
f 1000 817 1127
f 956 959 884
f 1662 8992 8994
f 2034 9002 8990
f 9378 1689 8983
f 8979 9016 766
f 9016 9018 765
f 334 9014 9015
f 1868 8975 8984
f 1684 1651 1652
f 1682 1683 775
f 1585 1603 9214
f 9215 9214 1672
f 2173 2174 490
f 1658 8988 8991
f 9000 8987 1650
f 1571 9206 2010
f 1587 9116 9123
f 2099 2095 2077
f 787 9213 1999
f 2000 9146 786
f 3155 339 9149
f 9165 3155 9135
f 2180 2179 9137
f 8940 2180 9136
f 1684 9298 9292
f 1760 464 8939
f 2607 9141 9145
f 2581 9128 9141
f 2371 2502 9152
f 2371 9147 9145
f 2587 9128 9127
f 2586 9127 9149
f 2497 9143 9139
f 2502 2503 9139
f 2494 9143 9142
f 9142 9140 2472
f 9140 9153 2468
f 9153 9155 2469
f 726 9360 9344
f 581 9011 8962
f 10 8955 9014
f 1837 8958 8954
f 741 8981 8967
f 1299 8968 9002
f 1851 8951 8948
f 8971 9009 1820
f 580 8962 8980
f 1758 1685 8966
f 1693 9001 8952
f 8948 8956 1867
f 1894 1826 9012
f 2126 1418 9265
f 9358 2126 9293
f 2113 9363 9319
f 2179 9165 9241
f 624 9355 9356
f 2192 9056 9240
f 2177 8985 9239
f 1364 9276 9285
f 9310 9307 1470
f 3135 1753 9227
f 2069 9264 9287
f 1351 9313 9305
f 2108 9334 9353
f 2089 2092 9188
f 9280 9286 1358
f 2001 9201 9235
f 2187 9235 9171
f 2130 9208 9204
f 2004 9204 9201
f 2014 9176 9231
f 2201 9231 9208
f 3167 9172 9211
f 3168 9176 9172
f 3159 9161 9216
f 3160 9216 9217
f 9182 9159 3158
f 3158 9159 9161
f 2200 3069 9182
f 9137 9241 9194
f 9174 9226 2197
f 9242 9188 2092
f 9226 9242 9173
f 3154 9158 9242
f 3155 9165 9158
f 2091 9171 9173
f 2196 3148 9202
f 2193 2196 9228
f 9056 2193 9233
f 2086 2192 9232
f 2087 2086 9230
f 2204 9194 9203
f 2205 9203 9202
f 9361 9338 574
f 2124 2087 9229
f 2208 2124 9212
f 9163 9237 3140
f 9237 9197 3138
f 9197 9196 3139
f 9223 9164 3136
f 9164 9163 3137
f 9227 9219 3131
f 9219 9234 3132
f 1813 9291 9290
f 1293 9306 9308
f 2184 2321 9200
f 2181 2184 9184
f 9217 9220 3079
f 9220 9186 3080
f 709 9325 9327
f 2774 2961 9189
f 9238 9221 2134
f 9261 9260 766
f 2968 9236 9218
f 2969 9211 9236
f 2958 9199 9189
f 2132 9199 9218
f 2321 2185 9223
f 9312 9300 1449
f 9357 9326 582
f 9338 9341 577
f 9299 9278 1818
f 705 9354 9339
f 9268 9364 9359
f 2111 9335 9363
f 9262 9281 1366
f 1812 9291 9274
f 675 9303 9304
f 8940 9157 9303
f 2110 9319 9320
f 2104 9348 9353
f 2109 9320 9351
f 9294 9283 703
f 1680 9263 9298
f 1639 1627 9271
f 623 9356 9358
f 2139 2140 9318
f 1808 1640 9296
f 9272 9273 1819
f 9324 9366 9352
f 1646 9284 9282
f 9341 9342 633
f 2139 9317 9327
f 2156 2155 9323
f 674 9304 9365
f 2117 9269 9264
f 1815 9274 9299
f 9307 9301 1444
f 697 9358 9364
f 866 842 9288
f 9316 9321 2136
f 9037 9183 9178
f 9035 9192 9183
f 9205 9198 9190
f 9192 9035 9033
f 1088 9190 9198
f 9191 9192 9195
f 2791 8932 8933
f 8932 2808 2807
f 2792 8933 8934
f 8933 2807 2806
f 8952 2909 8934
f 8960 8934 2806
f 2948 8947 9243
f 2105 9360 9348
f 8982 9254 9256
f 680 9330 9328
f 1891 1890 9362
f 2905 9251 9253
f 2900 9249 9251
f 2901 9249 9259
f 2734 2878 9258
f 2877 9259 9258
f 2820 9252 9246
f 2818 9248 9244
f 2823 9245 9244
f 2822 9245 9250
f 2819 2735 9252
f 2817 9248 9247
f 2809 9257 9247
f 2808 9257 9255
f 2805 9256 9255
f 1702 9373 9375
f 9374 9372 1797
f 9367 9368 1706
f 9370 9379 1692
f 1657 9350 9332
f 1890 1877 9347
f 9224 9222 1674
f 1689 1690 9224
f 9378 9254 8982
f 8960 8983 1689
f 9369 9375 1703
f 1598 9369 9380
f 9332 9336 1876
f 1691 1690 9377
f 9377 9378 1688
f 9386 9385 9389
f 9386 9390 9391
f 9384 9388 9389
f 9390 9394 9395
f 9389 9388 9392
f 9389 9393 9394
f 9394 9398 9399
f 9393 9392 9396
f 9394 9393 9397
f 9399 9398 9402
f 9396 9400 9401
f 9397 9401 9402
f 9402 9406 9407
f 9401 9400 9404
f 9402 9401 9405
f 9407 9406 9410
f 9405 9404 9408
f 9405 9409 9410
f 9411 9410 9414
f 9409 9408 9412
f 9410 9409 9413
f 9414 9418 9419
f 9412 9416 9417
f 9413 9417 9418
f 9418 9422 9423
f 9417 9416 9420
f 9418 9417 9421
f 9422 9426 9427
f 9420 9424 9425
f 9421 9425 9426
f 9426 9430 9431
f 9425 9424 9428
f 9426 9425 9429
f 9431 9430 9434
f 9428 9432 9433
f 9429 9433 9434
f 9434 9438 9439
f 9433 9432 9436
f 9434 9433 9437
f 9439 9438 9442
f 9436 9440 9441
f 9437 9441 9442
f 9443 9442 9446
f 9441 9440 9444
f 9442 9441 9445
f 9447 9446 9450
f 9444 9448 9449
f 9445 9449 9450
f 9450 9454 9455
f 9449 9448 9452
f 9450 9449 9453
f 9454 9458 9459
f 9452 9456 9457
f 9453 9457 9458
f 9458 9462 9463
f 9457 9456 9460
f 9458 9457 9461
f 9463 9462 9466
f 9460 9464 9465
f 9461 9465 9466
f 9466 9470 9471
f 9465 9464 9468
f 9466 9465 9469
f 9471 9470 9474
f 9468 9472 9473
f 9469 9473 9474
f 9475 9474 9478
f 9473 9472 9476
f 9474 9473 9477
f 9479 9478 9482
f 9476 9480 9481
f 9477 9481 9482
f 9483 9482 9486
f 9481 9480 9484
f 9482 9481 9485
f 9486 9490 9491
f 9484 9488 9489
f 9485 9489 9490
f 9490 9494 9495
f 9489 9488 9492
f 9490 9489 9493
f 9495 9494 9498
f 9492 9496 9497
f 9493 9497 9498
f 9498 9502 9503
f 9497 9496 9500
f 9498 9497 9501
f 9503 9502 9507
f 9500 9505 9506
f 9501 9506 9507
f 9508 9507 9511
f 9505 9509 9510
f 9507 9506 9510
f 9512 9511 9386
f 9510 9509 9384
f 9510 9385 9386
f 9521 9520 9533
f 9518 9531 9532
f 9517 9516 9529
f 9515 9514 9527
f 9523 9536 9537
f 9521 9534 9535
f 9519 9532 9533
f 9518 9517 9530
f 9515 9528 9529
f 9513 9526 9527
f 9524 9537 9538
f 9523 9522 9535
f 9528 9541 9542
f 9526 9539 9540
f 9538 9537 9550
f 9535 9548 9549
f 9534 9533 9546
f 9531 9544 9545
f 9530 9529 9542
f 9528 9527 9540
f 9537 9536 9549
f 9534 9547 9548
f 9532 9545 9546
f 9531 9530 9543
f 9541 9554 9555
f 9540 9539 9552
f 9550 9563 9564
f 9548 9561 9562
f 9547 9546 9559
f 9544 9557 9558
f 9542 9555 9556
f 9541 9540 9553
f 9549 9562 9563
f 9547 9560 9561
f 9546 9545 9558
f 9544 9543 9556
f 9555 9554 9567
f 9552 9565 9566
f 9564 9563 9576
f 9562 9561 9574
f 9559 9572 9573
f 9557 9570 9571
f 9555 9568 9569
f 9553 9566 9567
f 9562 9575 9576
f 9561 9560 9573
f 9559 9558 9571
f 9557 9556 9569
f 9567 9580 9581
f 9566 9565 9578
f 9576 9589 9590
f 9575 9574 9587
f 9572 9585 9586
f 9571 9570 9583
f 9569 9568 9581
f 9566 9579 9580
f 9576 9575 9588
f 9574 9573 9586
f 9571 9584 9585
f 9569 9582 9583
f 9581 9580 9593
f 9578 9591 9592
f 9590 9589 9602
f 9588 9587 9600
f 9585 9598 9599
f 9583 9596 9597
f 9582 9581 9594
f 9579 9592 9593
f 9589 9588 9601
f 9587 9586 9599
f 9584 9597 9598
f 9583 9582 9595
f 9594 9593 9606
f 9592 9591 9604
f 9602 9615 9616
f 9601 9600 9613
f 9598 9611 9612
f 9596 9609 9610
f 9594 9607 9608
f 9592 9605 9606
f 9601 9614 9615
f 9600 9599 9612
f 9598 9597 9610
f 9596 9595 9608
f 9607 9606 9619
f 9605 9604 9617
f 9615 9628 9629
f 9613 9626 9627
f 9611 9624 9625
f 9610 9609 9622
f 9607 9620 9621
f 9605 9618 9619
f 9615 9614 9627
f 9613 9612 9625
f 9611 9610 9623
f 9608 9621 9622
f 9619 9632 9633
f 9617 9630 9631
f 9628 9641 9642
f 9627 9626 9639
f 9625 9624 9637
f 9622 9635 9636
f 9621 9620 9633
f 9619 9618 9631
f 9627 9640 9641
f 9625 9638 9639
f 9623 9636 9637
f 9622 9621 9634
f 9632 9645 9646
f 9630 9643 9644
f 9642 9641 9654
f 9639 9652 9653
f 9638 9637 9650
f 9635 9648 9649
f 9634 9633 9646
f 9632 9631 9644
f 9641 9640 9653
f 9638 9651 9652
f 9636 9649 9650
f 9635 9634 9647
f 9645 9658 9659
f 9644 9643 9656
f 9654 9667 9668
f 9652 9665 9666
f 9651 9650 9663
f 9648 9661 9662
f 9646 9659 9660
f 9645 9644 9657
f 9653 9666 9667
f 9651 9664 9665
f 9650 9649 9662
f 9648 9647 9660
f 9659 9658 9671
f 9656 9669 9670
f 9668 9667 9680
f 9665 9678 9679
f 9663 9676 9677
f 9661 9674 9675
f 9659 9672 9673
f 9657 9670 9671
f 9666 9679 9680
f 9665 9664 9677
f 9663 9662 9675
f 9661 9660 9673
f 9671 9684 9685
f 9670 9669 9682
f 9680 9693 9694
f 9678 9691 9692
f 9677 9676 9689
f 9675 9674 9687
f 9673 9672 9685
f 9670 9683 9684
f 9680 9679 9692
f 9678 9677 9690
f 9675 9688 9689
f 9673 9686 9687
f 9685 9684 9697
f 9682 9695 9696
f 9694 9693 9706
f 9692 9691 9704
f 9689 9702 9703
f 9687 9700 9701
f 9686 9685 9698
f 9683 9696 9697
f 9693 9692 9705
f 9691 9690 9703
f 9688 9701 9702
f 9687 9686 9699
f 9698 9697 9710
f 9696 9695 9708
f 9706 9719 9720
f 9705 9704 9717
f 9702 9715 9716
f 9700 9713 9714
f 9698 9711 9712
f 9696 9709 9710
f 9705 9718 9719
f 9704 9703 9716
f 9702 9701 9714
f 9700 9699 9712
f 9711 9710 9723
f 9709 9708 9721
f 9719 9732 9733
f 9717 9730 9731
f 9715 9728 9729
f 9714 9713 9726
f 9711 9724 9725
f 9709 9722 9723
f 9718 9731 9732
f 9717 9716 9729
f 9715 9714 9727
f 9712 9725 9726
f 9723 9736 9737
f 9721 9734 9735
f 9733 9732 9745
f 9731 9730 9743
f 9729 9728 9741
f 9726 9739 9740
f 9725 9724 9737
f 9723 9722 9735
f 9732 9731 9744
f 9729 9742 9743
f 9727 9740 9741
f 9726 9725 9738
f 9736 9749 9750
f 9734 9747 9748
f 9746 9745 9758
f 9743 9756 9757
f 9742 9741 9754
f 9739 9752 9753
f 9738 9737 9750
f 9736 9735 9748
f 9745 9744 9757
f 9742 9755 9756
f 9740 9753 9754
f 9739 9738 9751
f 9749 9762 9763
f 9748 9747 9760
f 9758 9771 9772
f 9756 9769 9770
f 9755 9754 9767
f 9752 9765 9766
f 9750 9763 9764
f 9749 9748 9761
f 9757 9770 9771
f 9756 9755 9768
f 9754 9753 9766
f 9752 9751 9764
f 9762 9775 9776
f 9760 9773 9774
f 9772 9771 9784
f 9770 9769 9782
f 9768 9767 9780
f 9765 9778 9779
f 9763 9776 9777
f 9762 9761 9774
f 9770 9783 9784
f 9768 9781 9782
f 9767 9766 9779
f 9764 9777 9778
f 9775 9788 9789
f 9774 9773 9786
f 9784 9797 9798
f 9782 9795 9796
f 9781 9780 9793
f 9779 9778 9791
f 9777 9776 9789
f 9774 9787 9788
f 9784 9783 9796
f 9782 9781 9794
f 9779 9792 9793
f 9777 9790 9791
f 9789 9788 9802
f 9786 9800 9801
f 9798 9797 9811
f 9796 9795 9809
f 9793 9807 9808
f 9792 9791 9805
f 9790 9789 9803
f 9787 9801 9802
f 9797 9796 9810
f 9795 9794 9808
f 9792 9806 9807
f 9790 9804 9805
f 9803 9802 9815
f 9801 9800 9813
f 9811 9824 9825
f 9810 9809 9822
f 9807 9820 9821
f 9806 9805 9818
f 9803 9816 9817
f 9801 9814 9815
f 9810 9823 9824
f 9809 9808 9821
f 9807 9806 9819
f 9804 9817 9818
f 9816 9815 9828
f 9814 9813 9826
f 9825 9824 9837
f 9822 9835 9836
f 9820 9833 9834
f 9819 9818 9831
f 9816 9829 9830
f 9814 9827 9828
f 9824 9823 9836
f 9822 9821 9834
f 9820 9819 9832
f 9817 9830 9831
f 9828 9841 9842
f 9826 9839 9840
f 9837 9850 9851
f 9836 9835 9848
f 9834 9833 9846
f 9831 9844 9845
f 9830 9829 9842
f 9828 9827 9840
f 9836 9849 9850
f 9834 9847 9848
f 9832 9845 9846
f 9831 9830 9843
f 9841 9854 9855
f 9839 9852 9853
f 9851 9850 9863
f 9848 9861 9862
f 9847 9846 9859
f 9845 9844 9857
f 9843 9842 9855
f 9841 9840 9853
f 9850 9849 9862
f 9847 9860 9861
f 9845 9858 9859
f 9843 9856 9857
f 9854 9867 9868
f 9853 9852 9865
f 9863 9876 9877
f 9861 9874 9875
f 9860 9859 9872
f 9858 9857 9870
f 9855 9868 9869
f 9854 9853 9866
f 9862 9875 9876
f 9860 9873 9874
f 9859 9858 9871
f 9856 9869 9870
f 9868 9867 9880
f 9865 9878 9879
f 9877 9876 9889
f 9875 9874 9887
f 9873 9872 9885
f 9870 9883 9884
f 9868 9881 9882
f 9867 9866 9879
f 9875 9888 9889
f 9873 9886 9887
f 9872 9871 9884
f 9870 9869 9882
f 9880 9893 9894
f 9878 9891 9892
f 9889 9902 9903
f 9887 9900 9901
f 9886 9885 9898
f 9884 9883 9896
f 9882 9881 9894
f 9879 9892 9893
f 9889 9888 9901
f 9887 9886 9899
f 9884 9897 9898
f 9882 9895 9896
f 9894 9893 9906
f 9891 9904 9905
f 9903 9902 9915
f 9901 9900 9913
f 9898 9911 9912
f 9896 9909 9910
f 9895 9894 9907
f 9892 9905 9906
f 9902 9901 9914
f 9899 9912 9913
f 9897 9910 9911
f 9896 9895 9908
f 9907 9906 9919
f 9905 9904 9917
f 9915 9928 9929
f 9914 9913 9926
f 9911 9924 9925
f 9909 9922 9923
f 9907 9920 9921
f 9905 9918 9919
f 9914 9927 9928
f 9913 9912 9925
f 9911 9910 9923
f 9909 9908 9921
f 9920 9919 9515
f 9918 9917 9513
f 9929 9928 9524
f 9926 9522 9523
f 9924 9520 9521
f 9923 9922 9518
f 9920 9516 9517
f 9918 9514 9515
f 9928 9927 9523
f 9926 9925 9521
f 9924 9923 9519
f 9921 9517 9518
f 9387 9513 9917
f 9917 9904 9508
f 9904 9891 9503
f 9891 9878 9499
f 9499 9878 9865
f 9495 9865 9852
f 9491 9852 9839
f 9839 9826 9483
f 9483 9826 9813
f 9813 9800 9475
f 9800 9786 9471
f 9786 9773 9467
f 9467 9773 9760
f 9463 9760 9747
f 9459 9747 9734
f 9734 9721 9451
f 9451 9721 9708
f 9708 9695 9443
f 9695 9682 9439
f 9682 9669 9435
f 9435 9669 9656
f 9431 9656 9643
f 9427 9643 9630
f 9630 9617 9419
f 9419 9617 9604
f 9604 9591 9411
f 9591 9578 9407
f 9578 9565 9403
f 9403 9565 9552
f 9399 9552 9539
f 9395 9539 9526
f 9526 9513 9387
f 9932 9931 9935
f 9932 9936 9937
f 9931 9930 9934
f 9936 9940 9941
f 9934 9938 9939
f 9935 9939 9940
f 9940 9944 9945
f 9939 9938 9942
f 9940 9939 9943
f 9945 9944 9948
f 9942 9946 9947
f 9943 9947 9948
f 9948 9952 9953
f 9947 9946 9950
f 9948 9947 9951
f 9953 9952 9956
f 9950 9954 9955
f 9951 9955 9956
f 9957 9956 9960
f 9955 9954 9958
f 9956 9955 9959
f 9961 9960 9964
f 9958 9962 9963
f 9959 9963 9964
f 9965 9964 9968
f 9963 9962 9966
f 9964 9963 9967
f 9968 9972 9973
f 9966 9970 9971
f 9967 9971 9972
f 9972 9976 9977
f 9970 9974 9975
f 9972 9971 9975
f 9977 9976 9980
f 9974 9978 9979
f 9975 9979 9980
f 9980 9984 9985
f 9979 9978 9982
f 9980 9979 9983
f 9985 9984 9988
f 9982 9986 9987
f 9983 9987 9988
f 9989 9988 9992
f 9986 9990 9991
f 9988 9987 9991
f 9993 9992 9996
f 9991 9990 9994
f 9991 9995 9996
f 9996 10000 10001
f 9994 9998 9999
f 9996 9995 9999
f 10000 10004 10005
f 9999 9998 10002
f 9999 10003 10004
f 10004 10008 10009
f 10003 10002 10006
f 10004 10003 10007
f 10009 10008 10012
f 10006 10010 10011
f 10007 10011 10012
f 10012 10016 10017
f 10011 10010 10014
f 10012 10011 10015
f 10017 10016 10020
f 10014 10018 10019
f 10015 10019 10020
f 10021 10020 10024
f 10019 10018 10022
f 10020 10019 10023
f 10024 10028 10029
f 10022 10026 10027
f 10023 10027 10028
f 10028 10032 10033
f 10027 10026 10030
f 10028 10027 10031
f 10032 10036 10037
f 10030 10034 10035
f 10031 10035 10036
f 10036 10040 10041
f 10035 10034 10038
f 10036 10035 10039
f 10041 10040 10044
f 10038 10042 10043
f 10039 10043 10044
f 10044 10048 10049
f 10043 10042 10046
f 10044 10043 10047
f 10049 10048 10053
f 10046 10051 10052
f 10047 10052 10053
f 10054 10053 10057
f 10052 10051 10055
f 10053 10052 10056
f 10058 10057 9932
f 10055 9930 9931
f 10056 9931 9932
f 10067 10066 10079
f 10064 10077 10078
f 10063 10062 10075
f 10061 10060 10073
f 10070 10069 10082
f 10067 10080 10081
f 10065 10078 10079
f 10064 10063 10076
f 10061 10074 10075
f 10059 10072 10073
f 10071 10070 10083
f 10069 10068 10081
f 10074 10087 10088
f 10072 10085 10086
f 10084 10083 10096
f 10081 10094 10095
f 10080 10079 10092
f 10078 10077 10090
f 10076 10075 10088
f 10074 10073 10086
f 10083 10082 10095
f 10080 10093 10094
f 10078 10091 10092
f 10076 10089 10090
f 10087 10100 10101
f 10086 10085 10098
f 10096 10109 10110
f 10094 10107 10108
f 10093 10092 10105
f 10091 10090 10103
f 10088 10101 10102
f 10087 10086 10099
f 10095 10108 10109
f 10094 10093 10106
f 10092 10091 10104
f 10089 10102 10103
f 10100 10113 10114
f 10098 10111 10112
f 10110 10109 10122
f 10108 10107 10120
f 10105 10118 10119
f 10103 10116 10117
f 10101 10114 10115
f 10100 10099 10112
f 10108 10121 10122
f 10106 10119 10120
f 10105 10104 10117
f 10103 10102 10115
f 10113 10126 10127
f 10112 10111 10124
f 10122 10135 10136
f 10120 10133 10134
f 10119 10118 10131
f 10117 10116 10129
f 10115 10114 10127
f 10113 10112 10125
f 10122 10121 10134
f 10119 10132 10133
f 10117 10130 10131
f 10115 10128 10129
f 10127 10126 10139
f 10124 10137 10138
f 10136 10135 10148
f 10134 10133 10146
f 10131 10144 10145
f 10130 10129 10142
f 10128 10127 10140
f 10125 10138 10139
f 10135 10134 10147
f 10133 10132 10145
f 10130 10143 10144
f 10128 10141 10142
f 10140 10139 10152
f 10138 10137 10150
f 10148 10161 10162
f 10147 10146 10159
f 10144 10157 10158
f 10143 10142 10155
f 10140 10153 10154
f 10138 10151 10152
f 10147 10160 10161
f 10146 10145 10158
f 10144 10143 10156
f 10141 10154 10155
f 10153 10152 10165
f 10151 10150 10163
f 10162 10161 10174
f 10159 10172 10173
f 10157 10170 10171
f 10156 10155 10168
f 10153 10166 10167
f 10151 10164 10165
f 10161 10160 10173
f 10159 10158 10171
f 10157 10156 10169
f 10154 10167 10168
f 10165 10178 10179
f 10163 10176 10177
f 10175 10174 10187
f 10173 10172 10185
f 10171 10170 10183
f 10168 10181 10182
f 10167 10166 10179
f 10165 10164 10177
f 10173 10186 10187
f 10171 10184 10185
f 10169 10182 10183
f 10168 10167 10180
f 10178 10191 10192
f 10176 10189 10190
f 10188 10187 10200
f 10185 10198 10199
f 10184 10183 10196
f 10182 10181 10194
f 10180 10179 10192
f 10178 10177 10190
f 10187 10186 10199
f 10184 10197 10198
f 10182 10195 10196
f 10180 10193 10194
f 10191 10204 10205
f 10190 10189 10202
f 10200 10213 10214
f 10198 10211 10212
f 10197 10196 10209
f 10195 10194 10207
f 10192 10205 10206
f 10191 10190 10203
f 10199 10212 10213
f 10197 10210 10211
f 10196 10195 10208
f 10193 10206 10207
f 10205 10204 10217
f 10202 10215 10216
f 10214 10213 10226
f 10211 10224 10225
f 10210 10209 10222
f 10207 10220 10221
f 10205 10218 10219
f 10204 10203 10216
f 10212 10225 10226
f 10210 10223 10224
f 10209 10208 10221
f 10207 10206 10219
f 10217 10230 10231
f 10216 10215 10228
f 10226 10239 10240
f 10224 10237 10238
f 10223 10222 10235
f 10221 10220 10233
f 10219 10218 10231
f 10217 10216 10229
f 10226 10225 10238
f 10223 10236 10237
f 10221 10234 10235
f 10219 10232 10233
f 10231 10230 10243
f 10228 10241 10242
f 10240 10239 10252
f 10238 10237 10250
f 10235 10248 10249
f 10234 10233 10246
f 10232 10231 10244
f 10229 10242 10243
f 10239 10238 10251
f 10237 10236 10249
f 10234 10247 10248
f 10232 10245 10246
f 10244 10243 10256
f 10242 10241 10254
f 10252 10265 10266
f 10251 10250 10263
f 10248 10261 10262
f 10247 10246 10259
f 10244 10257 10258
f 10242 10255 10256
f 10251 10264 10265
f 10250 10249 10262
f 10248 10247 10260
f 10245 10258 10259
f 10257 10256 10269
f 10255 10254 10267
f 10266 10265 10278
f 10263 10276 10277
f 10261 10274 10275
f 10260 10259 10272
f 10257 10270 10271
f 10255 10268 10269
f 10265 10264 10277
f 10263 10262 10275
f 10261 10260 10273
f 10258 10271 10272
f 10269 10282 10283
f 10267 10280 10281
f 10278 10291 10292
f 10277 10276 10289
f 10275 10274 10287
f 10272 10285 10286
f 10271 10270 10283
f 10269 10268 10281
f 10277 10290 10291
f 10275 10288 10289
f 10273 10286 10287
f 10272 10271 10284
f 10282 10295 10296
f 10280 10293 10294
f 10292 10291 10304
f 10289 10302 10303
f 10288 10287 10300
f 10286 10285 10298
f 10284 10283 10296
f 10282 10281 10294
f 10291 10290 10303
f 10288 10301 10302
f 10286 10299 10300
f 10284 10297 10298
f 10295 10308 10309
f 10294 10293 10306
f 10304 10317 10318
f 10302 10315 10316
f 10301 10300 10313
f 10299 10298 10311
f 10296 10309 10310
f 10295 10294 10307
f 10303 10316 10317
f 10301 10314 10315
f 10300 10299 10312
f 10297 10310 10311
f 10309 10308 10321
f 10307 10306 10319
f 10318 10317 10330
f 10316 10315 10328
f 10314 10313 10326
f 10311 10324 10325
f 10309 10322 10323
f 10308 10307 10320
f 10316 10329 10330
f 10314 10327 10328
f 10313 10312 10325
f 10311 10310 10323
f 10321 10334 10335
f 10320 10319 10332
f 10330 10343 10344
f 10329 10328 10341
f 10326 10339 10340
f 10325 10324 10337
f 10323 10322 10335
f 10320 10333 10334
f 10330 10329 10342
f 10328 10327 10340
f 10325 10338 10339
f 10323 10336 10337
f 10335 10334 10348
f 10332 10346 10347
f 10344 10343 10357
f 10342 10341 10355
f 10339 10353 10354
f 10337 10351 10352
f 10336 10335 10349
f 10333 10347 10348
f 10343 10342 10356
f 10341 10340 10354
f 10338 10352 10353
f 10337 10336 10350
f 10349 10348 10361
f 10347 10346 10359
f 10357 10370 10371
f 10356 10355 10368
f 10353 10366 10367
f 10351 10364 10365
f 10349 10362 10363
f 10347 10360 10361
f 10356 10369 10370
f 10355 10354 10367
f 10353 10352 10365
f 10351 10350 10363
f 10362 10361 10374
f 10360 10359 10372
f 10371 10370 10383
f 10368 10381 10382
f 10366 10379 10380
f 10365 10364 10377
f 10362 10375 10376
f 10360 10373 10374
f 10370 10369 10382
f 10368 10367 10380
f 10366 10365 10378
f 10363 10376 10377
f 10374 10387 10388
f 10372 10385 10386
f 10383 10396 10397
f 10382 10381 10394
f 10380 10379 10392
f 10377 10390 10391
f 10376 10375 10388
f 10374 10373 10386
f 10382 10395 10396
f 10380 10393 10394
f 10378 10391 10392
f 10377 10376 10389
f 10387 10400 10401
f 10385 10398 10399
f 10397 10396 10409
f 10394 10407 10408
f 10393 10392 10405
f 10390 10403 10404
f 10389 10388 10401
f 10387 10386 10399
f 10396 10395 10408
f 10393 10406 10407
f 10391 10404 10405
f 10390 10389 10402
f 10400 10413 10414
f 10399 10398 10411
f 10409 10422 10423
f 10407 10420 10421
f 10406 10405 10418
f 10403 10416 10417
f 10401 10414 10415
f 10400 10399 10412
f 10408 10421 10422
f 10406 10419 10420
f 10405 10404 10417
f 10403 10402 10415
f 10414 10413 10426
f 10411 10424 10425
f 10423 10422 10435
f 10420 10433 10434
f 10418 10431 10432
f 10416 10429 10430
f 10414 10427 10428
f 10412 10425 10426
f 10421 10434 10435
f 10419 10432 10433
f 10418 10417 10430
f 10416 10415 10428
f 10427 10426 10439
f 10425 10424 10437
f 10435 10448 10449
f 10433 10446 10447
f 10431 10444 10445
f 10430 10429 10442
f 10428 10427 10440
f 10425 10438 10439
f 10435 10434 10447
f 10433 10432 10445
f 10430 10443 10444
f 10428 10441 10442
f 10440 10439 10452
f 10437 10450 10451
f 10449 10448 10461
f 10447 10446 10459
f 10444 10457 10458
f 10443 10442 10455
f 10441 10440 10453
f 10438 10451 10452
f 10448 10447 10460
f 10446 10445 10458
f 10443 10456 10457
f 10441 10454 10455
f 10453 10452 10465
f 10451 10450 10463
f 10461 10474 10475
f 10460 10459 10472
f 10457 10470 10471
f 10456 10455 10468
f 10453 10466 10467
f 10451 10464 10465
f 10460 10473 10474
f 10459 10458 10471
f 10457 10456 10469
f 10454 10467 10468
f 10466 10465 10061
f 10464 10463 10059
f 10474 10070 10071
f 10472 10068 10069
f 10470 10066 10067
f 10469 10468 10064
f 10466 10062 10063
f 10464 10060 10061
f 10473 10069 10070
f 10472 10471 10067
f 10470 10469 10065
f 10467 10063 10064
f 9933 10059 10463
f 10463 10450 10054
f 10450 10437 10049
f 10437 10424 10045
f 10045 10424 10411
f 10041 10411 10398
f 10037 10398 10385
f 10385 10372 10029
f 10029 10372 10359
f 10359 10346 10021
f 10346 10332 10017
f 10332 10319 10013
f 10013 10319 10306
f 10009 10306 10293
f 10005 10293 10280
f 10280 10267 9997
f 9997 10267 10254
f 10254 10241 9989
f 10241 10228 9985
f 10228 10215 9981
f 9981 10215 10202
f 9977 10202 10189
f 9973 10189 10176
f 10176 10163 9965
f 9965 10163 10150
f 10150 10137 9957
f 10137 10124 9953
f 10124 10111 9949
f 9949 10111 10098
f 9945 10098 10085
f 9941 10085 10072
f 10072 10059 9933

