# https://github.com/mikedh/trimesh
v 0.07945719 -1.05918241 0.00572637
v 0.08260530 -1.05795109 0.00297539
v 0.08306739 -1.05937493 0.00260535
v 0.07962380 -1.06036305 0.00515897
v 0.09460129 -1.06197762 0.00739203
v 0.09226900 -1.06465435 0.00381924
v 0.09159386 -1.06748199 0.00368327
v 0.09288895 -1.06778836 0.00622959
v 0.08161961 -1.02868986 0.08540654
v 0.07010740 -1.02933145 0.09597751
v 0.06910187 -1.01684237 0.09485283
v 0.07814234 -1.01307237 0.08458465
v 0.08713910 -0.98382181 0.06206278
v 0.08377505 -0.99375236 0.06744532
v 0.08537040 -0.98047370 0.07355791
v 0.09001192 -0.97426069 0.05988602
v 0.01116582 -1.10537231 -0.06678825
v 0.02029845 -1.10466504 -0.06512432
v 0.01801394 -1.09786987 -0.06697489
v -0.02906262 -1.05933928 0.06913013
v -0.03302398 -1.05818534 0.07021976
v -0.03358249 -1.05964470 0.07013565
v -0.02947344 -1.06072831 0.06888544
v -0.03539824 -1.06199181 0.08311465
v -0.03728059 -1.06486678 0.07935663
v -0.03702366 -1.06758142 0.07827436
v -0.03569960 -1.06787348 0.08103186
v 0.00977614 -1.09797335 -0.06762886
v 0.11428355 -1.08662701 0.00512179
v 0.11510015 -1.08403754 0.00637195
v 0.11442762 -1.08222079 0.00476493
v 0.11362702 -1.08451664 0.00386731
v 0.11163845 -1.06757605 0.00778218
v 0.11168295 -1.07532418 0.00835699
v 0.11291067 -1.07819891 0.00810394
v 0.11288622 -1.07585168 0.00748348
v 0.11089975 -1.05650210 0.00634243
v 0.10969692 -1.05710852 0.00631560
v 0.11162806 -1.06198955 0.00653408
v 0.11292394 -1.06178546 0.00686949
v 0.08842126 -1.03398919 -0.00230899
v 0.09165157 -1.03628051 -0.00255001
v 0.09264545 -1.03430057 -0.00126980
v 0.08790152 -1.03275430 -0.00013918
v 0.08545233 -1.03381515 0.00211155
v 0.09159635 -1.03392732 0.00337452
v 0.09129374 -1.03701603 0.00379052
v 0.08637081 -1.03632295 0.00290952
v 0.10184464 -1.09412384 -0.00576171
v 0.10221872 -1.09079933 -0.00591663
v 0.09965617 -1.08947325 -0.00708565
v 0.09905037 -1.09291410 -0.00724605
v 0.09648949 -1.06149030 0.01365755
v 0.09455775 -1.05473745 0.01345071
v 0.10143931 -1.05999637 0.01239360
v 0.10180973 -1.06295753 0.01213364
v 0.10498391 -1.08473194 0.00237312
v 0.10736467 -1.08621538 0.00489625
v 0.10847834 -1.08420479 0.00572234
v 0.10631477 -1.08216166 0.00415405
v 0.11156484 -1.08846354 0.00759031
v 0.11258759 -1.08555341 0.00890833
v 0.08572978 -1.04175115 -0.00420002
v 0.08416617 -1.04510748 -0.00490097
v 0.08521140 -1.04695976 -0.00445480
v 0.08639206 -1.04615569 -0.00347953
v 0.09188112 -1.06103504 0.00500429
v 0.09198193 -1.06501317 0.00232431
v 0.10565823 -1.04531777 0.00541470
v 0.10508628 -1.04713225 0.00420469
v 0.10822126 -1.05164146 0.00550279
v 0.10898654 -1.05036819 0.00683982
v 0.10144097 -1.04928875 0.00385740
v 0.10478458 -1.05240250 0.00553111
v 0.10648969 -1.05328250 0.00639134
v 0.10482170 -1.05084896 0.00535103
v 0.10693352 -1.08816028 0.00047812
v 0.10273981 -1.08950388 -0.00286726
v 0.10348403 -1.08914733 -0.00331814
v 0.10771038 -1.08760929 0.00004383
v 0.10272372 -1.07530344 0.00902747
v 0.10030179 -1.08011138 0.00760935
v 0.09953928 -1.07931781 0.00815338
v 0.10178795 -1.07511854 0.00962231
v 0.11083639 -1.08564615 0.00617806
v 0.11179265 -1.08314610 0.00721164
v 0.10968122 -1.08172560 0.00689460
v 0.09074901 -1.08009505 -0.00173428
v 0.09178956 -1.08124447 -0.00129434
v 0.09247115 -1.07968068 -0.00089218
v 0.09187603 -1.07824886 -0.00125128
v 0.09396307 -1.03362083 0.00191372
v 0.09068222 -1.04517496 0.01048277
v 0.09308712 -1.04617274 0.01051388
v 0.09672657 -1.05060625 0.01086245
v 0.09549022 -1.05164075 0.01182040
v 0.08351158 -1.03476202 -0.00168705
v 0.08614781 -1.03514719 -0.00344352
v 0.08747774 -1.03425002 -0.00287823
v 0.08497298 -1.03366733 -0.00085714
v 0.09373356 -1.08488441 -0.00293246
v 0.09694321 -1.08466077 -0.00195717
v 0.09496696 -1.08351636 -0.00145700
v 0.09272785 -1.08352029 -0.00240802
v 0.10995151 -1.07304657 0.00761254
v 0.10760513 -1.07952797 0.00567903
v 0.10764459 -1.06283188 0.00434154
v 0.10902661 -1.06349361 0.00694972
v 0.10811944 -1.05920839 0.00649443
v 0.03026973 -1.02868903 0.10963088
v 0.04608013 -1.02985823 0.10671736
v 0.04537417 -1.01749825 0.10645845
v 0.02901768 -1.01325822 0.10639611
v 0.10682004 -1.05863929 0.00394654
v 0.10680321 -1.07089221 0.00322423
v 0.10859615 -1.07152963 0.00615680
v 0.11176200 -1.08130717 0.00504906
v 0.11260490 -1.07510650 0.00596373
v 0.11181186 -1.08194530 0.00595497
v 0.09694476 -1.08303785 0.00667349
v 0.09852098 -1.08657813 0.00987074
v 0.09919833 -1.07992327 0.01222891
v 0.09807380 -1.08058894 0.00793899
v 0.08555262 -1.05094099 -0.00534092
v 0.08733962 -1.05319095 -0.00522366
v 0.08737758 -1.05107772 -0.00320686
v 0.08670417 -1.04891264 -0.00258398
v 0.09685364 -1.04853380 0.00966940
v 0.09351845 -1.04510295 0.00962855
v 0.09366251 -1.04460216 0.00871232
v 0.09681823 -1.04666042 0.00853196
v 0.10009120 -1.08635533 -0.00156186
v 0.10099839 -1.08126056 -0.00020431
v 0.09877052 -1.08092368 -0.00057464
v 0.09421590 -1.04925466 -0.00145263
v 0.09568401 -1.05083358 -0.00048406
v 0.09770263 -1.04816318 0.00096760
v 0.09650264 -1.04595196 0.00019883
v 0.09989339 -1.03797793 0.00355979
v 0.09822892 -1.03764808 0.00537387
v 0.09479725 -1.03534389 0.00405113
v 0.09686027 -1.03526211 0.00257885
v 0.08649772 -1.04777026 -0.00321779
v 0.08540837 -1.04839277 -0.00450820
v 0.10531825 -1.07597733 0.00958295
v 0.10288765 -1.08175945 0.00770296
v 0.10483749 -1.08005846 0.00280709
v 0.10596427 -1.07778418 0.00386617
v 0.08957419 -1.06431484 -0.00332669
v 0.08798160 -1.06505835 -0.00123085
v 0.08806722 -1.06418467 -0.00108051
v 0.09021084 -1.06263638 -0.00346410
v 0.08925670 -1.06405926 -0.00467944
v 0.08986086 -1.06237745 -0.00480696
v 0.08894415 -1.06202173 -0.00559776
v 0.08846753 -1.06293416 -0.00569060
v 0.08745499 -1.06545854 -0.00049321
v 0.08762772 -1.06505251 -0.00079950
v 0.08795884 -1.06567287 -0.00079903
v 0.09663296 -1.07077384 0.00719754
v 0.09894808 -1.06311882 0.00873415
v 0.09687577 -1.06259704 0.00894184
v 0.09443168 -1.06919241 0.00734946
v 0.11043689 -1.06488848 0.00765899
v 0.09440506 -1.08850694 -0.00896987
v 0.09278901 -1.09076071 -0.00850600
v 0.09704127 -1.09485865 -0.00648526
v 0.09210028 -1.05193424 0.00434171
v 0.09291728 -1.05264401 0.00034861
v 0.09086415 -1.05205739 -0.00045621
v 0.09090737 -1.05134416 0.00313904
v 0.08790405 -1.05554283 -0.00117070
v 0.08611251 -1.05213559 -0.00049058
v 0.08925097 -1.05377233 -0.00318016
v 0.08816494 -1.07023406 -0.00551350
v 0.08873694 -1.06664050 -0.00231419
v 0.08900334 -1.06532252 -0.00351988
v 0.08857819 -1.06555247 -0.00480561
v 0.11154936 -1.05587161 0.00773983
v 0.11358178 -1.06150508 0.00838178
v 0.11287910 -1.06150413 0.01056629
v 0.11087651 -1.05547953 0.00995870
v 0.08333729 -1.03796911 -0.00379273
v 0.08178793 -1.03558826 0.00077653
v 0.08228184 -1.04063809 -0.00463653
v 0.11030939 -1.09246874 0.00028208
v 0.10734290 -1.09460711 0.00207121
v 0.10910033 -1.09290195 0.00414471
v 0.11206546 -1.09085524 0.00218794
v 0.08968869 -1.07295167 0.00298549
v 0.08977865 -1.07070386 0.00278287
v 0.08924153 -1.07200146 0.00131092
v 0.08891289 -1.07403016 0.00136510
v 0.09469020 -1.04115522 0.05573617
v 0.09316304 -1.03861511 0.03521749
v 0.09914599 -1.05448031 0.03862600
v 0.09993206 -1.05654788 0.05566128
v 0.10038237 -1.04078269 0.00192603
v 0.09841334 -1.03828108 0.00061131
v 0.08803409 -1.07786286 -0.00812077
v 0.08649035 -1.07959712 -0.00952636
v 0.08771668 -1.08544493 -0.00955448
v 0.08868462 -1.08208156 -0.00943135
v 0.11431848 -1.07759762 0.01060632
v 0.11606184 -1.07666826 0.00785396
v 0.09249233 -1.08509469 -0.00409634
v 0.09678678 -1.08910871 -0.00354381
v 0.09462082 -1.08643246 -0.00299195
v 0.09234096 -1.08462083 -0.00359571
v 0.09201867 -1.07611561 -0.00405162
v 0.09227635 -1.07744288 -0.00486200
v 0.09066057 -1.07840848 -0.00398063
v 0.09002358 -1.07697201 -0.00315807
v 0.08507933 -1.08433008 -0.01090020
v 0.08771052 -1.08986223 -0.00928964
v 0.08852467 -1.04435694 0.01096587
v 0.09072241 -1.07714009 -0.00664823
v 0.09109331 -1.07972813 -0.00778487
v 0.09275125 -1.07910013 -0.00577863
v 0.00326367 -0.98383439 0.09696228
v 0.01068113 -0.99359053 0.09997072
v 0.01181879 -0.98068243 0.10350607
v -0.00052249 -0.97392154 0.09635963
v 0.08229636 -1.04566503 -0.00624566
v 0.08405438 -1.04776216 -0.00532132
v 0.09172832 -1.08365703 -0.00329079
v 0.09118101 -1.08239841 -0.00278453
v 0.08998217 -1.07840133 -0.00199600
v 0.09136858 -1.07661259 -0.00085636
v 0.10116206 -1.07123959 0.00242053
v 0.10420386 -1.06310952 0.00373936
v 0.09514081 -1.05346882 0.02352903
v 0.08605471 -1.03663301 0.01542206
v 0.08963403 -1.07882929 -0.00332581
v 0.08962621 -1.07925248 -0.00311807
v 0.08924694 -1.07829332 -0.00230382
v 0.08915026 -1.07768428 -0.00253122
v 0.09630591 -1.03622985 -0.00040203
v 0.09807846 -1.07727981 0.00046769
v 0.09466940 -1.07514226 0.00068264
v 0.09459774 -1.07715237 -0.00070719
v 0.11273500 -1.06671834 0.00604836
v 0.11340515 -1.07493103 0.00526211
v 0.11529174 -1.07556558 0.00595711
v 0.11444388 -1.06679308 0.00664338
v 0.08317046 -1.03471088 0.00149415
v 0.09035076 -1.07006001 0.00354691
v 0.09127900 -1.06823778 0.00244141
v 0.08967503 -1.07536960 0.00090536
v 0.08881801 -1.07670093 -0.00094720
v 0.08382113 -1.05071187 -0.00644464
v 0.10834392 -1.08922279 0.00377737
v 0.10963883 -1.08758831 0.00497194
v 0.10646258 -1.08764577 0.00351239
v 0.10529702 -1.08857989 0.00210569
v 0.10287945 -1.08982265 -0.00038932
v 0.10264566 -1.09119868 -0.00093367
v 0.10654439 -1.09057438 0.00220787
v 0.09286540 -1.07576799 -0.00009780
v 0.09314364 -1.07740784 -0.00121657
v 0.09305649 -1.04783630 -0.00196853
v 0.09466746 -1.04226840 -0.00080179
v 0.10628302 -1.05544865 0.00557988
v 0.10479152 -1.05558133 0.00299951
v 0.11036153 -1.06744337 0.01172764
v 0.10977071 -1.07690465 0.01126187
v 0.10744590 -1.07624912 0.01024918
v 0.10862438 -1.06735945 0.01113772
v 0.10157657 -1.06894660 0.01169747
v 0.09845503 -1.06960118 0.01298678
v 0.08764566 -1.06397259 -0.00592977
v 0.08544834 -1.06761014 -0.00770599
v 0.08934996 -1.07469988 0.00127281
v 0.08866102 -1.07599497 -0.00063043
v 0.10165277 -1.05145347 0.00958802
v 0.09506183 -1.04332304 0.00629375
v 0.10105711 -1.04910183 0.00824562
v 0.09029526 -1.04233837 0.00667903
v 0.08897419 -1.04098821 0.00502361
v 0.09220093 -1.04122353 0.00504152
v 0.10112609 -1.05100155 0.00268111
v 0.10384872 -1.05265045 0.00400055
v 0.08739913 -1.06528473 0.00019440
v 0.08679239 -1.06391549 0.00203652
v 0.08640735 -1.06495881 0.00027387
v 0.10458036 -1.07075727 0.00198071
v 0.10614352 -1.06290078 0.00314905
v 0.09192710 -1.07983041 -0.00477348
v 0.09143198 -1.06964505 -0.00219107
v 0.09097601 -1.07296407 -0.00458925
v 0.09423545 -1.08326602 -0.00745060
v 0.09315588 -1.08174801 -0.00582331
v 0.09270743 -1.08075869 -0.00536823
v 0.09327310 -1.08110416 -0.00660162
v 0.08208098 -1.05543625 0.00442655
v 0.08441198 -1.05357337 0.00175997
v 0.08548419 -1.05671954 0.00048283
v 0.10100067 -1.09049237 -0.00183627
v 0.10209619 -1.08867157 -0.00080042
v 0.10491956 -1.08276415 0.00809344
v 0.09297899 -1.08170724 -0.00086312
v 0.09395054 -1.08033061 -0.00017587
v 0.09651272 -1.09440255 0.00314150
v 0.09459379 -1.09205818 0.00053968
v 0.09399777 -1.09225428 -0.00067956
v 0.09421019 -1.09630871 -0.00119188
v 0.08711262 -1.03788233 0.00330371
v 0.09083495 -1.03866231 0.00393771
v 0.09072459 -1.03987491 0.00429688
v 0.08794540 -1.03945827 0.00388542
v 0.09001128 -1.05155540 -0.00058706
v 0.09023900 -1.05099595 0.00246435
v 0.10858623 -1.05712795 0.00720822
v 0.10744906 -1.05614972 0.00680611
v 0.10928722 -1.06041169 0.00743987
v 0.11045864 -1.06184721 0.00758632
v 0.09174124 -1.07429564 0.00443502
v 0.09104149 -1.07305884 0.00470157
v 0.09608386 -1.08655679 0.00215401
v 0.09854399 -1.08911133 0.00174660
v 0.09569579 -1.09142995 -0.00110966
v 0.09426495 -1.08932674 -0.00021999
v 0.10719910 -1.08394754 0.00905064
v 0.09397981 -1.07880223 -0.00044430
v 0.09508879 -1.07916534 0.00009286
v 0.09327337 -1.07914448 -0.00064669
v 0.08966394 -1.07604575 -0.00248238
v 0.09178090 -1.07494712 -0.00308865
v 0.09425028 -1.08378184 -0.00588377
v 0.09875834 -1.08781767 -0.00523432
v 0.09806459 -1.08785617 -0.00467316
v 0.09383687 -1.08452284 -0.00548184
v 0.09029517 -1.08087730 -0.00286995
v 0.07468739 -1.04337335 0.09818941
v 0.07920505 -1.05544198 0.10064560
v -0.05709659 -1.10510170 -0.02753578
v -0.06092254 -1.10444975 -0.01863789
v -0.06094972 -1.09781504 -0.02160575
v -0.05700993 -1.09791446 -0.02925213
v 0.09100777 -1.09073365 -0.00752202
v 0.09353665 -1.09307218 -0.00466692
v 0.09452607 -1.09404659 -0.00503169
v 0.09187061 -1.09172940 -0.00709131
v 0.10493575 -1.08725524 0.00192335
v 0.11101459 -1.08440721 0.00500108
v 0.09171645 -1.06641698 0.00061372
v 0.08917180 -1.06341469 0.00236031
v 0.08005416 -1.06193316 0.00636555
v 0.08026848 -1.06315160 0.00602784
v 0.08135846 -1.06297052 0.00689047
v 0.08125153 -1.06169868 0.00744709
v 0.08428772 -1.05707562 0.00679780
v 0.08618592 -1.05583239 0.00442886
v 0.08500168 -1.05365992 0.00398949
v 0.08354396 -1.05484200 0.00699548
v 0.08001016 -1.05886531 0.00744889
v 0.07998697 -1.06043720 0.00681145
v 0.08135302 -1.06004047 0.00794684
v 0.08162437 -1.05831039 0.00874846
v 0.09936923 -1.09004831 -0.00332284
v 0.10183337 -1.09034419 -0.00270976
v 0.11169462 -1.08339000 0.00357021
v 0.11239703 -1.08121109 0.00426097
v 0.10877158 -1.08793211 0.00240126
v 0.10992713 -1.08634186 0.00367636
v 0.08733736 -1.05589890 -0.00579803
v 0.08919677 -1.05626106 -0.00481493
v 0.08896954 -1.05460155 -0.00444753
v 0.11249737 -1.08645892 0.00274251
v 0.11323975 -1.08879387 0.00373241
v 0.08625698 -1.03856313 -0.00410852
v 0.08493444 -1.03705394 -0.00393235
v 0.06283034 -0.95944250 0.00586749
v 0.07549100 -0.96665472 0.01231712
v 0.07612062 -0.95504284 0.01429497
v 0.06415412 -0.94793260 0.00808187
v 0.09285092 -1.08569157 -0.00902526
v 0.09128159 -1.08828592 -0.00893640
v 0.07972774 -1.05712628 0.00671385
v 0.08040629 -1.05650854 0.00823531
v 0.08240894 -1.05465376 0.00609808
v 0.08331856 -1.06092572 0.00231739
v 0.07997803 -1.06178236 0.00492433
v 0.08430603 -1.05874276 0.00643768
v 0.08417913 -1.06376135 0.00450071
v 0.08376199 -1.06472182 0.00307174
v 0.08628057 -1.04998231 0.00151444
v 0.08858734 -1.04982781 0.00255038
v 0.08832993 -1.04940128 -0.00092441
v 0.08173116 -1.05624890 0.00903170
v 0.09051479 -1.07497382 0.00246073
v 0.08671610 -1.05951858 0.00423552
v 0.09030879 -1.05739367 0.00442413
v 0.08976746 -1.05511427 0.00427971
v 0.08661163 -1.05752492 0.00447928
v 0.09898019 -1.04796815 0.00229153
v 0.09902526 -1.04973066 0.00175449
v 0.09353378 -1.05304897 0.00536464
v 0.09539038 -1.05300093 0.00201320
v 0.09122600 -1.06966138 0.00112315
v 0.09149408 -1.07257676 -0.00127504
v 0.08786660 -1.06542897 0.00006164
v 0.08678564 -1.06167626 0.00343154
v 0.08999375 -1.05973089 0.00394714
v 0.08354682 -1.06235504 0.00229698
v 0.08648093 -1.06222582 -0.00014155
v 0.08628622 -1.06341422 -0.00000403
v 0.08357756 -1.06345165 0.00239693
v 0.09682044 -1.08067417 -0.00042085
v 0.08983182 -1.08565497 -0.00945731
v 0.09182175 -1.08270741 -0.00883714
v 0.10296917 -1.10038829 0.01253315
v 0.10385199 -1.09254408 0.01881611
v 0.09827776 -1.09181988 0.00721117
v 0.08417803 -1.06058729 0.00593958
v 0.08064359 -1.06408501 0.00541922
v 0.08073113 -1.06348002 0.00455153
v 0.10730225 -1.05281484 0.00555691
v 0.08881684 -1.04902720 -0.00156403
v 0.08901998 -1.07425296 -0.00100025
v 0.10952982 -1.06177616 0.01151715
v 0.10779753 -1.05616832 0.01103358
v 0.08855206 -1.07556677 -0.00052687
v 0.08882731 -1.07658362 -0.00154041
v 0.08963622 -1.05030394 0.00261972
v 0.08926777 -1.05051315 -0.00098259
v 0.08889763 -1.07696712 -0.00189387
v 0.08977619 -1.05583704 -0.00343502
v 0.10402471 -1.08148623 0.00163426
v 0.09682946 -1.04020953 0.00610755
v 0.09380537 -1.03838968 0.00464576
v 0.08032107 -1.06280041 0.00460301
v 0.08405090 -1.05370235 0.00374398
v 0.08427532 -1.06228709 0.00526658
v 0.08874080 -1.05982745 -0.00155360
v 0.08829212 -1.05765367 -0.00165051
v 0.08992863 -1.05806863 -0.00359962
v 0.09733155 -1.05383253 0.00280158
v 0.09510725 -1.05511987 0.00696155
v 0.09698320 -1.05654287 0.00805251
v 0.09964915 -1.05495167 0.00339126
v 0.10571247 -1.05101299 0.01016667
v 0.10298060 -1.04617202 0.00857210
v 0.10516432 -1.04442513 0.00779294
v 0.10843803 -1.04958642 0.00906266
v 0.10705248 -1.11699653 0.01721510
v 0.09978417 -1.10523438 0.00553348
v 0.10136820 -1.12206852 0.00634770
v 0.10340042 -1.09137225 0.00450213
v 0.10467018 -1.08921885 0.00610444
v 0.11046011 -1.09083951 0.00615709
v 0.09094763 -1.09377837 -0.00562652
v 0.09324139 -1.09201157 -0.00223651
v 0.09269083 -1.09255838 -0.00445746
v 0.11389691 -1.06749749 0.01091113
v 0.08780234 -1.07413852 -0.00692369
v 0.09064716 -1.07495046 -0.00575958
v 0.10106723 -1.05268371 0.01066744
v 0.09908521 -1.05302453 0.00142603
v 0.10196944 -1.05387580 0.00196224
v 0.10487223 -1.09118199 -0.00426022
v 0.10112227 -1.08888721 -0.00464528
v 0.02345791 -0.94472039 -0.00786000
v 0.02522803 -0.93629760 -0.00291470
v -0.02189008 -1.04547513 -0.06115549
v -0.01991305 -1.04553556 -0.06060432
v -0.02064732 -1.04760528 -0.05932455
v -0.02155918 -1.04750347 -0.05962984
v -0.02002795 -1.03660977 -0.05897057
v -0.02020710 -1.03836536 -0.05787108
v -0.01889150 -1.03823686 -0.05742460
v -0.01854672 -1.03675687 -0.05869496
v -0.02321723 -1.04729342 -0.05768436
v -0.02560360 -1.04423940 -0.05890749
v -0.02495441 -1.04493344 -0.06102103
v -0.02266429 -1.04768920 -0.05892412
v 0.10496514 -1.09441066 -0.00395524
v -0.01702508 -1.03644657 -0.06018735
v -0.01748933 -1.03844774 -0.05895730
v -0.01786473 -1.03858745 -0.06092490
v -0.01681611 -1.03710639 -0.06234341
v -0.02735326 -1.03601921 -0.06418517
v -0.02669147 -1.03811181 -0.06507877
v -0.02641847 -1.03761542 -0.06238636
v -0.02601775 -1.03569174 -0.06184703
v -0.02491892 -1.03866684 -0.06538314
v -0.02414592 -1.03803158 -0.06777808
v -0.02187321 -1.03827381 -0.06698786
v -0.02297473 -1.03875124 -0.06463745
v -0.02453198 -1.04069769 -0.05821208
v -0.02379877 -1.03853369 -0.05984977
v -0.02699886 -1.04026699 -0.06097664
v -0.01693520 -1.04121971 -0.05980745
v -0.01727111 -1.04043698 -0.05777614
v -0.01830753 -1.04428840 -0.05728516
v -0.01769974 -1.04494739 -0.05876209
v 0.06292917 -0.97776604 0.00177171
v 0.07584815 -0.98183018 0.01080753
v 0.01178484 -1.06236410 -0.05628966
v 0.01077443 -1.05932343 -0.05639837
v 0.00667967 -1.06039917 -0.05509349
v 0.00784442 -1.06307793 -0.05509869
v 0.08989100 -1.06025672 -0.00492607
v 0.08872853 -1.06097698 -0.00576437
v 0.10574023 -1.08675814 0.00794807
v 0.10688327 -1.08910990 0.00080246
v 0.10206039 -1.09286201 0.00253220
v 0.09843771 -1.09423029 -0.00139800
v 0.09692345 -1.09272480 -0.00111641
v 0.10000178 -1.09089363 0.00212700
v 0.10970023 -1.08941841 -0.00025014
v 0.08975079 -1.04773998 -0.00225857
v 0.10106444 -1.07680368 0.00068572
v 0.09644505 -1.09441090 -0.00326900
v 0.09963886 -1.09597540 -0.00460549
v 0.11182420 -1.06685543 0.00659599
v 0.11116286 -1.08820999 0.00140024
v 0.10922713 -1.08666182 0.00148451
v 0.09539333 -1.08570802 -0.00788078
v 0.09882951 -1.05964804 0.00898471
v 0.10350315 -1.05937028 0.00378202
v 0.10193561 -1.05648899 0.00378539
v -0.04694318 -1.08585846 0.09860593
v -0.04648089 -1.08323777 0.10003178
v -0.04761307 -1.08145428 0.09873105
v -0.04803313 -1.08377898 0.09747017
v -0.04369869 -1.06704032 0.09769361
v -0.04332301 -1.07482350 0.09819090
v -0.04396604 -1.07764792 0.09908553
v -0.04460014 -1.07525527 0.09870191
v 0.09815110 -1.05754566 0.00854798
v 0.09061655 -1.07174826 0.00445160
v 0.08216260 -1.05106556 -0.00832817
v 0.09780777 -1.04320645 0.00097664
v -0.04440978 -1.05585051 0.09602208
v -0.04390594 -1.05649972 0.09500592
v -0.04456079 -1.06137943 0.09681665
v -0.04501346 -1.06110549 0.09812847
v 0.09967748 -1.04467249 0.00231720
v 0.08597195 -1.04311824 0.08552832
v 0.09181378 -1.05557215 0.08644785
v 0.11514264 -1.06711411 0.00852507
v 0.09973074 -1.08985114 -0.00244359
v 0.09186465 -1.04765749 -0.00198679
v 0.09137903 -1.04206383 -0.00170804
v 0.08924466 -1.04209578 -0.00250867
v 0.09463188 -1.07958961 0.00000747
v 0.10039818 -1.05373585 0.01105915
v 0.10080043 -1.05610752 0.01187138
v 0.08139818 -1.06362832 0.00626747
v 0.10175936 -1.04770756 0.00824042
v 0.09610110 -1.04174089 0.00608256
v 0.08512016 -0.98661155 0.02099498
v 0.08853325 -0.99077380 0.03551861
v -0.04106990 -1.03310037 0.07045761
v -0.04302752 -1.03540611 0.07327066
v -0.04252964 -1.03320456 0.07472865
v -0.03894260 -1.03152442 0.07120638
v 0.08979850 -0.97768718 0.03524242
v 0.08513719 -0.97280973 0.02222506
v 0.08284411 -1.06526113 -0.00989530
v 0.08535051 -1.05846000 -0.00708637
v 0.08383743 -1.05703104 -0.00822938
v 0.03616466 -0.95579076 -0.00837626
v 0.03660197 -0.94177681 -0.00261403
v 0.08006259 -1.05101967 -0.01178157
v 0.07471691 -1.04895544 -0.02081450
v 0.07469483 -1.06482375 -0.02370610
v 0.07976129 -1.06087458 -0.01390652
v 0.04264202 -1.09136343 -0.05327583
v 0.04624690 -1.09251666 -0.05006743
v 0.04757558 -1.08308506 -0.04900708
v 0.04384738 -1.08375859 -0.05172166
v -0.00465127 -1.14692068 -0.05502316
v -0.01505808 -1.14720941 -0.05190296
v -0.01262853 -1.15599716 -0.04845702
v -0.00167118 -1.15500510 -0.05068655
v 0.09464686 -1.06465232 0.08791119
v 0.09758073 -1.07618093 0.08969906
v 0.08490664 -1.07400823 0.10616969
v 0.08094080 -1.06332254 0.10263059
v 0.00833243 -1.17512619 -0.03256269
v -0.00248029 -1.17662442 -0.03003105
v 0.00224857 -1.18284345 -0.02178212
v -0.03585535 -1.03294110 0.07017132
v -0.03802615 -1.03294253 0.07566798
v -0.03733607 -1.03601849 0.07578053
v -0.03573743 -1.03553987 0.07147703
v 0.01310883 -1.18083525 -0.02458372
v 0.03284333 -1.06111526 -0.05698372
v 0.03519221 -1.05468369 -0.05692706
v 0.02989959 -1.05360878 -0.05811734
v 0.02843529 -1.06018674 -0.05775342
v 0.09017625 -1.03734601 -0.00300062
v 0.08863412 -1.03787053 -0.00351589
v -0.05072093 -1.09389699 0.08211610
v -0.05099860 -1.09061241 0.08229332
v -0.05053264 -1.08949208 0.07935739
v -0.05031730 -1.09285629 0.07876220
v -0.03143917 -1.06070566 0.08736528
v -0.03115499 -1.05376530 0.08570886
v -0.03477317 -1.05902672 0.09099032
v -0.03497250 -1.06205714 0.09118363
v 0.00794075 -1.18867230 -0.01214372
v 0.01880535 -1.18649709 -0.01554054
v -0.01201488 -1.06858540 -0.05311342
v -0.04495255 -1.08443391 0.08926152
v -0.04402501 -1.08581591 0.09250642
v -0.04372458 -1.08378911 0.09408230
v -0.04411000 -1.08177042 0.09153678
v -0.04329443 -1.08773077 0.09742932
v -0.04274188 -1.08483028 0.09903957
v -0.04132256 -1.04130089 0.06744026
v -0.04141052 -1.04468453 0.06585125
v -0.04157203 -1.04656684 0.06717061
v -0.04119860 -1.04572034 0.06865198
v -0.03580558 -1.06127656 0.07960337
v -0.03821079 -1.06519568 0.07795163
v -0.04309931 -1.04450369 0.09078345
v -0.04368743 -1.04637432 0.08978165
v -0.04380577 -1.05096340 0.09329435
v -0.04325720 -1.04966712 0.09444766
v -0.01034177 -1.07088399 -0.05106551
v -0.00614726 -1.06778860 -0.05117917
v -0.00760298 -1.06544292 -0.05268320
v -0.02035471 -1.11754036 -0.05754938
v -0.01855587 -1.12573695 -0.05623873
v -0.00995637 -1.12599111 -0.05929051
v -0.01236915 -1.11791170 -0.06073504
v -0.00152061 -1.06539261 -0.05183042
v -0.00300678 -1.06314909 -0.05250626
v -0.00973477 -1.16368127 -0.04300557
v 0.00135783 -1.16236007 -0.04524092
v 0.04224408 -1.19971752 0.02655900
v -0.04215366 -1.04872298 0.08665071
v -0.04257593 -1.05179811 0.09053699
v -0.04249927 -1.05275357 0.09240412
v -0.04267038 -1.05026460 0.09036615
v 0.03857895 -1.19911027 0.01895884
v 0.02851322 -1.20191550 0.02473336
v -0.04784195 -1.08772182 0.08976807
v -0.04862569 -1.08915114 0.08442932
v -0.04943867 -1.08880794 0.08476877
v -0.04862680 -1.08718312 0.09017877
v 0.03564057 -1.20283616 0.03512210
v 0.10570527 -1.07493687 0.04013642
v 0.10115942 -1.07187068 0.02459379
v 0.10365657 -1.08373547 0.02319342
v 0.10991783 -1.09215748 0.03723910
v 0.04784976 -0.96385068 -0.00337592
v 0.04911832 -0.94999212 0.00140841
v -0.03751545 -1.07443559 0.09014256
v -0.03744468 -1.07940984 0.08712492
v -0.03692969 -1.07849133 0.08660937
v -0.03702842 -1.07416952 0.08945802
v -0.04456998 -1.08520365 0.09629553
v -0.04413250 -1.08265090 0.09770232
v -0.04337425 -1.08126402 0.09575361
v -0.04160986 -1.08004284 0.07478332
v -0.04202702 -1.08100855 0.07609366
v -0.04202155 -1.07959616 0.07681818
v -0.04189567 -1.07824063 0.07591197
v -0.04050519 -1.03252816 0.07750328
v -0.03130968 -1.04407477 0.08024587
v -0.03217376 -1.04495704 0.08256792
v -0.03364114 -1.04952550 0.08612122
v -0.03227166 -1.05052674 0.08566443
v 0.03164705 -1.11237764 -0.05903003
v 0.03551861 -1.11847043 -0.05666203
v 0.04038990 -1.11157191 -0.05426800
v 0.03628671 -1.10648990 -0.05699072
v -0.02286974 -1.10442579 -0.05902268
v -0.01623100 -1.10448217 -0.06255150
v -0.01771472 -1.09812808 -0.06133646
v -0.02329738 -1.09805691 -0.05855134
v -0.03804436 -1.03429854 0.06622868
v -0.04080079 -1.03464413 0.06786340
v -0.04098605 -1.03361642 0.06935627
v -0.03795569 -1.03299642 0.06813925
v 0.04393162 -1.07648265 -0.05118695
v 0.04781380 -1.07393587 -0.04946185
v 0.04522076 -1.06493032 -0.05206279
v 0.04147254 -1.06885707 -0.05290334
v 0.03653760 -1.06291962 -0.05580726
v -0.04442463 -1.08448577 0.07701594
v -0.04503673 -1.08439255 0.08006346
v -0.04358365 -1.08328784 0.07869295
v -0.04346260 -1.08316827 0.07642737
v 0.03938569 -1.05694842 -0.05559769
v -0.04319246 -1.07259727 0.09647654
v -0.04346216 -1.07910407 0.09345409
v -0.00767049 -1.13617575 -0.05773508
v -0.01712515 -1.13618767 -0.05458786
v 0.04403285 -1.10247648 -0.05179526
v 0.04006978 -1.09914291 -0.05506137
v -0.01611889 -1.07138920 -0.05460567
v -0.01375027 -1.07338691 -0.05186565
v -0.01772786 -1.07753801 -0.05363649
v -0.04494295 -1.06246758 0.09257649
v -0.04345153 -1.06310856 0.09517781
v -0.04333888 -1.05877638 0.09417561
v -0.04481683 -1.05824566 0.09164578
v -0.02386056 -1.07644010 -0.05727826
v -0.02360996 -1.08056426 -0.05640509
v -0.01896377 -1.08095050 -0.05444781
v 0.00682987 -1.11856389 -0.06366509
v 0.00962131 -1.12614036 -0.06187068
v 0.01917851 -1.12564349 -0.06082507
v 0.01619012 -1.11845279 -0.06272455
v 0.00465203 -1.16909087 -0.03926179
v -0.04544749 -1.07057130 0.09158219
v -0.04394258 -1.07111740 0.09465993
v -0.00630765 -1.17022014 -0.03680932
v -0.02342004 -1.08986115 -0.05685290
v -0.01886317 -1.09018469 -0.05739297
v -0.01895830 -1.08684087 -0.05549935
v -0.04600330 -1.08064032 0.09647752
v -0.04580424 -1.07443571 0.09772723
v -0.04521326 -1.08134735 0.09702073
v -0.03677402 -1.08235931 0.08333068
v -0.03508335 -1.08595729 0.08624150
v -0.03324116 -1.07924485 0.08840281
v -0.03626163 -1.07988489 0.08507840
v -0.02314747 -1.08660507 -0.05619110
v 0.00189554 -1.06155384 -0.05366765
v 0.00310698 -1.06397641 -0.05346252
v 0.08346975 -1.03673553 0.00461628
v 0.08480885 -1.03649235 0.00325380
v 0.08069485 -1.08257675 -0.01557984
v 0.07962264 -1.07160008 -0.01504570
v 0.07414966 -1.07815552 -0.02528271
v 0.07464260 -1.09136868 -0.02536118
v 0.07720208 -1.10392332 -0.02425999
v 0.08056115 -1.11418223 -0.02078345
v 0.08616496 -1.09935129 -0.01320735
v 0.08307736 -1.09210443 -0.01554267
v 0.08942927 -0.98159832 0.04870247
v 0.08690494 -0.99371678 0.05124579
v -0.02512892 -1.07292867 -0.05928052
v -0.02630066 -1.06965697 -0.06114797
v 0.08855420 -1.11780679 0.10763865
v -0.04216152 -1.05069661 0.06774183
v -0.04265995 -1.05318666 0.06937554
v -0.04101232 -1.05108106 0.07033885
v -0.04085093 -1.04861128 0.06968416
v 0.08951404 -1.10360289 0.10939886
v 0.10359059 -1.10704064 0.09095441
v 0.10178323 -1.11956573 0.08984138
v 0.10159054 -1.06370962 0.03919023
v -0.03471710 -1.04737473 0.08559537
v -0.03326116 -1.04383874 0.08226115
v -0.03410373 -1.04339409 0.08180732
v -0.03579430 -1.04558229 0.08446413
v 0.09812737 -1.06217468 0.02455815
v -0.01987869 -1.04203022 -0.06216312
v -0.02074204 -1.04741025 -0.05711317
v -0.02002963 -1.04397380 -0.05623957
v -0.02080175 -1.04663897 -0.05674361
v -0.02065913 -1.03865671 -0.06322156
v -0.01915843 -1.03805578 -0.06544581
v -0.01907924 -1.04014170 -0.05625011
v -0.02014691 -1.04025221 -0.05636952
v -0.02086843 -1.04420471 -0.05617690
v -0.02008752 -1.04771066 -0.05826394
v -0.03065657 -1.03399444 -0.06465197
v -0.03174433 -1.03507185 -0.06764622
v -0.02801394 -1.03652179 -0.06867543
v -0.02814556 -1.03536105 -0.06596795
v -0.02318934 -1.04654753 -0.05710100
v -0.02423142 -1.04414189 -0.05707331
v -0.02686263 -1.04089653 -0.06353661
v -0.02358512 -1.04524505 -0.06139338
v -0.02214747 -1.04767525 -0.05940344
v -0.02492261 -1.04162860 -0.06379597
v -0.02366726 -1.03608835 -0.06021705
v -0.02262730 -1.04197621 -0.06322266
v -0.04605012 -1.08601511 0.08298250
v -0.04534791 -1.08102584 0.08445401
v -0.04466990 -1.08072150 0.08233521
v -0.04330814 -1.04865813 0.07758164
v -0.04303853 -1.05020416 0.07946467
v -0.04267526 -1.04761505 0.08186180
v -0.04283232 -1.04536426 0.08027110
v 0.09704301 -1.05201268 0.00064332
v 0.07171348 -0.99837339 0.00233376
v 0.07783815 -1.01517749 0.00460161
v 0.08039115 -1.01512349 0.01056914
v -0.04207650 -1.03722513 0.08435968
v -0.03931205 -1.03705895 0.08360124
v -0.03859078 -1.03451157 0.08001462
v -0.04122979 -1.03440523 0.08114155
v -0.04134436 -1.04738355 0.06916584
v -0.04174400 -1.04803789 0.06741083
v -0.03834734 -1.07511711 0.09277858
v -0.03895653 -1.08105528 0.08945552
v 0.07761435 -0.99826360 0.01067928
v 0.09752593 -1.07910192 -0.00001810
v 0.05659893 -1.12080336 -0.04362209
v 0.06172835 -1.13447797 -0.03622334
v 0.07316856 -1.12461090 -0.02834395
v -0.04463337 -1.07977557 0.08943733
v -0.04434496 -1.07741845 0.09125637
v 0.07045783 -1.11253691 -0.03203182
v 0.06563620 -1.14524746 -0.03086624
v 0.07639509 -1.13660300 -0.02341794
v 0.08520122 -1.12586689 -0.01551984
v 0.09471981 -1.10737121 -0.00171501
v 0.02051135 -1.07649362 -0.05772558
v 0.02065877 -1.07627153 -0.05799417
v 0.01870259 -1.07574403 -0.05832574
v -0.04206214 -1.06452513 0.07238957
v -0.03941189 -1.06527460 0.07221144
v -0.03931973 -1.06441188 0.07232321
v -0.04246192 -1.06284058 0.07276867
v 0.01877977 -1.07593656 -0.05818512
v 0.02041766 -1.07667279 -0.05694871
v 0.01872798 -1.07600904 -0.05717928
v -0.04303346 -1.06423545 0.07128686
v -0.04336055 -1.06255341 0.07165875
v -0.04353872 -1.06218529 0.07044908
v -0.04337801 -1.06307769 0.07000757
v 0.02160914 -1.07724857 -0.05661380
v 0.02183600 -1.07698977 -0.05731599
v 0.02201724 -1.07669520 -0.05755538
v 0.00373220 -1.07661152 -0.05193354
v 0.00466065 -1.07704282 -0.05171900
v 0.00690070 -1.07614732 -0.05326321
v 0.00578059 -1.07595372 -0.05386838
v 0.00332368 -1.07627237 -0.05216419
v 0.00550072 -1.07557333 -0.05416651
v -0.03849094 -1.06559396 0.07225857
v -0.03884449 -1.06525338 0.07216636
v -0.03903141 -1.06586063 0.07250750
v -0.03668833 -1.07067156 0.08447760
v -0.03680904 -1.06289291 0.08764277
v -0.03581883 -1.06245565 0.08595985
v -0.03583256 -1.06919646 0.08277749
v 0.01005514 -1.07962358 -0.04865187
v 0.00965108 -1.07991481 -0.04834493
v -0.04333542 -1.06441391 0.09676060
v 0.01069296 -1.07928479 -0.04912481
v 0.00310157 -1.07890546 -0.04927457
v 0.00296667 -1.07983172 -0.04949298
v -0.04966657 -1.08830678 0.07396228
v -0.04851697 -1.09047294 0.07274975
v -0.04894267 -1.09455872 0.07740267
v 0.00922777 -1.08059645 -0.04831062
v 0.00935635 -1.08017826 -0.04816319
v 0.00337577 -1.07837558 -0.04956113
v -0.03720886 -1.05166829 0.07856598
v -0.04110491 -1.05222178 0.07733615
v -0.04042267 -1.05190849 0.07525294
v -0.03767458 -1.05119205 0.07689872
v -0.03933258 -1.05576479 0.07210254
v -0.03786686 -1.05229318 0.07079351
v -0.04179635 -1.05394959 0.07203898
v -0.04333575 -1.07032990 0.07003316
v -0.04056622 -1.06696606 0.07234977
v -0.04197047 -1.06552589 0.07174312
v -0.04300047 -1.06571424 0.07065257
v -0.04363966 -1.05519795 0.09714554
v -0.04401555 -1.06087601 0.09933157
v -0.04173470 -1.06079054 0.09968893
v -0.04145499 -1.05477595 0.09747178
v 0.00196730 -1.07815242 -0.04886708
v 0.00126774 -1.07854915 -0.04806636
v -0.03984848 -1.03757703 0.06489386
v -0.03512039 -1.03536332 0.06605742
v -0.03992989 -1.04033232 0.06406949
v -0.04961184 -1.09200096 0.09250306
v -0.04650767 -1.09441543 0.09085098
v -0.04546997 -1.09253621 0.09341360
v -0.04871523 -1.09029245 0.09498007
v -0.03682894 -1.07297719 0.07628995
v -0.03707141 -1.07082605 0.07606020
v -0.03804106 -1.07214034 0.07485802
v -0.03774882 -1.07409847 0.07480162
v 0.00105969 -1.07980609 -0.04840904
v 0.01009034 -1.07449627 -0.05668385
v 0.01027766 -1.07362020 -0.05674192
v 0.00599446 -1.07391882 -0.05461704
v 0.00562975 -1.07487881 -0.05447051
v 0.00999649 -1.07504296 -0.05649874
v 0.01344293 -1.07528937 -0.05739273
v 0.01346626 -1.07471216 -0.05751020
v 0.01359667 -1.07388115 -0.05748892
v 0.00127348 -1.04069042 0.10430352
v -0.01476212 -1.03788471 0.09234191
v -0.01406167 -1.05392456 0.10066504
v -0.00010473 -1.05580616 0.11021603
v -0.04368868 -1.04000688 0.08404511
v -0.04373798 -1.03748107 0.08157956
v -0.04561695 -1.07793748 0.06859243
v -0.04589101 -1.07959318 0.06686389
v -0.04661320 -1.08531785 0.06785154
v -0.04678401 -1.08206320 0.06883107
v 0.00317247 -1.07488000 -0.05278853
v 0.00318404 -1.07584739 -0.05256753
v 0.01362952 -1.07315373 -0.05743675
v 0.01054590 -1.07290697 -0.05669878
v -0.04243943 -1.07690263 0.10140063
v -0.04568524 -1.07591558 0.10162054
v 0.00620943 -1.07318211 -0.05461897
v 0.00312973 -1.07436633 -0.05283104
v 0.00092649 -1.07562208 -0.05099293
v 0.00189495 -1.07594705 -0.05157905
v 0.01071846 -1.07214189 -0.05641265
v 0.01072564 -1.07117987 -0.05616668
v 0.00615219 -1.07134509 -0.05424819
v 0.00626448 -1.07233500 -0.05445244
v -0.04470007 -1.08476532 0.07532178
v -0.04610947 -1.08877707 0.07918090
v -0.04468015 -1.08617485 0.07759456
v -0.04425524 -1.08424556 0.07549249
v -0.04406382 -1.07619572 0.07434157
v -0.04488731 -1.07746792 0.07418606
v -0.04334035 -1.07841945 0.07333991
v -0.04229654 -1.07704544 0.07322314
v 0.01386204 -1.07239306 -0.05709746
v 0.01389958 -1.07144976 -0.05683925
v -0.04656722 -1.08421767 0.06489563
v -0.04644042 -1.08963072 0.06775657
v 0.02380196 -1.07696080 -0.05673273
v 0.02465495 -1.07756519 -0.05621520
v 0.02461783 -1.07697570 -0.05628858
v -0.03031949 -1.04332590 0.07814515
v 0.02417297 -1.07649374 -0.05652812
v 0.02821162 -1.07462931 -0.05507936
v 0.02940963 -1.07603025 -0.05468141
v 0.03151259 -1.07543087 -0.05433005
v -0.04569025 -1.07719421 0.07171217
v -0.04677400 -1.07980585 0.07145861
v -0.04596185 -1.07908130 0.07409540
v -0.04164248 -1.04517603 0.06351955
v -0.04179840 -1.04730535 0.06567382
v -0.04362267 -1.08331490 0.07510988
v -0.04281722 -1.08213174 0.07492759
v -0.04137230 -1.07841218 0.07394587
v -0.04113856 -1.07664847 0.07575753
v 0.03010165 -1.07383025 -0.05472887
v -0.04353033 -1.07112575 0.08633149
v -0.04351291 -1.06289935 0.08946893
v 0.03937724 -1.06532514 -0.05437360
v 0.03241150 -1.07089210 -0.05505272
v 0.03439163 -1.07266438 -0.05421447
v 0.02302019 -1.07662964 -0.05714947
v 0.02204865 -1.07621324 -0.05756918
v 0.02293055 -1.07703757 -0.05707522
v 0.02375486 -1.07747746 -0.05652190
v 0.02338454 -1.07598555 -0.05687211
v 0.02228773 -1.07549644 -0.05745993
v 0.02071425 -1.07584929 -0.05808260
v 0.02089947 -1.07504058 -0.05796622
v 0.01884049 -1.07447886 -0.05827767
v 0.01870663 -1.07531369 -0.05833253
v 0.01642593 -1.07495797 -0.05808786
v -0.02277085 -1.05307662 0.09051590
v -0.02680755 -1.03599405 0.07721255
v 0.01673022 -1.07553232 -0.05812728
v 0.01655313 -1.07412052 -0.05803320
v 0.01909742 -1.07381654 -0.05811308
v 0.01672885 -1.07342470 -0.05794320
v 0.02112969 -1.07435989 -0.05768583
v 0.02259316 -1.07494044 -0.05718689
v 0.02378827 -1.07555616 -0.05656791
v 0.02470259 -1.07610071 -0.05624659
v 0.02528187 -1.07680607 -0.05602299
v 0.02440795 -1.07506144 -0.05622353
v 0.02542295 -1.07441711 -0.05577231
v 0.02371904 -1.07364273 -0.05633132
v 0.02303841 -1.07438064 -0.05687173
v 0.02554617 -1.07574308 -0.05590005
v 0.02678495 -1.07522476 -0.05545491
v -0.04228210 -1.07880974 0.07289571
v -0.04214574 -1.07922673 0.07304346
v -0.04119747 -1.07831240 0.07314006
v -0.04132064 -1.07773554 0.07287462
v 0.02150494 -1.07380223 -0.05736262
v 0.02183604 -1.07305574 -0.05696692
v 0.01956895 -1.07241797 -0.05736805
v 0.01934963 -1.07315838 -0.05779330
v -0.04344581 -1.03536272 0.07908089
v -0.04358293 -1.07715666 0.08235559
v -0.04160190 -1.07488537 0.07952677
v -0.04289634 -1.07697439 0.07878052
v 0.01695418 -1.07275116 -0.05766165
v 0.01724876 -1.07187879 -0.05731890
v -0.04555066 -1.06603205 0.09772871
v -0.04672034 -1.07423377 0.09811481
v -0.04720189 -1.07485175 0.10008337
v -0.04591613 -1.06611443 0.09946123
v 0.01007309 -1.07521844 -0.05622314
v 0.01036952 -1.07543492 -0.05508217
v 0.01377625 -1.07529283 -0.05625374
v 0.01358821 -1.07541585 -0.05715771
v 0.01680364 -1.07563353 -0.05799305
v -0.03525538 -1.03408504 0.06779559
v -0.03668332 -1.07016397 0.07703786
v -0.03797115 -1.06839836 0.07720356
v 0.01674477 -1.07545877 -0.05699739
v 0.01420194 -1.07540250 -0.05518921
v 0.01455136 -1.07837331 -0.05104741
v 0.01593447 -1.07843089 -0.05133264
v 0.01690194 -1.07555485 -0.05586925
v -0.03863642 -1.07548654 0.07520069
v -0.03981762 -1.07676792 0.07346436
v 0.01114430 -1.07566392 -0.05413257
v 0.01309310 -1.07852888 -0.05045112
v 0.00816344 -1.07649386 -0.05261071
v -0.04265145 -1.05029643 0.06538320
v 0.01171427 -1.07886577 -0.04980483
v 0.00568038 -1.07720971 -0.05146357
v 0.01022945 -1.08715212 -0.05847061
v 0.01003075 -1.08726203 -0.05888872
v 0.01435781 -1.08674645 -0.06056604
v 0.01430240 -1.08658218 -0.05983677
v 0.10435573 -1.07838416 0.07354170
v 0.10829972 -1.09417677 0.07536493
v 0.10215898 -1.09056711 0.09081957
v 0.01751425 -1.08439624 -0.06004885
v 0.01757651 -1.08536744 -0.05984672
v 0.02044873 -1.08431149 -0.05967569
v 0.02037918 -1.08346272 -0.05952136
v 0.01748568 -1.08337486 -0.06023051
v -0.04558698 -1.08870995 0.09279034
v -0.04502361 -1.08713734 0.09460426
v -0.04483876 -1.08714664 0.09106193
v -0.04540794 -1.08807707 0.08931261
v -0.04630920 -1.08924699 0.08599833
v -0.04669686 -1.09070826 0.08541024
v -0.04598589 -1.09004855 0.09042510
v -0.04120255 -1.07566202 0.07753277
v -0.04259445 -1.07727730 0.07724318
v 0.02021206 -1.08237922 -0.05942038
v 0.01416525 -1.08428252 -0.06052126
v -0.04339715 -1.04721045 0.07621706
v -0.04284835 -1.04154968 0.07768746
v -0.04321604 -1.05491734 0.09202950
v -0.04484429 -1.05500114 0.08954638
v -0.03935266 -1.06666040 0.09826191
v -0.03945547 -1.07615852 0.09771824
v -0.03900044 -1.07542896 0.09504208
v -0.03893046 -1.06651020 0.09637617
v 0.01423754 -1.08542788 -0.06020033
v 0.01430645 -1.08630383 -0.05984870
v 0.02186247 -1.08168149 -0.05526638
v 0.02075496 -1.08250380 -0.05560467
v -0.03521302 -1.06804347 0.09042286
v -0.03280743 -1.06869805 0.08833510
v -0.04334911 -1.06407678 0.06913968
v -0.04390493 -1.06766438 0.06634346
v -0.03817591 -1.07480192 0.07505220
v -0.03941084 -1.07616162 0.07347266
v -0.03734609 -1.05042386 0.08949861
v -0.03692732 -1.04232788 0.08157600
v -0.03816896 -1.04810703 0.08818126
v -0.03416952 -1.04129696 0.07779392
v -0.03490645 -1.04008400 0.07572615
v -0.03650540 -1.04031456 0.07846672
v 0.02047785 -1.08207834 -0.05711571
v 0.02211648 -1.08155084 -0.05645658
v 0.02278925 -1.08111930 -0.05499657
v 0.02321725 -1.08097732 -0.05591442
v 0.01900984 -1.08123934 -0.05096229
v 0.01851893 -1.08155107 -0.05108881
v 0.01781143 -1.08193290 -0.05121101
v -0.04302385 -1.05045068 0.08575029
v -0.04330991 -1.05208361 0.08888043
v 0.01928557 -1.08096361 -0.05084891
v -0.03780399 -1.06545496 0.07265725
v -0.03576594 -1.06418109 0.07327713
v -0.03722406 -1.06511950 0.07180665
v -0.04546235 -1.07056260 0.08903393
v -0.04524653 -1.06257665 0.09074634
v -0.04469685 -1.07980859 0.07397014
v 0.01941194 -1.08070326 -0.05077196
v -0.04217931 -1.06978703 0.07470244
v -0.04408171 -1.07302916 0.07297503
v -0.04829913 -1.08309722 0.07457635
v -0.04640127 -1.08155060 0.07469332
v -0.04561031 -1.08070171 0.07431139
v -0.04703877 -1.08103871 0.07398351
v -0.03159428 -1.05577230 0.07057012
v -0.03503099 -1.05387604 0.07098332
v -0.03663056 -1.05697584 0.07127194
v 0.01939292 -1.08045149 -0.05074170
v 0.01925698 -1.08017111 -0.05083651
v 0.04318554 -1.04861891 -0.05298562
v 0.04261895 -1.06026030 -0.05396768
v -0.04656651 -1.09014034 0.08355842
v -0.04616814 -1.08829308 0.08507272
v -0.03935972 -1.08205199 0.09173374
v 0.04699012 -1.05251515 -0.05116263
v 0.02275106 -1.07740593 -0.05676606
v -0.04236557 -1.08141458 0.07730420
v -0.04218929 -1.08011639 0.07842538
v 0.02359641 -1.07787538 -0.05625350
v -0.04027960 -1.09357524 0.08121759
v -0.04160648 -1.09129751 0.07842877
v -0.04244458 -1.09149265 0.07733333
v -0.04327065 -1.09539366 0.07711636
v 0.02244512 -1.07773542 -0.05613491
v -0.03568700 -1.03703165 0.07248878
v -0.03665506 -1.03782511 0.07669856
v -0.03639059 -1.03903508 0.07679179
v -0.03565399 -1.03853285 0.07360161
v -0.04010652 -1.05148697 0.07443931
v -0.03795465 -1.05086970 0.07592095
v 0.02320276 -1.07822275 -0.05572291
v -0.04283227 -1.05659902 0.09462839
v -0.04269031 -1.05562878 0.09359104
v -0.04296546 -1.05996120 0.09558120
v -0.04331719 -1.06133926 0.09641182
v 0.02442717 -1.07849658 -0.05582021
v 0.02477905 -1.07824337 -0.05600915
v 0.02027852 -1.07673597 -0.05596601
v 0.01775284 -1.07893062 -0.05142422
v 0.01830851 -1.07928085 -0.05128970
v -0.03656671 -1.07417238 0.07878371
v -0.03618112 -1.07295454 0.07832636
v -0.04044720 -1.08606946 0.08043823
v -0.04204829 -1.08868372 0.08257713
v -0.04322473 -1.09099841 0.07860307
v -0.04189346 -1.08865428 0.07794110
v -0.03971899 -1.08327997 0.09433443
v 0.02126502 -1.07750022 -0.05562544
v 0.01876226 -1.07607388 -0.05606701
v 0.01695650 -1.07863736 -0.05149255
v 0.01870815 -1.07955754 -0.05110333
v 0.01903749 -1.07985258 -0.05089435
v -0.04236393 -1.07861972 0.07833752
v -0.04252836 -1.07894576 0.07957115
v 0.02189205 -1.07796657 -0.05520152
v -0.04218988 -1.07898355 0.07762928
v 0.02261395 -1.07846773 -0.05483619
v 0.02377899 -1.07887816 -0.05547287
v -0.04153372 -1.07618070 0.07328860
v -0.04316138 -1.07508266 0.07469822
v -0.04707802 -1.08354926 0.07557998
v -0.04861169 -1.08774161 0.07953506
v -0.04778057 -1.08774805 0.07932177
v -0.04653021 -1.08424759 0.07553379
v 0.02340652 -1.07962787 -0.05447434
v 0.02344087 -1.08011222 -0.05458261
v 0.02397104 -1.07944298 -0.05548510
v -0.04228850 -1.08081436 0.07375070
v 0.02404467 -1.07993722 -0.05548175
v 0.02315278 -1.07908404 -0.05458649
v 0.04836853 -1.04307365 0.11047787
v 0.05022996 -1.05552173 0.11527119
v 0.02324633 -1.08061445 -0.05473026
v 0.02376759 -1.08041608 -0.05564220
v 0.02508058 -1.07771850 -0.05602222
v 0.02514257 -1.07857466 -0.05586275
v 0.02575423 -1.07968497 -0.05576576
v 0.02570783 -1.07775819 -0.05580848
v -0.04689796 -1.09036982 0.07162709
v -0.04566133 -1.09259200 0.07518065
v -0.04641308 -1.09363997 0.07594205
v -0.04688546 -1.09135365 0.07259276
v -0.04516460 -1.08691859 0.08885241
v 0.02664492 -1.07781410 -0.05550145
v 0.02624930 -1.07658434 -0.05559148
v 0.02669208 -1.08030128 -0.05605488
v 0.02820156 -1.08081543 -0.05604240
v -0.04562660 -1.08384788 0.09579090
v -0.03955780 -1.06669986 0.07657982
v -0.03672579 -1.06375599 0.07563448
v 0.02822535 -1.07787943 -0.05530025
v 0.02758868 -1.07641387 -0.05521776
v 0.02479582 -1.07905340 -0.05568239
v -0.02860051 -1.06225109 0.06989883
v -0.02894781 -1.06351542 0.06985503
v -0.02874641 -1.06328654 0.07134353
v -0.02821648 -1.06196618 0.07161161
v 0.02500832 -1.07976007 -0.05564836
v 0.02544500 -1.08113980 -0.05693367
v -0.03030377 -1.05730116 0.07392603
v -0.03347505 -1.05606937 0.07405947
v -0.03340440 -1.05401075 0.07268569
v -0.03007861 -1.05511844 0.07311162
v 0.02605416 -1.08197773 -0.05733279
v 0.02493366 -1.08059263 -0.05656441
v 0.02377772 -1.08112121 -0.05743536
v 0.02406231 -1.08182836 -0.05784418
v -0.02781135 -1.05907428 0.07063870
v -0.02824345 -1.06068552 0.07017455
v -0.02776534 -1.06016588 0.07204237
v -0.02724318 -1.05847776 0.07254152
v 0.02445972 -1.08261037 -0.05824432
v 0.02244867 -1.08252251 -0.05867935
v -0.04714851 -1.08974123 0.08140416
v -0.04774869 -1.09005713 0.08376855
v 0.02267305 -1.08337986 -0.05903808
v 0.02226502 -1.08161616 -0.05840674
v 0.02448057 -1.08040512 -0.05614882
v -0.04733788 -1.08268416 0.09559385
v -0.04700890 -1.08043945 0.09676875
v -0.04694638 -1.08736885 0.09243751
v -0.04621764 -1.08580589 0.09414513
v 0.02350450 -1.08089530 -0.05681821
v 0.02212568 -1.08139193 -0.05762348
v 0.02021777 -1.08166111 -0.05874414
v -0.04304579 -1.05588853 0.06912830
v -0.04309992 -1.05636811 0.07118332
v -0.04270051 -1.05469942 0.07120505
v -0.04843197 -1.08582640 0.09577211
v -0.04763792 -1.08811855 0.09689639
v -0.04166289 -1.03806472 0.06735823
v -0.04085441 -1.03656149 0.06629335
v -0.01845182 -0.95770210 0.03967398
v -0.02389516 -0.96467578 0.05449130
v -0.02333033 -0.95334727 0.05403777
v -0.01713677 -0.94668978 0.04026579
v -0.04900443 -1.08549023 0.07253834
v -0.04823108 -1.08801639 0.07120679
v 0.01757503 -1.08246529 -0.05965135
v 0.01775068 -1.08273339 -0.05771038
v 0.01428731 -1.08346987 -0.05992880
v -0.02846571 -1.05740678 0.06985538
v -0.02766829 -1.05667782 0.07129382
v -0.03039386 -1.05512440 0.07177595
v -0.03391171 -1.06122375 0.07020608
v -0.02992759 -1.06201267 0.06873406
v 0.01464609 -1.08340788 -0.05767352
v 0.00981385 -1.08754969 -0.06045946
v 0.01460077 -1.08735394 -0.06230379
v 0.01498430 -1.08361471 -0.05610231
v 0.01490953 -1.08241892 -0.05136534
v 0.01336554 -1.08243108 -0.05097659
v 0.01179548 -1.08353972 -0.05525411
v -0.03056814 -1.05901086 0.07365713
v 0.00319781 -1.08043194 -0.05025024
v 0.00368477 -1.08115244 -0.05109613
v -0.03217844 -1.06406009 0.07248759
v -0.03337061 -1.06486261 0.07100566
v -0.03681820 -1.04983497 0.07144650
v -0.03714396 -1.04973042 0.07409871
v -0.04016360 -1.04919469 0.07205366
v -0.02729499 -1.05652809 0.07259676
v -0.03767113 -1.07492971 0.07678359
v 0.00956208 -1.08123279 -0.04891855
v 0.00933480 -1.08088291 -0.04856664
v 0.00158544 -1.08040547 -0.05004479
v 0.00241495 -1.08106828 -0.05133498
v -0.03358282 -1.05982876 0.07463424
v -0.03507383 -1.05747521 0.07786506
v -0.03523092 -1.05520678 0.07710190
v -0.03339215 -1.05783272 0.07458996
v -0.04225648 -1.04738283 0.08361453
v -0.04267404 -1.04915762 0.08345471
v -0.03646671 -1.05282211 0.08074161
v -0.04053373 -1.05276322 0.08046265
v -0.03915981 -1.06977940 0.07640582
v -0.04147648 -1.07266736 0.07521450
v -0.03818576 -1.06561303 0.07296763
v -0.03443275 -1.06196213 0.07420716
v -0.03545724 -1.06006765 0.07737248
v -0.03400951 -1.06259966 0.07038873
v -0.03765973 -1.06248212 0.07157726
v -0.03742661 -1.06363177 0.07153725
v -0.03390363 -1.06365943 0.07049656
v -0.04394879 -1.08037424 0.08074226
v -0.04741524 -1.08555996 0.06973504
v -0.04782800 -1.08272541 0.07171504
v -0.03539868 -1.09937871 0.09127991
v -0.03065898 -1.09172690 0.09583642
v -0.03753514 -1.09101164 0.08466344
v -0.03085988 -1.06089580 0.07345778
v -0.02965263 -1.06446910 0.06985968
v -0.03054529 -1.06371331 0.06920677
v -0.04331998 -1.05215466 0.09251721
v -0.04106763 -1.04876518 0.07214816
v -0.04000752 -1.07437730 0.07349254
v -0.03928337 -1.06099498 0.09727743
v -0.03901306 -1.05539870 0.09537644
v -0.03931388 -1.07571983 0.07342297
v -0.04028785 -1.07672977 0.07309368
v -0.03765492 -1.05021167 0.07517523
v -0.04012935 -1.05040383 0.07343555
v -0.04063893 -1.07708502 0.07297233
v -0.04226763 -1.05598569 0.07239141
v -0.04520138 -1.08124363 0.08802964
v 0.00640761 -1.08277690 -0.05312600
v 0.01071381 -1.08201265 -0.04995653
v -0.03783417 -1.03943849 0.08289429
v -0.03742208 -1.03752172 0.07961579
v 0.00996943 -1.08163857 -0.04936998
v -0.03034239 -1.06304002 0.06885969
v 0.00505977 -1.08198905 -0.05197281
v -0.03316783 -1.05409646 0.07182409
v -0.03156818 -1.06262898 0.07309641
v 0.00494015 -1.08291745 -0.05443478
v 0.00344902 -1.08183622 -0.05259612
v 0.01102427 -1.08369505 -0.05702241
v -0.04007937 -1.06008399 0.07243295
v -0.03992553 -1.05784535 0.07220108
v -0.04246163 -1.05829847 0.07226884
v 0.08448405 -1.15179574 0.09853848
v 0.08664970 -1.13659668 0.10360253
v -0.04084830 -1.05354047 0.08277493
v -0.03611800 -1.05487227 0.08297651
v -0.03620438 -1.05610740 0.08531576
v -0.04165539 -1.05460942 0.08505747
v -0.03869054 -1.05026746 0.09308379
v -0.03885552 -1.04546559 0.08980099
v -0.04076361 -1.04393256 0.09084487
v -0.04116459 -1.04902101 0.09468105
v 0.10065587 -1.13796401 0.08676203
v 0.09798958 -1.15078247 0.08253002
v -0.03373738 -1.11585855 0.09730490
v -0.04006671 -1.10426545 0.08543788
v -0.04023419 -1.12098289 0.08704592
v -0.04219957 -1.09096932 0.08852565
v -0.04130924 -1.08872700 0.09045959
v -0.04418699 -1.09029269 0.09548214
v -0.04542672 -1.09305561 0.07229156
v -0.04349459 -1.09128928 0.07589950
v -0.04516422 -1.09196103 0.07445054
v -0.04190793 -1.06672597 0.10103317
v 0.01806560 -1.08321452 -0.05601202
v 0.01656178 -1.08225679 -0.05133220
v 0.10359725 -1.15149355 0.07110950
v 0.10070118 -1.15976834 0.06796756
v 0.09532843 -1.16197753 0.07665143
v 0.08344026 -1.00929832 0.07207629
v 0.07785697 -0.99756110 0.08398822
v -0.04456880 -1.07414675 0.06897561
v -0.04485315 -1.07503724 0.07219120
v -0.00078636 -1.07997048 -0.04989728
v -0.03600973 -1.05165064 0.08972924
v 0.00044808 -1.08125806 -0.05119557
v -0.04301072 -1.05246115 0.08342387
v -0.04395210 -1.05336094 0.08638510
v -0.05087477 -1.09086132 0.08545259
v -0.04923041 -1.08878958 0.08198486
v -0.00155314 -1.07883477 -0.04898734
v -0.00224660 -1.07862484 -0.04880510
v -0.00147449 -1.08003128 -0.04962535
v -0.00044989 -1.08137941 -0.05080993
v 0.00202910 -1.08235073 -0.05280100
v 0.00116965 -1.08254552 -0.05281205
v 0.00352459 -1.08381188 -0.05562367
v 0.00387410 -1.08321536 -0.05533586
v 0.01021495 -1.08407307 -0.05893795
v 0.00993491 -1.08476233 -0.05948643
v 0.00329398 -1.08466423 -0.05501777
v 0.00081902 -1.08310115 -0.05218719
v 0.00307899 -1.08553731 -0.05431549
v 0.00077239 -1.08407152 -0.05193420
v 0.01013626 -1.08675265 -0.05859450
v 0.01003454 -1.08588028 -0.05918605
v 0.00100121 -1.07668293 -0.05056462
v -0.00093337 -1.07691431 -0.04941527
v 0.00155185 -1.07711327 -0.05069249
v -0.00048848 -1.07733464 -0.04932810
v 0.00306118 -1.07760239 -0.05037030
v -0.00121421 -1.07778454 -0.04886486
v -0.00197870 -1.07745826 -0.04878866
v 0.00506115 -0.94423574 0.00026069
v 0.00730231 -0.93611699 0.00447700
v 0.00402566 -1.07781315 -0.05038512
v -0.00200932 -1.08015621 -0.04901087
v -0.00310016 -1.07845449 -0.04836679
v -0.00285856 -1.08078158 -0.04778498
v -0.00367131 -1.07867336 -0.04772834
v -0.00112792 -1.08294654 -0.04950138
v -0.00082565 -1.08176708 -0.04998729
v -0.00289780 -1.07724535 -0.04831282
v -0.00239404 -1.07671225 -0.04864048
v -0.00357047 -1.07710826 -0.04801000
v -0.00306230 -1.07642579 -0.04833820
v 0.00291530 -1.07360458 -0.05269762
v 0.00264323 -1.07279646 -0.05247800
v 0.00023560 -1.07494664 -0.05070060
v -0.00036942 -1.07440734 -0.05035384
v 0.01057960 -1.07011330 -0.05584343
v 0.01385931 -1.07038605 -0.05649499
v 0.01029709 -1.06883943 -0.05542850
v -0.03600137 -1.04539537 -0.05357490
v -0.03652920 -1.04544580 -0.05155064
v -0.03506909 -1.04750884 -0.05158183
v -0.03486077 -1.04741275 -0.05252816
v 0.01378162 -1.06902230 -0.05616960
v 0.00545937 -1.06921673 -0.05361384
v 0.00595031 -1.07024550 -0.05404128
v 0.05099162 -0.94077432 0.00453256
v 0.02652150 -1.07352769 -0.05558559
v 0.02794021 -1.07241976 -0.05534912
v 0.02556787 -1.07134807 -0.05606891
v 0.02455349 -1.07274246 -0.05606113
v 0.02233553 -1.07201588 -0.05663269
v -0.03488163 -1.03644562 -0.05086412
v -0.03391618 -1.03824699 -0.05043131
v -0.03422851 -1.03810561 -0.04904945
v -0.03545632 -1.03660679 -0.04940931
v 0.02289014 -1.07052016 -0.05646249
v 0.01993491 -1.06984746 -0.05668921
v 0.01976408 -1.07133210 -0.05693208
v 0.01736599 -1.07084239 -0.05691197
v 0.01723316 -1.06930041 -0.05661138
v 0.03039536 -1.07765675 -0.05472374
v 0.03133294 -1.08093727 -0.05550200
v 0.03266938 -1.07734573 -0.05432650
v 0.03429328 -1.08092928 -0.05483296
v -0.00457012 -1.08172822 -0.04727343
v -0.03231018 -1.04724324 -0.05294120
v -0.03209265 -1.04418254 -0.05560625
v -0.03424190 -1.04487753 -0.05609879
v -0.03369664 -1.04763019 -0.05309334
v -0.00470904 -1.07914615 -0.04694055
v -0.00702571 -1.08232498 -0.04765449
v -0.00659520 -1.07938027 -0.04712595
v -0.00654318 -1.08521390 -0.04988966
v -0.00383281 -1.08448815 -0.04906676
v -0.00436163 -1.07700598 -0.04758279
v -0.00375874 -1.07608199 -0.04796440
v -0.00567923 -1.07689953 -0.04725527
v -0.00473137 -1.07544816 -0.04764065
v 0.00214200 -1.07186580 -0.05219758
v 0.00167208 -1.07087207 -0.05176614
v -0.00097620 -1.07372808 -0.05006470
v -0.00181688 -1.07286572 -0.04954983
v 0.10019128 -1.06623042 0.07209983
v 0.10882966 -1.11029148 0.07503238
v 0.02180097 -1.09173465 -0.06501763
v 0.01984258 -1.08900046 -0.06392974
v 0.01553359 -1.08974898 -0.06429260
v 0.01676284 -1.09309816 -0.06621531
v 0.02485467 -1.09596992 -0.06511161
v 0.02857167 -1.09279263 -0.06358786
v 0.02565306 -1.08987904 -0.06354191
v 0.02326136 -1.08774781 -0.06297412
v 0.03112121 -1.08361113 -0.05715977
v 0.02855529 -1.08328009 -0.05771859
v 0.02767777 -1.08479357 -0.05935173
v 0.02990994 -1.08558238 -0.05937667
v 0.03414727 -1.08386803 -0.05671343
v 0.03305697 -1.08674753 -0.05914176
v 0.02799788 -1.08755624 -0.06154177
v 0.02568326 -1.08617878 -0.06117626
v 0.03105848 -1.08940303 -0.06158847
v -0.00075298 -1.08897924 -0.05657297
v 0.00098874 -1.08759618 -0.05522854
v -0.00103449 -1.08610654 -0.05210013
v -0.00289925 -1.08692241 -0.05212823
v -0.00280114 -1.09023166 -0.05776391
v -0.00566783 -1.08767378 -0.05271440
v 0.00954819 -1.09325695 -0.06534811
v 0.00969658 -1.09018385 -0.06302188
v 0.00288220 -1.08607268 -0.05406947
v 0.00125356 -1.08505416 -0.05256930
v 0.00269358 -1.08631277 -0.05404592
v 0.00078874 -1.08503449 -0.05204771
v 0.09956829 -1.16919577 0.04743864
v 0.09504338 -1.17353046 0.03484268
v 0.08231980 -1.18475318 0.04724813
v 0.08791497 -1.17879140 0.05890440
v 0.01758387 -1.08572769 -0.06001114
v 0.01780560 -1.08605790 -0.06081983
v 0.02079034 -1.08511293 -0.06061430
v 0.02047960 -1.08468652 -0.05999341
v 0.02286922 -1.08388960 -0.05945788
v 0.02334341 -1.08436537 -0.05997480
v 0.02525077 -1.08357465 -0.05892192
v 0.02469023 -1.08323717 -0.05872912
v 0.02589902 -1.08267367 -0.05787928
v 0.02664712 -1.08274341 -0.05780921
v 0.00068252 -1.08584821 -0.05287462
v 0.00229944 -1.08657289 -0.05454625
v 0.10606203 -1.13955474 0.07313634
v 0.02306666 -1.13369513 -0.05825863
v 0.03257087 -1.13104820 -0.05593856
v 0.02829687 -1.12373590 -0.05895215
v 0.01832970 -1.08686876 -0.06234593
v 0.02161498 -1.08597660 -0.06177323
v 0.02424042 -1.08511949 -0.06057727
v 0.02605413 -1.08422434 -0.05928202
v 0.02713414 -1.08346236 -0.05828019
v 0.08356828 -1.05409360 -0.00768116
v 0.08508395 -1.05432367 -0.00644737
v 0.10323851 -1.06837296 0.01072846
v 0.10087749 -1.07483232 0.01010001
v 0.09892114 -1.07814896 0.00907604
v 0.09273735 -1.08507454 -0.00467100
v 0.09696712 -1.08870220 -0.00421407
v 0.10448439 -1.04918408 0.00430731
v 0.10000587 -1.04675221 0.00298948
v -0.05069692 -1.09420562 0.08570342
v 0.10461236 -1.05009103 0.00481296
v 0.10870095 -1.08692193 0.00195098
v 0.10983005 -1.08540261 0.00310498
v 0.11046593 -1.08511400 0.00248332
v 0.09074271 -1.04233623 0.07069531
v 0.09647781 -1.05705643 0.07098804
v 0.11099865 -1.08357859 0.00423168
v 0.08789413 -1.05929577 -0.00581386
v 0.10454534 -1.06781960 0.01032674
v 0.10692026 -1.06747746 0.01100961
v 0.10803933 -1.06210804 0.01108013
v 0.10687543 -1.06257927 0.01079174
v 0.10655215 -1.05693281 0.01053277
v 0.10569511 -1.05771518 0.01029143
v 0.10697463 -1.05314004 0.00598779
v 0.10897149 -1.05729401 0.00685524
v 0.09865339 -1.08938229 -0.00383949
v 0.09747091 -1.08832836 -0.00445377
v 0.09946795 -1.08932209 -0.00400554
v 0.08942553 -1.05816448 -0.00491811
v 0.09122121 -1.08306909 -0.00365338
v 0.09045234 -1.08072305 -0.00397619
v 0.09036733 -1.08112085 -0.00347458
v 0.08744009 -1.06372070 -0.00079284
v 0.08745468 -1.06470561 -0.00071426
v 0.08873287 -1.06206739 -0.00130016
v 0.09041175 -1.06038141 -0.00355080
v 0.08541530 -1.05279446 0.00031488
v 0.08589577 -1.05187380 0.00226808
v 0.08615562 -1.05083585 0.00166092
v 0.10247077 -1.09628356 -0.00240941
v 0.09055457 -1.07967854 -0.00418036
v 0.09168228 -1.08085585 -0.00492135
v 0.09196319 -1.08216894 -0.00528697
v 0.10036221 -1.08897114 -0.00407990
v 0.09226695 -1.08318281 -0.00529873
v 0.09159197 -1.08306575 -0.00484357
v 0.09330403 -1.08489704 -0.00512269
v 0.09125023 -1.08306086 -0.00427048
v 0.09701186 -1.05917215 0.00863605
v 0.09497131 -1.05850673 0.00741728
v 0.08334008 -1.07535541 -0.01068969
v 0.08541499 -1.07346880 -0.00854995
v 0.09819138 -1.04581642 0.00162417
v 0.09584560 -1.08481562 0.00532272
v 0.09655676 -1.08774853 0.00607791
v 0.11091009 -1.06198204 0.00693293
v 0.10075632 -1.05476677 0.00227246
v 0.09801207 -1.05376589 0.00176467
v 0.10330509 -1.05616665 0.00274895
v 0.10512753 -1.05900025 0.00296342
v 0.09015091 -1.07399750 0.00278518
v 0.10188848 -1.07912230 0.00061310
v 0.10330597 -1.07689023 0.00140700
v 0.09967203 -1.07900643 0.00022466
v 0.09578838 -1.09123635 0.00346486
v 0.09454095 -1.09093690 0.00145288
v 0.09547186 -1.08589017 0.00298589
v 0.09416136 -1.08905852 0.00129200
v 0.08692926 -1.05628896 -0.00076892
v 0.08877271 -1.05081081 0.00324330
v 0.08868154 -1.05289686 0.00339428
v 0.09007283 -1.05099416 0.00335231
v 0.09062719 -1.05217600 0.00404772
v 0.09169324 -1.05392969 0.00498351
v 0.09261650 -1.05610454 0.00554205
v 0.09267551 -1.05849683 0.00556316
v 0.08653409 -1.06055081 -0.00014538
v 0.08976967 -1.08914530 -0.00810100
v 0.08615896 -1.05866361 0.00010358
v 0.08777112 -1.06222832 -0.00089446
v 0.08787477 -1.06036150 -0.00104245
v 0.08754218 -1.05834150 -0.00101062
v 0.09266655 -1.05010629 -0.00153941
v 0.09434979 -1.05206692 -0.00024466
v 0.09103518 -1.05053484 -0.00180086
v 0.09602028 -1.05283153 0.00096232
v 0.08987279 -1.05056024 -0.00146528
v 0.09558245 -1.08584762 0.00391708
v 0.09510019 -1.08913481 0.00313652
v 0.08230224 -1.05731773 -0.00977427
v 0.05058135 -1.05870044 -0.04885559
v 0.05344412 -1.06905758 -0.04610536
v 0.01034062 -1.00483537 -0.04115305
v 0.00966550 -1.00172496 -0.04070060
v 0.03832673 -1.04501629 -0.05466401
v 0.03163254 -1.04178751 -0.05650289
v 0.00343276 -1.00843215 -0.05152705
v 0.00271491 -1.00756562 -0.05117599
v 0.00180015 -1.00810802 -0.05096717
v 0.00261443 -1.00858283 -0.05113569
v 0.00127590 -1.00909078 -0.04885148
v 0.00231920 -1.00913119 -0.04867912
v 0.00209078 -1.00894845 -0.04955210
v 0.00113157 -1.00888443 -0.04973478
v 0.00441954 -1.02434754 -0.05694609
v 0.00802471 -1.02878809 -0.05730399
v 0.01153016 -1.02436936 -0.05703605
v 0.00783847 -1.02044761 -0.05695251
v 0.00747235 -1.00908506 -0.04307125
v 0.00688107 -1.01056957 -0.04360041
v 0.00408270 -1.00985622 -0.04645945
v 0.00458583 -1.00930226 -0.04611664
v 0.00756793 -1.00659180 -0.04269286
v 0.00479327 -1.00813460 -0.04547580
v 0.01015236 -1.00875092 -0.04164994
v 0.00929722 -1.01116908 -0.04204888
v 0.01367177 -1.00239778 -0.05172637
v 0.00959261 -1.00437284 -0.05178301
v 0.00995942 -1.00756288 -0.05336790
v 0.01392065 -1.00709248 -0.05343860
v 0.00112367 -1.03633904 -0.05552132
v 0.00477790 -1.03254497 -0.05663851
v 0.00160125 -1.02815008 -0.05616808
v -0.00205136 -1.03242385 -0.05497308
v -0.00624368 -1.03713989 -0.05449488
v -0.00294628 -1.04027140 -0.05459129
v -0.01006495 -1.04463172 -0.05821608
v -0.01004850 -1.04076290 -0.05915513
v -0.01214687 -1.03939641 -0.06174149
v -0.01131925 -1.04175043 -0.06108786
v -0.01255515 -1.03554702 -0.05898754
v -0.00912729 -1.03874254 -0.05756860
v -0.01603409 -1.03425062 -0.05743978
v -0.03752886 -1.03628159 -0.04882905
v -0.03628063 -1.03831720 -0.04858470
v -0.03783783 -1.03849864 -0.04992307
v -0.03952022 -1.03691077 -0.04975694
v -0.01685661 -1.03490937 -0.05823993
v -0.01165214 -1.03505421 -0.05758084
v -0.03549074 -1.03602791 -0.05978258
v -0.03668962 -1.03813291 -0.05963338
v -0.03455001 -1.03758693 -0.05809334
v -0.03423215 -1.03563643 -0.05747633
v -0.01042375 -1.03439832 -0.05591569
v -0.01508395 -1.03357029 -0.05647945
v -0.01804187 -1.03585386 -0.05889247
v -0.01565868 -1.03575730 -0.06025600
v -0.03795078 -1.03869259 -0.05828576
v -0.04036014 -1.03803730 -0.05882337
v -0.04097838 -1.03816247 -0.05646038
v -0.03841965 -1.03875399 -0.05619166
v -0.03199524 -1.04059851 -0.05431344
v -0.03369707 -1.03843045 -0.05450405
v -0.03317032 -1.04023111 -0.05786421
v -0.03733989 -1.04112530 -0.04857878
v -0.03540427 -1.04032159 -0.04785240
v -0.03451255 -1.04417622 -0.04856286
v -0.03605885 -1.04484975 -0.04878468
v -0.01524968 -1.03753173 -0.06255341
v -0.02750518 -1.03494930 -0.06360352
v -0.02758908 -1.03594208 -0.06604789
v -0.01760563 -1.06887376 -0.05714362
v -0.01330023 -1.06578398 -0.05506516
v -0.01861432 -1.06587684 -0.05867843
v -0.01445427 -1.06312871 -0.05666159
v -0.01798017 -1.03909206 -0.06567578
v -0.01591054 -1.04128110 -0.06526154
v -0.02196659 -1.03959107 -0.06814447
v -0.02088685 -1.04245019 -0.06871520
v -0.02333459 -1.08371031 -0.05599481
v -0.02692605 -1.03207147 -0.05846579
v -0.02638376 -1.03128815 -0.05807293
v -0.02820366 -1.03286898 -0.06019419
v 0.07813082 -1.17319822 0.08537711
v 0.07233684 -1.18459797 0.07418118
v 0.05944147 -1.19518816 0.05382220
v 0.05114938 -1.19869256 0.04400658
v -0.02155904 -1.01446462 -0.05696910
v -0.02234307 -1.01700604 -0.05729154
v -0.00692105 -1.01286936 -0.04517914
v -0.01245830 -1.01284480 -0.04393438
v -0.01469275 -1.01027918 -0.04735208
v -0.00953428 -1.01040912 -0.04884437
v -0.00515898 -1.01059008 -0.04894816
v -0.00226740 -1.01286697 -0.04561589
v -0.00565160 -1.01453471 -0.04339908
v -0.01124879 -1.01463616 -0.04181782
v -0.01197773 -1.00880873 -0.05221656
v -0.01747357 -1.00870550 -0.05152666
v -0.01912344 -1.01004648 -0.05401397
v -0.01311642 -1.01005352 -0.05429605
v -0.00685980 -1.02999783 -0.05534961
v -0.01179604 -1.03028166 -0.05579590
v -0.01714147 -1.02984166 -0.05714739
v -0.02126192 -1.02923584 -0.05782767
v -0.02222636 -1.03133881 -0.05813033
v -0.01896633 -1.03240657 -0.05744297
v -0.02278273 -1.03227365 -0.05846144
v -0.01966052 -1.03325069 -0.05789555
v -0.02016287 -1.03409636 -0.05849994
v -0.02008236 -1.03557801 -0.05913159
v -0.02230603 -1.03515577 -0.05930074
v -0.02184076 -1.03641903 -0.05929323
v -0.02307524 -1.03321743 -0.05885569
v -0.02934963 -1.05829763 -0.06665780
v -0.02841590 -1.06237411 -0.06460685
v -0.01756661 -1.01898873 -0.05833232
v -0.02259554 -1.01920831 -0.05720679
v -0.02337011 -1.02327061 -0.05703570
v -0.01882103 -1.02360594 -0.05800611
v -0.01358393 -1.02325892 -0.05790343
v -0.01179194 -1.01773190 -0.05837574
v -0.02577645 -1.03041232 -0.05777912
v -0.01699405 -1.01672614 -0.05820294
v -0.01628392 -1.01428759 -0.05753813
v -0.01092740 -1.01538467 -0.05805498
v -0.01024754 -1.01324046 -0.05722015
v -0.00587683 -1.01570952 -0.05747823
v -0.00732825 -1.02177835 -0.05763207
v -0.00046590 -1.02019262 -0.05729498
v -0.00043671 -1.01348269 -0.05596875
v 0.00918532 -1.01069558 -0.05475013
v 0.00470741 -1.00819802 -0.05208055
v 0.00457294 -1.00952613 -0.05293147
v 0.00372683 -1.01068974 -0.05384827
v 0.00747321 -1.01373875 -0.05589257
v 0.01285582 -1.01169765 -0.05504680
v 0.01071163 -1.01622808 -0.05630796
v 0.00460797 -1.01683617 -0.05681035
v 0.00233236 -1.01194382 -0.05481005
v 0.00330425 -1.00921094 -0.05221791
v 0.00251392 -1.00896716 -0.05149952
v 0.00265855 -1.00991225 -0.05301303
v 0.00195178 -1.00933087 -0.05210655
v 0.00157049 -1.01052260 -0.05380693
v 0.00109812 -1.00962651 -0.05273219
v -0.00042642 -1.01014376 -0.05354807
v -0.00037212 -1.01149309 -0.05483115
v 0.00133392 -1.00927997 -0.04923018
v -0.00000369 -1.00919938 -0.04971380
v -0.00050727 -1.00903654 -0.05088235
v 0.00084819 -1.00904655 -0.05028655
v 0.00218747 -1.00928128 -0.04891232
v 0.00161250 -1.00903606 -0.04993698
v 0.00323027 -1.01027882 -0.04699451
v 0.00199382 -1.01042223 -0.04724180
v -0.02331967 -0.97535563 0.04043775
v -0.02483015 -0.97986555 0.05674556
v 0.00297828 -1.00920141 -0.04856178
v 0.00253824 -1.00907230 -0.04941902
v 0.00194964 -1.00881362 -0.05063801
v 0.00160662 -1.00904489 -0.05101438
v 0.00082437 -1.00918365 -0.05149331
v -0.00049643 -1.00934124 -0.05208506
v -0.00947552 -1.01141942 -0.05580124
v -0.00540795 -1.01177180 -0.05571145
v -0.00484549 -1.01031256 -0.05403051
v -0.00849239 -1.00964105 -0.05365437
v -0.00434865 -1.00929224 -0.05237110
v -0.00074046 -1.01440191 -0.04398432
v -0.00780768 -1.00887036 -0.05189951
v 0.00224651 -1.01233113 -0.04501726
v 0.00420209 -1.01379073 -0.04349180
v -0.00059123 -1.01052999 -0.04795387
v 0.00588293 -1.01151466 -0.04435276
v 0.00475173 -1.01164055 -0.04436736
v 0.00784188 -1.01278174 -0.04279881
v 0.00627632 -1.01320231 -0.04309168
v -0.00349939 -1.00893533 -0.05069178
v -0.00557156 -1.01352239 -0.05676946
v -0.01495540 -1.01214325 -0.05614562
v -0.02054646 -1.01228821 -0.05565219
v -0.04845355 -1.06183827 -0.02209303
v -0.04799929 -1.05884147 -0.02307006
v -0.04466604 -1.06000042 -0.02600133
v -0.04523999 -1.06262851 -0.02501887
v -0.03137017 -1.04957831 -0.07161126
v -0.03019807 -1.05426705 -0.06899194
v 0.00116022 -1.00854897 -0.05059551
v 0.02797971 -0.92998338 0.00128671
v -0.04351070 -1.06046844 0.07155871
v -0.04359314 -1.06114912 0.07016817
v -0.04008790 -1.08617270 0.09227584
v 0.00415840 -1.00692260 -0.05136364
v 0.00720522 -1.00425375 -0.04217907
v 0.00404460 -1.00714064 -0.04521786
v 0.01121481 -0.99770468 -0.04998807
v 0.00658869 -0.99308968 -0.04925002
v 0.00348825 -0.99707651 -0.05027802
v 0.00748556 -1.00086236 -0.05064037
v -0.00052402 -1.00310934 -0.05163028
v 0.00251097 -1.00525451 -0.05139655
v -0.04736119 -1.08861148 0.08998550
v 0.00105021 -1.00647354 -0.05149203
v -0.00190954 -1.00515699 -0.05198557
v -0.00299836 -1.00670469 -0.05210796
v 0.00007434 -1.00755179 -0.05130126
v -0.00422138 -1.00873363 -0.05022490
v -0.00931715 -1.00875235 -0.05049669
v -0.00717517 -1.00595045 -0.04555761
v -0.00199677 -1.00594985 -0.04577541
v 0.00259876 -1.00654948 -0.04564219
v 0.00005833 -1.00898564 -0.04916802
v -0.04338659 -1.09250271 0.08632786
v -0.04508251 -1.09390450 0.08125013
v -0.04380653 -1.09241867 0.07978155
v -0.04243967 -1.09059966 0.08412566
v -0.00400813 -1.00858557 -0.05121171
v -0.00014309 -1.00877810 -0.05009310
v -0.00944313 -1.00850844 -0.05160537
v 0.03875183 -0.93417966 0.00173273
v -0.00027423 -1.00836194 -0.05089175
v -0.00372932 -1.00808156 -0.05169379
v -0.00901187 -1.00759590 -0.05242552
v -0.00820612 -1.00560558 -0.05308937
v -0.00726023 -1.00337934 -0.05325748
v -0.00594495 -1.00064111 -0.05249862
v -0.00255224 -0.99357808 -0.04989573
v -0.00039173 -0.98857313 -0.04872524
v -0.00888745 -0.99132794 -0.04892451
v -0.00753631 -0.98615515 -0.04835023
v -0.01190804 -0.99871331 -0.05258035
v -0.01334403 -1.00199926 -0.05409831
v -0.01392502 -1.00474906 -0.05377153
v -0.01427655 -1.00710249 -0.05295857
v -0.02491988 -1.02865958 -0.05739868
v -0.02396653 -1.03481340 -0.05990992
v -0.02609348 -1.03463006 -0.06141096
v -0.02628785 -1.03725576 -0.06801794
v -0.02947269 -1.03340054 -0.06217340
v -0.02403852 -1.03911495 -0.06901871
v -0.02611524 -1.03827786 -0.06945737
v -0.02610872 -1.03993511 -0.07087299
v -0.02448285 -1.04085839 -0.07037079
v -0.02791847 -1.03745818 -0.06979176
v -0.02735577 -1.03954959 -0.07135959
v -0.03218216 -1.03615808 -0.06918703
v -0.03274255 -1.03944409 -0.07186709
v -0.03226123 -1.04542542 -0.07311076
v -0.03281160 -1.04167533 -0.07285861
v -0.02608854 -1.04165709 -0.07181453
v -0.02414164 -1.04391372 -0.07113326
v -0.04974018 -1.08892274 0.09167204
v -0.02300443 -1.04737329 -0.06958477
v -0.01925711 -1.04560113 -0.06704564
v 0.02132747 -1.19869840 0.01096690
v -0.01459786 -1.00834560 -0.05197237
v -0.01448856 -1.00872469 -0.04999262
v -0.04203071 -1.04730892 0.07256065
v -0.04472262 -1.07665324 0.08513404
v -0.00334056 -0.99686348 -0.03832246
v -0.00476430 -1.00084102 -0.04098128
v -0.00955744 -1.00044918 -0.03987045
v -0.04580218 -1.09400272 0.07852378
v -0.04862906 -1.09567118 0.08072475
v -0.00820729 -0.99665260 -0.03731875
v -0.01820479 -1.00858355 -0.04884277
v -0.04474387 -1.06620669 0.09708882
v -0.04890244 -1.08763647 0.09385492
v -0.04810149 -1.08608735 0.09222136
v -0.04927731 -1.08553267 0.07539539
v -0.03652704 -1.05931628 0.08763581
v -0.04332525 -1.05906200 0.08885640
v -0.04260761 -1.05611956 0.08721892
v -0.03645593 -1.05721354 0.08674206
v -0.03612236 -1.07179224 0.07793222
v -0.01570192 -1.00568151 -0.04359953
v -0.01209262 -1.00590193 -0.04478064
v -0.01907233 -1.00826776 -0.05082840
v -0.01910652 -1.00681138 -0.05198286
v -0.01902899 -1.00439417 -0.05301837
v -0.01311489 -1.00016999 -0.03868069
v -0.01167550 -0.99619323 -0.03612045
v -0.04355085 -1.05057991 0.06288722
v 0.00537840 -1.00261557 -0.04208084
v -0.04285896 -1.04255331 0.08131438
v -0.04261653 -1.04398465 0.08371295
v 0.03088960 -1.04279804 0.11247417
v 0.03152654 -1.05499911 0.11893609
v -0.04461743 -1.06636739 0.10092084
v 0.00724019 -0.99922401 -0.04011556
v 0.00034377 -1.00113392 -0.04171857
v 0.00199639 -0.99767089 -0.03952162
v -0.01434213 -0.98527670 -0.04768008
v -0.01516205 -0.99042517 -0.04775524
v -0.01861732 -1.00113988 -0.05295785
v -0.01750591 -0.99756455 -0.05103753
v 0.06650560 -1.19138086 0.06432635
v 0.05293583 -1.14073682 -0.04070637
v 0.04808047 -1.13256180 -0.04689633
v -0.04647762 -1.08941555 0.08225723
v 0.03841444 -1.13906908 -0.05013975
v 0.04317596 -1.14594519 -0.04542137
v 0.05707224 -1.14945531 -0.03509273
v 0.04693696 -1.15355229 -0.03981652
v 0.05800894 -1.19240677 0.01348143
v 0.05156117 -1.19000566 0.00125118
v 0.03208001 -1.19630253 0.00668821
v 0.06018527 -1.19405806 0.02778429
v 0.07640322 -1.18678892 0.03034599
v 0.06882983 -1.18710279 0.01246839
v 0.06120732 -1.18500662 -0.00028879
v -0.04293375 -1.04712284 0.07467872
v -0.04244960 -1.04136443 0.07431307
v -0.04162593 -1.04155874 0.07165052
v -0.04239042 -1.07933712 0.07909270
v 0.07798071 -0.98052692 0.08823916
v 0.10824721 -1.12270749 0.07477314
v 0.05320848 -1.18214917 -0.01115962
v 0.04425439 -1.18629301 -0.00983571
v 0.03789243 -1.18161416 -0.01977451
v 0.04648701 -1.17837512 -0.02014538
v 0.02517170 -1.19165051 -0.00499141
v 0.01421296 -1.19384384 -0.00136975
v 0.08811705 -1.08717430 0.10803658
v -0.02742696 -1.06632233 -0.06275479
v 0.08956257 -1.02250981 0.05633483
v 0.08972594 -1.01974189 0.03601587
v 0.08576497 -0.96135575 0.02400095
v 0.08969897 -1.04307914 0.00795933
v 0.08974846 -1.04378092 0.00879525
v 0.08480230 -1.00127530 0.02029750
v 0.08532111 -1.01630318 0.01864618
v 0.08627975 -1.02491927 0.07124197
v 0.10248291 -1.05584049 0.01116519
v 0.10345097 -1.05981755 0.01133621
v 0.10351726 -1.05501485 0.01026166
v 0.10472679 -1.05918741 0.01059908
v 0.10494927 -1.06350648 0.01062749
v 0.10383111 -1.05321300 0.00940023
v 0.09356367 -1.09070003 -0.00107587
v 0.09426855 -1.09219742 -0.00277773
v -0.03510290 -1.05282247 0.08939164
v -0.03473738 -1.05520666 0.09015322
v 0.08745748 -1.04071307 0.00493175
v 0.08795244 -1.04162955 0.00615473
v -0.02926004 -1.06398308 0.07103767
v 0.08708206 -1.04103673 0.00600974
v 0.08631651 -1.04035270 0.00508038
v 0.08651751 -1.03951240 0.00392133
v 0.08570585 -1.03952074 0.00430398
v 0.08953346 -1.10564566 -0.00876349
v 0.08578955 -1.04003286 0.00799397
v 0.08873931 -1.04302192 0.00886951
v 0.08812816 -1.04220414 0.00754295
v 0.08683961 -1.04105520 0.00713509
v 0.08565010 -1.03970850 0.00579446
v 0.08495021 -1.03852105 0.00450815
v 0.08568399 -1.03802347 0.00358027
v -0.03839611 -1.04681134 0.08870813
v -0.03752559 -1.04088807 0.08228995
v -0.02424558 -0.98493940 0.07106557
v -0.01641136 -0.98967630 0.08304822
v -0.01830956 -0.97645682 0.08102447
v -0.02461188 -0.97094935 0.06915899
v -0.04479464 -1.06529832 0.06273510
v -0.04346079 -1.05840540 0.06638227
v -0.04426897 -1.05677664 0.06452242
v 0.10445786 -1.05219340 0.00965422
v 0.09317117 -1.04002357 0.00490007
v -0.00666349 -0.95450491 0.00971953
v -0.00201738 -0.94137216 0.01347014
v 0.09799501 -1.08375382 0.00497883
v 0.09899844 -1.08213449 0.00630236
v 0.10165948 -1.08398020 0.00618132
v 0.10053132 -1.08605671 0.00479674
v 0.10283275 -1.06575060 0.05706111
v 0.10764078 -1.07750821 0.05856228
v 0.06739397 -0.98659110 0.09686377
v 0.06713451 -1.00323141 0.09486142
v 0.11118554 -1.10895014 0.03338174
v 0.09695238 -1.08521199 0.00359666
v 0.09954152 -1.08765292 0.00337985
v 0.10381897 -1.06409109 0.01113839
v 0.09622478 -1.08456719 0.00417180
v 0.09728962 -1.08310187 0.00553869
v 0.10116576 -1.08957124 0.00388236
v 0.10235915 -1.08765364 0.00544518
v 0.10336451 -1.08543229 0.00713311
v 0.09828657 -1.08137655 0.00685861
v -0.04517589 -1.05053055 0.05903283
v -0.04982232 -1.04860198 0.04969985
v -0.05245264 -1.06457686 0.04857831
v -0.04675645 -1.06073594 0.05786061
v 0.09682216 -1.09001613 0.00529560
v 0.10137513 -1.13639998 0.00692613
v 0.10798965 -1.13212729 0.02016545
v 0.09940232 -1.15380740 0.00896759
v 0.10613209 -1.15046668 0.02320127
v 0.11041155 -1.14623141 0.03982009
v 0.11258978 -1.12697268 0.03691077
v 0.09388639 -1.09063613 0.00023984
v 0.09521174 -1.09319997 -0.00300676
v 0.06113833 -1.15685654 -0.02966824
v 0.07000671 -1.15288699 -0.02558696
v 0.05030781 -1.16005063 -0.03409101
v 0.05316789 -1.16585577 -0.02894117
v 0.06359107 -1.16363168 -0.02425798
v 0.07699064 -1.15871358 -0.01689699
v 0.09396610 -1.12537670 -0.00419916
v 0.09299186 -1.13987207 -0.00524756
v 0.08342964 -1.14223814 -0.01586259
v -0.06188585 -1.09104490 0.00706960
v -0.06106481 -1.09222579 0.01186367
v -0.06068347 -1.08266377 0.01326047
v -0.06090044 -1.08339465 0.00867977
v 0.08962391 -1.15644777 -0.00382159
v 0.07567232 -1.16825390 -0.01056640
v 0.08645384 -1.16676426 0.00059648
v 0.07040033 -1.17661858 -0.00461449
v 0.07989825 -1.17708278 0.00683608
v 0.08769286 -1.17667532 0.02089943
v 0.09587439 -1.16528940 0.01302742
v 0.06473191 -1.16974580 -0.01890284
v 0.05417376 -1.17102790 -0.02417389
v 0.06130713 -1.17591953 -0.01401337
v 0.05406068 -1.17522740 -0.01961590
v 0.07792690 -1.14306772 -0.02102447
v 0.08145424 -1.03211725 0.00717686
v 0.08021333 -1.03147781 0.00165613
v -0.04031299 -1.14680493 -0.03559458
v -0.03192747 -1.14690018 -0.04284856
v -0.03008978 -1.15579617 -0.03854453
v -0.03785713 -1.15515673 -0.03071099
v 0.08050293 -1.04236841 -0.00849777
v 0.03122254 -1.06348217 0.12288233
v 0.03155151 -1.07489014 0.12639008
v 0.05224223 -1.07341027 0.12227202
v 0.05088475 -1.06340969 0.11785413
v 0.06019864 -1.06271029 -0.04053614
v 0.05977060 -1.07630289 -0.04011362
v 0.06898740 -1.06939924 -0.03190232
v 0.06833547 -1.05406523 -0.03079891
v -0.02775855 -1.17520225 -0.01211647
v -0.02002744 -1.17674971 -0.02018345
v -0.01559413 -1.18306541 -0.01187942
v -0.02367185 -1.18120694 -0.00410029
v -0.05980232 -1.06070161 -0.00400299
v -0.06088341 -1.05416596 -0.00211209
v -0.05911590 -1.05309129 -0.00737608
v -0.05810586 -1.05974448 -0.00829841
v 0.05862448 -1.08966422 -0.04003065
v 0.06775301 -1.08355439 -0.03261564
v 0.06787328 -1.09805262 -0.03291985
v 0.05786270 -1.10464132 -0.04137154
v 0.11067688 -1.14230156 0.05783679
v 0.11292276 -1.12500846 0.05751362
v -0.04262976 -1.03671646 0.07171322
v -0.04225788 -1.03735626 0.06990902
v 0.11302343 -1.11271966 0.05777276
v 0.02506421 -1.11717021 -0.06090886
v -0.01027642 -1.18888843 -0.00199524
v -0.01883855 -1.18691492 0.00559663
v 0.08124021 -1.16494358 0.09166034
v 0.02804146 -1.14245975 -0.05381766
v 0.10172059 -1.16259742 0.05921370
v 0.05662806 -1.00567758 0.10191834
v 0.09261443 -1.16906607 0.07042073
v 0.10262532 -1.16224813 0.02702358
v 0.10660119 -1.15832067 0.04086079
v 0.10694706 -1.15336478 0.05821460
v 0.11215576 -1.09668601 0.05857739
v 0.04354225 -1.17373955 -0.02640737
v 0.03770905 -1.08422327 -0.05554902
v 0.03776770 -1.07996774 -0.05374486
v 0.03667859 -1.08884764 -0.05777395
v 0.03593546 -1.07506800 -0.05370177
v -0.00887135 -1.06291103 -0.05399616
v -0.01016542 -1.06053162 -0.05530974
v -0.01127084 -1.05757368 -0.05647321
v -0.00595734 -1.05812347 -0.05443485
v -0.00718581 -1.05472660 -0.05531778
v -0.01690515 -1.05709052 -0.05992277
v -0.01553502 -1.06012845 -0.05817840
v -0.01261679 -1.05469871 -0.05767062
v -0.01365182 -1.05115807 -0.05876732
v -0.01777560 -1.05355024 -0.06152358
v -0.00745648 -1.03869593 -0.05570435
v -0.00586621 -1.04391861 -0.05507461
v -0.00940749 -1.04800451 -0.05656778
v -0.00291224 -1.05197930 -0.05526838
v -0.00428794 -1.04826546 -0.05546242
v -0.00836452 -1.05166423 -0.05602366
v -0.00124105 -1.05578184 -0.05472174
v -0.01383079 -1.04713833 -0.06090081
v -0.01435599 -1.04350722 -0.06369081
v -0.01852978 -1.04952073 -0.06424817
v -0.02194068 -1.05121446 -0.06674564
v -0.02128858 -1.05539393 -0.06406555
v -0.00454826 -1.06068695 -0.05348574
v 0.00042674 -1.05862665 -0.05429517
v -0.00050753 -1.04472053 -0.05584183
v 0.00387209 -1.04124522 -0.05711769
v 0.00176519 -1.04950082 -0.05626042
v 0.00590783 -1.04669595 -0.05753155
v 0.00338760 -1.05354452 -0.05586237
v 0.00777270 -1.05103064 -0.05712242
v 0.00792673 -1.03753328 -0.05816338
v 0.01165916 -1.03354359 -0.05836591
v 0.01550979 -1.02863252 -0.05771481
v 0.01468950 -1.03899753 -0.05897761
v 0.01908195 -1.03364432 -0.05824351
v 0.01706645 -1.04451263 -0.05894289
v 0.02207199 -1.03962064 -0.05848582
v -0.03355398 -1.06825209 -0.04104377
v -0.03257227 -1.07056999 -0.03855999
v -0.03493391 -1.06757736 -0.03503430
v -0.03542257 -1.06515729 -0.03696593
v -0.03360692 -1.11734009 -0.05052145
v -0.03371991 -1.12556148 -0.04832570
v -0.04107262 -1.12581754 -0.04263566
v -0.04074441 -1.11771727 -0.04543429
v 0.01050269 -1.04313529 -0.05865553
v 0.01262967 -1.04794955 -0.05836308
v 0.00953645 -1.05522978 -0.05670489
v 0.00515837 -1.05715561 -0.05550935
v 0.01922286 -1.05666828 -0.05818348
v 0.01852242 -1.05058837 -0.05860270
v 0.01405333 -1.05305672 -0.05780882
v 0.01508021 -1.05805826 -0.05737431
v 0.02413208 -1.04690421 -0.05856448
v 0.02408271 -1.05502725 -0.05853666
v 0.02375478 -1.06053650 -0.05793506
v 0.00947446 -1.06679273 -0.05527546
v 0.00476690 -1.06733322 -0.05348008
v 0.01308756 -1.06666493 -0.05616118
v 0.01936869 -1.06113970 -0.05769748
v 0.01565551 -1.06174242 -0.05720184
v 0.02987184 -1.06942248 -0.05569465
v 0.02675660 -1.06819022 -0.05648455
v 0.01983505 -1.06694162 -0.05707447
v 0.01664768 -1.06674135 -0.05680057
v 0.02337191 -1.06748188 -0.05696668
v 0.00065016 -1.06894970 -0.05149816
v -0.00359833 -1.07097840 -0.04954979
v 0.08820461 -1.00481439 0.03569500
v -0.02072988 -1.05920827 -0.06234241
v -0.01971511 -1.06258821 -0.06046167
v -0.00930214 -1.08763289 -0.05331012
v -0.01040573 -1.08503234 -0.05090091
v -0.01917661 -1.08396661 -0.05486332
v -0.00716984 -1.09075797 -0.05847219
v -0.00668982 -1.07343340 -0.04854229
v -0.03780729 -1.06514108 -0.03140798
v -0.03760375 -1.06294751 -0.03301895
v -0.00859490 -1.07604468 -0.04804072
v -0.00997219 -1.07883525 -0.04825312
v -0.01072766 -1.08204985 -0.04907054
v -0.02715400 -1.16346979 -0.03304813
v -0.03463145 -1.16240454 -0.02474889
v 0.00556432 -1.19962800 0.04749834
v 0.00097388 -1.19883120 0.04051029
v 0.01093835 -1.20174050 0.03482025
v 0.01628895 -1.20273387 0.04623812
v 0.00106588 -1.10486484 -0.06702361
v -0.00238491 -1.09782290 -0.06640711
v 0.04146952 -1.12452185 -0.05280051
v 0.04685820 -1.11625803 -0.05016924
v 0.02671782 -1.10187805 -0.06321428
v 0.03123982 -1.09795320 -0.06179535
v 0.03465155 -1.09339762 -0.05991264
v 0.05016711 -1.10465670 -0.04719495
v 0.05200055 -1.09205556 -0.04575457
v 0.05325314 -1.08044839 -0.04499673
v -0.01528246 -1.07410133 0.10787028
v -0.02519986 -1.07078373 0.09695560
v -0.02734414 -1.08299494 0.09803842
v -0.01799508 -1.09119892 0.10997015
v 0.03542782 -1.15661395 -0.04353998
v -0.01479356 -0.96206439 0.02330854
v -0.01021001 -0.94903344 0.02582041
v 0.05495393 -0.99143314 0.10269098
v 0.03825612 -1.16288722 -0.03789078
v 0.03195081 -1.14963770 -0.04854337
v 0.03325099 -1.17641509 -0.02712595
v 0.02957217 -1.17124534 -0.03404093
v 0.04104378 -1.16849518 -0.03228772
v 0.02665543 -1.16544414 -0.04016835
v 0.02421647 -1.15906930 -0.04573181
v 0.02079886 -1.15213978 -0.05083226
v 0.01725527 -1.14462578 -0.05575272
v 0.01312335 -1.13534808 -0.05956071
v 0.08681583 -1.00749838 0.05588343
v -0.02092264 -1.04782462 -0.05827701
v -0.02189680 -1.04783487 -0.05855756
v -0.06160675 -1.11216521 -0.00576471
v -0.06133408 -1.11821699 -0.00111097
v -0.06174740 -1.11139417 0.00443792
v -0.06214964 -1.10634637 -0.00059038
v -0.02155908 -1.04756486 -0.05721541
v -0.02252331 -1.04755390 -0.05746926
v -0.02245202 -1.04626584 -0.05681765
v -0.02190518 -1.03845525 -0.05860269
v -0.02276899 -1.04054594 -0.05699037
v -0.02290769 -1.04420650 -0.05636303
v 0.08097503 -1.03546953 -0.00509484
v -0.03329557 -1.10436177 -0.05337764
v -0.03973091 -1.10452986 -0.04941197
v -0.03790834 -1.09811366 -0.05017211
v -0.03255610 -1.09796715 -0.05359888
v -0.06048568 -1.07597804 0.00901913
v -0.06118216 -1.07328653 0.01319372
v -0.06192670 -1.06446624 0.00958972
v -0.06064820 -1.06839395 0.00603672
v -0.06053534 -1.06256449 -0.00010324
v -0.06181518 -1.05652499 0.00225207
v -0.04140605 -1.13598108 -0.03979391
v -0.03333065 -1.13613892 -0.04612998
v -0.06138906 -1.10227346 0.00891822
v -0.06210588 -1.09896135 0.00373603
v -0.03277572 -1.07112551 -0.04535613
v -0.03148434 -1.07305884 -0.04195255
v -0.03108915 -1.07733846 -0.04622154
v -0.03110333 -1.07635498 -0.05335056
v -0.03045153 -1.08048868 -0.05272022
v -0.03115025 -1.08077323 -0.04777154
v -0.05305054 -1.11837423 -0.02998213
v -0.05336412 -1.12607694 -0.02664728
v -0.05740665 -1.12531412 -0.01800392
v -0.05724281 -1.11802948 -0.02148839
v -0.03150281 -1.16905344 -0.01885154
v -0.02372784 -1.16994953 -0.02701865
v -0.03084014 -1.08983970 -0.05287031
v -0.03370627 -1.09011936 -0.04928072
v -0.03214287 -1.08673406 -0.04852961
v -0.03045910 -1.08658218 -0.05235524
v -0.04109629 -1.06120372 -0.02943198
v -0.04155166 -1.06355393 -0.02832728
v -0.03314115 -1.03639901 0.06932325
v -0.03472103 -1.03596520 0.07022896
v -0.04825062 -1.08260798 0.05843057
v -0.04723298 -1.07159448 0.05776025
v -0.05325526 -1.07804787 0.04797074
v -0.05305702 -1.09165132 0.04839724
v -0.05479757 -1.10351253 0.05143275
v -0.05383522 -1.11357212 0.05591594
v -0.04951240 -1.09883654 0.06422339
v -0.04978745 -1.09194469 0.06044004
v -0.00745486 -0.98080033 0.08971063
v -0.00306974 -0.99329937 0.09147903
v -0.03226469 -1.07291782 -0.05537026
v -0.03329954 -1.06957781 -0.05727298
v 0.05313843 -1.11714375 0.12723224
v 0.05387810 -1.10304117 0.12770192
v 0.03174435 -1.10626698 0.13024460
v 0.03098305 -1.11953604 0.13040386
v -0.01380415 -1.06284845 0.10433827
v -0.02377237 -1.06154847 0.09379675
v -0.03790021 -1.04197586 -0.05229604
v -0.03314598 -1.04728985 -0.05054626
v -0.03275964 -1.04386294 -0.04949512
v -0.03285521 -1.04656005 -0.05039856
v -0.03852307 -1.03869033 -0.05348480
v -0.04103459 -1.03789103 -0.05334784
v -0.03316680 -1.04002512 -0.04865292
v -0.03272337 -1.04014754 -0.04963040
v -0.03225497 -1.04410768 -0.05018429
v -0.03443946 -1.04759395 -0.05057304
v -0.03396793 -1.03405619 -0.06280755
v -0.03601670 -1.03513432 -0.06524936
v -0.03895257 -1.03659129 -0.06258452
v -0.03653005 -1.03540421 -0.06133243
v -0.03185167 -1.04645848 -0.05263696
v -0.03124102 -1.04405344 -0.05353862
v -0.03538997 -1.04087758 -0.05899785
v -0.03530387 -1.04518211 -0.05513319
v -0.03436757 -1.04759896 -0.05291023
v -0.03667029 -1.04161334 -0.05746886
v -0.03400163 -1.03593290 -0.05466113
v -0.03738935 -1.04195070 -0.05517641
v -0.04255962 -1.05144382 0.08124146
v -0.03095238 -0.99740058 0.05451027
v -0.03144529 -1.01439404 0.06247158
v -0.02797581 -1.01459956 0.06727331
v -0.02711827 -0.99772668 0.06289069
v -0.04385235 -1.07886863 0.08162743
v -0.06032800 -1.12064755 0.02376889
v -0.05810986 -1.13413799 0.03173706
v -0.05614967 -1.12390625 0.04552867
v -0.05796371 -1.11206579 0.04169447
v -0.05512466 -1.14488566 0.03789449
v -0.05362641 -1.13591194 0.05093697
v -0.05093800 -1.12500048 0.06207965
v -0.04395963 -1.10631323 0.07739608
v -0.05398650 -1.07588398 -0.01492671
v -0.05425062 -1.07562351 -0.01494562
v -0.05351237 -1.07514310 -0.01677604
v -0.05342321 -1.07533717 -0.01663432
v -0.05326866 -1.07607949 -0.01457796
v -0.05252796 -1.07543361 -0.01615224
v -0.05360115 -1.07665157 -0.01338477
v -0.05433170 -1.07636154 -0.01355624
v -0.05462092 -1.07606721 -0.01351378
v -0.04053794 -1.07623696 -0.02653370
v -0.04080185 -1.07664168 -0.02559177
v -0.04320911 -1.07566464 -0.02439345
v -0.04316816 -1.07546306 -0.02570279
v -0.04052752 -1.07586193 -0.02701056
v -0.04327884 -1.07509327 -0.02608638
v -0.04095366 -1.07926512 -0.01942600
v -0.04042289 -1.07956576 -0.01963895
v -0.04166583 -1.07887018 -0.01901462
v -0.03776377 -1.07851744 -0.02575598
v -0.03788652 -1.07948184 -0.02598129
v -0.04005571 -1.08022141 -0.01996419
v -0.03998972 -1.07976389 -0.01977844
v -0.03828205 -1.07805634 -0.02568519
v -0.03693018 -1.07783723 -0.02657548
v -0.03579211 -1.07816172 -0.02674853
v -0.03596709 -1.07949305 -0.02710324
v -0.04778294 -1.07400990 -0.02343007
v -0.04791887 -1.07314420 -0.02333333
v -0.04393230 -1.07344174 -0.02595913
v -0.04359587 -1.07439661 -0.02612812
v -0.04757014 -1.07454610 -0.02339390
v -0.05006796 -1.07479775 -0.02089004
v -0.05019396 -1.07421517 -0.02096924
v -0.05022071 -1.07337248 -0.02083164
v -0.04096498 -1.07438326 -0.02750659
v -0.04077236 -1.07537949 -0.02734487
v -0.05017055 -1.07262039 -0.02073891
v -0.04800227 -1.07240450 -0.02308925
v -0.04404675 -1.07269812 -0.02582903
v -0.04098171 -1.07388496 -0.02759271
v -0.03814890 -1.07526731 -0.02862449
v -0.03917184 -1.07555938 -0.02802049
v -0.04785632 -1.07155859 -0.02284015
v -0.04767095 -1.07059717 -0.02273159
v -0.04371701 -1.07083344 -0.02574453
v -0.04390974 -1.07182670 -0.02569909
v -0.05001719 -1.07183015 -0.02038278
v -0.04984316 -1.07089210 -0.02023611
v -0.05481453 -1.07635880 -0.01155666
v -0.05480081 -1.07698464 -0.01054949
v -0.05485500 -1.07640231 -0.01062964
v -0.05482068 -1.07588780 -0.01117370
v -0.05544022 -1.07409060 -0.00685353
v -0.05562070 -1.07555580 -0.00563905
v -0.05632520 -1.07497346 -0.00361092
v -0.05594730 -1.07335114 -0.00508590
v -0.06074234 -1.06498373 0.00333818
v -0.05755835 -1.07048416 -0.00310152
v -0.05787120 -1.07224655 -0.00085287
v -0.05478845 -1.07601678 -0.01246007
v -0.05463709 -1.07560372 -0.01350253
v -0.05468111 -1.07640529 -0.01248223
v -0.05461045 -1.07685781 -0.01148397
v -0.05476429 -1.07535601 -0.01205716
v -0.05463015 -1.07490957 -0.01325384
v -0.05431512 -1.07523799 -0.01491218
v -0.05430207 -1.07441568 -0.01475274
v -0.05351710 -1.07388556 -0.01667818
v -0.05350294 -1.07472515 -0.01681994
v -0.05218375 -1.07446516 -0.01872684
v -0.05236327 -1.07499754 -0.01843860
v -0.05218723 -1.07358670 -0.01859338
v -0.05348775 -1.07321751 -0.01637116
v -0.05219085 -1.07285976 -0.01838496
v -0.05416676 -1.07373965 -0.01437331
v -0.05454024 -1.07436085 -0.01284761
v -0.05468419 -1.07494617 -0.01155469
v -0.05485194 -1.07550597 -0.01057466
v -0.05493753 -1.07626140 -0.00990353
v -0.05467033 -1.07447839 -0.01083312
v -0.05481863 -1.07383275 -0.00973660
v -0.05441412 -1.07306147 -0.01149102
v -0.05448276 -1.07381809 -0.01230453
v -0.05492836 -1.07518566 -0.00962528
v -0.05512200 -1.07470119 -0.00830712
v -0.05412215 -1.07321417 -0.01385166
v -0.05393479 -1.07249415 -0.01337327
v -0.05310111 -1.07185388 -0.01553071
v -0.05334736 -1.07259381 -0.01594501
v -0.05206347 -1.07219028 -0.01801827
v -0.05194797 -1.07129264 -0.01760360
v -0.04737541 -1.07470465 -0.02319071
v -0.04656627 -1.07496524 -0.02233626
v -0.04927080 -1.07481778 -0.01998376
v -0.04993524 -1.07492959 -0.02062138
v -0.05228172 -1.07509589 -0.01827150
v -0.05139317 -1.07497716 -0.01781368
v -0.04857067 -1.07490230 -0.01902629
v -0.04522134 -1.07788229 -0.01658122
v -0.04620888 -1.07791781 -0.01562380
v -0.05053890 -1.07505536 -0.01708423
v -0.04614479 -1.07519543 -0.02114431
v -0.04398561 -1.07800853 -0.01758290
v -0.04333005 -1.07600117 -0.02297209
v -0.04273160 -1.07837319 -0.01846829
v -0.04109885 -1.07679796 -0.02454473
v -0.04932705 -1.08665872 -0.02408731
v -0.04953692 -1.08679008 -0.02441711
v -0.05314230 -1.08631873 -0.02146223
v -0.05256265 -1.08609843 -0.02123204
v 0.01543280 -1.07691813 0.12377691
v 0.01605570 -1.09310067 0.12696716
v 0.03162386 -1.08954024 0.12966953
v -0.05436744 -1.08400309 -0.01854230
v -0.05421376 -1.08496475 -0.01838897
v -0.05555334 -1.08393741 -0.01583751
v -0.05537139 -1.08308947 -0.01586927
v -0.05457861 -1.08297300 -0.01870514
v -0.05508915 -1.08205318 -0.01596729
v -0.05316018 -1.08385789 -0.02171529
v -0.05294112 -1.08499169 -0.02149596
v -0.05257540 -1.08585083 -0.02122714
v -0.05257754 -1.08126330 -0.01240516
v -0.05235594 -1.08216286 -0.01349102
v -0.05351283 -1.08181500 -0.01448065
v -0.05371739 -1.08117568 -0.01278074
v -0.05280410 -1.08064711 -0.01145080
v -0.05380651 -1.08053887 -0.01158455
v -0.04743362 -1.08076918 -0.01267797
v -0.04730026 -1.08110797 -0.01314685
v -0.04706819 -1.08151770 -0.01381604
v -0.04747325 -1.08047175 -0.01240386
v -0.04746892 -1.08019137 -0.01228844
v -0.04746512 -1.07991576 -0.01227386
v -0.04743100 -1.07963109 -0.01240510
v -0.06138664 -1.04827249 0.00680001
v -0.06195503 -1.05983019 0.00602376
v -0.06174038 -1.05212069 0.01102902
v -0.05431777 -1.07675934 -0.01245539
v -0.05430585 -1.07724774 -0.01146995
v -0.05362354 -1.07710516 -0.01238957
v -0.05367891 -1.07762718 -0.01154188
v -0.05436341 -1.07793188 -0.01053636
v -0.05468950 -1.07765627 -0.01032930
v -0.05235070 -1.07615530 -0.01417924
v -0.04722243 -1.07839108 -0.01404093
v -0.04740347 -1.07872331 -0.01351339
v -0.05259201 -1.07691085 -0.01316166
v -0.05160984 -1.07551754 -0.01553011
v -0.04682025 -1.07810414 -0.01476794
v -0.04745369 -1.07901549 -0.01307593
v -0.04745198 -1.07933092 -0.01267464
v -0.05256044 -1.07738459 -0.01240779
v -0.05263265 -1.07790923 -0.01161592
v -0.05376720 -1.07833433 -0.01094721
v -0.05268140 -1.07906997 -0.01072891
v -0.05275546 -1.07958424 -0.01073857
v -0.05381383 -1.07888174 -0.01075629
v -0.05384079 -1.07940590 -0.01069809
v -0.05263011 -1.07853246 -0.01096708
v -0.05279470 -1.08011246 -0.01096327
v -0.05383861 -1.07991958 -0.01098906
v -0.05486080 -1.07716334 -0.01007994
v -0.05472032 -1.07803249 -0.00992431
v -0.05492565 -1.07916892 -0.00932805
v -0.05497035 -1.07726264 -0.00939669
v -0.05521235 -1.07736254 -0.00842684
v -0.05502141 -1.07608819 -0.00881941
v -0.05558659 -1.07988358 -0.00859172
v -0.05625840 -1.08046293 -0.00737046
v -0.05572646 -1.07747769 -0.00686152
v -0.05533089 -1.07593799 -0.00741619
v -0.05442739 -1.07853234 -0.01016065
v -0.05445675 -1.07923579 -0.00993114
v -0.05571533 -1.08076370 -0.01012793
v -0.05639658 -1.08164847 -0.00979473
v -0.05519341 -1.08016515 -0.01045289
v -0.05536034 -1.08076572 -0.01183880
v -0.05567170 -1.08150578 -0.01179861
v -0.05629760 -1.08224487 -0.01160444
v -0.05565041 -1.08217406 -0.01367212
v -0.05616074 -1.08299661 -0.01361264
v -0.05532306 -1.08133805 -0.01365032
v -0.05463263 -1.07994151 -0.01063848
v -0.05470666 -1.08048654 -0.01180600
v -0.05471557 -1.08108652 -0.01334299
v -0.05463654 -1.08142233 -0.01557949
v -0.05395870 -1.08220577 -0.01837223
v -0.05251943 -1.08252025 -0.01706725
v -0.05257211 -1.08318019 -0.02136378
v -0.05084505 -1.08311725 -0.01992893
v -0.05056779 -1.08722782 -0.02531269
v -0.05452678 -1.08706176 -0.02207922
v -0.04981840 -1.08337796 -0.01851739
v -0.04578315 -1.08207667 -0.01622688
v -0.04464997 -1.08207273 -0.01750430
v -0.04750629 -1.08325255 -0.02100330
v -0.03866143 -1.08008599 -0.02615633
v -0.03962978 -1.08081198 -0.02617039
v -0.04076355 -1.08085620 -0.01997910
v -0.04033241 -1.08051229 -0.01999992
v -0.03766293 -1.08007026 -0.02748686
v -0.03916936 -1.08074236 -0.02740596
v -0.04294221 -1.08244646 -0.02471400
v -0.04241882 -1.08162057 -0.01937479
v -0.04137221 -1.08124697 -0.01984799
v -0.04109203 -1.08165431 -0.02542294
v -0.04328248 -1.08263183 -0.02669085
v -0.04071649 -1.08155560 -0.02715752
v -0.04852016 -1.08336592 -0.02267417
v 0.04704564 -1.15225959 0.12070990
v 0.05038381 -1.13713753 0.12499845
v 0.02908390 -1.13781190 0.12771429
v 0.02673207 -1.15102875 0.12389121
v -0.05136237 -1.08285785 -0.01599934
v -0.04659731 -1.08186078 -0.01494887
v 0.01429880 -1.15121305 0.12210212
v 0.01287290 -1.15942192 0.11826753
v 0.02294096 -1.16194689 0.11831318
v 0.01596893 -1.01003945 0.10212892
v 0.02747836 -0.99776363 0.10623414
v -0.03633324 -1.07966959 -0.02945234
v -0.03809391 -1.08091867 -0.02906925
v -0.03518588 -1.07851303 -0.02971086
v -0.03467189 -1.07828879 -0.03026050
v -0.03576278 -1.07970357 -0.02994874
v -0.03728072 -1.08105636 -0.02958468
v -0.04030173 -1.08204389 -0.02847167
v -0.03988222 -1.08225310 -0.02920898
v -0.04354365 -1.08351421 -0.02851431
v -0.04347225 -1.08295894 -0.02806896
v -0.04972874 -1.08366418 -0.02432947
v -0.05012163 -1.08439422 -0.02482217
v -0.04290161 -1.08432424 -0.02838612
v -0.03920658 -1.08276725 -0.02910378
v -0.04223510 -1.08518672 -0.02829459
v -0.03895272 -1.08369374 -0.02910905
v -0.04941411 -1.08629358 -0.02423253
v -0.04984712 -1.08543491 -0.02451120
v -0.03777614 -1.07631731 -0.02830160
v -0.03595218 -1.07657063 -0.02945441
v -0.03813040 -1.07676935 -0.02785849
v -0.03608460 -1.07702553 -0.02896117
v -0.03873353 -1.07727146 -0.02636845
v -0.03521734 -1.07739687 -0.02932398
v -0.03488337 -1.07711160 -0.03001498
v -0.03938818 -1.07748687 -0.02553238
v -0.03498583 -1.07979906 -0.03015146
v -0.03389431 -1.07809460 -0.03082008
v -0.03354932 -1.08038032 -0.03029967
v -0.03310549 -1.07828522 -0.03103914
v -0.03587906 -1.08251262 -0.02963320
v -0.03641378 -1.08142865 -0.02951555
v -0.03404815 -1.07690883 -0.03059431
v -0.03462300 -1.07637787 -0.03034547
v -0.03346100 -1.07677639 -0.03102743
v -0.03404851 -1.07610726 -0.03075579
v -0.04075380 -1.07311010 -0.02774866
v -0.04043486 -1.07231712 -0.02786179
v -0.03770993 -1.07460308 -0.02917719
v -0.03711829 -1.07405615 -0.02948098
v -0.04732539 -1.06958270 -0.02270382
v -0.04953849 -1.06984723 -0.02011035
v -0.04670323 -1.06842232 -0.02287722
v -0.04924035 -1.06854320 -0.02006547
v -0.04277493 -1.06881690 -0.02623361
v -0.04332392 -1.06979346 -0.02583676
v -0.00845388 -0.94011891 0.02768679
v -0.05511077 -1.07295430 -0.00860323
v -0.05544058 -1.07189059 -0.00735843
v -0.05503095 -1.07078457 -0.00967950
v -0.05452573 -1.07217085 -0.01055923
v -0.05386347 -1.07149458 -0.01270007
v -0.05402308 -1.06997585 -0.01222176
v -0.05273283 -1.06929970 -0.01494127
v -0.05285710 -1.07077801 -0.01514953
v -0.05167822 -1.07027674 -0.01729790
v -0.05131239 -1.06874275 -0.01730689
v -0.05615940 -1.07725835 -0.00476974
v -0.05729705 -1.08064377 -0.00441241
v -0.05705021 -1.07690966 -0.00251569
v -0.05828900 -1.08060813 -0.00147562
v -0.03234192 -1.08125198 -0.03163511
v -0.03192480 -1.07872558 -0.03157953
v -0.03143327 -1.08185077 -0.03401203
v -0.03124684 -1.07901514 -0.03334944
v -0.03352763 -1.08466601 -0.03465668
v -0.03423805 -1.08396399 -0.03191141
v -0.03274466 -1.07669950 -0.03154015
v -0.03339858 -1.07579374 -0.03119729
v -0.03177448 -1.07662749 -0.03254715
v -0.03261887 -1.07516563 -0.03193697
v -0.03985690 -1.07144737 -0.02820205
v -0.03928152 -1.07053447 -0.02851308
v -0.03657987 -1.07339835 -0.02988004
v -0.03570675 -1.07249296 -0.03031844
v 0.01462566 -1.06510150 0.11953524
v 0.01542742 -1.10932589 0.12764165
v -0.06079532 -1.09177279 -0.01712370
v -0.05847527 -1.08892131 -0.01822751
v -0.05651699 -1.08964324 -0.02218496
v -0.05912242 -1.09316039 -0.02201051
v -0.06298053 -1.09588957 -0.01460764
v -0.06324339 -1.09271181 -0.01044636
v -0.06143370 -1.08977973 -0.01291264
v -0.05959176 -1.08752286 -0.01470262
v -0.05857402 -1.08340657 -0.00540097
v -0.05785770 -1.08311057 -0.00774410
v -0.05877136 -1.08465743 -0.00925740
v -0.05987694 -1.08542252 -0.00719864
v -0.05975988 -1.08367682 -0.00253094
v -0.06139449 -1.08651459 -0.00441515
v -0.06079316 -1.08745110 -0.00989582
v -0.05933684 -1.08594489 -0.01175468
v -0.06256476 -1.08928716 -0.00727876
v -0.04204307 -1.08851266 -0.03285465
v -0.04183612 -1.08703947 -0.03062745
v -0.03825303 -1.08554029 -0.03089206
v -0.03731623 -1.08635974 -0.03260179
v -0.04204129 -1.08995426 -0.03533486
v -0.03635104 -1.08724236 -0.03532679
v -0.05462433 -1.09305918 -0.02806168
v -0.05260265 -1.08993959 -0.02678040
v -0.04189407 -1.08566189 -0.02832069
v -0.03980844 -1.08464491 -0.02899918
v -0.04178839 -1.08585835 -0.02848487
v -0.03908949 -1.08456433 -0.02917783
v -0.00420251 -1.16816425 0.10612380
v -0.01275422 -1.17288041 0.09585407
v 0.00384639 -1.18436015 0.09133795
v 0.01138323 -1.17787957 0.10219114
v -0.05433128 -1.08530486 -0.01845474
v -0.05504022 -1.08571315 -0.01858089
v -0.05642219 -1.08481455 -0.01593497
v -0.05579199 -1.08432531 -0.01594510
v -0.05653278 -1.08355176 -0.01359563
v -0.05718565 -1.08408380 -0.01342208
v -0.05723631 -1.08331370 -0.01122564
v -0.05678197 -1.08291411 -0.01161400
v -0.05671825 -1.08238494 -0.01017121
v -0.05703788 -1.08247030 -0.00947861
v -0.03977992 -1.08532715 -0.02966343
v -0.04198486 -1.08607697 -0.02905568
v 0.01467887 -1.13946640 0.12505323
v -0.05708703 -1.13353658 -0.01325735
v -0.05898599 -1.13090253 -0.00343979
v -0.05986818 -1.12355149 -0.00908100
v -0.05652957 -1.08658695 -0.01879721
v -0.05775641 -1.08578157 -0.01570733
v -0.05812831 -1.08489132 -0.01292375
v -0.05792801 -1.08402777 -0.01066774
v -0.05762871 -1.08328009 -0.00923906
v -0.04366171 -1.05375659 0.06452987
v -0.04306541 -1.05407405 0.06655256
v -0.03666526 -1.06753337 0.09134877
v -0.03636558 -1.07383537 0.08895023
v -0.03610704 -1.07728732 0.08665227
v -0.04532892 -1.08480501 0.07515328
v -0.04679349 -1.08853853 0.07889783
v -0.04316711 -1.04842758 0.08940455
v -0.04220734 -1.04608333 0.08480552
v -0.04290499 -1.04943991 0.08981898
v -0.04738655 -1.08641148 0.09205215
v -0.04674250 -1.08490074 0.09368812
v -0.04767226 -1.08455122 0.09387681
v 0.01542964 -1.04129457 0.11015468
v 0.01516053 -1.05573535 0.11585539
v -0.04633640 -1.08298469 0.09531824
v -0.04334825 -1.05941010 0.06935184
v -0.03755980 -1.06700718 0.09225319
v -0.03821909 -1.06662691 0.09476607
v -0.03882810 -1.06130981 0.09576363
v -0.03851169 -1.06174219 0.09461349
v -0.03882001 -1.05609524 0.09408017
v -0.03857050 -1.05684948 0.09324963
v -0.04296954 -1.05258119 0.09250373
v -0.04330200 -1.05668986 0.09469619
v -0.04730003 -1.08917511 0.08050936
v -0.04731138 -1.08818507 0.07904096
v -0.04777241 -1.08913779 0.08102853
v -0.04329646 -1.05835271 0.07112015
v -0.04367469 -1.08279765 0.07447530
v -0.04331851 -1.08066845 0.07325376
v -0.04288369 -1.08104873 0.07349516
v -0.03872712 -1.06394374 0.07198792
v -0.03866933 -1.06490719 0.07207109
v -0.03985558 -1.06232119 0.07262110
v -0.04261013 -1.06063795 0.07274631
v -0.03675985 -1.05302811 0.07093874
v -0.03531529 -1.05210102 0.07245699
v -0.03598540 -1.05094850 0.07213785
v -0.04803469 -1.09617805 0.08428284
v -0.04349901 -1.07965779 0.07318975
v -0.04470899 -1.08082664 0.07372952
v -0.04536015 -1.08196843 0.07408325
v -0.04830781 -1.08881485 0.08167524
v -0.04557988 -1.08294845 0.07429911
v -0.04483744 -1.08282804 0.07405123
v -0.04600048 -1.08463645 0.07530588
v -0.04423377 -1.08279562 0.07413842
v -0.03571120 -1.05893445 0.08590388
v -0.03544430 -1.05834389 0.08331759
v -0.04541115 -1.07547009 0.06331142
v -0.04468998 -1.07353449 0.06601641
v -0.04240233 -1.04517913 0.08249606
v -0.03747149 -1.08414435 0.08166708
v -0.03712557 -1.08727443 0.08252712
v -0.04397706 -1.06145740 0.09639990
v -0.04312570 -1.05428255 0.08549897
v -0.04203974 -1.05331790 0.08284530
v -0.04431328 -1.05563891 0.08803551
v -0.04488920 -1.05864251 0.08988877
v -0.03712700 -1.07400823 0.07650703
v -0.04505861 -1.07891071 0.08570309
v -0.04509243 -1.07673657 0.08747240
v -0.04448854 -1.07876730 0.08352167
v -0.03941590 -1.09051120 0.08083309
v -0.04066900 -1.09023738 0.07887802
v -0.03933344 -1.08535326 0.08024401
v -0.04052246 -1.08838868 0.07853381
v -0.03843020 -1.05653167 0.07170455
v -0.03659239 -1.05081034 0.07478461
v -0.03561962 -1.05309296 0.07542947
v -0.03703970 -1.05095303 0.07624620
v -0.03619471 -1.05219686 0.07742275
v -0.03580948 -1.05387759 0.07902770
v -0.03555430 -1.05603588 0.08028591
v -0.03539138 -1.05875397 0.08056480
v -0.03773388 -1.06082284 0.07150602
v -0.04684292 -1.08882070 0.07032677
v -0.03732324 -1.05895400 0.07135824
v -0.03900938 -1.06248617 0.07213029
v -0.03920113 -1.06062126 0.07206690
v -0.03901233 -1.05861306 0.07177782
v -0.04257300 -1.04956293 0.07613789
v -0.04223309 -1.05148983 0.07839398
v -0.04167646 -1.05019116 0.07472409
v -0.04164195 -1.05241597 0.08069079
v -0.04084098 -1.05038500 0.07379284
v -0.03863535 -1.08528697 0.08064083
v -0.03935701 -1.08843780 0.08019596
v -0.04489092 -1.05696356 0.06233526
v -0.06191956 -1.05812728 0.01558956
v -0.06125853 -1.06856298 0.01969625
v -0.03456711 -1.00472617 -0.01564116
v -0.03394639 -1.00159538 -0.01589595
v -0.06039096 -1.04459572 0.00171231
v -0.05855279 -1.04127526 -0.00511568
v -0.04003148 -1.00801945 -0.02693828
v -0.03929079 -1.00723207 -0.02727678
v -0.03860842 -1.00776577 -0.02792980
v -0.03917996 -1.00823402 -0.02741824
v -0.03659521 -1.00888205 -0.02730652
v -0.03693264 -1.00887251 -0.02636314
v -0.03753765 -1.00867045 -0.02701096
v -0.03725963 -1.00864720 -0.02785256
v -0.04492570 -1.02385938 -0.02866312
v -0.04712838 -1.02827382 -0.02573488
v -0.04867840 -1.02388048 -0.02279128
v -0.04656915 -1.02001321 -0.02581966
v -0.03471989 -1.00886095 -0.01911430
v -0.03488571 -1.01032579 -0.01988925
v -0.03597139 -1.00957417 -0.02374395
v -0.03596474 -1.00906181 -0.02317091
v -0.03437839 -1.00634193 -0.01887488
v -0.03548846 -1.00791085 -0.02263813
v -0.03488878 -1.00858700 -0.01608413
v -0.03472800 -1.01097465 -0.01705266
v -0.04554223 -1.00208592 -0.01814420
v -0.04346983 -1.00397873 -0.02178911
v -0.04481778 -1.00713325 -0.02219686
v -0.04693477 -1.00668454 -0.01878609
v -0.04222806 -1.03591788 -0.03088796
v -0.04501740 -1.03206110 -0.02827585
v -0.04294771 -1.02767086 -0.03075895
v -0.04002378 -1.03200781 -0.03328758
v -0.03738456 -1.03679693 -0.03657596
v -0.03933063 -1.03990972 -0.03392627
v -0.03884714 -1.04444361 -0.04178487
v -0.03961061 -1.04053521 -0.04225728
v -0.04084030 -1.03921676 -0.04534134
v -0.04062222 -1.04155111 -0.04432741
v -0.03833624 -1.03538132 -0.04435267
v -0.03874655 -1.03851664 -0.04062802
v -0.03522057 -1.03405201 -0.04663466
v -0.03563379 -1.03477454 -0.04773003
v -0.03749526 -1.03483570 -0.04282844
v -0.03654821 -1.03411078 -0.04088021
v -0.03476796 -1.03334975 -0.04529927
v -0.03581300 -1.03568304 -0.04907585
v -0.03814378 -1.03556585 -0.04773289
v -0.04022903 -1.03734267 -0.04849447
v -0.03482703 -1.03496838 -0.05959261
v -0.03694625 -1.03599489 -0.06091604
v -0.03424356 -1.06871748 -0.04788738
v -0.03462336 -1.06553316 -0.04313949
v -0.03511860 -1.06578004 -0.04952497
v -0.03551387 -1.06298590 -0.04492131
v -0.04161534 -1.03886545 -0.05243268
v -0.04181719 -1.04110551 -0.05039635
v -0.04161928 -1.03949332 -0.05710233
v -0.04228538 -1.04237330 -0.05648840
v -0.03021055 -1.08366680 -0.05241207
v -0.03056846 -1.03201008 -0.05650421
v -0.03046075 -1.03120613 -0.05583443
v -0.03134425 -1.03287792 -0.05844714
v 0.03890693 -1.17326164 0.10821119
v 0.03213974 -1.18426359 0.09721982
v 0.02019000 -1.19637346 0.07606199
v 0.01607715 -1.19919670 0.06409465
v -0.03154404 -1.01431692 -0.05131127
v -0.03150832 -1.01692021 -0.05206180
v -0.02919166 -1.01256979 -0.03278705
v -0.02507592 -1.01270306 -0.03671638
v -0.02693121 -1.01015759 -0.04061335
v -0.03092577 -1.01015651 -0.03694830
v -0.03329498 -1.01025867 -0.03314887
v -0.03168804 -1.01254618 -0.02879714
v -0.02804589 -1.01422894 -0.03057329
v -0.02388505 -1.01445472 -0.03456485
v -0.03256231 -1.00850976 -0.04079144
v -0.02898034 -1.00847495 -0.04508939
v -0.03038220 -1.00979054 -0.04784185
v -0.03383403 -1.00968933 -0.04289163
v -0.03790653 -1.02961373 -0.03755239
v -0.03585738 -1.03000498 -0.04207749
v -0.03419714 -1.02961946 -0.04738562
v -0.03272253 -1.02907360 -0.05133207
v -0.03261184 -1.03119731 -0.05235720
v -0.03365111 -1.03222132 -0.04920112
v -0.03269235 -1.03212523 -0.05298686
v -0.03387447 -1.03303778 -0.05007432
v -0.03419755 -1.03391278 -0.05080099
v -0.03494185 -1.03536856 -0.05105284
v -0.03400376 -1.03491914 -0.05305811
v -0.03424090 -1.03620458 -0.05263566
v -0.03294124 -1.03306568 -0.05343153
v -0.03666454 -1.05842614 -0.06273708
v -0.03537181 -1.06248379 -0.06092399
v -0.03496645 -1.01881313 -0.04846751
v -0.03140940 -1.01918709 -0.05221753
v -0.03096258 -1.02322483 -0.05280505
v -0.03408159 -1.02346516 -0.04932659
v -0.03673855 -1.02309144 -0.04473830
v -0.03771142 -1.01746273 -0.04335456
v -0.03045076 -1.03032136 -0.05517633
v -0.03489715 -1.01652002 -0.04793299
v -0.03479051 -1.01400495 -0.04714832
v -0.03791651 -1.01502824 -0.04273367
v -0.03771658 -1.01282382 -0.04184320
v -0.03987817 -1.01533735 -0.03780530
v -0.03964756 -1.02150631 -0.03915797
v -0.04258990 -1.01981735 -0.03295758
v -0.04158467 -1.01301706 -0.03244220
v -0.04548421 -1.01027703 -0.02349596
v -0.04117645 -1.00776219 -0.02609806
v -0.04176697 -1.00905645 -0.02667006
v -0.04211464 -1.01017118 -0.02787938
v -0.04557592 -1.01334214 -0.02558493
v -0.04760164 -1.01127613 -0.02054293
v -0.04752901 -1.01581299 -0.02302562
v -0.04476855 -1.01641822 -0.02850942
v -0.04215892 -1.01143527 -0.02951291
v -0.04053964 -1.00873649 -0.02746164
v -0.03948318 -1.00857878 -0.02772422
v -0.04084369 -1.00939608 -0.02842148
v -0.03970481 -1.00887084 -0.02855283
v -0.04094120 -1.00996983 -0.02976602
v -0.03979581 -1.00912690 -0.02961164
v -0.03968815 -1.00963402 -0.03134733
v -0.04070437 -1.01097465 -0.03191767
v -0.03684444 -1.00889957 -0.02760927
v -0.03655777 -1.00882173 -0.02902145
v -0.03731525 -1.00863576 -0.03004841
v -0.03750084 -1.00865436 -0.02856575
v -0.03703176 -1.00894594 -0.02666494
v -0.03758978 -1.00867903 -0.02771017
v -0.03599153 -1.00997353 -0.02476899
v -0.03555203 -1.01010430 -0.02596558
v -0.03715765 -1.00892365 -0.02575982
v -0.03764500 -1.00876594 -0.02658752
v -0.03835825 -1.00849080 -0.02773724
v -0.03855542 -1.00865507 -0.02826056
v -0.03856217 -1.00873506 -0.02920606
v -0.03841086 -1.00887871 -0.03065731
v -0.03699106 -1.01097846 -0.04048173
v -0.03898631 -1.01129794 -0.03679996
v -0.03790777 -1.00985920 -0.03550068
v -0.03567714 -1.00924885 -0.03852138
v -0.03668678 -1.00889945 -0.03420641
v -0.03103469 -1.01404834 -0.02656340
v -0.03450130 -1.00848234 -0.03693600
v -0.03374036 -1.01201475 -0.02464984
v -0.03343255 -1.01347375 -0.02219072
v -0.03476238 -1.01018000 -0.02864224
v -0.03501903 -1.01125789 -0.02114080
v -0.03448626 -1.01134634 -0.02214048
v -0.03462009 -1.01255083 -0.01869665
v -0.03405003 -1.01294148 -0.02027039
v -0.03560625 -1.00856614 -0.03257108
v -0.03973132 -1.01304436 -0.03740366
v -0.03450568 -1.01178217 -0.04539966
v -0.03097283 -1.01206374 -0.04987844
v -0.03988576 -1.04970860 -0.06700300
v -0.03823806 -1.05442619 -0.06464518
v -0.03798033 -1.00829053 -0.02825623
v 0.00818639 -0.92998534 0.00920178
v -0.04029362 -1.00653553 -0.02626589
v -0.03376237 -1.00404847 -0.01887159
v -0.03490359 -1.00694847 -0.02313508
v -0.04292997 -0.99749774 -0.01943558
v -0.03963312 -0.99292815 -0.02281302
v -0.03894169 -0.99685681 -0.02598842
v -0.04142566 -1.00060380 -0.02296016
v -0.03806796 -1.00283623 -0.03037077
v -0.03942369 -1.00491190 -0.02757875
v -0.03871641 -1.00618529 -0.02881448
v -0.03760134 -1.00489569 -0.03168702
v -0.03718378 -1.00645065 -0.03270689
v -0.03801187 -1.00725281 -0.02949073
v -0.03511335 -1.00864851 -0.03278887
v -0.03276675 -1.00866103 -0.03735570
v -0.02945286 -1.00585234 -0.03303742
v -0.03241750 -1.00588024 -0.02867243
v -0.03458884 -1.00640035 -0.02457050
v -0.03626150 -1.00886440 -0.02849035
v -0.03596352 -1.00842559 -0.03309622
v -0.03690734 -1.00858307 -0.02911183
v -0.03358690 -1.00844216 -0.03809684
v -0.00021466 -0.93404770 0.01704399
v -0.03750485 -1.00811374 -0.02958928
v -0.03647066 -1.00786841 -0.03310619
v -0.03437304 -1.00742841 -0.03813991
v -0.03538228 -1.00540149 -0.03783721
v -0.03601055 -1.00315773 -0.03706153
v -0.03600391 -1.00041842 -0.03549667
v -0.03561011 -0.99333858 -0.03098420
v -0.03571170 -0.98833567 -0.02852474
v -0.03167880 -0.99114561 -0.03608141
v -0.03173669 -0.98585427 -0.03466085
v -0.03290544 -0.99860251 -0.04075459
v -0.03357364 -1.00195348 -0.04266693
v -0.03310092 -1.00461257 -0.04311063
v -0.03229803 -1.00700998 -0.04299728
v -0.03049465 -1.02854455 -0.05425712
v -0.03355261 -1.03464353 -0.05476061
v -0.03365511 -1.03455603 -0.05728752
v -0.03937861 -1.03733981 -0.06078578
v -0.03243694 -1.03344107 -0.06053114
v -0.04130847 -1.03911757 -0.05934586
v -0.04063522 -1.03833461 -0.06134780
v -0.04171021 -1.03992534 -0.06204104
v -0.04204783 -1.04079998 -0.06041489
v -0.03996960 -1.03752708 -0.06306086
v -0.04151599 -1.03957582 -0.06334800
v -0.03714754 -1.03620625 -0.06638905
v -0.03926040 -1.03944254 -0.06826049
v -0.04045124 -1.04546261 -0.06839870
v -0.03997977 -1.04170156 -0.06875401
v -0.04244574 -1.04167223 -0.06248892
v -0.04286696 -1.04389977 -0.06051136
v -0.04210853 -1.04738212 -0.05879429
v -0.04163229 -1.04550862 -0.05420724
v 0.00258296 -1.19897044 0.02153901
v -0.03135552 -1.00830495 -0.04272457
v -0.02969653 -1.00865376 -0.04155768
v -0.02531495 -0.99672276 -0.02597254
v -0.02687413 -1.00075674 -0.02865554
v -0.02337663 -1.00037026 -0.03222416
v -0.02188546 -0.99649727 -0.02979475
v -0.02676987 -1.00851893 -0.04403797
v -0.02384107 -1.00553727 -0.03906895
v -0.02664700 -1.00572872 -0.03666959
v -0.02802303 -1.00821483 -0.04587077
v -0.02896419 -1.00677240 -0.04661984
v -0.02977734 -1.00432932 -0.04714550
v -0.02082780 -1.00008583 -0.03452327
v -0.01916892 -0.99609447 -0.03198303
v -0.03287651 -1.00247276 -0.02033786
v -0.03219801 -0.99908888 -0.01777643
v -0.03024222 -1.00102878 -0.02451648
v -0.02909922 -0.99753100 -0.02193932
v -0.02757749 -0.98510689 -0.04014437
v -0.02726445 -0.99035311 -0.04091381
v -0.02980384 -1.00110471 -0.04670931
v -0.02903300 -0.99744117 -0.04473377
v 0.02640175 -1.19139731 0.08720936
v -0.05751280 -1.14033377 0.02196063
v -0.05960856 -1.13212430 0.01458794
v -0.05792560 -1.13902199 0.00445855
v -0.05649905 -1.14570677 0.01093934
v -0.05464908 -1.14924490 0.02846150
v -0.05354241 -1.15334463 0.01738990
v -0.01364729 -1.19267666 0.05409824
v -0.02082053 -1.19006419 0.04235768
v -0.00642015 -1.19622552 0.02864126
v -0.00224669 -1.19432354 0.06317490
v -0.00784842 -1.18691480 0.07805382
v -0.01987049 -1.18748391 0.06275631
v -0.02687911 -1.18514943 0.04974866
v 0.02665182 -0.98063660 0.10936844
v 0.01509494 -1.12207246 0.12694559
v -0.03215162 -1.18236971 0.03737701
v -0.02678134 -1.18670237 0.03038424
v -0.03213884 -1.18220913 0.01985933
v -0.03660445 -1.17882109 0.02698795
v -0.01296661 -1.19193935 0.01656960
v -0.00421803 -1.19408762 0.00905935
v 0.05347847 -1.08699679 0.12622155
v -0.03420140 -1.06635916 -0.05906825
v 0.00204546 -1.02209234 0.09922299
v -0.01462464 -1.01859736 0.08828370
v -0.02406461 -0.95949084 0.06835883
v -0.03280288 -1.04192436 0.07804342
v -0.03213122 -1.04256439 0.07860551
v -0.02407636 -1.00104094 0.07469745
v -0.02478260 -1.01559567 0.07621585
v 0.01621294 -1.02492762 0.10516994
v -0.03610190 -1.05494809 0.09116544
v -0.03645896 -1.05890608 0.09217361
v -0.03743932 -1.05411649 0.09146390
v -0.03774995 -1.05827570 0.09276494
v -0.03760095 -1.06267619 0.09288328
v -0.03841031 -1.05232263 0.09119464
v -0.04245706 -1.09004211 0.07686446
v -0.04435791 -1.09160125 0.07666212
v -0.03456310 -1.03969646 0.07393950
v -0.03354989 -1.04058671 0.07557069
v -0.03351833 -1.04005051 0.07419764
v -0.03392824 -1.03938222 0.07303768
v -0.03498174 -1.03863597 0.07233586
v -0.03428837 -1.03871846 0.07180693
v -0.04757682 -1.10493481 0.06920585
v -0.03093494 -1.03937268 0.07419077
v -0.03167149 -1.04199302 0.07767403
v -0.03241491 -1.04124820 0.07641319
v -0.03252735 -1.04009390 0.07457392
v -0.03307892 -1.03889549 0.07208719
v -0.03383127 -1.03787041 0.07066221
v -0.03492218 -1.03731906 0.07129294
v -0.03851204 -1.05133462 0.09179898
v -0.03704627 -1.03916121 0.07919227
v -0.03875924 -1.08310509 0.08360291
v -0.03798348 -1.08150458 0.08518793
v -0.03954404 -1.08342195 0.08742421
v -0.04015007 -1.08552682 0.08590846
v -0.00041068 -1.06487107 0.11393715
v 0.00039302 -1.07683027 0.11811356
v 0.04153748 -0.98675352 0.10764173
v 0.04311230 -1.00346768 0.10598711
v -0.02182059 -1.10779917 0.10905383
v -0.03954839 -1.08462477 0.08200113
v -0.04106458 -1.08715510 0.08431090
v -0.03667450 -1.06326389 0.09216433
v -0.03858505 -1.08390749 0.08156490
v -0.03789947 -1.08240938 0.08319161
v -0.04149912 -1.08921301 0.08609891
v -0.04058466 -1.08721387 0.08794070
v -0.03980207 -1.08482969 0.08958826
v -0.03717341 -1.08061969 0.08472329
v -0.03831599 -1.08927083 0.08262828
v -0.03987865 -1.13540351 0.08722180
v -0.03178242 -1.13117456 0.09939922
v -0.03676416 -1.15276861 0.08645838
v -0.02780618 -1.14936566 0.09929197
v -0.01579324 -1.14522898 0.11138818
v -0.01933018 -1.12581611 0.11146814
v -0.04146531 -1.08993721 0.07776166
v -0.04499152 -1.09269881 0.07748170
v -0.05156340 -1.15654290 0.03479930
v -0.05274262 -1.15265429 0.04424369
v -0.05040891 -1.15992332 0.02301092
v -0.04699041 -1.16563892 0.02841372
v -0.04827818 -1.16354680 0.03989463
v -0.04864801 -1.15842831 0.05456520
v -0.04587643 -1.12437725 0.07514320
v -0.04633047 -1.13916552 0.07388547
v -0.05054428 -1.14167011 0.06043885
v -0.04333078 -1.15591562 0.07182088
v -0.04235005 -1.16801238 0.05672628
v -0.03793791 -1.16627133 0.07140262
v -0.03500248 -1.17669261 0.05545029
v -0.02961239 -1.17692089 0.06921227
v -0.02137019 -1.17642379 0.08290275
v -0.03178319 -1.16453719 0.08557393
v -0.04417160 -1.16949201 0.04346022
v -0.04355267 -1.17096162 0.03178192
v -0.03853831 -1.17596078 0.04310786
v -0.03974113 -1.17531252 0.03399551
v -0.05243153 -1.14269686 0.05333225
v -0.02975389 -1.03158212 0.06869344
v -0.03383109 -1.03120494 0.06517851
v -0.04238167 -1.04202425 0.06055453
v -0.05969033 -1.06270254 0.02761164
v -0.05976427 -1.07567358 0.02811991
v -0.05693993 -1.06910014 0.03985729
v -0.05521952 -1.05381548 0.03935046
v -0.05895352 -1.08954954 0.02731536
v -0.05644572 -1.08354354 0.03883427
v -0.05681495 -1.09808588 0.03938982
v -0.05955318 -1.10426283 0.02619970
v -0.00033724 -1.14154387 0.12033943
v -0.00178302 -1.12448549 0.12206873
v -0.00198743 -1.11169827 0.12265018
v -0.06022231 -1.11671340 -0.01279211
v 0.04267064 -1.16536474 0.11450703
v -0.05559811 -1.14244473 -0.00619090
v 0.00471726 -1.16209900 0.11467338
v 0.01885726 -1.16889155 0.11296628
v -0.02298445 -1.16128778 0.09819593
v -0.01302568 -1.15721631 0.10861678
v 0.00151709 -1.15263462 0.11811079
v -0.00073455 -1.09543562 0.12239465
v -0.04035346 -1.17402637 0.02127681
v -0.06068350 -1.08404899 0.00131506
v -0.05918118 -1.07962728 0.00228697
v -0.06241482 -1.08853459 -0.00047679
v -0.05817933 -1.07459176 0.00075008
v -0.03595374 -1.06268203 -0.03872003
v -0.03645093 -1.06034625 -0.04050659
v -0.03697658 -1.05745935 -0.04203396
v -0.03783793 -1.05795193 -0.03643576
v -0.03800545 -1.05457187 -0.03793592
v -0.03709566 -1.05709326 -0.04863150
v -0.03633189 -1.06009996 -0.04658014
v -0.03736363 -1.05465496 -0.04381271
v -0.03758608 -1.05106986 -0.04524076
v -0.03789542 -1.05346274 -0.05021727
v -0.03790860 -1.03844774 -0.03824295
v -0.03822355 -1.04364955 -0.03665531
v -0.03772838 -1.04784191 -0.04044936
v -0.04002209 -1.05174232 -0.03427776
v -0.03937159 -1.04801607 -0.03553618
v -0.03799207 -1.05150998 -0.03933351
v -0.04035215 -1.05553675 -0.03253130
v -0.03920240 -1.04698396 -0.04642798
v -0.04125509 -1.04333782 -0.04823811
v -0.03967888 -1.04942417 -0.05220659
v -0.04014348 -1.05117583 -0.05641389
v -0.03833986 -1.05537128 -0.05450402
v -0.03770768 -1.06047022 -0.03475838
v -0.04086161 -1.05833399 -0.03087884
v -0.04158016 -1.04433978 -0.03249502
v -0.04506588 -1.04082286 -0.02932806
v -0.04311048 -1.04915500 -0.03070085
v -0.04635087 -1.04625177 -0.02780400
v -0.04364748 -1.05323613 -0.02914400
v -0.04697492 -1.05060232 -0.02602670
v -0.04802167 -1.03707826 -0.02637167
v -0.05003490 -1.03303444 -0.02321251
v -0.05128567 -1.02816939 -0.01957477
v -0.05205803 -1.03850579 -0.02094219
v -0.05360426 -1.03318977 -0.01675664
v -0.05331307 -1.04401529 -0.01888923
v -0.05541649 -1.03917480 -0.01431929
v -0.04968424 -1.04266608 -0.02444059
v -0.05053708 -1.04748023 -0.02242304
v -0.04750722 -1.05479074 -0.02428230
v -0.04421495 -1.05675852 -0.02743852
v -0.05372636 -1.05618739 -0.01650457
v -0.05370047 -1.05016387 -0.01745905
v -0.05072545 -1.05261290 -0.02091540
v -0.05102946 -1.05757070 -0.01975545
v -0.05653084 -1.04649675 -0.01257720
v -0.05643607 -1.05463564 -0.01255815
v -0.05579764 -1.06008065 -0.01238704
v -0.04623737 -1.06635785 -0.02363798
v -0.04243378 -1.06690979 -0.02691572
v -0.04899566 -1.06619835 -0.02081940
v -0.05340056 -1.06061769 -0.01605594
v -0.05118747 -1.06123948 -0.01913338
v -0.05677316 -1.06891155 -0.00584820
v -0.05605908 -1.06762898 -0.00886973
v -0.05307995 -1.06639540 -0.01529439
v -0.05131185 -1.06621087 -0.01802709
v -0.05479311 -1.06692052 -0.01213244
v -0.03864997 -1.06863880 -0.02938642
v -0.03486163 -1.07064486 -0.03189338
v -0.01474219 -1.00444901 0.08639324
v -0.03725253 -1.05924821 -0.05316537
v -0.03618826 -1.06258881 -0.05134720
v -0.03505152 -1.08724105 -0.03886865
v -0.03245931 -1.08464515 -0.03856466
v -0.03144814 -1.08386445 -0.04835501
v -0.04058706 -1.09055686 -0.03967284
v -0.03245719 -1.07317269 -0.03411287
v -0.03080397 -1.07567704 -0.03550801
v -0.03023741 -1.07846117 -0.03677715
v -0.03066648 -1.08164799 -0.03791399
v -0.05220640 -1.10471630 -0.03658645
v -0.04979647 -1.09785283 -0.03939886
v -0.06067314 -1.12408900 0.00623489
v -0.06109865 -1.11590850 0.01211343
v -0.06275041 -1.10168982 -0.01206714
v -0.06348545 -1.09785891 -0.00741998
v -0.06343570 -1.09326911 -0.00344588
v -0.06072443 -1.10427165 0.01658483
v -0.06011164 -1.09185624 0.01906503
v -0.06046218 -1.07987177 0.02020324
v -0.05057831 -1.15643191 0.00544515
v -0.04732737 -1.16268992 0.01078471
v -0.05341440 -1.14962244 -0.00033340
v -0.03604398 -1.17688453 0.01204624
v -0.03964704 -1.17116630 0.00530289
v -0.04416206 -1.16874015 0.01612429
v -0.04302183 -1.16510391 -0.00024237
v -0.04655748 -1.15901017 -0.00534209
v -0.04962466 -1.15236902 -0.01113788
v -0.05218933 -1.14473331 -0.01698156
v -0.05357704 -1.13495696 -0.02298635
v 0.00251394 -1.00768518 0.09611294
v -0.03405167 -1.04772580 -0.05127455
v -0.03378974 -1.04775751 -0.05225090
v -0.03281159 -1.04747176 -0.05128032
v -0.03252853 -1.04748857 -0.05222531
v -0.03203473 -1.04619288 -0.05185106
v -0.03368877 -1.03833830 -0.05222752
v -0.03191990 -1.04044223 -0.05216576
v -0.03137255 -1.04413080 -0.05200050
v -0.03930338 -1.03568482 0.06187269
v -0.01802171 -0.96552098 0.08054573
v -0.00956581 -0.97116375 0.08924477
v 0.09165662 -0.96674812 0.03678103
v 0.09188969 -0.97205645 0.04730987
v 0.04157281 -0.92628425 0.00495847
v 0.05332538 -0.93185478 0.00668076
v 0.05687652 -0.92265469 0.00950728
v 0.04501006 -0.91735953 0.00837574
v 0.09817439 -0.94512379 0.04399110
v 0.09266685 -0.95492375 0.03575224
v 0.09546234 -0.96111977 0.05097318
v 0.10196671 -0.95020795 0.05861360
v 0.09371466 -0.96448946 0.06667379
v 0.09964100 -0.95302856 0.07317529
v 0.09268917 -0.95379198 0.08718090
v 0.08827198 -0.96688551 0.08046674
v 0.08039814 -0.96540236 0.09251141
v 0.08481629 -0.95197171 0.09784099
v 0.06563091 -0.93801147 0.00974643
v 0.07727028 -0.94455421 0.01616221
v 0.07677188 -0.93283397 0.01742157
v 0.06630219 -0.92905706 0.01173624
v 0.08611449 -0.95157194 0.02441025
v 0.08885825 -0.94018853 0.02891878
v 0.07177129 -0.95414197 0.10577003
v 0.06856985 -0.97094107 0.10015481
v 0.05204418 -0.89758044 0.01385127
v 0.03951613 -0.89528280 0.01590862
v 0.03712483 -0.90440291 0.01349811
v 0.04882582 -0.90740389 0.01140228
v 0.09156267 -0.89811647 0.02440255
v 0.11179665 -0.90445858 0.03545545
v 0.11804654 -0.89184457 0.02762973
v 0.09736588 -0.88526297 0.01836473
v 0.10337722 -0.86498785 -0.00318456
v 0.13534625 -0.86500382 0.00385660
v 0.12149683 -0.84674329 -0.01226687
v 0.09850818 -0.84737176 -0.01218956
v 0.11295251 -0.83027512 -0.02412639
v 0.09340183 -0.82974988 -0.02245302
v 0.09601017 -0.78024721 -0.05080138
v 0.07882208 -0.78030962 -0.04968005
v 0.08363779 -0.79670060 -0.04090166
v 0.10116623 -0.79710782 -0.04235238
v 0.09528897 -0.67772204 -0.07389746
v 0.08247454 -0.68238932 -0.07584541
v 0.08933195 -0.69843125 -0.07904089
v 0.10097198 -0.69552743 -0.07848946
v 0.16585055 -0.77772307 -0.04136015
v 0.17225875 -0.78840089 -0.03709615
v 0.17839167 -0.77372670 -0.03774380
v 0.17262432 -0.76419610 -0.03996342
v 0.17433803 -0.88995779 0.03854138
v 0.15718144 -0.87854034 0.02044623
v 0.14529908 -0.88886279 0.03177938
v 0.16038750 -0.90008557 0.04691071
v 0.15502577 -0.70586956 -0.04598264
v 0.14677610 -0.69346035 -0.05241034
v 0.14229269 -0.70382869 -0.05872459
v 0.14916351 -0.71580982 -0.05386550
v 0.12198264 -0.58251148 -0.05032702
v 0.10376897 -0.58280677 -0.06162800
v 0.10587398 -0.60540330 -0.06247357
v 0.12368177 -0.60548341 -0.05229981
v 0.17719924 -0.62860346 0.00257498
v 0.18616700 -0.62656349 0.02726078
v 0.18311591 -0.60742319 0.02615427
v 0.17488813 -0.60705543 0.00149645
v 0.12588297 -0.77656275 -0.05148989
v 0.11178548 -0.77912337 -0.05133373
v 0.11715778 -0.79524451 -0.04314450
v 0.13106605 -0.79138106 -0.04362801
v 0.21453476 -0.61691600 -0.03523013
v 0.20133960 -0.61024815 -0.02702732
v 0.19826886 -0.63461125 -0.02543842
v 0.21150905 -0.64149475 -0.03336509
v 0.15935390 -0.50417387 -0.00809258
v 0.16501610 -0.50659025 0.01543431
v 0.16818711 -0.48770699 0.01101795
v 0.16038302 -0.48524448 -0.01379114
v 0.22783431 -0.79118162 -0.03535641
v 0.24836659 -0.80099857 -0.02379742
v 0.24936959 -0.78257746 -0.02678030
v 0.22825405 -0.77295655 -0.03556897
v 0.15723717 -0.75874239 -0.04867917
v 0.16124921 -0.76865250 -0.04561978
v 0.16952613 -0.75757718 -0.04212353
v 0.16588317 -0.75005633 -0.04350157
v 0.19386497 -0.66160941 0.03016340
v 0.18623209 -0.66389245 0.01078348
v 0.19094421 -0.68144464 0.01616956
v 0.19839972 -0.67868447 0.03336013
v 0.18082923 -0.64640749 0.00649937
v 0.18937388 -0.64407027 0.02847346
v 0.14836767 -0.76684672 -0.05063402
v 0.13798939 -0.77259839 -0.05135411
v 0.14276354 -0.78584099 -0.04478251
v 0.15203428 -0.77858233 -0.04567705
v 0.09005522 -0.66233516 -0.06811165
v 0.07438487 -0.66804653 -0.07040019
v 0.14644812 -0.48241523 -0.03568999
v 0.12792246 -0.47906670 -0.05282281
v 0.13072160 -0.49927771 -0.04749643
v 0.14759441 -0.50177717 -0.02983094
v 0.08824427 -0.62709236 -0.06766386
v 0.08770251 -0.64642650 -0.06614024
v 0.10372075 -0.64459562 -0.06192330
v 0.10596421 -0.62568462 -0.06213933
v 0.10646659 -0.47631806 -0.06571174
v 0.08484962 -0.47414392 -0.07558382
v 0.08874875 -0.49603155 -0.07044666
v 0.11040114 -0.49718878 -0.06068486
v 0.10663407 -0.81363666 -0.03358364
v 0.08858462 -0.81306219 -0.03174799
v 0.11875857 -0.67644048 -0.06717116
v 0.10778327 -0.67624706 -0.07112584
v 0.11244161 -0.69396269 -0.07600808
v 0.12211047 -0.69375217 -0.07137880
v 0.17875694 -0.75045311 -0.03245013
v 0.18334036 -0.75572097 -0.03222116
v 0.18236697 -0.74125284 -0.01479876
v 0.18387948 -0.74042195 -0.01799714
v 0.16858560 -0.46860790 0.00415459
v 0.15943328 -0.46605149 -0.02033759
v 0.10258175 -0.45455244 -0.06989691
v 0.08117802 -0.45165005 -0.07975495
v 0.19410586 -0.72132790 0.03533619
v 0.19055158 -0.72050089 0.03831906
v 0.19635846 -0.71706712 0.04970088
v 0.20176864 -0.71783185 0.04737645
v 0.05201596 -0.70268786 -0.07156401
v 0.06647845 -0.71168613 -0.07547289
v 0.07083645 -0.69365162 -0.07650577
v 0.05939972 -0.68088305 -0.07135393
v 0.11528096 -0.66026300 -0.06044625
v 0.11740644 -0.64506984 -0.05609643
v 0.10300644 -0.66030210 -0.06483600
v 0.03793001 -0.69225264 -0.06415615
v 0.04668645 -0.66386294 -0.06585559
v 0.06945124 -0.81160754 -0.02995873
v 0.06519566 -0.79596114 -0.03879742
v 0.07305846 -0.82814956 -0.02130632
v 0.05301132 -0.82558113 -0.02049032
v 0.05492169 -0.84189576 -0.01213040
v 0.07562175 -0.84467345 -0.01280942
v 0.05535500 -0.85700583 -0.00483251
v 0.07686513 -0.86094892 -0.00541065
v 0.07201073 -0.89066923 0.01807142
v 0.07572888 -0.88144594 0.01215396
v 0.17633934 -0.74618644 -0.03356492
v 0.17341968 -0.74058789 -0.03429185
v 0.12447463 -0.45836753 -0.05804425
v 0.19853586 -0.80897433 0.12543237
v 0.19120543 -0.79420215 0.13370124
v 0.20735389 -0.78808296 0.11851232
v 0.21463683 -0.80224085 0.11039452
v 0.18928969 -0.88246894 0.03035847
v 0.17478612 -0.86964291 0.01007634
v 0.21641438 -0.72470391 0.08972050
v 0.21641496 -0.72368956 0.08334391
v 0.21908021 -0.72809535 0.08520515
v 0.21711367 -0.72915918 0.09293854
v 0.21002042 -0.71844697 0.06762367
v 0.20569125 -0.71680009 0.06483546
v 0.20878795 -0.70457792 0.06291106
v 0.21382490 -0.70667589 0.06650388
v 0.16815712 -0.48978510 0.03455986
v 0.16378753 -0.50918388 0.03915024
v 0.18324828 -0.64206845 0.09498334
v 0.05686105 -0.94646209 0.11808944
v 0.05566221 -0.96045113 0.11041349
v 0.18907666 -0.63327980 0.07386312
v 0.19488405 -0.65197903 0.07091816
v 0.19121000 -0.66043544 0.09031139
v 0.08499575 -0.80302805 0.16108157
v 0.08443338 -0.78690350 0.16296194
v 0.10604654 -0.79034859 0.16197494
v 0.10765132 -0.80755001 0.15959255
v 0.16015145 -0.83045661 0.14632022
v 0.16423483 -0.84678090 0.13948004
v 0.13723609 -0.84377557 0.14927912
v 0.13451008 -0.82828009 0.15364166
v 0.17839211 -0.81357855 0.14061913
v 0.17206109 -0.79725367 0.14741972
v 0.20284006 -0.67978150 0.05153410
v 0.19940993 -0.66383958 0.04947837
v 0.20573264 -0.70803475 0.04156344
v 0.21115224 -0.70774233 0.05594286
v 0.21053341 -0.70097136 0.05471533
v 0.20461945 -0.70112079 0.03951248
v 0.15040058 -0.90970784 0.05527441
v 0.15163843 -0.91435564 0.07330222
v 0.16631664 -0.90568507 0.06654365
v 0.12263379 -0.89882559 0.12668729
v 0.12399246 -0.89128941 0.13244359
v 0.14087437 -0.89453334 0.12187206
v 0.13200544 -0.90167862 0.11903275
v 0.10783830 -0.71565121 0.16023088
v 0.08624817 -0.71484935 0.16220507
v 0.08584137 -0.69312519 0.15811324
v 0.10903412 -0.69119835 0.15580469
v 0.21380424 -0.71825296 0.07545748
v 0.21576573 -0.71715909 0.07812377
v 0.21440198 -0.71407133 0.06882186
v 0.21112868 -0.71542549 0.06814305
v 0.21337983 -0.70297730 0.06844526
v 0.21474558 -0.70986432 0.06852405
v 0.21534243 -0.71382439 0.07972520
v 0.21386094 -0.70769650 0.08087760
v 0.19818950 -0.67627484 0.08661935
v 0.20095819 -0.66882372 0.06806317
v 0.20570819 -0.68363583 0.06845434
v 0.20531920 -0.68966156 0.08472423
v 0.07531889 -0.61602193 0.14273509
v 0.09558845 -0.61001939 0.14227396
v 0.10146697 -0.63818645 0.14781469
v 0.07986274 -0.64325947 0.14925693
v 0.18536204 -0.71781951 0.01528971
v 0.18249100 -0.72126389 0.00057781
v 0.18189192 -0.70721155 0.00387956
v 0.18638411 -0.70184779 0.01843892
v 0.24544403 -0.70155513 0.06536545
v 0.24073465 -0.71026468 0.06906550
v 0.23532429 -0.70656693 0.07020136
v 0.24080862 -0.69838208 0.06713498
v 0.19143647 -0.67629319 0.03219309
v 0.18678796 -0.68310779 0.01989730
v 0.18801062 -0.66103804 0.01967049
v 0.19199187 -0.65512621 0.03236075
v 0.21397959 -0.87359893 0.04936973
v 0.20436123 -0.87464774 0.02222066
v 0.20053589 -0.88444871 0.05361390
v 0.19995621 -0.66982001 0.05282631
v 0.20652160 -0.67085910 0.06014068
v 0.20427771 -0.68822062 0.05923776
v 0.19928443 -0.68856299 0.05120379
v 0.22945639 -0.64676207 -0.03333066
v 0.23252514 -0.62205350 -0.03584287
v 0.20103835 -0.63088834 0.04107466
v 0.20858684 -0.62972414 0.05009670
v 0.20363079 -0.64900768 0.05218568
v 0.19730063 -0.65007293 0.04316657
v 0.17628972 -0.62227184 0.09777576
v 0.18310653 -0.61380851 0.07593784
v 0.14891523 -0.49322674 0.07669009
v 0.16109583 -0.49165976 0.05728806
v 0.15598863 -0.51215976 0.06065195
v 0.14518920 -0.51494771 0.07989279
v 0.16915350 -0.46996459 0.02927386
v 0.15084587 -0.47143701 0.07212348
v 0.16285625 -0.47104731 0.05252843
v 0.12331446 -0.93105733 0.07529728
v 0.11379786 -0.93227458 0.09298005
v 0.12923196 -0.92250085 0.09363165
v 0.13927445 -0.92142928 0.07849881
v 0.16644509 -0.35286465 0.01258680
v 0.16294105 -0.32361254 0.01585346
v 0.16323847 -0.32307523 -0.01028373
v 0.16466150 -0.35239848 -0.01525069
v 0.10231481 -0.91617018 0.11919834
v 0.11660936 -0.92179644 0.10502686
v 0.10343997 -0.92928308 0.10460313
v 0.09151949 -0.92579955 0.11556514
v 0.16418178 -0.37849399 -0.01494730
v 0.16711210 -0.38081327 0.01220153
v 0.13802244 -0.91773605 0.05849686
v 0.12164206 -0.92575806 0.05554453
v 0.12283637 -0.91279113 0.04661474
v 0.10919018 -0.91947883 0.04320905
v 0.09621853 -0.91346556 0.03109484
v 0.15876333 -0.31767881 -0.03936052
v 0.15708415 -0.34632301 -0.04095227
v 0.10740594 -0.94267935 0.08206431
v 0.09767740 -0.94196153 0.09590159
v 0.08440863 -0.93891561 0.10891956
v 0.07038718 -0.94013834 0.11655278
v 0.16682425 -0.45094559 0.02378137
v 0.16460119 -0.44997340 -0.00186089
v 0.12449958 -0.21620399 0.08768975
v 0.10069849 -0.21365201 0.09915827
v 0.09543005 -0.20163548 0.09080246
v 0.12230293 -0.20159513 0.07973707
v 0.04139721 -0.23089105 0.10860895
v 0.03425821 -0.21962100 0.09521376
v 0.06581919 -0.20848197 0.09545426
v 0.07178075 -0.21903747 0.10682656
v 0.09069982 -0.34180310 0.13069245
v 0.09001335 -0.36495262 0.12482475
v 0.06433386 -0.36632273 0.13203454
v 0.06382217 -0.34315962 0.13721628
v 0.14978865 -0.45099890 0.06721994
v 0.16123679 -0.45141581 0.04719746
v 0.15439415 -0.44747731 -0.02589675
v 0.16355743 -0.18135101 -0.01018542
v 0.16065173 -0.14492935 -0.00653588
v 0.15218616 -0.13634205 -0.04125745
v 0.15379570 -0.17347479 -0.04557928
v 0.13926588 -0.15391606 0.05409162
v 0.14337502 -0.18351227 0.05378947
v 0.11790973 -0.18122584 0.07430772
v 0.11427145 -0.15670323 0.07298778
v 0.06028416 -0.44922563 -0.08912186
v 0.07732625 -0.43030933 -0.08087534
v 0.05618598 -0.42690128 -0.08899322
v 0.00087093 -0.44530880 -0.09735726
v 0.02102386 -0.44623250 -0.09893508
v 0.01531487 -0.42318439 -0.09595647
v -0.00378358 -0.42206898 -0.09437331
v -0.00800572 -0.30096745 -0.09379953
v -0.02146634 -0.30184087 -0.09249208
v -0.01712140 -0.32721648 -0.08989169
v -0.00145139 -0.32762361 -0.09079007
v 0.14390427 -0.33940932 -0.06374674
v 0.12262215 -0.33217633 -0.07821710
v 0.11960642 -0.35729930 -0.07427625
v 0.14024687 -0.36450395 -0.06024063
v 0.02872882 -0.21075177 0.07761521
v 0.05786498 -0.19877422 0.08353262
v 0.13362645 -0.12996387 -0.06980126
v 0.13295163 -0.16681498 -0.07440417
v 0.10777682 -0.12773484 -0.08734747
v 0.07598364 -0.12978876 -0.09119590
v 0.07707388 -0.16212195 -0.09470294
v 0.10622328 -0.16123807 -0.09151828
v -0.00106405 -0.21307915 -0.07787153
v -0.01053772 -0.19871873 -0.05114447
v -0.01669565 -0.20494449 -0.05937870
v -0.01073269 -0.22695392 -0.08650942
v 0.04767938 -0.24280131 0.11932096
v 0.07765529 -0.23247212 0.11695551
v 0.08170380 -0.24984080 0.12476162
v 0.05233851 -0.25753954 0.12816419
v 0.13482068 -0.47166672 0.08759017
v 0.13424647 -0.45011580 0.08325702
v 0.11696018 -0.47221893 0.09954938
v 0.13419537 -0.49533734 0.09228360
v 0.11647980 -0.49671310 0.10274885
v 0.14745425 -0.64612550 0.13039924
v 0.16403201 -0.63323152 0.11579190
v 0.17301978 -0.65256184 0.11433089
v 0.15796211 -0.66735089 0.12994814
v 0.12830158 -0.79395175 0.16087000
v 0.13070370 -0.81116378 0.15781200
v 0.08284087 -0.16521257 0.08088075
v 0.04500266 -0.18132132 0.07550792
v 0.05117843 -0.14254194 0.07635631
v 0.08382413 -0.13462734 0.08104493
v 0.15082385 -0.11790574 0.02891186
v 0.15573117 -0.15155685 0.02673400
v 0.13634168 -0.12263352 0.05522587
v 0.15569346 -0.11008042 -0.00238828
v 0.14983703 -0.10111642 -0.03649442
v 0.10509142 -0.09319574 -0.08273281
v 0.07391051 -0.09698898 -0.08540563
v 0.00428862 -0.14225984 -0.03892927
v 0.02162215 -0.13829774 -0.06032309
v 0.02215230 -0.11152893 -0.05258226
v 0.00520740 -0.11750054 -0.02923421
v 0.03087066 -0.29083759 -0.09372286
v 0.06621865 -0.31001285 -0.09017295
v 0.06861825 -0.28012380 -0.09423983
v 0.03970428 -0.25993073 -0.09603082
v 0.00943663 -0.46924224 -0.09716934
v 0.02625612 -0.47104260 -0.09803075
v 0.03980125 -0.44764540 -0.09616276
v 0.04413842 -0.47224265 -0.09418526
v 0.06401264 -0.47280377 -0.08579405
v 0.03776076 -0.56592643 -0.08341204
v 0.05967667 -0.56362522 -0.08033989
v 0.05500096 -0.54152465 -0.08264711
v 0.03401593 -0.54332244 -0.08616934
v 0.04154225 -0.58883917 -0.07979929
v 0.06375095 -0.58654320 -0.07766579
v 0.04659017 -0.63670403 -0.06963569
v 0.06877433 -0.65182531 -0.06792440
v 0.06827195 -0.63107318 -0.07043704
v 0.05023754 -0.80962968 -0.02811583
v 0.04693692 -0.79397649 -0.03578783
v 0.14503308 -0.31068867 -0.06281517
v 0.01379183 -0.17455381 0.05491683
v -0.00262807 -0.16453755 0.03202176
v 0.00300486 -0.13766181 0.04075355
v 0.02175602 -0.14251173 0.06173164
v 0.15470485 -0.37182233 -0.03944368
v 0.14394262 -0.46257353 -0.04177710
v 0.13867664 -0.44368112 -0.04564605
v 0.16031569 -0.60851789 -0.02174781
v 0.15994082 -0.63607502 -0.02386222
v 0.08156504 -0.71677274 -0.07709128
v 0.08111218 -0.70321459 -0.07847856
v 0.16103448 -0.18588805 0.02449461
v 0.09616821 -0.03196216 -0.06984508
v 0.06457765 -0.03557885 -0.07062504
v 0.06916653 -0.06583428 -0.07844223
v 0.10143388 -0.06146514 -0.07679649
v 0.00148331 -0.09539503 0.00309850
v 0.00798234 -0.08996099 -0.01911147
v 0.01167570 -0.06067979 -0.01084911
v 0.00829974 -0.06530154 0.01210951
v 0.01336214 -0.03453994 0.01775716
v 0.01468985 -0.02991694 -0.00429428
v 0.01488908 0.00178993 0.00302479
v 0.01621716 -0.00458014 0.02443884
v 0.13290277 -0.09553027 -0.06386487
v 0.14052129 -0.03856760 -0.02888784
v 0.12364928 -0.03249913 -0.05445397
v 0.12859063 -0.06312418 -0.05928062
v 0.14604682 -0.06921285 -0.03202932
v 0.11415930 -0.12725633 0.07235964
v -0.00369862 -0.12301087 -0.00643186
v -0.00643834 -0.14638335 -0.01672478
v 0.02110612 -0.07189393 0.05221666
v 0.03878807 -0.07349032 0.06924347
v 0.03042821 -0.10729772 0.06650802
v 0.01161387 -0.10487550 0.04735113
v 0.13235059 -0.06190467 0.05571627
v 0.14302628 -0.05670547 0.03177762
v 0.14656830 -0.08577120 0.03055597
v 0.13473380 -0.09166473 0.05541656
v 0.14427491 -0.04744345 0.00145204
v 0.14985029 -0.07727188 -0.00045572
v 0.12894090 0.02076626 -0.02325440
v 0.11065523 0.02574039 -0.04532243
v 0.11716302 -0.00273091 -0.04973884
v 0.13482054 -0.00866193 -0.02576980
v 0.13489822 0.01111650 0.00548318
v 0.13915001 -0.01781136 0.00369443
v 0.13899033 -0.02650678 0.03210768
v 0.13574551 0.00287569 0.03155171
v 0.12607148 -0.00482076 0.05256603
v 0.12945181 -0.03337628 0.05465864
v 0.11239164 -0.03800601 0.07163052
v 0.11091718 -0.00999480 0.06871726
v 0.09090953 -0.04119217 0.07940784
v 0.06771257 -0.04346073 0.07843632
v 0.07148667 -0.01480371 0.07636633
v 0.09195785 -0.01314133 0.07650249
v 0.03462027 -0.01239026 0.05918013
v 0.05128024 -0.01452428 0.07093944
v 0.04575467 -0.04320955 0.07064949
v 0.02862275 -0.04119414 0.05603549
v 0.05370517 0.09986424 0.07555209
v 0.06917011 0.09762990 0.07737951
v 0.06477883 0.06852490 0.07487320
v 0.04769029 0.07057345 0.07216161
v 0.08555721 0.09676397 0.07874724
v 0.09930903 0.09636235 0.07585115
v 0.09685910 0.06943083 0.07245687
v 0.08113095 0.06826711 0.07498304
v 0.12282716 0.07901132 0.04889600
v 0.11088436 0.07270795 0.06420059
v 0.11435360 0.10001427 0.06728105
v 0.12691000 0.10735965 0.05136444
v 0.13470013 0.11451942 0.03219244
v 0.13465589 0.08716828 0.03082107
v 0.12674269 0.12307835 0.01155163
v 0.13039750 0.09569323 0.01037618
v 0.11254013 0.10428989 -0.01349083
v 0.11215686 0.13150316 -0.01271960
v 0.02273911 0.11432803 0.04061475
v 0.02771745 0.10847926 0.05768796
v 0.02229667 0.08004546 0.05001118
v 0.02010216 0.08617961 0.03263310
v 0.03579801 0.10026860 -0.00918511
v 0.04654113 0.10591960 -0.03580564
v 0.04663134 0.13303244 -0.02388333
v 0.03824216 0.12771702 0.00273819
v 0.13096444 0.04045123 0.00698771
v 0.12236530 0.04929763 -0.02033589
v 0.12263877 0.02335006 0.05036493
v 0.13315092 0.03145522 0.03070910
v 0.03952477 0.01508057 0.06284843
v 0.05619358 0.01283079 0.07146598
v 0.01620892 0.03144354 0.01182579
v 0.01803884 0.02439547 0.03196297
v 0.07821771 0.05365247 -0.05229084
v 0.10349583 0.05289513 -0.04064387
v 0.09918223 0.08094257 -0.03843579
v 0.07375313 0.08240128 -0.04993351
v 0.13077085 0.06736302 0.00911744
v 0.13290678 0.05916035 0.03059300
v 0.12125117 0.05126607 0.04878765
v 0.10920262 0.04506093 0.06391267
v 0.09407987 0.04181319 0.07185226
v 0.07800317 0.04058504 0.07386420
v 0.06070776 0.04044098 0.07273024
v 0.04355581 0.04258174 0.06727399
v 0.02022875 0.05222857 0.04089225
v 0.01833229 0.05900693 0.02264377
v 0.07029951 0.10958266 -0.04684037
v 0.09758528 0.10945177 -0.03820535
v 0.09738915 0.13573444 -0.03258856
v 0.06919919 0.13517922 -0.03737855
v 0.07146561 0.15762669 -0.02369768
v 0.05286449 0.15472442 -0.01018023
v 0.08930703 0.12478161 0.08500451
v 0.10533059 0.12570566 0.08065704
v 0.11976656 0.12961346 0.07067197
v 0.13580772 0.14205450 0.03570128
v 0.12592112 0.15205562 0.01113091
v 0.10998728 0.15868068 -0.00940653
v 0.09411416 0.15798330 -0.02363679
v 0.04291042 0.16688883 0.06837158
v 0.03575052 0.13721347 0.06238589
v 0.03140058 0.14330852 0.04693254
v 0.03911758 0.17219591 0.05230647
v 0.06424689 0.16022712 0.08870393
v 0.07825281 0.15611696 0.09538753
v 0.07489711 0.12728131 0.08365409
v 0.05861803 0.12822038 0.07833609
v 0.09572170 0.15510553 0.09499389
v 0.11246243 0.15663034 0.08838034
v 0.12760258 0.15932292 0.07708064
v 0.13162434 0.13449466 0.05578651
v 0.13878743 0.16422254 0.06029180
v 0.13836554 0.17255741 0.03764622
v 0.12674321 0.18176776 0.00890741
v 0.10607885 0.21863049 -0.00160540
v 0.10283977 0.18829322 -0.00724160
v 0.12992388 0.21238327 0.01143974
v 0.08095737 0.31911898 0.02301597
v 0.10386163 0.31789696 0.01821478
v 0.10054577 0.35337126 0.02839863
v 0.07982031 0.35500956 0.03258973
v 0.04166263 0.20167220 0.05895182
v 0.04368401 0.19755745 0.07720982
v 0.06460263 0.19220370 0.10088822
v 0.08110438 0.18844688 0.10648714
v 0.14777103 0.23586291 0.04455934
v 0.14373358 0.20352423 0.03936075
v 0.14524017 0.19550306 0.06500286
v 0.14919898 0.22876632 0.07090194
v 0.03697409 0.30429196 0.07798208
v 0.03968690 0.30137128 0.09748907
v 0.03834984 0.26610678 0.09288400
v 0.03539155 0.26922774 0.07202253
v 0.06371881 0.22625971 0.11131162
v 0.06308949 0.26112163 0.11883545
v 0.08288452 0.25814140 0.12453666
v 0.08256966 0.22299403 0.11702864
v 0.14287403 0.30724746 0.05746115
v 0.14754991 0.27059817 0.05087020
v 0.14967853 0.26450384 0.07658140
v 0.14561132 0.30251151 0.08132789
v 0.13296986 0.24375087 0.01763595
v 0.13179271 0.27706212 0.02480037
v 0.10696330 0.28321546 0.01004086
v 0.10647719 0.24986929 0.00305963
v 0.08153979 0.28388059 0.01479077
v 0.08119018 0.25014693 0.00893366
v -0.03208193 -0.21471947 -0.06609996
v -0.02722662 -0.20178986 -0.04453490
v -0.02264787 -0.20167077 -0.02643079
v 0.05202051 0.37877917 0.09973502
v 0.04633927 0.33925629 0.09834198
v 0.04269745 0.34310120 0.08103648
v 0.04894097 0.38341075 0.08500166
v 0.08427376 0.29568696 0.12605998
v 0.06434554 0.29740483 0.12184197
v 0.06826480 0.33592051 0.11960222
v 0.08495224 0.33499920 0.12391980
v 0.12949693 0.38682556 0.06852747
v 0.13649637 0.34621274 0.06311367
v 0.13913941 0.34267336 0.08508793
v 0.13112123 0.38322043 0.08903532
v 0.09716822 0.39220113 0.03962454
v 0.12319384 0.35002786 0.03969535
v 0.11776471 0.39003766 0.04902986
v 0.09344644 0.43039793 0.04701247
v 0.07712741 0.43168050 0.04947824
v 0.07854363 0.39347011 0.04277863
v 0.05360494 0.42133337 0.08774068
v 0.05503371 0.41749710 0.10189030
v 0.08092605 0.41262227 0.12382374
v 0.08375172 0.37426758 0.12282010
v 0.06902433 0.37553930 0.11826833
v 0.06784654 0.41427308 0.11879764
v 0.11523578 0.37865281 0.11536860
v 0.10009176 0.37558115 0.12233140
v 0.09599493 0.41362321 0.12319648
v 0.10958800 0.41668719 0.11638961
v 0.12277354 0.42038393 0.09253119
v 0.12590754 0.38080263 0.10473224
v 0.11805376 0.41857368 0.10617639
v 0.12251663 0.42353344 0.07256960
v 0.11199275 0.42772299 0.05488221
v -0.00114859 -0.19995117 0.03387265
v -0.00973104 -0.18860900 0.00895048
v -0.00605728 -0.18103355 0.02043503
v 0.00674609 -0.19459194 0.04391006
v 0.02255673 -0.08297664 -0.04459450
v 0.02261798 -0.05299270 -0.03561562
v 0.02072911 0.00917464 -0.02030749
v 0.02158902 -0.02153373 -0.02786096
v 0.02223680 0.03906602 -0.01037332
v 0.02477979 0.06832528 0.00085965
v 0.02553854 0.09397662 0.01417546
v 0.02810161 0.12152302 0.02386368
v 0.03483239 0.14898115 0.02963646
v 0.04295803 0.17845565 0.03313613
v 0.04592105 0.23811281 0.04605281
v 0.03858951 0.23479390 0.06519081
v 0.04773632 0.20691288 0.04031909
v 0.04411105 0.30907327 0.05596581
v 0.04310929 0.27242911 0.05092715
v 0.04799550 0.34841859 0.06213621
v 0.05347680 0.38858873 0.06892920
v 0.05811854 0.42609346 0.07265747
v 0.04757101 -0.18814880 -0.08875135
v 0.02375703 -0.18357819 -0.07423729
v 0.02410237 -0.20130855 -0.08047672
v 0.04724813 -0.21162909 -0.09210283
v -0.01383347 -0.19679719 -0.03210685
v -0.01453413 -0.19951880 -0.01610429
v -0.01668406 -0.20193905 -0.02200366
v -0.01729382 -0.19964838 -0.03871709
v 0.11649198 0.07621765 -0.01630539
v 0.10991456 0.01714987 0.06524814
v 0.09304377 0.01446360 0.07348108
v 0.07476507 0.01261610 0.07386295
v -0.01748773 -0.20696801 -0.00873935
v 0.03349313 0.04657692 -0.03368448
v 0.05218172 0.05127555 -0.04951695
v 0.04920788 0.07894719 -0.04281138
v 0.03104148 0.07514000 -0.02379280
v 0.07910451 0.22205710 0.00438574
v 0.06257413 0.24468637 0.02777126
v 0.06098409 0.21493429 0.02075475
v 0.07804129 0.19712538 -0.00364931
v 0.11958392 0.18758059 0.09738722
v 0.13538921 0.19008040 0.08473420
v 0.12499318 0.22111881 0.10724323
v 0.10034323 0.18701249 0.10477610
v 0.10366685 0.22041690 0.11541061
v 0.03657590 -0.01142985 -0.04993120
v 0.06003142 -0.00562078 -0.06283656
v 0.05643640 0.02291042 -0.05496120
v 0.03457392 0.01744807 -0.04141999
v 0.15395319 -0.53170478 0.06517170
v 0.14414103 -0.53588235 0.08383100
v 0.14044763 -0.66996747 -0.04969976
v 0.14741272 -0.65575874 -0.03876438
v 0.13391417 -0.64917541 -0.04814545
v 0.12881666 -0.66403514 -0.05555740
v 0.15087682 -0.68026018 -0.04342378
v 0.15826559 -0.66687208 -0.03131830
v 0.15974781 -0.69291025 -0.03635410
v 0.06307956 -0.88263035 0.14838867
v 0.06206245 -0.89627659 0.14332880
v 0.16711849 -0.68030649 -0.02424757
v 0.18277079 -0.73197681 -0.00004557
v 0.18091449 -0.73378640 0.00428613
v 0.04431406 -0.61216360 -0.07566534
v 0.02154614 -0.61260188 -0.07225280
v 0.02367034 -0.63577342 -0.06689341
v 0.03482502 -0.42462620 -0.09410677
v 0.00816561 -0.29714188 -0.09297962
v 0.01664720 -0.32815906 -0.09039232
v 0.03881752 -0.33039391 -0.08967164
v -0.02623094 -0.22622555 -0.08058304
v 0.12197609 -0.63133442 0.14029115
v 0.11508274 -0.60313022 0.13605791
v 0.10888782 -0.82320774 0.15642533
v 0.08519494 -0.81891102 0.15846205
v 0.11068545 -0.85303116 0.14967951
v 0.10963573 -0.86627865 0.14643203
v 0.08501559 -0.86173600 0.14992778
v -0.00490273 -0.56865740 -0.07724603
v -0.00676270 -0.54672146 -0.08118758
v 0.08559474 -0.84844941 0.15266396
v 0.08107597 -0.91615617 0.12741120
v 0.00075257 -0.63424426 -0.05881991
v -0.00105226 -0.61200327 -0.06504598
v 0.07480822 -0.92767668 0.12290363
v -0.01336560 -0.19646502 -0.01059993
v -0.01046720 -0.20355421 0.01068927
v -0.01269887 -0.20422071 0.00124465
v 0.00447646 -0.16330570 -0.04805725
v -0.00690839 -0.16434610 -0.02698430
v -0.00621823 -0.17771083 -0.03524100
v 0.00565963 -0.17931354 -0.05595335
v 0.15240602 -0.21110439 -0.04977198
v 0.16506848 -0.21913373 -0.01566602
v 0.08868808 -0.18669528 0.08514807
v 0.21990387 -0.58550215 0.04188553
v 0.23162478 -0.58678997 0.04600451
v 0.22570415 -0.60944569 0.05147279
v 0.21451122 -0.60858613 0.04631245
v 0.13123949 -0.71599817 0.15402471
v 0.13726866 -0.68808877 0.14456683
v 0.13628072 -0.90185219 0.04192406
v 0.22589631 -0.85713124 0.00603588
v 0.20840913 -0.84875381 -0.01520999
v 0.20059679 -0.85555929 -0.00758143
v 0.21633622 -0.86610848 0.01429727
v -0.01240621 -0.21253777 0.00749857
v 0.23148988 -0.81102121 0.08759326
v 0.23559183 -0.82685459 0.07394269
v 0.22611482 -0.83494049 0.08666590
v 0.22108625 -0.81775612 0.10011147
v 0.06228273 -0.31934768 0.13976195
v 0.08930569 -0.31743038 0.13479204
v 0.08021778 -0.52810436 0.12258419
v 0.09910253 -0.52416182 0.11650377
v 0.10238518 -0.54934764 0.12429594
v 0.00130186 -0.21416128 0.05324935
v 0.00451006 -0.21954668 0.06348597
v 0.08390886 -0.55470085 0.12970851
v 0.16002053 -0.70044869 0.13825908
v 0.17194849 -0.68317080 0.12477346
v 0.03825896 -0.74063104 -0.05642305
v 0.05405392 -0.74541461 -0.06193300
v 0.05193731 -0.72541165 -0.06802750
v 0.03659641 -0.71916842 -0.06190013
v 0.24542482 -0.64865673 0.05699916
v 0.23383406 -0.66479862 0.06391109
v 0.22171491 -0.65598977 0.06326247
v 0.22939190 -0.63624382 0.06001084
v 0.16377316 -0.22504818 0.02407417
v 0.14639062 -0.20950305 0.05873869
v 0.17116587 -0.56865960 0.04963309
v 0.16619505 -0.57359052 0.07361771
v 0.15848330 -0.55229115 0.07010881
v 0.16530903 -0.54738140 0.04712272
v 0.19017890 -0.62835169 0.05135513
v 0.18605384 -0.60933173 0.05115827
v 0.19425525 -0.64649004 0.05023233
v 0.20725042 -0.71783513 0.05754308
v 0.20131712 -0.71597433 0.05898334
v 0.21162409 -0.71984118 0.06444231
v 0.02345832 -0.16364837 -0.06786507
v 0.01673978 -0.23543048 -0.09287316
v 0.00749440 -0.25457561 -0.09589547
v -0.01417299 -0.20604330 -0.00581931
v 0.09769814 -0.92884445 0.03725180
v 0.08546196 -0.92378378 0.02526775
v 0.19573548 -0.69172430 0.04136809
v 0.19541883 -0.67188120 0.04311467
v 0.19412333 -0.71851420 0.03329591
v 0.20162873 -0.71473694 0.04655488
v 0.20420007 -0.71227145 0.04407416
v 0.19557588 -0.71617723 0.02998090
v 0.20737669 -0.71397138 0.05820760
v 0.21070683 -0.71197319 0.05718615
v 0.14774156 -0.79779959 -0.03879564
v 0.15567726 -0.80865055 -0.03200449
v 0.16496685 -0.80006051 -0.03453133
v 0.15729977 -0.78839105 -0.04050814
v 0.13689554 -0.80551445 -0.03645387
v 0.12307172 -0.81098533 -0.03507075
v 0.13078260 -0.82614225 -0.02587169
v 0.14499652 -0.81850535 -0.02850167
v 0.10257426 -0.87733597 0.00570704
v 0.12646623 -0.88159776 0.01625143
v 0.07754818 -0.87332332 0.00212696
v 0.05615053 -0.86945271 0.00201753
v 0.08533759 -0.90298611 0.13484262
v 0.08536452 -0.88776386 0.14207616
v 0.11176574 -0.89218962 0.13489912
v 0.11084940 -0.90425128 0.12702806
v 0.07892453 -0.91089517 0.02177613
v 0.06616354 -0.90241247 0.01742899
v 0.05456818 -0.88744032 0.01433257
v 0.24640512 -0.64918017 -0.02640056
v 0.24810287 -0.62604296 -0.02973022
v 0.11107236 -0.94019473 0.06595928
v 0.10705450 -0.93455744 0.05082088
v 0.26133883 -0.65050173 -0.01568398
v 0.26240551 -0.62598222 -0.01919631
v 0.18984494 -0.86223984 0.00069465
v 0.18346046 -0.84018934 -0.02025005
v 0.17151481 -0.84730119 -0.01190834
v 0.07161704 -0.92081630 0.01639696
v 0.06140032 -0.91270798 0.01329299
v 0.16243795 -0.25514442 -0.02525111
v 0.15031537 -0.24716383 -0.05494438
v 0.14889599 -0.52069026 -0.02513427
v 0.15909077 -0.52268183 -0.00381662
v 0.01627781 -0.56736821 -0.08199702
v 0.01355242 -0.54468632 -0.08551606
v 0.03349464 -0.91403413 0.00938563
v 0.02833663 -0.49632403 -0.09329234
v 0.00681201 -0.49440923 -0.09190650
v 0.01019984 -0.52081937 -0.08813589
v 0.03044683 -0.52017677 -0.08893124
v -0.00638873 -0.45597845 -0.09439926
v -0.00291361 -0.46891984 -0.09270019
v -0.02528280 -0.28010848 -0.09513950
v -0.01490261 -0.27815947 -0.09647149
v 0.20731345 -0.72570550 -0.03217711
v 0.22494680 -0.73476940 -0.03280206
v 0.22494036 -0.71414971 -0.03131457
v 0.20700693 -0.70653671 -0.03122265
v 0.04733106 -0.49672714 -0.08911707
v 0.06780297 -0.49600559 -0.08032379
v 0.18452358 -0.72820312 -0.00232849
v 0.18183947 -0.73652309 -0.01945242
v 0.02559422 -0.66006690 -0.06047738
v 0.06874331 -0.72961956 -0.07203416
v 0.07127530 -0.74686754 -0.06552362
v 0.08728394 -0.74771279 -0.06683017
v 0.08410390 -0.73191512 -0.07319491
v -0.01193377 -0.20813268 0.00360086
v 0.25938362 -0.72767979 0.05687642
v 0.26235890 -0.71635234 0.05117473
v 0.26656851 -0.72292387 0.04439904
v 0.26428556 -0.73493826 0.05014116
v -0.01140785 -0.16974270 -0.00411437
v -0.00901569 -0.15372002 0.00651657
v 0.02082394 -0.20454305 0.06060044
v 0.00493327 -0.20890731 0.04972840
v 0.04375695 -0.10249722 -0.07360743
v 0.04564673 -0.13335443 -0.08068828
v 0.04163285 -0.07129627 -0.06586672
v 0.03923750 -0.04041928 -0.05803792
v 0.04529463 0.15432507 0.01029032
v 0.05624853 0.18448299 0.01137206
v 0.06265037 0.27869201 0.03363873
v 0.00819630 -0.22129691 0.07719336
v 0.06293265 0.31451678 0.03985571
v 0.06364866 0.35262936 0.04742140
v 0.06513068 0.39223045 0.05484878
v 0.06603162 0.43020177 0.05916844
v 0.27057847 -0.62204468 -0.00508343
v 0.27186787 -0.64840508 -0.00052757
v 0.27202713 -0.64084303 0.01702023
v 0.27331910 -0.61515796 0.01028149
v 0.19610846 -0.63472897 0.03059497
v 0.19224757 -0.64000887 0.01785112
v 0.19558601 -0.61798465 0.01602384
v 0.19992466 -0.61396039 0.02808074
v 0.20270848 -0.59110808 0.02598784
v 0.21008593 -0.58750719 0.03545915
v 0.20610717 -0.61060965 0.03826411
v 0.24494764 -0.59055209 0.04577777
v 0.25653842 -0.59595114 0.04198318
v 0.25228411 -0.62107968 0.04904023
v 0.23815697 -0.61383057 0.05302660
v 0.27196968 -0.60865343 0.02455355
v 0.26821181 -0.63286352 0.03157820
v 0.26114792 -0.62645912 0.04240641
v 0.26541430 -0.60198188 0.03526957
v 0.19423564 -0.60372418 -0.01372243
v 0.19362992 -0.59883171 0.00051612
v 0.19162348 -0.62220168 0.00235906
v 0.19179001 -0.62784493 -0.01230001
v 0.24655713 -0.74229163 -0.02851185
v 0.24397938 -0.72049236 -0.02699972
v 0.18318926 -0.74366182 -0.00768561
v 0.18409410 -0.74956757 -0.02374427
v 0.18362516 -0.73945421 -0.01901922
v 0.17943843 -0.73685211 -0.00113504
v 0.22673108 -0.67197418 -0.03111260
v 0.22520286 -0.69472802 -0.03104401
v 0.24272294 -0.69778633 -0.02456250
v 0.24363847 -0.67366832 -0.02420587
v 0.19010554 -0.65254259 -0.01085667
v -0.00144629 -0.21323073 0.04209152
v 0.18944281 -0.64588857 0.00361103
v 0.18594247 -0.66797841 0.00517088
v 0.18680573 -0.67369503 -0.00909892
v 0.21904357 -0.63158441 0.05604827
v 0.21266356 -0.65185380 0.05872864
v 0.19232187 -0.71691942 -0.02564301
v 0.19234569 -0.69875288 -0.02346430
v 0.17768423 -0.72981215 -0.02047395
v 0.19629803 -0.70550811 0.02424858
v 0.19643107 -0.71224791 0.02718703
v 0.12755141 -0.67804956 -0.06281430
v 0.13031998 -0.69370037 -0.06650904
v 0.17685668 -0.66991216 -0.00824099
v 0.18312006 -0.68653595 -0.00142349
v 0.13716184 -0.68328017 -0.05796605
v 0.13648839 -0.69420832 -0.06194807
v 0.08676559 -0.60650778 -0.06949426
v 0.05570996 -0.87854350 0.00973601
v 0.20609455 -0.68690330 -0.03088856
v 0.19235522 -0.68034971 -0.02233721
v 0.21738784 -0.69336390 0.06842354
v 0.21078438 -0.69059205 0.06488536
v 0.21483059 -0.67426866 0.06497964
v 0.01233606 -0.23190975 0.09060639
v 0.01577096 -0.24250376 0.10461506
v 0.22430150 -0.67941582 0.06743004
v 0.19104612 -0.72097194 0.12476412
v 0.17673269 -0.71163249 0.13210151
v 0.18444222 -0.69747204 0.11894149
v 0.19648664 -0.70902616 0.11310044
v 0.27152282 -0.72888160 0.02772832
v 0.27201760 -0.72840863 0.01664455
v 0.27273655 -0.74769247 0.01911255
v 0.27103296 -0.74474710 0.03158889
v 0.26949033 -0.72678602 0.00201530
v 0.26125628 -0.72349334 -0.01403568
v 0.26350898 -0.74716449 -0.01492354
v 0.27107885 -0.74925649 0.00311229
v 0.16117051 -0.29449493 0.02183352
v 0.16313207 -0.29241830 -0.00544091
v 0.11957091 -0.43869865 -0.06019398
v 0.09865487 -0.43408358 -0.07135257
v 0.06680173 -0.33940759 -0.08689700
v 0.00300737 -0.20284808 -0.07005215
v -0.00865441 -0.19349277 -0.04606469
v -0.00431326 -0.13014793 0.01726975
v 0.16069759 -0.28782257 -0.03516153
v 0.00333378 -0.10023940 0.02537663
v 0.01150724 -0.06908208 0.03276464
v 0.06327493 -0.07290328 0.07932754
v 0.08929557 -0.07032973 0.08110080
v 0.08703333 -0.10132360 0.08126906
v 0.05773291 -0.10585791 0.07887254
v 0.11354077 -0.06659621 0.07307850
v 0.11407647 -0.09631610 0.07309457
v 0.08434698 0.02535868 -0.05642013
v 0.10531791 0.25709873 0.12275848
v 0.12345752 0.29675406 0.11603298
v 0.12586413 0.25720912 0.11405001
v 0.10492510 0.29564565 0.12433945
v 0.14117047 0.25973350 0.09805271
v 0.14039284 0.22371531 0.09245275
v 0.12784573 0.31253546 0.03125411
v 0.10314768 0.33547747 0.12275017
v 0.11978403 0.33778983 0.11541121
v 0.13284706 0.33978647 0.10218246
v 0.13829204 0.29880780 0.10064591
v -0.01210878 -0.18043065 -0.01393064
v 0.13100305 -0.20235163 -0.07804258
v 0.12851301 -0.23549443 -0.08042479
v 0.07179460 -0.24952948 -0.09636286
v 0.04490417 -0.23446345 -0.09485453
v 0.09300449 -0.51692629 -0.06615250
v 0.11403053 -0.51694214 -0.05620565
v 0.11990230 -0.55982608 -0.05046345
v 0.13816211 -0.56063855 -0.03696443
v 0.13567388 -0.53897202 -0.03910450
v 0.11734726 -0.53753573 -0.05304751
v 0.16568786 -0.56287533 0.00043080
v 0.17144772 -0.56509739 0.02502869
v 0.16662687 -0.54416460 0.02279812
v 0.16163585 -0.54231954 -0.00098905
v 0.16375974 -0.52506816 0.01955308
v 0.16161995 -0.52777433 0.04304870
v 0.12424688 -0.56998497 0.11949758
v 0.13802394 -0.56423581 0.10569333
v 0.14619467 -0.58786941 0.11117212
v 0.13200575 -0.59569812 0.12510723
v -0.00352683 -0.26998323 -0.09567226
v -0.01291567 -0.19275504 -0.02732168
v 0.04704300 -0.16198742 -0.08546404
v 0.07587858 -0.19119275 -0.09702000
v 0.10476387 -0.19495636 -0.09395704
v 0.19150454 -0.69626546 0.03046288
v 0.21434858 -0.72458506 0.09558752
v 0.21434736 -0.73118281 0.10059141
v 0.26860964 -0.70401162 0.00251482
v 0.25958961 -0.70058179 -0.01266950
v 0.18352762 -0.69305998 -0.01006472
v 0.22609471 -0.75453448 -0.03519429
v 0.20789620 -0.74318254 -0.03361751
v 0.20809813 -0.76064450 -0.03639974
v 0.09521212 -0.32254937 -0.08553377
v 0.12451448 -0.30307466 -0.08223014
v 0.09776223 -0.29314479 -0.08992150
v -0.00145260 -0.20944297 0.03812471
v 0.02174612 -0.21821749 -0.08733650
v 0.01768574 -0.03841090 0.03792870
v 0.02230889 -0.00910705 0.04326826
v 0.02606260 0.01887947 0.04942209
v 0.02945256 0.04640293 0.05638810
v 0.03240626 0.07429194 0.06395338
v 0.03865059 0.10282403 0.06928986
v 0.04653868 0.13225216 0.07248261
v 0.05187631 0.16313672 0.07992083
v 0.04101912 0.23161954 0.08550372
v 0.04968958 0.22879517 0.10007530
v 0.05177337 0.19502503 0.09055361
v 0.04795931 0.26373595 0.10783824
v 0.04931575 0.29910195 0.11185741
v 0.05521795 0.33732128 0.11097960
v 0.06052694 0.41545027 0.11170657
v 0.05929495 0.37646031 0.11036850
v -0.00900322 -0.21000755 0.01505008
v -0.00575849 -0.20994467 0.02640997
v 0.15628587 -0.85408664 -0.00226842
v 0.18756345 -0.72418821 0.01583394
v 0.18669021 -0.72587729 0.01949944
v 0.18306755 -0.71083957 -0.01243724
v 0.26397607 -0.65610075 0.03796290
v 0.27106017 -0.66462380 0.02402351
v 0.18303862 -0.68953300 0.00546539
v 0.17849112 -0.73315680 0.01404182
v 0.18252066 -0.73618865 0.00734035
v 0.23975064 -0.43809468 -0.09307119
v 0.25274763 -0.43680778 -0.08747420
v 0.24616784 -0.41801205 -0.09553415
v 0.23364960 -0.41936150 -0.09964754
v 0.22580150 -0.43737346 -0.09239672
v 0.22096477 -0.41853023 -0.09780648
v 0.20069170 -0.41162962 -0.03900518
v 0.19738466 -0.41908303 -0.05162826
v 0.19864365 -0.39993617 -0.05910254
v 0.20260531 -0.39281410 -0.04728161
v 0.20636660 -0.39759135 -0.09764922
v 0.20044646 -0.39340961 -0.08830923
v 0.20239018 -0.41207826 -0.08237140
v 0.20980163 -0.41599569 -0.09201579
v 0.22508825 -0.40410864 -0.02236675
v 0.23950404 -0.40605199 -0.02190977
v 0.23792706 -0.42334187 -0.01064090
v 0.22251357 -0.42178845 -0.01243733
v 0.20011421 -0.49062854 -0.01869501
v 0.20050576 -0.48330432 -0.00569554
v 0.19938521 -0.49884471 -0.00547366
v 0.20128582 -0.50688648 -0.01845607
v 0.25102028 -0.47638014 -0.07923499
v 0.26309571 -0.47496629 -0.06977251
v 0.25850081 -0.45595840 -0.07868829
v 0.24548386 -0.45737141 -0.08618207
v 0.20894124 -0.47027859 -0.06613016
v 0.20175916 -0.46539995 -0.05222097
v 0.20513821 -0.48549089 -0.04649022
v 0.21330026 -0.49092162 -0.05990446
v 0.25694147 -0.49689406 -0.07006459
v 0.26691204 -0.49310020 -0.05912635
v 0.20348150 -0.43120104 -0.07688974
v 0.19863647 -0.42576826 -0.06435177
v 0.19931056 -0.44557220 -0.05831124
v 0.20571388 -0.45066282 -0.07174146
v 0.22685707 -0.37076420 -0.04457432
v 0.23907867 -0.37266070 -0.04570284
v 0.23979396 -0.38919646 -0.03376535
v 0.22649470 -0.38712433 -0.03329097
v 0.19861290 -0.38797432 -0.07778352
v 0.19929585 -0.38164043 -0.06677777
v 0.19897944 -0.40662655 -0.07088864
v 0.25652164 -0.39167345 -0.08538465
v 0.24979927 -0.39619061 -0.09605870
v 0.25623429 -0.41476101 -0.08649480
v 0.26255369 -0.41013116 -0.07408820
v 0.19721775 -0.45141298 -0.02520445
v 0.19680178 -0.45866388 -0.03859185
v 0.19629878 -0.43867216 -0.04469295
v 0.19871022 -0.43126795 -0.03168060
v 0.23537877 -0.47637111 -0.08130686
v 0.23047718 -0.45669314 -0.08686714
v 0.26766178 -0.42863023 -0.06235386
v 0.26209000 -0.43368888 -0.07648325
v 0.26658306 -0.45265320 -0.06589806
v 0.27155635 -0.44703206 -0.05008452
v 0.27184165 -0.45843858 -0.02254120
v 0.26280287 -0.45179188 -0.01033702
v 0.26289421 -0.43430921 -0.02328455
v 0.27053186 -0.44086283 -0.03562105
v 0.19799149 -0.47157350 -0.02109723
v 0.20218170 -0.46424758 -0.00778471
v 0.21914855 -0.44044262 -0.00381508
v 0.23550475 -0.44121513 0.00017723
v 0.23128426 -0.45922980 0.00912163
v 0.21454658 -0.45933256 0.00307366
v 0.23542373 -0.53153253 -0.05867915
v 0.25080538 -0.53318727 -0.05888897
v 0.24706964 -0.51605606 -0.06771815
v 0.23087057 -0.51424515 -0.06563061
v 0.26164702 -0.51405442 -0.06149474
v 0.26548371 -0.53009707 -0.05241886
v 0.27223247 -0.55428708 -0.01932962
v 0.27172637 -0.54850793 -0.00400254
v 0.27078509 -0.53791612 -0.01119520
v 0.27143693 -0.54121637 -0.02848834
v 0.27250710 -0.49161503 0.00614899
v 0.25915891 -0.48581713 0.01711357
v 0.26162729 -0.46895245 0.00303234
v 0.27291113 -0.47533652 -0.00850376
v 0.23687497 -0.49379385 0.03075014
v 0.21952491 -0.49030963 0.02272251
v 0.22581366 -0.47619346 0.01689664
v 0.24319546 -0.48009583 0.02062382
v 0.21716876 -0.54613703 0.03297401
v 0.20713569 -0.54817307 0.02409849
v 0.20780748 -0.53311580 0.02351454
v 0.21914220 -0.52992356 0.03327824
v 0.19827518 -0.55824041 -0.00195347
v 0.20045887 -0.56366932 -0.01494952
v 0.20213921 -0.55116582 -0.01539656
v 0.19887476 -0.54480904 -0.00324566
v 0.24845628 -0.58287150 -0.03857722
v 0.26274759 -0.58424389 -0.02858046
v 0.26127988 -0.57469475 -0.03582682
v 0.24550748 -0.57360828 -0.04366401
v 0.27116814 -0.50540888 0.01877844
v 0.25478473 -0.50222945 0.03182258
v 0.19899836 -0.53172231 -0.00577104
v 0.20236580 -0.53902417 -0.01794931
v 0.20186822 -0.52134973 -0.02016540
v 0.19862022 -0.51401889 -0.00684749
v 0.06486378 -0.81672323 0.16259599
v 0.06383034 -0.83141303 0.16011520
v 0.21949428 -0.55273747 -0.03706764
v 0.22785437 -0.55615222 -0.04814871
v 0.22624658 -0.54008234 -0.05273665
v 0.21665135 -0.53536272 -0.04110903
v 0.24260066 -0.56156874 -0.05226468
v 0.25747013 -0.56265545 -0.04778883
v 0.25438696 -0.54510033 -0.05629858
v 0.23923424 -0.54350519 -0.05885994
v 0.27159789 -0.52717364 0.01941447
v 0.26537308 -0.52033842 0.03140694
v -0.02019145 -0.44023234 -0.09192930
v -0.01768495 -0.45583600 -0.09035318
v 0.26928475 -0.51439673 0.02594671
v 0.27445886 -0.52153611 0.01285402
v 0.22946937 -0.50451016 0.03369680
v 0.21368371 -0.50362015 0.02458364
v 0.03383534 -0.41407081 0.12784536
v 0.03277955 -0.43201387 0.12105545
v 0.21530840 -0.51723099 -0.04035394
v 0.20686080 -0.51313090 -0.02861924
v 0.20822234 -0.52801478 -0.03151287
v 0.26710561 -0.54404557 -0.04531953
v 0.22916852 -0.54572892 0.03745165
v 0.24097335 -0.54646611 0.04042139
v 0.23731205 -0.56358707 0.04207294
v 0.22568764 -0.56258035 0.03872972
v 0.21509504 -0.56412041 0.03321057
v 0.20613816 -0.56682670 0.02441533
v 0.19614577 -0.57561159 -0.00141988
v 0.19732451 -0.58124202 -0.01500168
v 0.20500788 -0.58711660 -0.02761935
v 0.21808848 -0.59318173 -0.03623441
v 0.22157019 -0.57477283 -0.03602561
v 0.20836198 -0.56872833 -0.02689867
v 0.26302063 -0.60307503 -0.02301246
v 0.24935818 -0.60292065 -0.03332312
v 0.27014256 -0.59771848 -0.00995398
v 0.26969734 -0.58075815 -0.01673797
v 0.20078619 -0.52385700 0.00851515
v -0.02736303 -0.35332543 -0.08547341
v -0.03037954 -0.32673696 -0.08810717
v 0.20078801 -0.53833640 0.00996362
v 0.26815909 -0.42256039 -0.04807115
v 0.26177219 -0.41668400 -0.03603475
v 0.25927052 -0.39897183 -0.04864618
v 0.26402912 -0.40433991 -0.06072301
v 0.24897525 -0.37715393 -0.05164258
v 0.25107121 -0.39363661 -0.03936391
v 0.21298431 -0.43498191 -0.08697981
v 0.21688698 -0.45417568 -0.08200139
v 0.21547137 -0.40073729 -0.10400158
v 0.22301295 -0.52311754 -0.05264704
v 0.21862191 -0.50843996 -0.05498658
v 0.27192110 -0.54124457 0.01119743
v 0.27262774 -0.55784905 0.00296983
v 0.27152872 -0.55016613 0.01647596
v 0.27697086 -0.49916348 -0.01110093
v 0.27142164 -0.50671172 -0.03011954
v 0.27177936 -0.52334428 -0.01561670
v 0.27668077 -0.51267767 0.00256070
v 0.26062024 -0.52609044 0.03404963
v 0.26841435 -0.53364450 0.02385391
v 0.26569414 -0.54306042 0.02744843
v 0.25643545 -0.53648365 0.03581126
v 0.23076713 -0.56836975 -0.04200141
v 0.23422153 -0.57947624 -0.03967944
v 0.27337551 -0.56905735 0.00958651
v 0.27202356 -0.57504338 -0.00384870
v 0.27303898 -0.59048456 0.00368598
v 0.27356398 -0.58531308 0.01725280
v 0.27211821 -0.56451070 -0.01087147
v 0.27074707 -0.56246758 0.02198425
v 0.26886988 -0.57921422 0.02831511
v 0.23387505 -0.59902680 -0.03815677
v 0.25285524 -0.55054474 0.03835369
v 0.26324981 -0.55625248 0.03141296
v 0.26021892 -0.57324260 0.03629772
v 0.24918233 -0.56759763 0.04159245
v 0.25218502 -0.41091621 -0.02712454
v 0.25185251 -0.42843765 -0.01497072
v 0.20512563 -0.49204591 0.01050207
v 0.20927495 -0.47688642 0.00849664
v 0.20220920 -0.50696737 0.00909916
v 0.21059334 -0.40595046 -0.02849570
v 0.21282041 -0.38817215 -0.03802198
v 0.20476869 -0.44413415 -0.01272462
v 0.20798919 -0.42476448 -0.01999821
v 0.27425027 -0.46539676 -0.03769183
v 0.23707993 -0.51651198 0.03765564
v 0.22289367 -0.51489073 0.03343099
v 0.24421516 -0.50926250 0.03814404
v 0.19964223 -0.57155973 0.01195358
v 0.20068017 -0.55245578 0.01132213
v 0.26108280 -0.51132166 0.03390688
v 0.19709760 -0.59455931 0.01388765
v 0.27097213 -0.52717716 -0.03683804
v 0.26788920 -0.56004488 -0.03511792
v 0.26920974 -0.57056737 -0.02426040
v 0.23961650 -0.39992300 -0.10373984
v 0.22052898 -0.47431451 -0.07644044
v 0.21096268 -0.50313747 -0.04187243
v 0.20437205 -0.49713200 -0.03036654
v 0.24943888 -0.51990592 0.03900416
v 0.24452919 -0.53121114 0.03914279
v 0.23227295 -0.52938491 0.03683925
v 0.22197922 -0.56357044 -0.03505316
v 0.21011329 -0.55735373 -0.02625608
v 0.21426804 -0.37165362 -0.04830642
v 0.20997414 -0.54645503 -0.02775832
v 0.26951197 -0.51242268 -0.04658477
v 0.08592247 -0.83402395 0.15563172
v 0.16925278 -0.65341192 -0.01489635
v 0.12274328 -0.62650341 -0.05366434
v 0.14089942 -0.62954903 -0.04228101
v 0.18908992 -0.71223325 0.00934673
v 0.18855892 -0.72005492 0.01310814
v 0.18703601 -0.72815037 0.02174854
v 0.18352547 -0.72617024 0.02662557
v 0.17412770 -0.69467330 -0.01695915
v -0.00260690 -0.48235288 -0.08962130
v 0.07829371 -0.44900256 0.10747613
v 0.05664463 -0.44952375 0.11312465
v 0.05818170 -0.42999247 0.11472876
v 0.08051103 -0.42924020 0.10791771
v 0.06103116 -0.41043931 0.12075022
v 0.16367450 -0.37737176 0.03916319
v 0.16001843 -0.39964509 0.03966381
v 0.15106031 -0.39573449 0.06303872
v 0.15416935 -0.37244126 0.06453498
v 0.16110627 -0.41867480 0.01617315
v 0.15676682 -0.41808572 0.04089022
v 0.16348594 -0.40154830 0.01394323
v 0.16059424 -0.39983907 -0.01243832
v 0.15870252 -0.41748789 -0.00949627
v 0.15174426 -0.39438257 -0.03580559
v 0.14989799 -0.41346294 -0.03283121
v 0.13739553 -0.38741902 -0.05564052
v 0.11761569 -0.38027737 -0.07027712
v 0.09396949 -0.34915993 -0.08168687
v 0.06834128 -0.36642584 -0.08375956
v 0.09342656 -0.37324312 -0.07893784
v 0.02200301 -0.35730013 -0.08868212
v 0.04365274 -0.36097571 -0.08691520
v -0.01300703 -0.35400969 -0.08776484
v 0.00346478 -0.35539374 -0.08882819
v 0.14161393 -0.84091645 -0.01456806
v 0.18200788 -0.89240605 0.08366234
v 0.18584660 -0.89507091 0.05847920
v 0.16455787 -0.90357894 0.08729818
v 0.20566805 -0.82440525 0.11653531
v 0.21123783 -0.84236133 0.10322670
v 0.19002412 -0.84568167 0.12360136
v 0.18486694 -0.82901788 0.13318154
v 0.15410656 -0.89899141 0.10665371
v 0.14230800 -0.90383446 0.10984585
v 0.16928168 -0.88924479 0.10635120
v 0.13196607 -0.88219637 0.13527372
v 0.14959095 -0.88552761 0.12564506
v 0.23597179 -0.85450435 0.03226449
v 0.23831773 -0.84262609 0.05668891
v 0.24580663 -0.83475447 0.04627184
v 0.24523251 -0.84605670 0.02216972
v 0.22643103 -0.79516655 0.09756844
v 0.22010836 -0.78138924 0.10507707
v 0.22890680 -0.77673608 0.09391780
v 0.23463765 -0.79064095 0.08689748
v 0.26171178 -0.80524302 -0.00381566
v 0.26591939 -0.80382395 0.01866073
v 0.26984641 -0.78807914 0.01177645
v 0.26437360 -0.78762507 -0.00917107
v 0.23914453 -0.80603194 0.07717802
v 0.15210590 -0.72072512 0.14880402
v 0.18620688 -0.73403227 0.13378249
v 0.17096664 -0.72646540 0.14237173
v 0.21507271 -0.73816746 0.10378113
v 0.20857199 -0.73994267 0.11305271
v 0.20918411 -0.73027462 0.10845014
v 0.22343020 -0.73486745 0.08681075
v 0.21978107 -0.73514009 0.09446120
v 0.19284520 -0.74844289 -0.03260431
v 0.19269706 -0.76153791 -0.03644421
v 0.20780773 -0.77605498 -0.03795007
v 0.21880516 -0.72734690 0.07452658
v 0.21854341 -0.72364372 0.07164034
v 0.22317104 -0.72632211 0.07258843
v 0.22177891 -0.72995824 0.07605147
v 0.22565983 -0.86377645 0.04159078
v 0.26387525 -0.79559368 0.03708741
v 0.25982714 -0.78564548 0.05002029
v 0.26584488 -0.77340859 0.04288160
v 0.26915762 -0.78225034 0.02956603
v 0.25510690 -0.77586240 0.06121866
v 0.25001138 -0.76602024 0.06931542
v 0.25600785 -0.75835711 0.06214914
v 0.26114041 -0.76632792 0.05404836
v 0.22944289 -0.72794205 0.07342245
v 0.22558372 -0.73366129 0.07777461
v 0.24823996 -0.76289523 -0.02871920
v 0.24033324 -0.83501941 -0.01245414
v 0.22029091 -0.82552552 -0.02914319
v 0.21494722 -0.83840704 -0.02296600
v 0.23415145 -0.84748721 -0.00337816
v 0.19615671 -0.70906454 0.03992990
v 0.19024646 -0.71419185 0.02836834
v 0.20055863 -0.70518452 0.04983483
v 0.21509454 -0.72247505 0.06900540
v 0.20489424 -0.70333338 0.05749628
v 0.18345682 -0.72605151 -0.01547139
v 0.19318593 -0.73297983 -0.02837406
v 0.20113407 -0.80798936 -0.03540784
v 0.19643115 -0.82150328 -0.03152021
v 0.26479551 -0.76795036 -0.01327318
v 0.27165410 -0.76901001 0.00620592
v 0.22423960 -0.71247613 0.07044342
v 0.23016715 -0.70289665 0.07031608
v 0.22943690 -0.71585375 0.07134654
v 0.21551764 -0.72129041 0.08026239
v 0.21549885 -0.72499466 0.07233900
v 0.25208297 -0.83557469 0.01261020
v 0.27232099 -0.76627159 0.02331360
v 0.26935315 -0.75923735 0.03722402
v 0.24873951 -0.78243440 0.06910875
v 0.25322917 -0.79484421 0.05884559
v 0.24625081 -0.80108261 0.06755768
v 0.24152616 -0.78705353 0.07757462
v 0.26143277 -0.74664307 0.05583472
v 0.25551292 -0.73815680 0.06280357
v 0.24323057 -0.77107036 0.07704609
v 0.23603648 -0.77419084 0.08514743
v 0.23513845 -0.71942168 0.07132529
v 0.19083035 -0.83244622 -0.02608134
v 0.17622814 -0.81455159 -0.02949749
v 0.16806677 -0.82239962 -0.02510516
v 0.18700881 -0.78991818 -0.03631034
v 0.18233535 -0.80308509 -0.03372722
v 0.19096574 -0.77482373 -0.03744341
v 0.15624180 -0.83132356 -0.01937406
v 0.25624058 -0.51353025 0.03816165
v 0.23648347 -0.69285554 0.06793897
v 0.22431566 -0.69743419 0.07022201
v 0.23168051 -0.68642807 0.06796043
v 0.25633192 -0.65007412 0.04757719
v 0.27285516 -0.53387833 0.00556684
v 0.27386945 -0.52666974 0.00137804
v 0.27583075 -0.48215717 -0.02471833
v 0.27006897 -0.47118023 -0.05474824
v 0.27179018 -0.48852268 -0.04315425
v 0.24141283 -0.49657005 -0.07514010
v 0.22540367 -0.49463087 -0.07095857
v 0.19968137 -0.47848266 -0.03385174
v 0.24749976 -0.46322688 0.00894301
v 0.21434365 -0.36701053 -0.12274690
v 0.22596657 -0.36533338 -0.12164328
v 0.21927039 -0.34807420 -0.13073513
v 0.20793566 -0.34915382 -0.13021085
v 0.19309181 -0.33021265 -0.13208190
v 0.19916245 -0.34754872 -0.12499090
v 0.20092726 -0.33212745 -0.13913670
v 0.19006929 -0.32731187 -0.12316778
v 0.19499272 -0.34428608 -0.11699532
v 0.19108272 -0.32335639 -0.11397789
v 0.19320592 -0.31854206 -0.10534148
v 0.19496022 -0.33532715 -0.09847750
v 0.19378912 -0.34002262 -0.10772102
v 0.19903457 -0.33028507 -0.09063008
v 0.20592879 -0.32599252 -0.08409534
v 0.20550627 -0.34246963 -0.07433687
v 0.19933648 -0.34730273 -0.08245394
v 0.22389971 -0.30737406 -0.09056960
v 0.23146351 -0.30938220 -0.09472862
v 0.23421003 -0.32449126 -0.08285713
v 0.22533785 -0.32240349 -0.07872528
v 0.24755396 -0.34827280 -0.08681685
v 0.24331580 -0.34412390 -0.07731900
v 0.24052095 -0.32802320 -0.09048145
v 0.24463288 -0.33217800 -0.09909967
v 0.24317423 -0.31641513 -0.11037883
v 0.24042128 -0.32074398 -0.11970040
v 0.24339178 -0.33577311 -0.10853910
v 0.22736530 -0.40148452 -0.10650620
v 0.22099999 -0.38435644 -0.11464798
v 0.20989379 -0.38322026 -0.11112987
v 0.19802821 -0.37557030 -0.09436412
v 0.20216003 -0.38001525 -0.10352896
v 0.19829878 -0.36208451 -0.11006363
v 0.19563584 -0.35763240 -0.10099958
v 0.20417747 -0.37542939 -0.05588357
v 0.19947670 -0.36428821 -0.07441102
v 0.20515153 -0.35873395 -0.06512988
v 0.19620399 -0.35253376 -0.09165710
v 0.19750667 -0.37023139 -0.08454701
v 0.21494417 -0.33913523 -0.06874692
v 0.21526685 -0.32309270 -0.07961035
v 0.23590860 -0.36115313 -0.11561827
v 0.24332541 -0.35658646 -0.10721853
v 0.23739606 -0.33987570 -0.11773469
v 0.22942427 -0.34429508 -0.12557711
v 0.21486464 -0.35544068 -0.05863833
v 0.24993756 -0.37371820 -0.09662621
v 0.24293275 -0.37838537 -0.10590611
v 0.24790846 -0.35208756 -0.09729126
v 0.25302669 -0.36884183 -0.08543074
v 0.22428632 -0.32829398 -0.13599801
v 0.21320088 -0.33246005 -0.13988720
v 0.23288402 -0.38251823 -0.11270411
v 0.22603869 -0.33827144 -0.06706615
v 0.23620668 -0.34026474 -0.07016070
v 0.23776311 -0.35628408 -0.05779587
v 0.22659907 -0.35442477 -0.05576096
v 0.25565666 -0.38163534 -0.06136195
v 0.24597427 -0.36022228 -0.06447603
v 0.25141120 -0.36449945 -0.07414427
v 0.23821053 -0.31237513 -0.10198216
v 0.25861737 -0.38643578 -0.07311118
v 0.17819673 -0.24657071 -0.13956082
v 0.17709824 -0.23912418 -0.14765285
v 0.18303517 -0.24278075 -0.14382879
v 0.18312679 -0.25298518 -0.13784830
v 0.15638259 -0.26097482 -0.12245695
v 0.15260467 -0.24700868 -0.12780234
v 0.16254938 -0.24197501 -0.12580779
v 0.16699049 -0.25478148 -0.12190439
v 0.17344172 -0.24007016 -0.14162165
v 0.17352894 -0.23642629 -0.15156651
v 0.17257497 -0.23196584 -0.16166176
v 0.17244130 -0.23730075 -0.15339112
v 0.17356873 -0.23520917 -0.16799954
v 0.17876212 -0.24396181 -0.17411822
v 0.18144810 -0.23256379 -0.18144895
v 0.17428501 -0.22945297 -0.17581904
v 0.20507765 -0.24793786 -0.16986957
v 0.21464919 -0.24692696 -0.16293697
v 0.21409032 -0.23153561 -0.16958961
v 0.20342760 -0.23290652 -0.17506173
v 0.22774898 -0.23193127 -0.15168920
v 0.22039101 -0.23072380 -0.16103147
v 0.22110069 -0.24658054 -0.15542825
v 0.22714129 -0.24690402 -0.14727879
v 0.18982130 -0.25521970 -0.13481556
v 0.18972510 -0.24464464 -0.13954073
v 0.19465430 -0.24386084 -0.13594468
v 0.19513246 -0.25406855 -0.13077243
v 0.17233068 -0.24088633 -0.16016819
v 0.16889395 -0.23156011 -0.14948779
v 0.16695780 -0.23356909 -0.15331799
v 0.16960332 -0.24674058 -0.16194904
v 0.19684488 -0.28262079 -0.10840595
v 0.19704832 -0.27156103 -0.11030409
v 0.20278093 -0.26758718 -0.10549533
v 0.20322245 -0.27977055 -0.10244779
v 0.17824611 -0.28988427 -0.11797661
v 0.17651774 -0.30135947 -0.12799165
v 0.16746230 -0.29376745 -0.12970035
v 0.16899922 -0.28323007 -0.11771826
v 0.15821932 -0.28177351 -0.13070488
v 0.15207437 -0.26739800 -0.13244297
v 0.16158390 -0.27284902 -0.11906409
v 0.14940281 -0.25130552 -0.13677056
v 0.21493238 -0.26858693 -0.09879048
v 0.21425954 -0.27844208 -0.09875789
v 0.16660827 -0.18631387 -0.16736034
v 0.16266650 -0.18707550 -0.17197482
v 0.16059938 -0.18394601 -0.17039213
v 0.16431162 -0.18348724 -0.16591582
v 0.23535319 -0.28424847 -0.11531717
v 0.23070802 -0.28156900 -0.10692075
v 0.23218063 -0.27497482 -0.10925123
v 0.23522297 -0.27796400 -0.11867073
v 0.23473498 -0.26631957 -0.11205658
v 0.23571554 -0.26976520 -0.12290753
v 0.16304180 -0.18160939 -0.18189633
v 0.16651675 -0.17769641 -0.18453202
v 0.16324133 -0.17408687 -0.18006849
v 0.15996775 -0.17776352 -0.17846760
v 0.18135192 -0.23336381 -0.14950165
v 0.17476775 -0.23131007 -0.15464017
v 0.17273957 -0.22435063 -0.16138130
v 0.17189667 -0.21868265 -0.16666207
v 0.17562146 -0.21537364 -0.16253936
v 0.17941031 -0.22284627 -0.15582947
v 0.19126201 -0.23284370 -0.14386967
v 0.19028121 -0.22216326 -0.14848211
v 0.19677135 -0.22434026 -0.14301160
v 0.19765668 -0.23406267 -0.13836804
v 0.21122247 -0.22283763 -0.12769884
v 0.21043786 -0.23023283 -0.12354678
v 0.20653971 -0.23252171 -0.12833053
v 0.20649561 -0.22366935 -0.13338609
v 0.20629305 -0.20103920 -0.14791285
v 0.20637831 -0.20791596 -0.14326170
v 0.20273399 -0.20809489 -0.14723559
v 0.20326419 -0.20107841 -0.15131490
v 0.23649274 -0.29112989 -0.11263426
v 0.23051552 -0.28837508 -0.10484289
v 0.23915972 -0.22150153 -0.12338805
v 0.24009418 -0.22159779 -0.13526732
v 0.23791607 -0.23279810 -0.13256434
v 0.23798253 -0.23314798 -0.12168407
v 0.23432761 -0.28044051 -0.12916215
v 0.23583406 -0.28721869 -0.12576392
v 0.17160967 -0.17381978 -0.18454184
v 0.16794744 -0.17056000 -0.17939058
v 0.15641941 -0.27433068 -0.14610371
v 0.15130751 -0.25496006 -0.14740193
v 0.16554514 -0.28916150 -0.14436691
v 0.18120205 -0.30519682 -0.14048028
v 0.17466684 -0.29808021 -0.14221358
v 0.18336293 -0.21706510 -0.15580754
v 0.18789041 -0.23714459 -0.14429605
v 0.19827546 -0.24350345 -0.13239102
v 0.21027921 -0.24235904 -0.11198306
v 0.21245292 -0.23578089 -0.11465706
v 0.21839349 -0.23558158 -0.10925177
v 0.21850380 -0.24255478 -0.10543123
v 0.22653453 -0.22158748 -0.11424166
v 0.23429762 -0.22164673 -0.11581707
v 0.23309603 -0.23089367 -0.11326465
v 0.22554164 -0.22863019 -0.11111659
v 0.16337237 -0.23458797 -0.15690863
v 0.16428234 -0.25050032 -0.16174492
v 0.22339734 -0.27961165 -0.10062134
v 0.22547832 -0.27176660 -0.10168880
v 0.22281332 -0.28763467 -0.10024497
v 0.18639994 -0.27471834 -0.11577678
v 0.19245782 -0.26463461 -0.12394249
v 0.19631216 -0.26312774 -0.12040040
v 0.19262844 -0.27399743 -0.11350304
v 0.18012872 -0.25967705 -0.12865250
v 0.17171584 -0.26558679 -0.11899776
v 0.17600848 -0.25035584 -0.13000000
v 0.18967608 -0.28602171 -0.11286855
v 0.19102159 -0.29559225 -0.11316828
v 0.19853634 -0.29214692 -0.10779467
v 0.20604119 -0.28905326 -0.10193601
v 0.21505073 -0.28740638 -0.09909418
v 0.19185160 -0.30518728 -0.11062923
v 0.19862214 -0.30100065 -0.10501888
v 0.20682380 -0.29747391 -0.09989966
v 0.21528880 -0.29538119 -0.09716232
v 0.23830265 -0.29509181 -0.12282646
v 0.24151579 -0.30435973 -0.11821486
v 0.23748213 -0.30009210 -0.10841294
v 0.18425184 -0.29913330 -0.12020302
v 0.18769047 -0.30930889 -0.11894895
v 0.18423554 -0.31378657 -0.12785257
v 0.18790087 -0.31606144 -0.13798943
v 0.16329926 -0.22735149 -0.13496894
v 0.16653578 -0.23324931 -0.13327150
v 0.15828520 -0.23472774 -0.12991668
v 0.15553446 -0.22824705 -0.13370776
v 0.17119694 -0.22078687 -0.17286384
v 0.17229940 -0.22702390 -0.16870606
v 0.17392930 -0.22159117 -0.17974001
v 0.20664907 -0.25750113 -0.10614252
v 0.21697479 -0.25879163 -0.10039935
v 0.18053128 -0.21190202 -0.16105783
v 0.16904359 -0.20492125 -0.18164024
v 0.17370309 -0.20238638 -0.18635690
v 0.16921972 -0.18631101 -0.18643944
v 0.16521306 -0.18940014 -0.18297181
v 0.17840001 -0.20113283 -0.16438641
v 0.18376721 -0.19749647 -0.16690882
v 0.18530671 -0.20406187 -0.16484937
v 0.17984118 -0.20760560 -0.16380659
v 0.21003339 -0.20247763 -0.14097482
v 0.21072429 -0.20843345 -0.13731310
v 0.19109935 -0.22150493 -0.18671438
v 0.19311100 -0.23504943 -0.18189976
v 0.19926074 -0.21673751 -0.17764357
v 0.20637964 -0.21533543 -0.13831782
v 0.20216516 -0.22435260 -0.13808715
v 0.20211679 -0.21563524 -0.14241508
v 0.18936558 -0.20953834 -0.15721381
v 0.18976627 -0.21497333 -0.15230010
v 0.18559442 -0.21349031 -0.15637371
v 0.18485640 -0.20953572 -0.16033037
v 0.23763725 -0.24516565 -0.11848333
v 0.23122816 -0.24138373 -0.10801116
v 0.16134956 -0.18526548 -0.17713961
v 0.15918043 -0.18185157 -0.17447469
v 0.22992292 -0.29689586 -0.10175094
v 0.22263737 -0.29510868 -0.09797211
v 0.20233954 -0.23397762 -0.13343264
v 0.19301873 -0.24821866 -0.17487335
v 0.20198837 -0.24300492 -0.12805508
v 0.22080004 -0.20131189 -0.13920140
v 0.22373483 -0.20051521 -0.14543207
v 0.22724134 -0.20902789 -0.14588399
v 0.22448754 -0.20689082 -0.13719460
v 0.17170557 -0.18359047 -0.16681747
v 0.17602554 -0.17962676 -0.16911636
v 0.17907181 -0.18592179 -0.16923490
v 0.17440265 -0.18918747 -0.16615365
v 0.16921356 -0.20597386 -0.16888167
v 0.17319976 -0.20398515 -0.16504593
v 0.17542452 -0.21079677 -0.16478527
v 0.17137404 -0.21331716 -0.16843793
v 0.17046307 -0.21455097 -0.17447463
v 0.16800396 -0.20610863 -0.17539847
v 0.18621232 -0.19688118 -0.18171564
v 0.18698820 -0.19510370 -0.17399079
v 0.18173116 -0.18172878 -0.17498925
v 0.17978647 -0.18043900 -0.18205124
v 0.22761685 -0.26092947 -0.14353131
v 0.23274036 -0.25996739 -0.13509247
v 0.23260000 -0.24623734 -0.13835469
v 0.23337373 -0.23190469 -0.14193091
v 0.23235112 -0.21831834 -0.14378823
v 0.22803611 -0.21795112 -0.15587839
v 0.23624045 -0.24590015 -0.12980470
v 0.19784135 -0.20624858 -0.17366964
v 0.19365355 -0.20523095 -0.16922270
v 0.19139434 -0.20716459 -0.17909749
v 0.20656784 -0.24129349 -0.12172380
v 0.16357386 -0.19208515 -0.17699826
v 0.19979820 -0.29803920 -0.15351030
v 0.21385072 -0.29586464 -0.15113994
v 0.21236026 -0.28663433 -0.15428726
v 0.19522813 -0.29013568 -0.15653223
v 0.16914564 -0.19164526 -0.16654269
v 0.16467233 -0.19304645 -0.17051871
v 0.21723592 -0.20048690 -0.13511997
v 0.21818550 -0.20488042 -0.13080509
v 0.21496297 -0.20745647 -0.13235675
v 0.21358165 -0.20175189 -0.13652021
v 0.23620027 -0.25892746 -0.12689653
v 0.23854993 -0.21225262 -0.13343510
v 0.23641047 -0.21054512 -0.12136383
v 0.22937392 -0.28283477 -0.13871147
v 0.23342195 -0.27171326 -0.13220935
v 0.22843072 -0.27329063 -0.14077127
v 0.21678308 -0.21378273 -0.16443801
v 0.22236706 -0.26087952 -0.15104717
v 0.22318882 -0.27383661 -0.14778751
v 0.22336864 -0.28491038 -0.14612983
v 0.22438440 -0.29340172 -0.14411120
v 0.23090380 -0.29052556 -0.13636088
v 0.17680427 -0.17309648 -0.17950691
v 0.17484593 -0.18264079 -0.18647929
v 0.23318210 -0.29909396 -0.13324875
v 0.23717961 -0.30893373 -0.12813431
v 0.22622988 -0.30220246 -0.14128277
v 0.22960481 -0.31233299 -0.13598327
v 0.21660286 -0.27442801 -0.15458837
v 0.20709325 -0.27553469 -0.16015480
v 0.21604626 -0.26128268 -0.15790799
v 0.20660536 -0.26167941 -0.16458282
v 0.21217521 -0.21659374 -0.17533535
v 0.17311290 -0.17672014 -0.16534784
v 0.16883484 -0.16987538 -0.16050965
v 0.16981983 -0.16739601 -0.16422299
v 0.17420286 -0.17261475 -0.16901866
v 0.17825723 -0.17573023 -0.17328395
v 0.17249405 -0.17011631 -0.17338666
v 0.19245210 -0.26216370 -0.16927317
v 0.18986845 -0.20490986 -0.16108324
v 0.18732068 -0.27692395 -0.16244547
v 0.17790799 -0.25667614 -0.17163046
v 0.17192832 -0.26484674 -0.16662632
v 0.17760979 -0.29267150 -0.15381120
v 0.16687441 -0.27968925 -0.15741356
v 0.19076362 -0.30627787 -0.14809151
v 0.18588176 -0.29960757 -0.15035234
v 0.19563526 -0.31716549 -0.14485244
v 0.15838295 -0.26222920 -0.15836130
v 0.15737715 -0.17892379 -0.16582477
v 0.16135764 -0.17836577 -0.16164881
v 0.20753285 -0.31706816 -0.14750080
v 0.20286585 -0.30572170 -0.15117192
v 0.17125195 -0.24026138 -0.13166243
v 0.20110478 -0.25206995 -0.12307176
v 0.20419662 -0.25040054 -0.11736387
v 0.20858957 -0.24915141 -0.10924149
v 0.21845725 -0.24973953 -0.10268645
v 0.22025450 -0.31532961 -0.14392993
v 0.19885750 -0.31381577 -0.09886867
v 0.20684880 -0.31004024 -0.09368351
v 0.23304699 -0.32442600 -0.12809367
v 0.15583760 -0.17626745 -0.17051217
v 0.20683229 -0.19751447 -0.15497649
v 0.20807835 -0.19791955 -0.15405592
v 0.15073112 -0.23778045 -0.13267912
v 0.14994664 -0.23022568 -0.13741519
v 0.14736356 -0.24001437 -0.14073265
v 0.14945741 -0.24231780 -0.15043667
v 0.15109554 -0.23201531 -0.15194097
v 0.14869642 -0.23066133 -0.14370249
v 0.19919302 -0.26108706 -0.11687669
v 0.20256600 -0.25871068 -0.11243872
v 0.23074186 -0.25223231 -0.10528776
v 0.23673567 -0.25621706 -0.11539108
v 0.17245083 -0.21448696 -0.18143094
v 0.18011378 -0.22175634 -0.18532151
v 0.17756900 -0.21302044 -0.18592866
v 0.18076637 -0.20021451 -0.18673539
v 0.18952259 -0.20246381 -0.17131200
v 0.19049674 -0.20387113 -0.16620022
v 0.17889044 -0.27189797 -0.11740448
v 0.18625697 -0.26409352 -0.12703018
v 0.17053771 -0.23503524 -0.14166595
v 0.16909158 -0.22930920 -0.14133763
v 0.19608916 -0.21608114 -0.14722273
v 0.21003665 -0.20128429 -0.16683412
v 0.20613341 -0.20534605 -0.17377293
v 0.19622982 -0.20917118 -0.15212762
v 0.15931225 -0.16857344 -0.17506960
v 0.15626571 -0.17252362 -0.17353469
v 0.18572710 -0.21141833 -0.18658267
v 0.21112935 -0.21529770 -0.13243680
v 0.21546033 -0.20289052 -0.16007097
v 0.20964366 -0.19779181 -0.16089366
v 0.23259126 -0.21508437 -0.11660461
v 0.21598986 -0.30408496 -0.14856192
v 0.16563961 -0.17539191 -0.15952194
v 0.16936445 -0.18112540 -0.16391954
v 0.16773331 -0.16557527 -0.16828281
v 0.16423258 -0.16678739 -0.17307571
v 0.22841755 -0.26214284 -0.10326147
v 0.19842085 -0.25303948 -0.12713191
v 0.21556416 -0.30773228 -0.09040672
v 0.15685757 -0.23344034 -0.15742125
v 0.15682065 -0.24646902 -0.15727358
v 0.19683474 -0.20390975 -0.15561461
v 0.23162353 -0.20976186 -0.13749149
v 0.22216803 -0.19814610 -0.15393734
v 0.21551159 -0.19648612 -0.15807305
v 0.22507955 -0.20761389 -0.15527707
v 0.21023208 -0.19543666 -0.15641330
v 0.16397509 -0.16054893 -0.16503510
v 0.16087094 -0.16182458 -0.16946843
v 0.15619686 -0.16443956 -0.17179722
v 0.15390709 -0.16873765 -0.17045024
v 0.15386862 -0.17254919 -0.16722700
v 0.16555181 -0.16165352 -0.16081691
v 0.16515747 -0.16473788 -0.15762448
v 0.16342473 -0.17095280 -0.15689510
v 0.16162851 -0.15797430 -0.15746659
v 0.15903047 -0.15550286 -0.16141820
v 0.15065235 -0.15668410 -0.16514668
v 0.14774847 -0.15481335 -0.16286740
v 0.14633372 -0.15825385 -0.16370293
v 0.15110418 -0.16001332 -0.16752571
v 0.14334297 -0.15556407 -0.15976211
v 0.14479959 -0.15205479 -0.15973312
v 0.15381837 -0.15523136 -0.16448709
v 0.15099460 -0.15225500 -0.16143683
v 0.15079558 -0.14910924 -0.15528774
v 0.14784193 -0.14924687 -0.15813044
v 0.15373123 -0.15201479 -0.15838954
v 0.15578964 -0.15403348 -0.16156587
v 0.15637293 -0.15755767 -0.16634464
v 0.14504927 -0.14716423 -0.15542814
v 0.14379621 -0.14885354 -0.15252960
v 0.14193904 -0.15237439 -0.15608194
v 0.14310759 -0.15000856 -0.15742087
v 0.15049189 -0.16603893 -0.16689771
v 0.14619404 -0.16225559 -0.16231522
v 0.14344132 -0.15886140 -0.15779686
v 0.14227277 -0.15531456 -0.15390772
v 0.14441723 -0.16098213 -0.15498883
v 0.14684379 -0.16507763 -0.15907785
v 0.14385951 -0.15771127 -0.15186575
v 0.14609951 -0.16165096 -0.15207827
v 0.14857683 -0.16613191 -0.15524408
v 0.15360183 -0.17180926 -0.16059422
v 0.15147606 -0.17007130 -0.16437691
v 0.14534646 -0.15897977 -0.15065345
v 0.14422429 -0.15163130 -0.15050939
v 0.15630955 -0.15265805 -0.15643954
v 0.15252352 -0.15019405 -0.15284747
v 0.15729836 -0.15438473 -0.15375197
v 0.15325212 -0.15208805 -0.15074480
v 0.14833081 -0.14693350 -0.15348685
v 0.14851564 -0.14807254 -0.15087569
v 0.15567157 -0.17480212 -0.16315424
v 0.15963659 -0.17367506 -0.15901384
v 0.15700030 -0.17044568 -0.15622842
v 0.15193471 -0.16508579 -0.15132099
v 0.15995651 -0.16639709 -0.15427083
v 0.16117507 -0.16069722 -0.15495309
v 0.15712628 -0.15715051 -0.15158400
v 0.15540183 -0.16126108 -0.15026149
v 0.15146893 -0.15787220 -0.14817277
v 0.15273952 -0.15483141 -0.14877778
v 0.14865565 -0.16039723 -0.14933115
v 0.14904684 -0.15378511 -0.14791626
v 0.14888179 -0.15067786 -0.14898655
v 0.14903790 -0.15619099 -0.14786148
v 0.14688528 -0.15743351 -0.14898729
v 0.14562881 -0.15483922 -0.14934045
v 0.18686482 -0.17748874 -0.15440139
v 0.18315482 -0.17860073 -0.15848725
v 0.17958474 -0.17372280 -0.15529317
v 0.18344343 -0.17292899 -0.15100762
v 0.18213356 -0.17468345 -0.16820799
v 0.18550587 -0.17071354 -0.17206953
v 0.18100786 -0.16504085 -0.16771588
v 0.17797610 -0.16944337 -0.16385248
v 0.19224235 -0.16697580 -0.17127439
v 0.18753973 -0.16207671 -0.16647199
v 0.19083074 -0.19633412 -0.16861621
v 0.19478312 -0.19512725 -0.17352818
v 0.18967372 -0.17923951 -0.17442948
v 0.18593326 -0.18245536 -0.16993797
v 0.20030063 -0.19348127 -0.15338279
v 0.20409977 -0.19003135 -0.15521146
v 0.18174884 -0.17746329 -0.16320825
v 0.17788124 -0.17229390 -0.15947208
v 0.19095972 -0.17469549 -0.15280291
v 0.19500130 -0.17127651 -0.15374100
v 0.19884580 -0.17774701 -0.15617132
v 0.19485542 -0.18121153 -0.15439412
v 0.18964267 -0.19840395 -0.15929353
v 0.19488496 -0.19611520 -0.15556829
v 0.18897250 -0.19780093 -0.16408503
v 0.20681274 -0.18933046 -0.16827923
v 0.20688504 -0.18770754 -0.16153958
v 0.20173755 -0.17475420 -0.16075537
v 0.20107803 -0.17369044 -0.16766363
v 0.18515518 -0.18467778 -0.16485795
v 0.19007567 -0.18410474 -0.15577114
v 0.18608120 -0.18553150 -0.15977578
v 0.19640169 -0.16569489 -0.16417275
v 0.19660270 -0.17621922 -0.17373762
v 0.19102484 -0.16668421 -0.14928582
v 0.18544841 -0.16032183 -0.14428109
v 0.18586129 -0.15717894 -0.14813775
v 0.19191825 -0.16308057 -0.15283573
v 0.19655997 -0.16793919 -0.15743153
v 0.19152048 -0.16097301 -0.15916440
v 0.17442584 -0.16739172 -0.14876661
v 0.17862755 -0.16651189 -0.14475581
v 0.17221630 -0.16600168 -0.15263563
v 0.20200586 -0.19250363 -0.17420389
v 0.17490363 -0.15901506 -0.15963626
v 0.17233795 -0.16313386 -0.15637627
v 0.18238699 -0.16352153 -0.14305645
v 0.18719417 -0.16988045 -0.14887223
v 0.18473518 -0.15536183 -0.15302005
v 0.18072462 -0.15613282 -0.15853608
v 0.17985886 -0.15141845 -0.14827156
v 0.17552727 -0.15079954 -0.15314448
v 0.17046112 -0.15393776 -0.15426874
v 0.16875720 -0.15891629 -0.15188870
v 0.16946113 -0.16224760 -0.14891082
v 0.18099439 -0.15251878 -0.14437172
v 0.18114185 -0.15515855 -0.14147595
v 0.17946970 -0.15977955 -0.14033991
v 0.17648083 -0.14900440 -0.13876325
v 0.17413867 -0.14634857 -0.14174849
v 0.16293752 -0.14620346 -0.14076722
v 0.15978223 -0.14405626 -0.13676187
v 0.15873116 -0.14735633 -0.13656133
v 0.16152948 -0.14906693 -0.14185745
v 0.16559660 -0.14713722 -0.14380983
v 0.16574991 -0.14990193 -0.14702678
v 0.16863698 -0.14603049 -0.14274511
v 0.16603291 -0.14368910 -0.13925251
v 0.16629881 -0.14117384 -0.13269249
v 0.16273665 -0.14068559 -0.13515636
v 0.16921031 -0.14438745 -0.13677606
v 0.17101794 -0.14605102 -0.14015710
v 0.15752494 -0.14468899 -0.13178134
v 0.15792698 -0.14233893 -0.13336799
v 0.17119807 -0.14757159 -0.14657253
v 0.16564250 -0.15587249 -0.14714661
v 0.16162747 -0.15310213 -0.14092883
v 0.15911442 -0.15053374 -0.13494861
v 0.15840632 -0.14763638 -0.12999865
v 0.16052693 -0.15308952 -0.13289976
v 0.16312611 -0.15640980 -0.13844582
v 0.16033286 -0.15002882 -0.12900332
v 0.16306555 -0.15417549 -0.13050920
v 0.16594052 -0.15819037 -0.13522944
v 0.17031455 -0.16158479 -0.14215237
v 0.16722476 -0.15981644 -0.14509967
v 0.16213560 -0.15142193 -0.12851462
v 0.15938735 -0.14122817 -0.12857154
v 0.16043591 -0.14448386 -0.12709692
v 0.15957862 -0.13862190 -0.13131669
v 0.17109454 -0.14587319 -0.13525787
v 0.16750360 -0.14317593 -0.13082206
v 0.17282498 -0.14726114 -0.13317868
v 0.16866857 -0.14456531 -0.12898624
v 0.16354084 -0.13899463 -0.12996453
v 0.16392297 -0.14071688 -0.12801233
v 0.17211145 -0.16364542 -0.14559761
v 0.17612416 -0.16292468 -0.14213476
v 0.17442816 -0.16109145 -0.13892925
v 0.16999596 -0.15714484 -0.13240346
v 0.17772359 -0.15815672 -0.13696772
v 0.17824882 -0.15348342 -0.13675508
v 0.17374927 -0.15007687 -0.13183013
v 0.17310214 -0.15390566 -0.13131344
v 0.16890168 -0.15039089 -0.12762806
v 0.16909194 -0.14698175 -0.12809193
v 0.16640824 -0.15328604 -0.12837517
v 0.16550004 -0.14602914 -0.12620449
v 0.16459471 -0.14315718 -0.12665856
v 0.16622198 -0.14873677 -0.12639204
v 0.16394019 -0.15020013 -0.12700057
v 0.16204554 -0.14746711 -0.12668994
v 0.20110971 -0.18083483 -0.13643625
v 0.19884223 -0.17954791 -0.14147405
v 0.19601464 -0.17550761 -0.13865653
v 0.19834405 -0.17741770 -0.13354625
v 0.20120853 -0.17408669 -0.14894177
v 0.20539230 -0.17233253 -0.15041341
v 0.20166624 -0.16745299 -0.14541744
v 0.19812554 -0.16935557 -0.14487934
v 0.21103692 -0.17108709 -0.14697988
v 0.20608795 -0.16632372 -0.14246136
v 0.20794713 -0.19030970 -0.15391561
v 0.21289450 -0.18899816 -0.15607977
v 0.20872253 -0.17808658 -0.15359062
v 0.20395571 -0.17963123 -0.15174936
v 0.19896871 -0.17678994 -0.14557567
v 0.19622314 -0.17218751 -0.14230850
v 0.20440006 -0.17992699 -0.13277380
v 0.20775384 -0.17790473 -0.13190193
v 0.21129692 -0.18360019 -0.13441515
v 0.20764762 -0.18533742 -0.13496840
v 0.20816368 -0.19657141 -0.14065048
v 0.20578814 -0.19540513 -0.14574389
v 0.20572773 -0.19302154 -0.15009576
v 0.22122845 -0.19028616 -0.14465120
v 0.21872008 -0.19271213 -0.13867679
v 0.21520740 -0.18080330 -0.13662446
v 0.21720445 -0.17823893 -0.14296198
v 0.20176119 -0.18226308 -0.14775154
v 0.20341694 -0.18616307 -0.13805664
v 0.20132601 -0.18490040 -0.14323434
v 0.21340048 -0.17226291 -0.14000459
v 0.21440744 -0.17776102 -0.15013954
v 0.20592654 -0.17456400 -0.12887789
v 0.20046902 -0.16602886 -0.12438507
v 0.20234609 -0.16276264 -0.12669683
v 0.20861059 -0.17075312 -0.13130476
v 0.21211749 -0.17564309 -0.13403212
v 0.20915806 -0.16759366 -0.13662060
v 0.19129598 -0.16948920 -0.13333461
v 0.19366682 -0.17060465 -0.12866400
v 0.19157010 -0.16633528 -0.13690798
v 0.21884531 -0.18886590 -0.15244085
v 0.21503052 -0.19488341 -0.13517517
v 0.19557804 -0.16051161 -0.13971671
v 0.19284874 -0.16335708 -0.13905647
v 0.19709235 -0.16902441 -0.12491582
v 0.20230329 -0.17685783 -0.12999400
v 0.20266402 -0.16007984 -0.13147676
v 0.19992143 -0.15895331 -0.13727139
v 0.19700497 -0.15507802 -0.12797399
v 0.19481289 -0.15444019 -0.13370913
v 0.19048882 -0.15663224 -0.13638227
v 0.18839407 -0.16005844 -0.13569930
v 0.18790609 -0.16328141 -0.13373995
v 0.19659823 -0.15807503 -0.12341020
v 0.19521725 -0.16076830 -0.12197088
v 0.19366741 -0.16511473 -0.12287410
v 0.19250172 -0.15636593 -0.12053120
v 0.19127524 -0.15268269 -0.12451899
v 0.18042767 -0.15053350 -0.12778082
v 0.17656994 -0.14799306 -0.12528779
v 0.17533070 -0.14999494 -0.12601063
v 0.17941099 -0.15210035 -0.12915461
v 0.18383437 -0.15146139 -0.12990339
v 0.18500125 -0.15328714 -0.13239756
v 0.18657964 -0.15074682 -0.12816794
v 0.18314463 -0.14825284 -0.12566964
v 0.18198049 -0.14718711 -0.11937414
v 0.17924935 -0.14573798 -0.12299520
v 0.18576998 -0.15005428 -0.12196971
v 0.18840402 -0.15131474 -0.12486929
v 0.17303336 -0.14757127 -0.12282662
v 0.17432868 -0.14610693 -0.12322351
v 0.18949682 -0.15228215 -0.13009624
v 0.18398488 -0.15765271 -0.13269530
v 0.17888033 -0.15528163 -0.12905632
v 0.17476523 -0.15288240 -0.12538312
v 0.17266625 -0.15073693 -0.12165202
v 0.17551374 -0.15565905 -0.12373899
v 0.17928988 -0.15845233 -0.12721753
v 0.17377877 -0.15361336 -0.12044071
v 0.17669517 -0.15752172 -0.12138855
v 0.18028247 -0.16094747 -0.12441404
v 0.18543357 -0.16401938 -0.12805600
v 0.18417430 -0.16127956 -0.13089307
v 0.17530656 -0.15529695 -0.11958772
v 0.17439389 -0.14554164 -0.11893703
v 0.17415398 -0.14890894 -0.11720870
v 0.17587173 -0.14389372 -0.12075543
v 0.18749797 -0.15143260 -0.11968842
v 0.18295109 -0.14871967 -0.11716063
v 0.18777823 -0.15369245 -0.11751556
v 0.18307436 -0.15081972 -0.11541463
v 0.17881030 -0.14506078 -0.11830056
v 0.17863286 -0.14629996 -0.11660637
v 0.18868119 -0.16596001 -0.13070691
v 0.19110632 -0.16700330 -0.12663767
v 0.18789363 -0.16501671 -0.12447545
v 0.18250024 -0.16159117 -0.12048852
v 0.19073075 -0.16368869 -0.12097377
v 0.19164568 -0.15957591 -0.11920081
v 0.18796325 -0.15676835 -0.11680208
v 0.18574709 -0.15983906 -0.11744794
v 0.18138540 -0.15653479 -0.11538625
v 0.18256307 -0.15364403 -0.11480269
v 0.17878485 -0.15795422 -0.11801308
v 0.17868805 -0.15208012 -0.11465764
v 0.17869729 -0.14898291 -0.11498025
v 0.17871088 -0.15450174 -0.11514653
v 0.17652440 -0.15486932 -0.11710666
v 0.17517132 -0.15231687 -0.11686680
v 0.21167144 -0.19592762 -0.13723126
v 0.21733344 -0.19031921 -0.12111944
v 0.21583271 -0.18896136 -0.12502162
v 0.21340865 -0.18707424 -0.12345030
v 0.21503317 -0.18883669 -0.11965274
v 0.21917158 -0.18354303 -0.13132568
v 0.22260904 -0.18091315 -0.13084793
v 0.21860868 -0.17798966 -0.12696218
v 0.21533877 -0.18044370 -0.12796739
v 0.22587514 -0.18034127 -0.12638186
v 0.22165662 -0.17770591 -0.12286133
v 0.22384673 -0.20045137 -0.13504922
v 0.22920620 -0.20053172 -0.13551241
v 0.22607511 -0.18708679 -0.13337398
v 0.22185606 -0.18917722 -0.13347325
v 0.22204444 -0.20104128 -0.11683628
v 0.22638243 -0.20016551 -0.11587036
v 0.22869268 -0.20777261 -0.11604133
v 0.22520506 -0.21101379 -0.11678752
v 0.21687204 -0.18677321 -0.12919140
v 0.21361494 -0.18392113 -0.12631422
v 0.21937472 -0.19067061 -0.11761572
v 0.22215623 -0.18940446 -0.11538165
v 0.22452885 -0.19152889 -0.11587767
v 0.22089851 -0.19313246 -0.11776752
v 0.21866918 -0.20197344 -0.12455674
v 0.21910843 -0.20083690 -0.12018403
v 0.22081405 -0.21052802 -0.11948322
v 0.21907656 -0.20849025 -0.12482981
v 0.22003055 -0.20065230 -0.12929037
v 0.23430860 -0.19920492 -0.12261912
v 0.23054898 -0.19945994 -0.11777243
v 0.22843021 -0.18937197 -0.11741979
v 0.23058832 -0.18687567 -0.12255281
v 0.21881109 -0.19047257 -0.13015938
v 0.21895844 -0.19356698 -0.12164077
v 0.21760684 -0.19181415 -0.12572499
v 0.22665495 -0.18277675 -0.12046183
v 0.23002756 -0.18614435 -0.12938525
v 0.21932095 -0.18788987 -0.11321102
v 0.21446306 -0.18352136 -0.10954894
v 0.21624774 -0.18048942 -0.10974849
v 0.22203559 -0.18430027 -0.11370426
v 0.22495103 -0.18598792 -0.11590430
v 0.22297043 -0.18030369 -0.11725660
v 0.20855117 -0.18326610 -0.11948265
v 0.21024877 -0.18526447 -0.11577301
v 0.20882338 -0.18015641 -0.12184975
v 0.23451698 -0.20043552 -0.13143034
v 0.21295494 -0.17435881 -0.12195982
v 0.21006447 -0.17680815 -0.12290427
v 0.21236932 -0.18536836 -0.11210363
v 0.21690786 -0.18923128 -0.11586110
v 0.21730018 -0.17730168 -0.11272334
v 0.21617579 -0.17453083 -0.11810409
v 0.21263367 -0.17442372 -0.10965624
v 0.21230209 -0.17139301 -0.11524402
v 0.20983958 -0.17191836 -0.11920976
v 0.20751154 -0.17451781 -0.12050994
v 0.20630461 -0.17775118 -0.11975456
v 0.21142763 -0.17769083 -0.10688299
v 0.20990378 -0.18044335 -0.10744770
v 0.20865291 -0.18207532 -0.11029984
v 0.20705020 -0.17443794 -0.10523961
v 0.20817435 -0.17021817 -0.10747758
v 0.20288831 -0.16505378 -0.11464643
v 0.19999170 -0.16261339 -0.11389685
v 0.19872761 -0.16375285 -0.11498737
v 0.20226759 -0.16618311 -0.11640768
v 0.20609444 -0.16680682 -0.11487959
v 0.20697987 -0.16863769 -0.11677710
v 0.20738131 -0.16716909 -0.11215406
v 0.20449793 -0.16432858 -0.11137784
v 0.20092505 -0.16303813 -0.10615817
v 0.20159465 -0.16121650 -0.11034835
v 0.20414960 -0.16562933 -0.10709710
v 0.20683146 -0.16759706 -0.10867040
v 0.19610196 -0.16121078 -0.11286696
v 0.19796443 -0.16034102 -0.11274149
v 0.20926541 -0.16916159 -0.11294656
v 0.20533025 -0.17163342 -0.11874083
v 0.20113480 -0.16817707 -0.11718607
v 0.19687325 -0.16524029 -0.11513361
v 0.19433308 -0.16316855 -0.11212439
v 0.19630474 -0.16778374 -0.11427135
v 0.20034850 -0.17096317 -0.11662652
v 0.19421059 -0.16582304 -0.11149428
v 0.19644421 -0.17005807 -0.11281449
v 0.20003361 -0.17375892 -0.11494879
v 0.20400560 -0.17799440 -0.11653329
v 0.20434123 -0.17488560 -0.11840993
v 0.19474453 -0.16780448 -0.11118449
v 0.19586730 -0.16023248 -0.10871207
v 0.19430435 -0.16275859 -0.10842767
v 0.19859010 -0.15908766 -0.10931564
v 0.20372403 -0.16762549 -0.10501695
v 0.19989198 -0.16457671 -0.10425874
v 0.20287597 -0.17057049 -0.10413066
v 0.19854456 -0.16684538 -0.10389023
v 0.19889182 -0.16085440 -0.10626443
v 0.19718766 -0.16196263 -0.10538520
v 0.20608068 -0.18067589 -0.11753173
v 0.20718575 -0.18229973 -0.11397354
v 0.20429879 -0.17992702 -0.11292397
v 0.20007753 -0.17569944 -0.11172563
v 0.20505464 -0.17958125 -0.10898979
v 0.20595044 -0.17771402 -0.10605503
v 0.20166945 -0.17324913 -0.10504085
v 0.20050114 -0.17537749 -0.10771531
v 0.19678068 -0.17100894 -0.10716448
v 0.19752097 -0.16920877 -0.10494137
v 0.19639361 -0.17134196 -0.11028230
v 0.19505936 -0.16640306 -0.10642466
v 0.19561398 -0.16417331 -0.10549309
v 0.19510144 -0.16821510 -0.10750557
v 0.19466174 -0.16791481 -0.10932536
v 0.19404858 -0.16538686 -0.10870888
v 0.23207673 -0.20643783 -0.11760026
v 0.16758659 -0.22047311 -0.15265223
v 0.16339642 -0.22115421 -0.15591857
v 0.16105364 -0.21964937 -0.13609809
v 0.16698860 -0.21918470 -0.14096498
v 0.15427269 -0.21994066 -0.13536519
v 0.14931883 -0.22074270 -0.14553523
v 0.15045832 -0.22033370 -0.13971637
v 0.16883563 -0.21951443 -0.14735442
v 0.15778120 -0.22156018 -0.15700544
v 0.15155286 -0.22135192 -0.15257487
v 0.15434976 -0.21120572 -0.15563586
v 0.14942037 -0.21136475 -0.15103750
v 0.14812958 -0.21195894 -0.14292593
v 0.15040533 -0.21242034 -0.13810927
v 0.15457962 -0.21346092 -0.13464658
v 0.16080236 -0.21170133 -0.15666145
v 0.16579320 -0.21192050 -0.15375198
v 0.16743624 -0.21269482 -0.14818139
v 0.15669596 -0.20276612 -0.15668342
v 0.14847875 -0.19850135 -0.15565707
v 0.13998249 -0.19439232 -0.14424928
v 0.13842370 -0.19015998 -0.14498854
v 0.14154390 -0.19047886 -0.14125508
v 0.14261338 -0.19564581 -0.14009650
v 0.14162433 -0.19707590 -0.14482392
v 0.14368731 -0.20084059 -0.14166959
v 0.13958797 -0.19338769 -0.15088254
v 0.14243327 -0.19638878 -0.14989395
v 0.14410618 -0.19527650 -0.15443553
v 0.14323163 -0.19204402 -0.15611559
v 0.13742787 -0.18915939 -0.15139736
v 0.13787459 -0.18522310 -0.15110698
v 0.13797492 -0.18657577 -0.14626952
v 0.14076863 -0.18592680 -0.14448738
v 0.14472538 -0.19995010 -0.14965017
v 0.14917937 -0.20484960 -0.13626352
v 0.14726985 -0.19714779 -0.13682200
v 0.06272596 -0.85886908 0.15465868
v 0.06240423 -0.87162471 0.15172964
v 0.14609662 -0.19051874 -0.13926588
v 0.14525948 -0.18579030 -0.14373988
v 0.15158080 -0.19095224 -0.13972056
v 0.15361497 -0.19778389 -0.13583702
v 0.15011333 -0.18701333 -0.14410855
v 0.15551595 -0.19125426 -0.14197856
v 0.15865797 -0.19817978 -0.13863060
v 0.16087788 -0.20899349 -0.13588004
v 0.15472540 -0.20760643 -0.13365462
v 0.15339851 -0.18790835 -0.14445060
v 0.14095280 -0.18282586 -0.15027367
v 0.14582622 -0.18329781 -0.14956364
v 0.14812759 -0.19243199 -0.15763730
v 0.14606917 -0.18761408 -0.15794647
v 0.14125784 -0.18818212 -0.15653203
v 0.15365478 -0.19405347 -0.15775697
v 0.15091437 -0.18784666 -0.15735492
v 0.13984138 -0.18521750 -0.15529901
v 0.14337760 -0.18399668 -0.15577626
v 0.16087969 -0.21403307 -0.13581254
v 0.16578101 -0.21324086 -0.14136191
v 0.16512673 -0.20814770 -0.14221062
v 0.16159613 -0.19790953 -0.14438358
v 0.16596249 -0.20615846 -0.14960574
v 0.16239768 -0.20450562 -0.15534964
v 0.15845299 -0.19521421 -0.15590748
v 0.16165933 -0.19686145 -0.15105990
v 0.15710354 -0.19018674 -0.15146030
v 0.15486634 -0.18883395 -0.15496391
v 0.15700185 -0.19103521 -0.14670612
v 0.15196314 -0.18575722 -0.15268214
v 0.14809704 -0.18427622 -0.15458728
v 0.15419167 -0.18748671 -0.15088914
v 0.15346994 -0.18749553 -0.14804065
v 0.15026823 -0.18517965 -0.14877185
v 0.22612071 -0.21619380 -0.11601023
v 0.22079057 -0.21562642 -0.11936204
v 0.22072285 -0.22144061 -0.11728159
v 0.21940887 -0.22795719 -0.11321735
v 0.22441858 -0.23501217 -0.10805055
v 0.21441427 -0.22865516 -0.11821052
v 0.21575221 -0.22160798 -0.12211353
v 0.21599106 -0.21371889 -0.12610529
v 0.20953500 -0.23570335 -0.11992513
v 0.03655905 -0.83837748 -0.00979925
v 0.03439441 -0.82197249 -0.01850879
v 0.19518992 -0.65815544 -0.02323499
v 0.20802170 -0.66541958 -0.03142304
v 0.26031363 -0.67606348 -0.01291987
v 0.27174634 -0.67645490 0.00592009
v 0.05066559 -0.51948392 -0.08494550
v 0.14913014 -0.55815244 0.08919764
v 0.15774763 -0.58023584 0.09420004
v 0.08933287 -0.58234775 0.13600588
v 0.10794602 -0.57610118 0.13000706
v 0.15090847 -0.54083812 -0.02202144
v 0.15416066 -0.56196785 -0.02055272
v 0.09704474 -0.53794491 -0.06396053
v 0.10103499 -0.56017804 -0.06243503
v 0.13317409 -0.51872212 -0.04312880
v 0.11643256 -0.52069020 0.10725746
v 0.13207704 -0.51773059 0.09546749
v 0.13244344 -0.54063696 0.09965888
v 0.11878236 -0.54481596 0.11353911
v 0.07002801 -0.58820772 0.13645075
v 0.06460302 -0.56030643 0.13038746
v 0.17027287 -0.58510256 0.00115697
v 0.17740570 -0.58665252 0.02581927
v 0.17623366 -0.59423220 0.07552092
v 0.16862023 -0.60157633 0.09702671
v 0.15645666 -0.61129415 0.11435194
v 0.14048783 -0.62176275 0.12844348
v 0.08443188 -0.58415365 -0.07069196
v 0.06648754 -0.60882699 -0.07421704
v 0.15710419 -0.58454478 -0.02041477
v 0.01946760 -0.59002227 -0.07723503
v 0.12931280 -0.65901273 0.14329624
v 0.10624799 -0.66509122 0.15253796
v 0.17915736 -0.58961278 0.05104778
v 0.04327291 -0.77667820 -0.04311389
v 0.06116920 -0.77951008 -0.04715561
v 0.05734957 -0.76282889 -0.05487579
v 0.04015730 -0.75909889 -0.04996209
v 0.07457860 -0.76394677 -0.05779269
v 0.09119356 -0.76387811 -0.05898219
v 0.10653859 -0.76303446 -0.05911715
v 0.14340468 -0.75383967 -0.05543987
v 0.13267075 -0.75807840 -0.05734456
v 0.16134924 -0.74081784 -0.04593657
v 0.15278214 -0.74810266 -0.05180036
v 0.16855267 -0.73133808 -0.03619187
v 0.17291485 -0.72006798 -0.02328495
v 0.18272343 -0.72048461 -0.00489767
v 0.17878011 -0.70849222 -0.01001859
v 0.16693871 -0.70725548 -0.02905576
v 0.16219521 -0.71935606 -0.04014451
v 0.15561068 -0.72886676 -0.04958092
v 0.02394196 -0.68592691 -0.05527828
v 0.02188875 -0.71284652 -0.05241212
v 0.03868898 -0.85435700 -0.00121850
v 0.25044185 -0.44597691 -0.00296140
v 0.20429915 -0.36535412 -0.11854088
v 0.08363161 -0.87467974 0.14726940
v 0.10813200 -0.87832576 0.14238577
v 0.18025810 -0.87815589 0.10911208
v 0.19717227 -0.88111639 0.08175340
v 0.15949915 -0.87461394 0.12886414
v 0.13470271 -0.87040502 0.14022844
v 0.14186896 -0.60690647 -0.03883765
v 0.11005567 -0.83803999 0.15321271
v 0.13720730 -0.85759574 0.14498445
v 0.16418290 -0.86193073 0.13345025
v 0.19002323 -0.86354953 0.11330347
v 0.21359746 -0.86279851 0.08280853
v 0.22876111 -0.85210812 0.06771372
v 0.24276337 -0.82115096 0.06448106
v 0.25735086 -0.80573934 0.04508194
v 0.26032647 -0.81678510 0.02762763
v 0.25328463 -0.82682335 0.03679147
v 0.24999616 -0.81483883 0.05491929
v 0.27223754 -0.70858890 0.01698939
v 0.26899043 -0.68001121 0.03257814
v 0.27222872 -0.69118661 0.02202906
v 0.26116520 -0.67252582 0.04384582
v 0.25536647 -0.66910923 0.05116972
v 0.24796192 -0.66936499 0.05775024
v 0.23932531 -0.67651939 0.06371804
v 0.21744424 -0.70865059 0.06970386
v 0.21236086 -0.72060299 0.07058588
v 0.21679816 -0.72106630 0.08436905
v 0.21498533 -0.71871108 0.08860067
v 0.20175424 -0.69799078 0.09953742
v 0.19333057 -0.68433619 0.10272075
v 0.06138024 -0.91363811 0.13534641
v 0.18264075 -0.67001915 0.10878572
v 0.06455144 -0.69491243 0.16034770
v 0.06598294 -0.71539766 0.16394383
v 0.05481331 -0.62159300 0.14105512
v 0.05919911 -0.64724046 0.14896499
v 0.13467366 -0.41314757 0.08015524
v 0.13234010 -0.43158981 0.08030154
v 0.11648595 -0.43038553 0.09228212
v 0.03268694 -0.45068863 0.11669344
v 0.03476816 -0.47727445 0.11700629
v 0.04117884 -0.53735054 0.12199489
v 0.04579812 -0.56497169 0.12924190
v 0.11928371 -0.41059858 0.09408893
v 0.07789492 -0.47405392 0.11238341
v 0.06733114 -0.75262958 0.16909268
v 0.06689486 -0.76853913 0.16714549
v 0.06627481 -0.78473711 0.16604085
v 0.05698395 -0.47529438 0.11621299
v 0.16173103 -0.43466455 0.01904377
v 0.15898350 -0.43371731 -0.00595568
v 0.14679155 -0.43337265 0.06309631
v 0.15694202 -0.43437096 0.04236553
v 0.14956851 -0.43092600 -0.02894444
v 0.07333881 -0.41006032 -0.08156605
v 0.05147931 -0.40619004 -0.08775733
v 0.01056912 -0.40201181 -0.09283315
v -0.00751902 -0.40096462 -0.09148290
v 0.13498896 -0.42648947 -0.04829025
v 0.03017718 -0.40368587 -0.09161434
v 0.11677531 -0.42056665 -0.06292436
v 0.09533359 -0.41487932 -0.07325038
v 0.09818666 -0.47311518 0.10711684
v 0.09827016 -0.44946307 0.10290153
v 0.02622686 -0.90109956 0.01805010
v 0.02781383 -0.89209849 0.02061402
v 0.11692564 -0.44963744 0.09552792
v 0.12650017 -0.73869640 0.15970446
v 0.10557900 -0.73664165 0.16359243
v 0.14709955 -0.74022657 0.15582071
v 0.16585903 -0.76311725 0.15171516
v 0.16669121 -0.74529868 0.14900371
v 0.18329066 -0.74917591 0.13972303
v 0.02394507 -0.91030562 0.01319609
v 0.02072192 -0.83695114 -0.00614584
v 0.01818793 -0.82025915 -0.01458836
v 0.18283145 -0.76433372 0.14159589
v 0.00780811 -0.70884204 -0.04475465
v 0.00597842 -0.68340015 -0.04753770
v 0.02315913 -0.85211939 0.00246879
v 0.00314056 -0.65806764 -0.05308713
v 0.20983732 -0.75856793 0.11448166
v 0.20814016 -0.74924386 0.11549091
v 0.21622655 -0.74576885 0.10468143
v 0.21929112 -0.75449651 0.10325350
v 0.22749071 -0.74158627 0.08648574
v 0.22296959 -0.74270743 0.09508673
v 0.23129562 -0.73910338 0.07882991
v 0.23665023 -0.73240584 0.07371119
v 0.25073645 -0.74897045 0.06885214
v 0.24449992 -0.75655699 0.07508151
v 0.21380594 -0.76907057 0.11109622
v 0.20116332 -0.77477831 0.12534970
v 0.10481469 -0.77294827 0.16340187
v 0.08478925 -0.76990223 0.16440617
v 0.18691587 -0.70040578 0.00460576
v 0.19473360 -0.69412571 0.02070321
v 0.20219216 -0.69089437 0.03684310
v 0.20718390 -0.69123816 0.05251366
v 0.21072501 -0.69399440 0.06818569
v 0.21083680 -0.69926977 0.08263461
v 0.21289665 -0.71403897 0.09194879
v 0.20836973 -0.70674318 0.09558341
v 0.01968230 -0.25372672 0.11563960
v 0.21017072 -0.72117501 0.10159132
v 0.20458576 -0.71600842 0.10724000
v 0.19878305 -0.73840529 0.12380694
v 0.20169121 -0.72669458 0.11658312
v 0.19644614 -0.75058818 0.12801954
v 0.19730890 -0.76281905 0.12806560
v 0.18578303 -0.77955443 0.13933086
v 0.16816247 -0.78078085 0.15139432
v 0.15618926 -0.81519973 0.15209277
v 0.15148500 -0.79802936 0.15693264
v 0.14796846 -0.77989370 0.15885437
v 0.14540571 -0.76002324 0.15898913
v 0.14657244 -0.91132289 0.09466018
v 0.12703402 -0.91021574 0.11279652
v 0.24282211 -0.68584847 0.06393024
v 0.24875227 -0.68235546 0.05974077
v 0.02995224 -0.29731399 0.14179234
v 0.03182437 -0.32063967 0.14490741
v 0.24830034 -0.69245505 0.06176007
v 0.24469805 -0.69217014 0.06418192
v 0.25452694 -0.68290001 0.05494384
v 0.26038292 -0.68494201 0.04846743
v 0.25961486 -0.69852209 0.05284310
v 0.25196585 -0.69344604 0.05886749
v 0.26688471 -0.69186580 0.03969934
v 0.26491868 -0.70321298 0.04549345
v 0.27040601 -0.70181924 0.03175140
v 0.27171785 -0.71384084 0.02711052
v 0.27065590 -0.71757627 0.03328133
v 0.26866281 -0.71085840 0.03832756
v 0.26573682 -0.75379783 0.04755136
v 0.26873863 -0.74122936 0.04122534
v 0.27011618 -0.72808194 0.03624473
v 0.24210346 -0.72357523 0.07020981
v 0.24728341 -0.71433496 0.06645729
v 0.25081962 -0.70450515 0.06236713
v 0.25763220 -0.70959675 0.05725536
v 0.25390258 -0.72006381 0.06239212
v 0.02683046 -0.27848166 0.13427278
v 0.24919948 -0.73024893 0.06745962
v 0.12489986 -0.75818920 0.16263932
v 0.10438091 -0.75551981 0.16508463
v -0.03517389 -0.27936274 -0.09387650
v -0.03622159 -0.26067400 -0.09275905
v 0.23246898 -0.74999946 0.08507752
v -0.03685265 -0.24389803 -0.08732100
v -0.03536481 -0.22836727 -0.07892539
v 0.22678664 -0.75204480 0.09352350
v 0.23846221 -0.74696290 0.07815523
v 0.24418849 -0.73991442 0.07201972
v 0.23833278 -0.76014102 0.08231685
v 0.23135333 -0.76248258 0.09012003
v 0.22357810 -0.76505393 0.09978989
v 0.12612493 -0.77629399 0.16234061
v 0.08480564 -0.75330627 0.16618615
v 0.03394414 -0.36850381 0.13938627
v 0.03400267 -0.39164606 0.13390234
v -0.02518803 -0.37802911 -0.08546348
v 0.02109528 -0.91965318 0.00866949
v 0.05493736 -0.97574264 0.10596037
v 0.02815111 -0.88159120 0.02049136
v 0.02680245 -0.87147683 0.01637534
v -0.00865456 -0.21281594 0.01980112
v 0.02449541 -0.86119169 0.00821555
v -0.00538379 -0.21202016 0.03015379
v 0.05051367 -0.59337336 0.13514723
v 0.20490655 -0.79356605 -0.03727852
v 0.22457923 -0.80915087 -0.03329798
v 0.24515125 -0.81881738 -0.01921044
v 0.25761691 -0.82154822 0.00370629
v 0.20925178 -0.51807666 0.02358352
v 0.06082429 -0.53264028 0.12409333
v 0.05830862 -0.50436187 0.11892970
v 0.07844831 -0.50182903 0.11620206
v 0.08340377 -0.66924936 0.15415540
v 0.08564187 -0.73481393 0.16514780
v 0.11004153 -0.72963625 -0.07197601
v 0.09741499 -0.73150969 -0.07327724
v 0.10169007 -0.74714506 -0.06661261
v 0.11495459 -0.74535048 -0.06563531
v 0.13214505 -0.72576898 -0.06537594
v 0.12179843 -0.72781789 -0.06929024
v 0.12712654 -0.74302763 -0.06340462
v 0.13793333 -0.74017739 -0.06041144
v 0.14134669 -0.72230011 -0.06041732
v 0.14736299 -0.73560053 -0.05600438
v 0.11689341 -0.71150863 -0.07453527
v 0.10552324 -0.71313751 -0.07718572
v 0.09355905 -0.71517986 -0.07793504
v 0.13520740 -0.70836294 -0.06474088
v 0.12660712 -0.71044350 -0.07014525
v 0.03062092 -0.92284828 0.00494244
v 0.04070480 -0.87565941 0.01201827
v 0.04095610 -0.88568586 0.01553829
v 0.02302797 -0.73458761 -0.04822076
v 0.02675211 -0.77155554 -0.03769405
v 0.02952997 -0.78851426 -0.03106613
v 0.03227926 -0.80536240 -0.02517232
v 0.03962371 -0.86514252 0.00540107
v 0.02467446 -0.75316840 -0.04326297
v 0.15703902 -0.24275428 0.04741156
v 0.14394620 -0.22608715 0.06981783
v 0.15168516 -0.25122929 0.06317361
v 0.14167058 -0.23861015 0.07860745
v 0.15893874 -0.32179612 0.04106981
v 0.15712932 -0.29474950 0.04593317
v 0.16174069 -0.34987506 0.03912218
v 0.12569802 -0.23073548 0.09476880
v 0.10406069 -0.22851092 0.10804984
v 0.10682265 -0.24631023 0.11546496
v 0.15325300 -0.34581360 0.06450657
v 0.15179314 -0.31873310 0.06584908
v 0.15433237 -0.27018917 0.05489939
v 0.14874962 -0.27010885 0.07197055
v 0.14739348 -0.25567529 0.07347004
v 0.12690431 -0.24699652 0.10058532
v 0.13988340 -0.25046009 0.08583748
v 0.06274434 -0.38849473 0.12624475
v 0.08762316 -0.38693121 0.11826002
v 0.08421277 -0.40895870 0.11285020
v 0.13893346 -0.39198425 0.08247548
v 0.14752391 -0.41573524 0.06213684
v 0.14012513 -0.26747116 0.08918073
v 0.12754698 -0.26620966 0.10596038
v 0.10921054 -0.26712340 0.12082249
v 0.11222376 -0.34094158 0.11954512
v 0.11254556 -0.31632093 0.12273619
v 0.12983897 -0.31498125 0.10728430
v 0.12943192 -0.34086880 0.10456545
v 0.14205709 -0.36864802 0.08510280
v 0.14241982 -0.34223938 0.08637143
v 0.11081059 -0.36517268 0.11477730
v 0.12789842 -0.36640537 0.10150767
v 0.12416787 -0.38958716 0.09763548
v 0.14235526 -0.31538811 0.08807567
v 0.08717566 -0.29335949 0.13507734
v 0.11125077 -0.29150701 0.12359404
v 0.05965588 -0.29620904 0.13906673
v 0.10734412 -0.38803804 0.10910051
v 0.10263731 -0.40942886 0.10442109
v 0.09927675 -0.42956054 0.10126173
v 0.09792677 -0.49914035 0.10989648
v 0.08847238 -0.00172418 -0.06317378
v -0.01228679 -0.19316870 -0.00264227
v -0.00718904 -0.20163625 0.02101486
v 0.14779817 -0.27989572 -0.06040777
v 0.16498619 -0.26095271 0.00455985
v 0.16161498 -0.26758909 0.03009402
v 0.00568429 -0.19208139 -0.06297384
v -0.00672728 -0.18704987 -0.04170566
v 0.12673067 -0.27015820 -0.08199101
v 0.07443776 -0.22060227 -0.09744706
v -0.01272596 -0.18827128 -0.02204238
v 0.15065730 -0.29242447 0.06773772
v 0.14156261 -0.28957784 0.08849011
v 0.12897608 -0.28942725 0.10776274
v 0.08443595 -0.27073213 0.13134563
v 0.05605974 -0.27529556 0.13479173
v -0.01508176 -0.25033849 -0.09438282
v -0.01960423 -0.26366740 -0.09542893
v -0.02735024 -0.26155567 -0.09434104
v -0.02643453 -0.24368972 -0.09009895
v 0.07016613 -0.38950574 -0.08202830
v 0.04733104 -0.38518366 -0.08658707
v 0.00704666 -0.38009092 -0.08928323
v -0.00992585 -0.37871593 -0.08830046
v 0.13571019 -0.40796649 -0.05204061
v 0.02599829 -0.38212433 -0.08883230
v 0.11650080 -0.40137589 -0.06628039
v 0.09352930 -0.39508903 -0.07573716
v 0.05714654 0.45503461 0.08703955
v 0.05489383 0.48521352 0.08453482
v 0.05810697 0.48320675 0.09925307
v 0.05794515 0.45193791 0.10182090
v 0.07755253 0.44722217 0.12548727
v 0.06579164 0.44892901 0.11979660
v 0.09157781 0.44781131 0.12503736
v 0.08695422 0.47971636 0.12760350
v 0.09648231 0.48117489 0.11855410
v 0.10334875 0.44990653 0.11784206
v 0.11087891 0.45168614 0.10767563
v 0.10747112 0.48489314 0.07894178
v 0.11422667 0.45583081 0.07592611
v 0.11528806 0.45330483 0.09554194
v 0.10988716 0.48395211 0.09774256
v 0.10509206 0.46075958 0.05817132
v 0.10051206 0.48773408 0.06077086
v 0.08912371 0.46305722 0.05036966
v 0.05978546 0.45870847 0.07175034
v 0.05572525 0.48739612 0.06762484
v 0.07395343 0.47912151 0.12859562
v 0.06460793 0.48013210 0.12086093
v 0.05951529 0.45069581 0.11164540
v 0.06082567 0.48200035 0.10978918
v 0.05421349 0.51314950 0.09727508
v 0.04198801 0.51501876 0.08092818
v 0.06994843 0.51048815 0.13191560
v 0.06505788 0.51156157 0.11914891
v 0.08951055 0.51167190 0.11870684
v 0.08206313 0.51056975 0.13228606
v 0.11006258 0.51311690 0.09933645
v 0.10484753 0.48241574 0.10872024
v 0.10106894 0.51230794 0.10948674
v 0.10788582 0.51320183 0.08060824
v 0.09939954 0.51489520 0.05804141
v 0.04768238 0.51413023 0.06135304
v 0.06197375 0.51166391 0.10859738
v 0.09776711 0.59330738 -0.10520563
v 0.10249676 0.59294283 -0.10416183
v 0.10413323 0.59757376 -0.10530144
v 0.09703009 0.59866768 -0.10700278
v 0.05037227 0.59082896 -0.11871144
v 0.05944310 0.58836311 -0.12055218
v 0.06221822 0.59775931 -0.11955172
v 0.04977196 0.60116249 -0.11748543
v 0.08789170 0.60256386 -0.11342104
v 0.08271851 0.60277629 -0.11395887
v 0.08149216 0.59857196 -0.11736530
v 0.09012125 0.59787875 -0.11644493
v 0.12932211 0.60032922 -0.06800257
v 0.12514868 0.60073400 -0.06964241
v 0.12457898 0.59583229 -0.07172658
v 0.13039483 0.59601134 -0.06894632
v 0.11667663 0.60243934 -0.08793618
v 0.11267908 0.60322511 -0.08954502
v 0.11221652 0.59826022 -0.09212621
v 0.11850567 0.59823501 -0.08934142
v 0.06131484 0.58649254 -0.09470554
v 0.06137072 0.58587754 -0.11008108
v 0.04784085 0.58948582 -0.10800351
v 0.04578602 0.58613634 -0.09211113
v 0.04143599 0.59959406 -0.10491197
v 0.04980980 0.60517186 -0.10267727
v 0.04805851 0.60717160 -0.08728901
v 0.03951947 0.59854937 -0.08767087
v 0.06303905 0.60445511 -0.10484934
v 0.06249437 0.60564107 -0.09077684
v 0.06926246 0.59607983 -0.09462504
v 0.07149400 0.59445733 -0.10977273
v 0.09016611 0.59512895 -0.09452661
v 0.09435336 0.59589136 -0.10736579
v 0.08751185 0.59011257 -0.10826552
v 0.08470635 0.58752978 -0.09489004
v 0.07903247 0.59098190 -0.10957202
v 0.07327569 0.58865499 -0.09680830
v 0.07040724 0.59880155 -0.09676359
v 0.07352559 0.59832537 -0.11049835
v 0.07929964 0.60390675 -0.10704288
v 0.07553667 0.60440624 -0.09345873
v 0.08525312 0.60294712 -0.09259005
v 0.08875152 0.60333794 -0.10570985
v 0.09548406 0.59232432 -0.09904119
v 0.09195915 0.58925891 -0.08901918
v 0.10237975 0.58777195 -0.08634979
v 0.10341966 0.59112346 -0.09768826
v 0.09454520 0.60407770 -0.08770791
v 0.08916909 0.59928679 -0.09017502
v 0.09118769 0.60045201 -0.10019909
v 0.09656060 0.60460067 -0.09868571
v 0.10449673 0.60382092 -0.09771144
v 0.10371809 0.60266382 -0.08598769
v 0.10747752 0.59479922 -0.08673188
v 0.10838932 0.59711826 -0.09808330
v 0.11884214 0.59127146 -0.08263373
v 0.11840628 0.58787924 -0.07229418
v 0.12228347 0.59498459 -0.07181836
v 0.12197483 0.59737021 -0.08190601
v 0.11043590 0.58865607 -0.07632720
v 0.11196972 0.59160316 -0.08481665
v 0.11055276 0.60311711 -0.07587090
v 0.10779418 0.59509307 -0.07888095
v 0.10741034 0.59695637 -0.08622845
v 0.11010712 0.60443932 -0.08437447
v 0.11828196 0.60364270 -0.08211297
v 0.11852740 0.60299289 -0.07198634
v 0.13271266 0.59659052 -0.06230883
v 0.13065648 0.59051436 -0.06327502
v 0.13163128 0.58847362 -0.05442301
v 0.13304935 0.59607351 -0.05211763
v 0.12486075 0.58790916 -0.05941228
v 0.12463647 0.58982754 -0.06594902
v 0.12317763 0.60227054 -0.05870043
v 0.12246612 0.59423649 -0.06130736
v 0.12105060 0.59548467 -0.06659564
v 0.12264997 0.60258371 -0.06501327
v 0.13042219 0.60189134 -0.06245052
v 0.12941627 0.60191536 -0.05413821
v 0.04546450 0.58408821 -0.07624876
v 0.06509022 0.58750480 -0.07959182
v 0.05281623 0.60379821 -0.11264309
v 0.03988949 0.59803468 -0.07160979
v 0.06022242 0.60313451 -0.11372775
v 0.06686717 0.60618293 -0.07712346
v 0.04881466 0.60677636 -0.07129943
v 0.06829153 0.59715670 -0.08753833
v 0.08780947 0.59261006 -0.11546932
v 0.08767451 0.59706002 -0.08456124
v 0.08776726 0.60504377 -0.07525454
v 0.08257844 0.59313715 -0.11606622
v 0.08503257 0.58681041 -0.07704643
v 0.10311912 0.58773077 -0.06760509
v 0.09904352 0.60301346 -0.10451022
v 0.10324633 0.60237724 -0.10397233
v 0.10632391 0.60451114 -0.06779910
v 0.10757935 0.59434545 -0.07678783
v 0.11763696 0.59369934 -0.08852008
v 0.12296551 0.59385937 -0.06170867
v 0.12077062 0.60391754 -0.05580536
v 0.11369215 0.59366554 -0.08981877
v 0.11961822 0.58637381 -0.05530142
v 0.12818839 0.59317988 -0.06824601
v 0.13022333 0.60382110 -0.04349488
v 0.13452831 0.59650892 -0.04001869
v 0.12527920 0.59234154 -0.07003091
v 0.13120851 0.58724266 -0.04362846
v 0.06512876 0.46240705 0.05891806
v 0.06234874 0.48941094 0.05472739
v 0.07533833 0.46401620 0.05170432
v 0.08570965 0.49039572 0.05041686
v 0.07356957 0.49071813 0.04876625
v 0.05870293 0.51477444 0.04653497
v 0.08504406 0.51595759 0.04564926
v 0.07160162 0.51503164 0.04115029
v 0.11160897 0.53553516 0.10314862
v 0.11080109 0.53649390 0.08492322
v 0.09770168 0.53431618 0.11328840
v 0.08233999 0.53284997 0.13765155
v 0.08895279 0.53346437 0.12468152
v 0.05644760 0.53405184 0.03466118
v 0.04800894 0.53590876 0.05458533
v 0.06981465 0.53339720 0.02710890
v 0.08765825 0.53408366 0.03417030
v 0.04115267 0.57987040 -0.05793471
v 0.04200787 0.57912135 -0.03544833
v 0.05647434 0.56898844 -0.03844894
v 0.06045295 0.57771367 -0.05931413
v 0.07597467 0.56998622 -0.03486370
v 0.07981339 0.58061802 -0.05530883
v 0.09366038 0.57422113 -0.02737281
v 0.09775176 0.58225292 -0.04746805
v 0.11008983 0.57854307 -0.01866552
v 0.11472211 0.58331788 -0.03751086
v 0.12460900 0.58526212 -0.00986459
v 0.12911917 0.58646113 -0.02866258
v 0.13376385 0.59591091 -0.00545382
v 0.13636532 0.59662569 -0.02492472
v 0.03595648 0.59755450 -0.05297197
v 0.03771847 0.59566373 -0.03039598
v 0.04735039 0.60971296 -0.05124431
v 0.04871015 0.60965711 -0.02896209
v 0.06619544 0.60973936 -0.05052581
v 0.06604360 0.61039770 -0.02776372
v 0.12962347 0.60792482 -0.00749348
v 0.13089678 0.60722744 -0.02763274
v 0.08577225 0.60833240 -0.04616544
v 0.08464918 0.60851651 -0.02357972
v 0.10359161 0.60889345 -0.03984699
v 0.10212801 0.60960144 -0.01768259
v 0.11858163 0.60904175 -0.03315717
v 0.11723281 0.61050373 -0.01182244
v 0.05327122 0.56126630 -0.01427738
v 0.07273783 0.55685198 -0.01329473
v 0.05973906 -0.93238574 0.12582791
v 0.06304274 -0.84546751 0.15754466
v 0.09034260 0.56224632 -0.00505276
v 0.10597499 0.57043898 0.00465535
v 0.11873300 0.58189952 0.01375867
v 0.12978987 0.59334767 0.01790038
v 0.10751387 0.55815721 0.03364165
v 0.11475905 0.57963151 0.04109176
v 0.12266340 0.59298450 0.04249436
v 0.11266521 0.57788372 0.06855029
v 0.11705702 0.59246540 0.06797259
v 0.02307884 -0.26434264 0.12541600
v 0.06540108 -0.80104274 0.16479361
v 0.10647581 0.57831919 0.11255697
v 0.03357000 -0.34469017 0.14365996
v 0.01610820 -0.80399001 -0.02032554
v 0.01453200 -0.78682512 -0.02609775
v 0.01257382 -0.76794863 -0.03232434
v 0.01102680 -0.75016570 -0.03747494
v -0.01493346 -0.46991915 -0.08505379
v -0.01214981 -0.48441723 -0.08170836
v 0.03742330 -0.50759053 0.11797321
v -0.02253302 -0.42052513 -0.09067484
v -0.01140944 -0.50105119 -0.08504418
v 0.06236419 -0.67203319 0.15524071
v 0.00941984 -0.73170727 -0.04131279
v -0.02384857 -0.39997321 -0.08819356
v 0.06692300 -0.73466784 0.16729641
v -0.00920762 -0.52352226 -0.08356851
v -0.03301240 -0.30137718 -0.09123851
v -0.00288762 -0.59053987 -0.07154212
v 0.00166393 -0.92638892 0.01978773
v -0.00729433 -0.93150675 0.02887669
v -0.00723195 -0.92273438 0.03154237
v 0.00243522 -0.91773319 0.02316484
v -0.01882328 -0.94503176 0.08532508
v -0.01969926 -0.95392543 0.07882506
v -0.01080520 -0.96070087 0.09143139
v -0.01196251 -0.95063031 0.09829880
v 0.00046070 -0.96450531 0.10170911
v -0.00164750 -0.95383286 0.10808256
v 0.01159144 -0.95431370 0.11430542
v 0.01274611 -0.96693903 0.10872333
v 0.02631806 -0.96539140 0.11268469
v 0.02390147 -0.95202166 0.11738330
v -0.01603061 -0.93685341 0.04023753
v -0.02249455 -0.94278687 0.05377796
v -0.02101024 -0.93164814 0.05206956
v -0.01464268 -0.92849755 0.04013826
v -0.02356414 -0.94966602 0.06660018
v -0.02331726 -0.93899632 0.06888358
v 0.04065206 -0.95416993 0.11602183
v 0.04157037 -0.97071147 0.11077813
v 0.00240229 -0.89894724 0.03023193
v 0.01481886 -0.89592040 0.02407412
v 0.01403814 -0.90486515 0.02128717
v 0.00241177 -0.90817606 0.02700639
v -0.02427356 -0.90025365 0.05899216
v -0.03408623 -0.90734303 0.07881974
v -0.04114927 -0.89578879 0.07455679
v -0.02965056 -0.88836777 0.05592464
v -0.04299226 -0.86824065 0.03802846
v -0.06409685 -0.87328106 0.05875751
v -0.06314974 -0.85235411 0.03899183
v -0.04590939 -0.84925336 0.02809631
v -0.06424163 -0.83336002 0.02599217
v -0.04864575 -0.83097172 0.01781827
v -0.06741087 -0.78193223 -0.00371146
v -0.05204632 -0.78125501 -0.01139540
v -0.05156299 -0.79759586 -0.00239832
v -0.06730456 -0.79844505 0.00531524
v -0.08628227 -0.68682647 -0.01793285
v -0.07556673 -0.68982685 -0.02688971
v -0.08156495 -0.70582646 -0.02591541
v -0.09144113 -0.70425737 -0.01901913
v -0.11706521 -0.79729348 0.03069214
v -0.11727932 -0.81410760 0.03300623
v -0.12424754 -0.80218345 0.03444159
v -0.12383641 -0.78509092 0.03555230
v -0.07950886 -0.90300703 0.10777728
v -0.07345090 -0.89044201 0.08455206
v -0.05887676 -0.89763445 0.09037805
v -0.06337307 -0.91018498 0.10979564
v -0.11918576 -0.71465749 0.03376618
v -0.11623402 -0.70415640 0.02585509
v -0.11442598 -0.71313018 0.01681225
v -0.11708227 -0.72370374 0.02298305
v -0.10433332 -0.60047305 0.01070569
v -0.09312437 -0.59832788 -0.00804936
v -0.09313048 -0.61981618 -0.00492278
v -0.10392083 -0.62194824 0.01273942
v -0.12000463 -0.64607710 0.08751424
v -0.11658017 -0.64307165 0.11274327
v -0.11620142 -0.62612265 0.10938987
v -0.12097119 -0.62686425 0.08381442
v -0.09285775 -0.78032064 0.01016895
v -0.08109625 -0.78169143 0.00358791
v -0.08093166 -0.79803354 0.01219636
v -0.09230548 -0.79655796 0.01758867
v -0.17449872 -0.69515014 -0.04197408
v -0.16198327 -0.68254375 -0.03990747
v -0.15325232 -0.70205158 -0.02718405
v -0.16555044 -0.71464103 -0.02936207
v -0.12924200 -0.52656794 0.05950973
v -0.12335564 -0.52872676 0.08306485
v -0.13079506 -0.51021159 0.08125988
v -0.13600251 -0.50760031 0.05585816
v -0.15596530 -0.84204888 0.04329514
v -0.16993497 -0.85204142 0.06121705
v -0.17439845 -0.83665049 0.05134540
v -0.15855817 -0.82653958 0.03623625
v -0.11847419 -0.76775545 0.02642589
v -0.11768343 -0.78265232 0.02844265
v -0.12492031 -0.77157354 0.03619361
v -0.12452212 -0.75928664 0.03524975
v -0.11935811 -0.67216641 0.11819211
v -0.12169559 -0.67514288 0.09842253
v -0.12333195 -0.69000131 0.10375552
v -0.12180656 -0.68711972 0.12153760
v -0.12076497 -0.66086400 0.09308164
v -0.11791086 -0.65764225 0.11546182
v -0.11116385 -0.77363777 0.02069886
v -0.10274364 -0.77771252 0.01577631
v -0.10158932 -0.79396212 0.02138089
v -0.10974291 -0.79031956 0.02389864
v -0.08052439 -0.67204779 -0.01623453
v -0.06754792 -0.67556041 -0.02708238
v -0.13418466 -0.50378931 0.03001799
v -0.12641987 -0.49828178 0.00618732
v -0.12282375 -0.51921278 0.01116181
v -0.12916310 -0.52353448 0.03472748
v -0.07972094 -0.63923597 -0.01751489
v -0.07811704 -0.65746027 -0.01563000
v -0.08965850 -0.65787441 -0.00311376
v -0.09207025 -0.63989836 -0.00333955
v -0.11412091 -0.49266857 -0.01483929
v -0.09940989 -0.48761207 -0.03379321
v -0.09590688 -0.51017791 -0.02832340
v -0.11107909 -0.51440322 -0.00967253
v -0.06609969 -0.81560034 0.01513399
v -0.05050946 -0.81410968 0.00741444
v -0.10220785 -0.68826014 0.00057643
v -0.09523383 -0.68694997 -0.00865174
v -0.09949324 -0.70404351 -0.01067102
v -0.10543690 -0.70428097 -0.00165068
v -0.12816811 -0.76889414 0.04591351
v -0.12834024 -0.78384727 0.04201952
v -0.12571084 -0.76049000 0.06149617
v -0.12992859 -0.75332165 0.06302764
v -0.13682596 -0.49104902 0.07786626
v -0.14104480 -0.48808619 0.05167771
v -0.11559525 -0.47005743 -0.01859548
v -0.10176175 -0.46429926 -0.03705623
v -0.12387607 -0.73274326 0.10525455
v -0.12012771 -0.73436701 0.09822159
v -0.12382074 -0.72898948 0.10780658
v -0.12730981 -0.72869003 0.11663546
v -0.04552357 -0.70626849 -0.04094127
v -0.05885096 -0.71624273 -0.03591083
v -0.06529745 -0.69939536 -0.03411214
v -0.05440433 -0.68628186 -0.03625931
v -0.09918275 -0.67341292 0.00495147
v -0.09901122 -0.65994310 0.00961849
v -0.09092701 -0.67204332 -0.00549388
v -0.03045594 -0.69537103 -0.04263745
v -0.04190771 -0.66851974 -0.03860348
v -0.03388876 -0.81178302 -0.00138122
v -0.03487864 -0.79618376 -0.01051920
v -0.03201723 -0.82795000 0.00759900
v -0.01496016 -0.82495660 -0.00182504
v -0.01179935 -0.84141964 0.00599377
v -0.02851497 -0.84500349 0.01637880
v -0.00791999 -0.85773456 0.01277168
v -0.02466365 -0.86234808 0.02357373
v -0.01099852 -0.89293289 0.04355388
v -0.01517414 -0.88363743 0.03991451
v -0.12904146 -0.75825268 0.04771774
v -0.12818493 -0.74842924 0.04744844
v -0.12891473 -0.47644949 0.00209575
v -0.07998729 -0.82065326 0.19279565
v -0.07162429 -0.80294311 0.19805019
v -0.09463447 -0.80283332 0.18691254
v -0.10246041 -0.81997424 0.18301643
v -0.09441455 -0.90112412 0.10602669
v -0.09003653 -0.88897192 0.08172438
v -0.12315339 -0.73593831 0.16166918
v -0.13023935 -0.73519838 0.14985357
v -0.13240272 -0.74103785 0.14980137
v -0.12440108 -0.74222136 0.16132440
v -0.13416792 -0.72961378 0.11901366
v -0.13060805 -0.72736013 0.11812378
v -0.13770284 -0.71752465 0.10229503
v -0.14163136 -0.71904987 0.10437635
v -0.11953398 -0.51109433 0.10335294
v -0.11116372 -0.52978218 0.10393175
v -0.07819583 -0.65378255 0.16685149
v -0.09497017 -0.64727700 0.15218207
v -0.09986142 -0.66363418 0.15284054
v -0.08582053 -0.67021507 0.16714174
v 0.04647974 -0.80273569 0.17276877
v 0.04869034 -0.78660446 0.17377141
v 0.02852224 -0.79036081 0.18423827
v 0.02565985 -0.80703807 0.18336841
v -0.03273217 -0.83331096 0.19662274
v -0.03616484 -0.85010326 0.19269626
v -0.00824330 -0.84405065 0.18921787
v -0.00404365 -0.82824415 0.19206852
v -0.05343582 -0.81923723 0.19991177
v -0.04570989 -0.80143780 0.20366448
v -0.11712593 -0.68830526 0.13867532
v -0.11408298 -0.67384118 0.13688198
v -0.12775871 -0.71414709 0.12560645
v -0.12661785 -0.71341091 0.13965499
v -0.12434256 -0.70732331 0.14017315
v -0.12623237 -0.70766115 0.12503064
v -0.05572908 -0.91635138 0.11273918
v -0.04918508 -0.92000431 0.12876981
v -0.06287958 -0.91359580 0.12977971
v -0.00160605 -0.89888382 0.15993674
v -0.00100717 -0.89129668 0.16607045
v -0.01849501 -0.89557159 0.16429232
v -0.01308643 -0.90249598 0.15751582
v 0.02745434 -0.71673787 0.18256696
v 0.04818069 -0.71536922 0.17348003
v 0.04557250 -0.69396460 0.17012207
v 0.02328355 -0.69385684 0.17931099
v -0.12819569 -0.72744179 0.14795077
v -0.12431567 -0.72521931 0.15613733
v -0.12626976 -0.72123241 0.14910838
v -0.12769800 -0.72342795 0.14252365
v -0.12088853 -0.70963043 0.15268299
v -0.12406006 -0.71710849 0.15223822
v -0.12023807 -0.72141784 0.16099335
v -0.11575402 -0.71449459 0.16292576
v -0.09423625 -0.68457001 0.16610278
v -0.10592087 -0.67880702 0.15297039
v -0.11072310 -0.69242948 0.15263233
v -0.10215850 -0.69761181 0.16544011
v 0.03667614 -0.61831951 0.15305860
v 0.01747635 -0.61509955 0.16243139
v 0.02057402 -0.64258158 0.16872908
v 0.04071376 -0.64510918 0.15964398
v -0.12100397 -0.74364084 0.06614140
v -0.12131904 -0.75429595 0.05370176
v -0.12122443 -0.74271679 0.04359498
v -0.12369681 -0.73102975 0.05482947
v -0.17382373 -0.71988416 0.09442039
v -0.16659886 -0.72669923 0.10421640
v -0.16224024 -0.72155523 0.10344101
v -0.17002203 -0.71532267 0.09448965
v -0.13090065 -0.70457149 0.05020057
v -0.12683174 -0.71567333 0.04205273
v -0.13184980 -0.69828081 0.02814355
v -0.13538404 -0.68658608 0.03664540
v -0.10796189 -0.89698565 0.13225864
v -0.10831873 -0.89998043 0.10466713
v -0.09441330 -0.90240091 0.13088050
v -0.13795516 -0.68947381 0.06563465
v -0.14315492 -0.68760836 0.07281047
v -0.13741291 -0.70320475 0.08516088
v -0.13378988 -0.70624352 0.07890844
v -0.18238208 -0.72183901 -0.02395424
v -0.19147733 -0.70257384 -0.03706087
v -0.14843030 -0.65811360 0.02774860
v -0.15567604 -0.65263271 0.03580801
v -0.14536849 -0.66944629 0.04829043
v -0.13968529 -0.67689157 0.04298295
v -0.07224558 -0.63557047 0.16476928
v -0.09075980 -0.62968862 0.15040196
v -0.08317915 -0.50978643 0.13276213
v -0.10278748 -0.51077288 0.12084238
v -0.09403006 -0.53060210 0.12104013
v -0.07534031 -0.53104818 0.13319339
v -0.12566452 -0.49141571 0.10114040
v -0.09048616 -0.48950765 0.13094854
v -0.11004362 -0.49147111 0.11893485
v -0.02669269 -0.93275058 0.11927428
v -0.00932501 -0.93340182 0.12916897
v -0.02064607 -0.92487216 0.13558710
v -0.03603578 -0.92574376 0.12776490
v -0.14620250 -0.37443790 0.09254943
v -0.14625245 -0.34431309 0.09453539
v -0.15938354 -0.34639302 0.07051050
v -0.15798037 -0.37498102 0.06668393
v 0.01519860 -0.91612864 0.14421876
v -0.00350649 -0.92272413 0.13888299
v 0.00772829 -0.92982507 0.13302135
v 0.02796608 -0.92597866 0.13442592
v -0.15346174 -0.40027580 0.06614728
v -0.14330091 -0.40214163 0.09175085
v -0.04365903 -0.92282820 0.11020344
v -0.02933319 -0.92988658 0.10106876
v -0.03681482 -0.91688824 0.09311555
v -0.02913982 -0.92126930 0.08581986
v -0.02608847 -0.91441053 0.06915170
v -0.16962777 -0.34246373 0.04504494
v -0.16453168 -0.36980397 0.04181542
v -0.00438755 -0.94401121 0.11708230
v 0.01087505 -0.94258916 0.12271296
v 0.02816346 -0.93886012 0.12563598
v 0.04504625 -0.94053978 0.12416539
v -0.12841737 -0.47228360 0.09679871
v -0.13822176 -0.47208524 0.07316016
v -0.09273943 -0.22304696 0.13523549
v -0.06628904 -0.21742964 0.13480526
v -0.06806358 -0.20229059 0.12280399
v -0.09803187 -0.20654321 0.12416805
v -0.00595669 -0.22978544 0.11887448
v -0.00810436 -0.21777010 0.10250328
v -0.03732603 -0.20656544 0.11487024
v -0.03622822 -0.21912271 0.12903699
v -0.02458239 -0.34990361 0.15857148
v -0.02376044 -0.37303522 0.15251325
v 0.00270347 -0.37123454 0.14676481
v 0.00301468 -0.34705162 0.15178135
v -0.09448158 -0.46912670 0.12757641
v -0.11379410 -0.47211084 0.11501082
v -0.14137805 -0.46919882 0.04754498
v -0.18475115 -0.20532280 0.06064693
v -0.18695822 -0.16902506 0.05721216
v -0.19814605 -0.16729921 0.02180653
v -0.19462353 -0.20396978 0.02390255
v -0.13694213 -0.16385818 0.10016254
v -0.13370004 -0.19312692 0.10830296
v -0.10097153 -0.18554318 0.11346330
v -0.10441756 -0.16087043 0.10502684
v -0.08807065 -0.45922843 -0.05523439
v -0.10289319 -0.44214496 -0.03786219
v -0.08849915 -0.43603361 -0.05477051
v -0.03995706 -0.44775128 -0.08808139
v -0.05852374 -0.45139697 -0.08113489
v -0.05676017 -0.42773956 -0.07901655
v -0.03984123 -0.42426759 -0.08589639
v -0.05560059 -0.30662695 -0.08187748
v -0.04370681 -0.30438522 -0.08757500
v -0.04270196 -0.33003256 -0.08403827
v -0.05622945 -0.33378914 -0.07752576
v -0.16469112 -0.36291963 0.01631055
v -0.15421529 -0.35497078 -0.00604986
v -0.14664364 -0.37764251 -0.00548187
v -0.15684059 -0.38619837 0.01599861
v -0.01289943 -0.20792216 0.08384918
v -0.03811858 -0.19504261 0.09854623
v -0.19553888 -0.16528749 -0.01336216
v -0.19010371 -0.20207125 -0.01130835
v -0.18087211 -0.16272634 -0.04335963
v -0.15432131 -0.16266882 -0.06095348
v -0.15058976 -0.19443691 -0.05752228
v -0.17575650 -0.19763052 -0.04027466
v -0.06463863 -0.22858125 -0.06537796
v -0.04618150 -0.20948976 -0.04757468
v -0.04342639 -0.21209288 -0.05528164
v -0.05915402 -0.23863488 -0.07568525
v -0.00382210 -0.24358845 0.13154918
v -0.03374163 -0.23645920 0.14149271
v -0.02952586 -0.25539875 0.15143888
v -0.00152216 -0.26007780 0.14106742
v -0.06916471 -0.48694026 0.13732669
v -0.07315320 -0.46515572 0.13468716
v -0.04799323 -0.48443151 0.13940729
v -0.06376996 -0.51002121 0.13915330
v -0.04318701 -0.50877118 0.14086285
v -0.02724855 -0.65415466 0.17680867
v -0.05084477 -0.64399743 0.17301533
v -0.05765524 -0.66249037 0.17683722
v -0.03453005 -0.67481840 0.18212381
v 0.00560505 -0.79448467 0.19473015
v 0.00124388 -0.81158829 0.19379736
v -0.07031233 -0.16449147 0.09944180
v -0.03605335 -0.17782408 0.08175164
v -0.04957158 -0.13831800 0.07698202
v -0.07813402 -0.13340497 0.09388690
v -0.16622017 -0.13437957 0.07941298
v -0.16579223 -0.16845429 0.08429070
v -0.13918203 -0.13247609 0.09469177
v -0.18758580 -0.13404304 0.05244510
v -0.19981843 -0.13218814 0.01864905
v -0.18259749 -0.12903118 -0.04616271
v -0.15470777 -0.13033462 -0.06321400
v -0.06549630 -0.15755117 -0.04498915
v -0.09028214 -0.16035289 -0.05571099
v -0.09303609 -0.13219482 -0.05499918
v -0.06627862 -0.13204193 -0.04104059
v -0.08978233 -0.30712432 -0.06315991
v -0.11514436 -0.32890818 -0.04272362
v -0.12353600 -0.30356663 -0.04504414
v -0.10288671 -0.28136012 -0.06160681
v -0.04234920 -0.47269067 -0.08580004
v -0.05711704 -0.47662824 -0.07963444
v -0.07369611 -0.45501143 -0.07051478
v -0.07125496 -0.48020375 -0.06877216
v -0.08503300 -0.48354959 -0.05241241
v -0.04659654 -0.57247776 -0.06218534
v -0.06486242 -0.57345098 -0.04856910
v -0.06371282 -0.55125511 -0.05391975
v -0.04621112 -0.54973960 -0.06702520
v -0.04687090 -0.59538168 -0.05584959
v -0.06546274 -0.59635758 -0.04233514
v -0.04392106 -0.64263552 -0.04178755
v -0.06309370 -0.65980941 -0.02780155
v -0.06362137 -0.64029872 -0.03022121
v -0.01679398 -0.80862468 -0.00955757
v -0.01801191 -0.79276109 -0.01708398
v -0.17166062 -0.33673075 0.01732389
v -0.02010818 -0.17064846 0.04802620
v -0.01986846 -0.16309702 0.01775479
v -0.02666935 -0.13576549 0.02285774
v -0.03109390 -0.13833064 0.05096580
v -0.15800920 -0.39396361 0.04073697
v -0.13786262 -0.48323226 0.02562553
v -0.13733745 -0.46344790 0.02263786
v -0.11977617 -0.62776136 0.05736618
v -0.11773063 -0.65256983 0.05765925
v -0.07122371 -0.72197151 -0.02945879
v -0.07313057 -0.70939636 -0.03026634
v -0.16365443 -0.20326543 0.09146366
v -0.18067732 -0.06451058 -0.04992912
v -0.15232547 -0.06482947 -0.06578122
v -0.15443642 -0.09698832 -0.06486888
v -0.18333606 -0.09719503 -0.04790803
v -0.05217946 -0.10257626 -0.01980047
v -0.06938820 -0.10300243 -0.03637293
v -0.07369079 -0.07323527 -0.03233388
v -0.05923527 -0.07180542 -0.01396884
v -0.06663530 -0.04117429 -0.01147957
v -0.07853182 -0.04123324 -0.03114672
v -0.08166391 -0.00939363 -0.03007244
v -0.07131426 -0.01154053 -0.00935866
v -0.19878298 -0.12881929 -0.01604253
v -0.20033300 -0.06648856 0.00980870
v -0.19834289 -0.06437367 -0.02186179
v -0.19951080 -0.09559250 -0.01910670
v -0.20100895 -0.09799582 0.01460602
v -0.10972823 -0.13110882 0.09964251
v -0.04590224 -0.13118768 -0.02422066
v -0.04464081 -0.15552276 -0.03029371
v -0.04895876 -0.07076430 0.02876688
v -0.05501746 -0.06999910 0.05300743
v -0.04261883 -0.10284954 0.05219938
v -0.03717345 -0.10308743 0.02543228
v -0.14693612 -0.07237798 0.08236497
v -0.16958673 -0.07262838 0.06614012
v -0.16848429 -0.10244340 0.07213927
v -0.14329362 -0.10182315 0.08821073
v -0.18830763 -0.07007885 0.03993485
v -0.18880092 -0.10103822 0.04606499
v -0.19791175 -0.00587976 -0.00037919
v -0.19235837 -0.00357991 -0.02958372
v -0.19596566 -0.03373164 -0.02552698
v -0.19931211 -0.03617215 0.00520184
v -0.18825968 -0.01048136 0.02914387
v -0.18816102 -0.03999960 0.03438730
v -0.17186974 -0.04347509 0.06008402
v -0.17435972 -0.01462978 0.05335140
v -0.15409499 -0.01668042 0.06784291
v -0.15088913 -0.04431206 0.07560270
v -0.12697679 -0.04350960 0.08297181
v -0.13237822 -0.01677740 0.07549370
v -0.10335494 -0.04274648 0.08101161
v -0.08280574 -0.04216862 0.06909531
v -0.09297614 -0.01566708 0.06433302
v -0.11118326 -0.01620668 0.07446527
v -0.06913649 -0.01271641 0.03107435
v -0.07765637 -0.01410633 0.04989044
v -0.06714700 -0.04109377 0.05175062
v -0.06011961 -0.04086810 0.03018606
v -0.09844767 0.09433055 0.03745142
v -0.11103444 0.09046119 0.04698135
v -0.10351391 0.06386840 0.04489978
v -0.09018637 0.06744814 0.03413243
v -0.12370238 0.08748299 0.05687370
v -0.13853848 0.08586633 0.06219353
v -0.13234909 0.06040132 0.05937525
v -0.11744852 0.06140214 0.05363970
v -0.16775534 0.06318557 0.05125050
v -0.14873037 0.06045109 0.05906953
v -0.15529639 0.08644420 0.06215437
v -0.17371388 0.08974057 0.05391873
v -0.19242646 0.09421629 0.04198487
v -0.18807817 0.06700003 0.04104075
v -0.19754453 0.10056216 0.01959285
v -0.19600520 0.07237101 0.02109561
v -0.19353558 0.07951832 -0.00955552
v -0.19758953 0.10778862 -0.00930149
v -0.09248354 0.10723191 -0.00874927
v -0.08596200 0.10174966 0.00815001
v -0.08086054 0.07568741 0.00138614
v -0.08863021 0.07894647 -0.01459860
v -0.12390084 0.08548033 -0.04446490
v -0.14765315 0.08608150 -0.06366246
v -0.14686750 0.11589801 -0.05357051
v -0.12520829 0.11425507 -0.03381285
v -0.18914115 0.01748323 0.02469376
v -0.19563818 0.02267224 -0.00467750
v -0.15741068 0.01017815 0.05998651
v -0.17763637 0.01321459 0.04701705
v -0.07629623 0.01437402 0.03193402
v -0.08669495 0.01212347 0.04805952
v -0.08498275 0.02194834 -0.02713023
v -0.07535766 0.01878005 -0.00750030
v -0.17282614 0.02655178 -0.05623524
v -0.18900585 0.02560985 -0.03390772
v -0.19053882 0.05472732 -0.03759827
v -0.17424457 0.05594921 -0.05996628
v -0.19277528 0.04457009 0.02263882
v -0.18217736 0.04000610 0.04302358
v -0.16181368 0.03669024 0.05369760
v -0.14292362 0.03497118 0.06199168
v -0.12524070 0.03519493 0.06182958
v -0.11068988 0.03604275 0.05549484
v -0.09590371 0.03791535 0.04626504
v -0.08309668 0.04085153 0.03249747
v -0.07816084 0.04759306 -0.00359858
v -0.08735275 0.05145162 -0.02133607
v -0.17535621 0.08569831 -0.06204849
v -0.19469057 0.08351350 -0.04004683
v -0.19579938 0.11165643 -0.03540054
v -0.17442274 0.11414915 -0.05465287
v -0.17273399 0.13841736 -0.04036672
v -0.14939715 0.13876641 -0.03852345
v -0.12863787 0.11401868 0.06235703
v -0.14478457 0.11274517 0.06782703
v -0.16233855 0.11289769 0.06714460
v -0.19509009 0.12026870 0.04523132
v -0.20028229 0.12911618 0.01892284
v -0.19899908 0.13647830 -0.00633380
v -0.19283700 0.13643342 -0.02821712
v -0.10272338 0.15826112 0.02369957
v -0.09616461 0.13009042 0.01503386
v -0.10207172 0.13521904 -0.00068628
v -0.10899846 0.16292864 0.00827073
v -0.10935165 0.15071684 0.05210333
v -0.11792039 0.14601582 0.06553503
v -0.11679342 0.11764485 0.05338898
v -0.10707025 0.12158203 0.04147954
v -0.13362066 0.14094263 0.07564607
v -0.15031289 0.14002913 0.07870039
v -0.16864160 0.14027107 0.07755110
v -0.18059097 0.11533290 0.06047692
v -0.18688338 0.14285994 0.06940208
v -0.19994332 0.14954352 0.05031040
v -0.20612949 0.15944487 0.01947249
v -0.19929281 0.19842798 0.00146529
v -0.19588989 0.16792053 -0.00673637
v -0.21116242 0.18971550 0.02608329
v -0.17716105 0.30154532 0.01380815
v -0.19858986 0.29755014 0.02244230
v -0.19457373 0.33361006 0.03122966
v -0.17465499 0.33771813 0.02327128
v -0.11106502 0.19203305 0.01666800
v -0.10365658 0.18827993 0.03310734
v -0.10775986 0.18050522 0.06411279
v -0.11844936 0.17524123 0.07837624
v -0.21120451 0.21156210 0.06502176
v -0.20672758 0.17982894 0.05659188
v -0.19292429 0.17303830 0.07855515
v -0.19687617 0.20521992 0.08786356
v -0.10896314 0.29341269 0.03535109
v -0.10042666 0.29060924 0.05308272
v -0.09822182 0.25604284 0.04681025
v -0.10673512 0.25939310 0.02777201
v -0.10497063 0.21436781 0.07374133
v -0.10410021 0.24868196 0.08135603
v -0.11706197 0.24352521 0.09668352
v -0.11619978 0.20847452 0.08854996
v -0.20859857 0.28321123 0.07703395
v -0.21163850 0.24627060 0.07217565
v -0.19828975 0.24050134 0.09493206
v -0.19705752 0.27859920 0.09838784
v -0.21420164 0.22051835 0.03496084
v -0.21322860 0.25397468 0.04212585
v -0.20166507 0.26269585 0.01552705
v -0.20115852 0.22944105 0.00731122
v -0.17776121 0.26650453 0.00477262
v -0.17644899 0.23317468 -0.00239236
v -0.11772819 0.36592263 0.06535140
v -0.10897035 0.32785547 0.05886117
v -0.11641741 0.33100289 0.04294748
v -0.12345916 0.37027276 0.05184022
v -0.12086833 0.28020567 0.10099785
v -0.10664821 0.28474927 0.08655544
v -0.11467580 0.32222742 0.08886651
v -0.12621096 0.31928593 0.10150876
v -0.20047508 0.36411691 0.08289783
v -0.20465676 0.32282633 0.07991821
v -0.19422999 0.31939697 0.09960657
v -0.19002117 0.36065924 0.10096922
v -0.19045332 0.37265038 0.04079816
v -0.20677887 0.32768255 0.05281353
v -0.20191795 0.36831528 0.06007331
v -0.18776152 0.41084957 0.04765294
v -0.17297454 0.41353732 0.04082811
v -0.17275347 0.37598306 0.03322758
v -0.13048019 0.40648639 0.05990117
v -0.12385729 0.40283048 0.07209055
v -0.13300392 0.39636713 0.10303669
v -0.13082251 0.35822493 0.10164768
v -0.12144243 0.36104822 0.08987322
v -0.12523046 0.39931083 0.09165032
v -0.16203475 0.35844362 0.11326202
v -0.14518079 0.35742277 0.10999155
v -0.14635018 0.39547348 0.11084175
v -0.16191636 0.39692926 0.11341029
v -0.18593970 0.39879465 0.10087490
v -0.17714727 0.35918492 0.11033213
v -0.17421722 0.39743978 0.11008225
v -0.19632958 0.40154135 0.08455357
v -0.19823077 0.40676898 0.06391282
v -0.01089390 -0.19803059 0.02846483
v -0.01905574 -0.18979347 -0.00086449
v -0.01846847 -0.18075466 0.00941708
v -0.01427823 -0.19186080 0.03964211
v -0.09487497 -0.10216206 -0.05331036
v -0.09694313 -0.06978375 -0.05196030
v -0.09967566 -0.00592506 -0.04990686
v -0.09776671 -0.03743261 -0.05134569
v -0.10045071 0.02417922 -0.04466350
v -0.10213983 0.05431592 -0.03727101
v -0.10293141 0.08298606 -0.02821966
v -0.10662962 0.11182827 -0.02065079
v -0.11519469 0.13949770 -0.01349759
v -0.12316677 0.16746610 -0.00552834
v -0.12536894 0.22688788 0.00978969
v -0.10920542 0.22476506 0.02207169
v -0.12660281 0.19561321 0.00432002
v -0.12739432 0.29657078 0.02117451
v -0.12497898 0.26061517 0.01447936
v -0.13157749 0.33492446 0.03068615
v -0.13650396 0.37437218 0.04152012
v -0.14326198 0.41029418 0.04972800
v -0.11872661 -0.21608877 -0.05982995
v -0.09153692 -0.20608419 -0.05788612
v -0.09143288 -0.22362065 -0.06016666
v -0.11565979 -0.23856586 -0.05915873
v -0.03485726 -0.20373464 -0.03336382
v -0.02593812 -0.20338374 -0.01979778
v -0.02614710 -0.20393568 -0.02285035
v -0.03381071 -0.20451921 -0.03766586
v -0.19387606 0.05009109 -0.00721376
v -0.13820876 0.00904310 0.06810862
v -0.11923680 0.00967962 0.06722687
v -0.10218826 0.01026541 0.05902883
v -0.12379831 0.02722538 -0.06123485
v -0.14820179 0.02708876 -0.06653289
v -0.14727616 0.05602884 -0.06625766
v -0.12354136 0.05796522 -0.05765989
v -0.17387298 0.20525897 -0.00831650
v -0.14989439 0.23076659 0.00343225
v -0.14902171 0.20111698 -0.00490247
v -0.17439511 0.18021774 -0.01735713
v -0.15449655 0.16925293 0.09209011
v -0.17412305 0.16951573 0.08991357
v -0.15658592 0.20138609 0.10439084
v -0.13390660 0.17220420 0.08758283
v -0.13526945 0.20396763 0.09964738
v -0.12263557 -0.03410757 -0.06514060
v -0.15016425 -0.03344935 -0.06579806
v -0.14807811 -0.00304580 -0.06513587
v -0.12157753 -0.00398624 -0.06294793
v -0.08703277 -0.54980206 0.12271288
v -0.06919032 -0.55198383 0.13512687
v -0.11214647 -0.68399501 0.02727030
v -0.11364011 -0.67061639 0.03920808
v -0.10753603 -0.66372138 0.02410729
v -0.10617187 -0.67722404 0.01611894
v -0.11639046 -0.69323081 0.03689136
v -0.11740988 -0.68038315 0.05052203
v -0.11915877 -0.70391023 0.04567173
v -0.12002699 -0.69169784 0.05973180
v -0.12459539 -0.74293023 0.07867544
v -0.12033238 -0.74813843 0.07895668
v -0.04637298 -0.61848062 -0.04949074
v -0.02469695 -0.61576104 -0.05917660
v -0.02278219 -0.63895828 -0.05260604
v -0.07300653 -0.43123856 -0.06892470
v -0.07099184 -0.30732399 -0.07460900
v -0.07264403 -0.33774927 -0.06868322
v -0.08990101 -0.34346876 -0.05619040
v -0.04279459 -0.23059082 -0.07702126
v -0.00197329 -0.63825357 0.17197020
v -0.00404742 -0.61085355 0.16601616
v 0.02065975 -0.82264978 0.18221520
v 0.04411696 -0.81849301 0.17125310
v 0.01668536 -0.85211575 0.17714274
v 0.01664570 -0.86561912 0.17317079
v 0.04094132 -0.86120164 0.16343220
v 0.04128643 -0.84768760 0.16667952
v 0.03935155 -0.91650021 0.14019319
v 0.04351281 -0.92778212 0.13242278
v -0.02479157 -0.20036423 -0.01677772
v -0.01485993 -0.20397300 0.00494439
v -0.01772158 -0.20572168 -0.00318501
v -0.06640293 -0.17942071 -0.04816640
v -0.04576775 -0.17490160 -0.03538486
v -0.04771750 -0.18897080 -0.03986774
v -0.06805285 -0.19628119 -0.05110443
v -0.18936560 -0.23986858 0.02372011
v -0.18125524 -0.24278468 0.06124716
v -0.06850592 -0.18651128 0.10965873
v -0.17667481 -0.61752224 0.00016689
v -0.18831617 -0.61778349 0.00474064
v -0.17657822 -0.63419223 0.02482837
v -0.16582826 -0.63495243 0.01942429
v 0.00356905 -0.71894747 0.18967645
v -0.00724974 -0.69241458 0.18415380
v -0.04951898 -0.90779984 0.09467812
v -0.13282438 -0.89216620 0.09738214
v -0.12636410 -0.88359112 0.06994411
v -0.11607395 -0.88709450 0.07471882
v -0.12086757 -0.89669758 0.10178468
v -0.12447610 -0.83714974 0.16853780
v -0.12851554 -0.85567945 0.16008097
v -0.11409339 -0.85821581 0.16832337
v -0.10902772 -0.83840239 0.17729925
v 0.00283887 -0.32398704 0.15417168
v -0.02434720 -0.32549959 0.16217235
v 0.00437222 -0.53319871 0.14006917
v -0.01616558 -0.53191817 0.14344665
v -0.01095018 -0.55697954 0.15055496
v 0.00939898 -0.55991387 0.14733909
v -0.03097461 -0.70634991 0.19093984
v -0.04910213 -0.69078165 0.18534580
v -0.02250120 -0.74167579 -0.03733113
v -0.03843618 -0.74639237 -0.03319943
v -0.04102522 -0.72812468 -0.03859978
v -0.02559990 -0.72069365 -0.04230452
v -0.18832788 -0.67043024 0.05483145
v -0.17123234 -0.68308151 0.07262546
v -0.16164580 -0.67107403 0.06366645
v -0.17483574 -0.65487534 0.04842488
v -0.15878934 -0.24228537 0.09700751
v -0.12892611 -0.21965873 0.11741945
v -0.10163961 -0.58857799 0.11974479
v -0.08451064 -0.59123963 0.13751078
v -0.08445305 -0.56991291 0.12957546
v -0.10189763 -0.56748712 0.11262894
v -0.10744921 -0.64361310 0.13430817
v -0.10598080 -0.62703145 0.13090286
v -0.11070425 -0.65934694 0.13591169
v -0.12983988 -0.72775698 0.12597981
v -0.12683351 -0.72636706 0.11464421
v -0.13231662 -0.73024660 0.13137969
v -0.09119935 -0.18509758 -0.05721426
v -0.08468421 -0.25433588 -0.07053779
v -0.07684375 -0.27014828 -0.07634637
v -0.01942121 -0.20743066 -0.00739963
v -0.02384653 -0.92898220 0.07732843
v -0.02274287 -0.92326546 0.06084886
v -0.13109821 -0.71285856 0.07181346
v -0.13414688 -0.69552273 0.05830334
v -0.12355839 -0.72834742 0.10933480
v -0.12573802 -0.72355527 0.12290735
v -0.12741230 -0.72006088 0.12582946
v -0.12596059 -0.72433591 0.11032362
v -0.12703006 -0.72170198 0.13345625
v -0.12722604 -0.71920532 0.13886160
v -0.09955155 -0.81114638 0.02632601
v -0.09920816 -0.82739407 0.03317631
v -0.10918379 -0.82199818 0.03312198
v -0.10816543 -0.80577683 0.02759036
v -0.09050289 -0.81384456 0.02515888
v -0.07965734 -0.81532371 0.02135612
v -0.07816872 -0.83337504 0.03172527
v -0.08955931 -0.83114904 0.03408869
v -0.03800956 -0.88123399 0.04761592
v -0.05145262 -0.88784611 0.06839657
v -0.02076124 -0.87544715 0.03173468
v -0.00492099 -0.87035251 0.02000659
v 0.03523619 -0.90269244 0.14984283
v 0.04253799 -0.88691461 0.15496309
v 0.01994351 -0.89147729 0.16160889
v 0.01159798 -0.90359080 0.15481460
v -0.01854159 -0.91148335 0.05245047
v -0.00875925 -0.90377098 0.04125116
v 0.00196612 -0.88883722 0.03136814
v -0.19720100 -0.72039318 -0.01491182
v -0.20571230 -0.70230162 -0.02756087
v -0.01639858 -0.94170779 0.10656681
v -0.02228635 -0.93587297 0.09271851
v -0.21065137 -0.71464062 -0.00394873
v -0.21864805 -0.69561899 -0.01646869
v -0.10411710 -0.88863426 0.07861920
v -0.10973148 -0.86845773 0.05548356
v -0.09766689 -0.86927742 0.05903808
v -0.01582617 -0.92052674 0.04567347
v -0.00780402 -0.91313040 0.03608558
v -0.17749868 -0.27954870 0.05567577
v -0.18256527 -0.27455539 0.02283821
v -0.12426449 -0.54238194 0.03967039
v -0.12377405 -0.54496121 0.06323520
v -0.02626814 -0.57071185 -0.07148591
v -0.02716246 -0.54796946 -0.07594253
v 0.01227185 -0.91418779 0.01691578
v -0.05176658 -0.50196934 -0.07617554
v -0.03250467 -0.49710578 -0.08348280
v -0.02886707 -0.52386230 -0.07925130
v -0.04764940 -0.52632791 -0.07127778
v -0.02974882 -0.45749211 -0.08953944
v -0.02914274 -0.47053477 -0.08725183
v -0.04447374 -0.28333068 -0.09103173
v -0.05405046 -0.28488576 -0.08691856
v -0.14506873 -0.78112686 0.01704593
v -0.15962172 -0.79348940 0.02058263
v -0.16317853 -0.77584022 0.01153547
v -0.14801519 -0.76617402 0.00751017
v -0.06723247 -0.50521421 -0.06423398
v -0.08164734 -0.50758815 -0.04703071
v -0.12638159 -0.73583627 0.07940441
v -0.12951261 -0.74540776 0.06330533
v -0.01988136 -0.66271949 -0.04688713
v -0.05665235 -0.73284084 -0.03292455
v -0.05447511 -0.74917841 -0.02713649
v -0.06842926 -0.75092524 -0.01984923
v -0.07003981 -0.73605549 -0.02575911
v -0.01610496 -0.20888823 0.00183885
v -0.18230276 -0.75263888 0.10536394
v -0.18875466 -0.74356210 0.09190561
v -0.19251488 -0.75378084 0.09045950
v -0.18667506 -0.76340330 0.10392930
v -0.02897815 -0.17448300 -0.01689929
v -0.02917412 -0.15698004 -0.00953882
v -0.01516023 -0.20214206 0.06385696
v -0.00520241 -0.20675594 0.04871395
v -0.12416603 -0.13070869 -0.06497453
v -0.12275007 -0.16203016 -0.06365539
v -0.12231749 -0.09908050 -0.06487130
v -0.12313759 -0.06633961 -0.06541076
v -0.13235441 0.14126533 -0.02432447
v -0.14635290 0.17078149 -0.01670952
v -0.15081710 0.26421964 0.01051992
v -0.15227988 0.29931283 0.01805845
v -0.15270630 0.33729643 0.02698889
v -0.15510425 0.37566817 0.03666519
v -0.15801933 0.41322368 0.04278819
v -0.22705249 -0.68322277 -0.00681297
v -0.22079659 -0.70385075 0.00960919
v -0.22235176 -0.68703598 0.01956190
v -0.23076001 -0.66840965 0.00064960
v -0.14318684 -0.66709006 0.01985520
v -0.13993871 -0.67934018 0.01188746
v -0.14823776 -0.66205072 -0.00174785
v -0.15182254 -0.65064240 0.00615843
v -0.16030687 -0.63248408 -0.00858021
v -0.16722536 -0.62359762 -0.00258422
v -0.15742718 -0.64131999 0.01331387
v -0.20073646 -0.62332052 0.00874497
v -0.21216065 -0.63178384 0.01017445
v -0.20162904 -0.64961815 0.03166951
v -0.18831992 -0.63854712 0.02909562
v -0.22869390 -0.65343744 0.00628302
v -0.21884209 -0.67074323 0.02442601
v -0.21144919 -0.65849060 0.02822788
v -0.22134683 -0.64114082 0.00934239
v -0.15489307 -0.66827762 -0.03348322
v -0.15335147 -0.65515250 -0.02519397
v -0.14618739 -0.67450565 -0.01050757
v -0.14718652 -0.68794549 -0.01997705
v -0.17811024 -0.80199474 0.03128245
v -0.18058687 -0.78022683 0.02087395
v -0.12164263 -0.76795936 0.06357244
v -0.12484331 -0.78129804 0.04680168
v -0.12290334 -0.77579695 0.04426548
v -0.11658263 -0.76402617 0.06226432
v -0.17402977 -0.74037796 -0.01079190
v -0.16781539 -0.75923353 0.00169218
v -0.18337800 -0.75869727 0.01030996
v -0.18864429 -0.73885107 -0.00185227
v -0.13975760 -0.70753902 -0.00562160
v -0.13837747 -0.69412160 0.00369057
v -0.13076332 -0.71156228 0.01793726
v -0.13278855 -0.72470701 0.00811498
v -0.16454789 -0.65087217 0.04136792
v -0.15296847 -0.66836607 0.05627018
v -0.13284114 -0.76646751 0.01938890
v -0.13521346 -0.75321186 0.01021414
v -0.12767774 -0.73643696 0.06233394
v -0.12652743 -0.71151286 0.10889351
v -0.12725075 -0.71898568 0.10998932
v -0.10787832 -0.69076419 0.00938446
v -0.10968138 -0.70460892 0.00630613
v -0.12155481 -0.68189412 0.07807508
v -0.12318678 -0.69581538 0.08539981
v -0.11227156 -0.69569623 0.01762740
v -0.11228298 -0.70469135 0.01268537
v -0.08076163 -0.61877435 -0.02112792
v -0.00073698 -0.88002747 0.02732338
v -0.15175453 -0.75080299 -0.00324830
v -0.13920461 -0.73830938 0.00052774
v -0.14826094 -0.70577300 0.09363474
v -0.14253134 -0.70396966 0.09021866
v -0.15049659 -0.68923092 0.07885319
v -0.15843852 -0.69431490 0.08410193
v -0.07127459 -0.72692996 0.19282086
v -0.05150840 -0.71686149 0.19483717
v -0.06519891 -0.70403677 0.18651000
v -0.08137762 -0.71507722 0.18514179
v -0.19847193 -0.76796150 0.07998611
v -0.20044112 -0.77172488 0.06877151
v -0.19674212 -0.78938359 0.08234438
v -0.19420353 -0.78133577 0.09270381
v -0.20083475 -0.77416509 0.05247292
v -0.19494209 -0.77822345 0.03538081
v -0.19238563 -0.80244422 0.04829167
v -0.19727086 -0.79707909 0.06756671
v -0.14617306 -0.31433171 0.09908520
v -0.16120280 -0.31436542 0.07586282
v -0.12846251 -0.45593399 0.00038186
v -0.11623445 -0.44876117 -0.01936043
v -0.10989361 -0.35499528 -0.04087488
v -0.06753590 -0.21952754 -0.05871311
v -0.04732888 -0.20487314 -0.04464452
v -0.03298169 -0.13253874 -0.00302344
v -0.17311314 -0.31299323 0.05045739
v -0.04163155 -0.10266292 0.00110551
v -0.05130719 -0.07134610 0.00575348
v -0.07202474 -0.07015187 0.07352777
v -0.09520774 -0.07040793 0.08634581
v -0.08662874 -0.10041350 0.09101702
v -0.06055765 -0.10186201 0.07654446
v -0.12122024 -0.07122838 0.08923570
v -0.11526164 -0.10031497 0.09517765
v -0.17404692 -0.00329524 -0.05264766
v -0.13570631 0.23966587 0.10759024
v -0.15840389 0.27648562 0.11484066
v -0.15748517 0.23684514 0.11224145
v -0.13857980 0.27760756 0.11093636
v -0.17888808 0.23743713 0.10789908
v -0.17728448 0.20196927 0.10069355
v -0.21086943 0.28979570 0.04685420
v -0.14228359 0.31740630 0.11057512
v -0.16069604 0.31729376 0.11380532
v -0.17913359 0.31757891 0.11022294
v -0.17949834 0.27625382 0.11022741
v -0.03129148 -0.18620718 -0.02376786
v -0.18505533 -0.23608196 -0.01154245
v -0.17688495 -0.26845592 -0.01043862
v -0.13213365 -0.27756140 -0.04756485
v -0.11051590 -0.25953650 -0.05995268
v -0.09352006 -0.53183460 -0.02241741
v -0.10801391 -0.53489196 -0.00393357
v -0.10516087 -0.57797462 0.00684724
v -0.11491489 -0.58105224 0.02742171
v -0.11637735 -0.55950248 0.02230936
v -0.10628790 -0.55588144 0.00184064
v -0.12117980 -0.58525193 0.07402113
v -0.11423722 -0.58654088 0.09843578
v -0.11476738 -0.56591296 0.09162112
v -0.12135170 -0.56458426 0.06828739
v -0.11728010 -0.54752368 0.08635176
v -0.10450718 -0.54866248 0.10640015
v -0.02793422 -0.58050877 0.15614617
v -0.04756498 -0.57705522 0.15054874
v -0.04619358 -0.60098064 0.15946358
v -0.02572751 -0.60619032 0.16454247
v -0.06485115 -0.28081378 -0.08162837
v -0.03437700 -0.20010871 -0.03137047
v -0.12065011 -0.19120318 -0.06169350
v -0.14569125 -0.22450507 -0.05409743
v -0.16965419 -0.23121667 -0.03763111
v -0.12813246 -0.72137791 0.06402507
v -0.11439354 -0.73437327 0.17036416
v -0.11391500 -0.74249196 0.17221308
v -0.20430467 -0.75213397 0.04028073
v -0.19691812 -0.75756049 0.02471629
v -0.12730628 -0.74027729 0.01997155
v -0.15851130 -0.81026232 0.02841999
v -0.14343077 -0.79678214 0.02433062
v -0.14321218 -0.81038809 0.02988843
v -0.13653198 -0.34339818 -0.02579673
v -0.16240431 -0.32881021 -0.00817079
v -0.14465789 -0.31848153 -0.02767021
v -0.00568598 -0.20805460 0.03536057
v -0.08935387 -0.23942631 -0.06472057
v -0.06014033 -0.04101020 0.00840650
v -0.06718716 -0.01179492 0.01044089
v -0.07235123 0.01642126 0.01250513
v -0.07690505 0.04421532 0.01513968
v -0.08170779 0.07166356 0.01891681
v -0.08911625 0.09823883 0.02423928
v -0.09829688 0.12466556 0.02912014
v -0.10386921 0.15445542 0.03797124
v -0.10068525 0.22164488 0.04044926
v -0.09963077 0.21825886 0.05708122
v -0.10261326 0.18514031 0.04843967
v -0.09832563 0.25223345 0.06476849
v -0.09977243 0.28799862 0.06974044
v -0.10891952 0.32485801 0.07466781
v -0.12274121 0.40055972 0.08210016
v -0.11763225 0.36281455 0.07822721
v -0.01181496 -0.21022952 0.01336186
v -0.00869000 -0.20945340 0.02369664
v -0.08293834 -0.86926168 0.06192844
v -0.12406464 -0.73315704 0.09466320
v -0.12106873 -0.73684251 0.09490393
v -0.12369440 -0.75477576 0.02949898
v -0.20836726 -0.68718940 0.04174800
v -0.21421348 -0.70310998 0.03623915
v -0.12449491 -0.72821301 0.03167607
v -0.11368500 -0.75333339 0.07669507
v -0.11905122 -0.75458056 0.07816797
v -0.20620653 -0.72113478 -0.12326744
v -0.21652026 -0.71528685 -0.13079546
v -0.20669878 -0.72994453 -0.14184390
v -0.19640626 -0.73390114 -0.13505229
v -0.19229251 -0.72122014 -0.11969097
v -0.18372515 -0.73339367 -0.13160920
v -0.15229809 -0.68101120 -0.15163764
v -0.15375514 -0.69014430 -0.13957557
v -0.14971498 -0.70441526 -0.15360269
v -0.14900061 -0.69613022 -0.16541797
v -0.16409269 -0.74159598 -0.14397568
v -0.15541020 -0.73482716 -0.14860058
v -0.16154905 -0.72162515 -0.13613611
v -0.17153336 -0.72915781 -0.13200921
v -0.16924089 -0.66813540 -0.17311296
v -0.18325140 -0.66703159 -0.17698249
v -0.18580534 -0.64891100 -0.16529542
v -0.17139412 -0.65167689 -0.15989374
v -0.17010580 -0.62777543 -0.09298182
v -0.16954461 -0.61678350 -0.10112579
v -0.17231482 -0.60812175 -0.08813217
v -0.17396224 -0.61998010 -0.08193442
v -0.22361852 -0.69551253 -0.09844407
v -0.23380497 -0.68625337 -0.10673863
v -0.22600809 -0.70071983 -0.11871083
v -0.21537705 -0.70817995 -0.11093411
v -0.17913152 -0.68527830 -0.09630863
v -0.16907904 -0.67406845 -0.10314241
v -0.17538834 -0.66144395 -0.08987857
v -0.18603480 -0.67111146 -0.08260390
v -0.23271979 -0.67924166 -0.08581455
v -0.24025892 -0.67034113 -0.09454450
v -0.16731125 -0.70931631 -0.12255530
v -0.15882251 -0.69945610 -0.12981513
v -0.16355962 -0.68672681 -0.11591451
v -0.17306069 -0.69758302 -0.10905534
v -0.16308519 -0.70365465 -0.19437984
v -0.17516470 -0.70343965 -0.19695121
v -0.17980605 -0.68489122 -0.18715501
v -0.16674817 -0.68570620 -0.18422648
v -0.14925627 -0.72710192 -0.15641262
v -0.14580055 -0.71946275 -0.16617486
v -0.15443456 -0.71309507 -0.14341506
v -0.20582864 -0.72948742 -0.17137240
v -0.20337221 -0.73817861 -0.16153809
v -0.21315512 -0.72209954 -0.15111983
v -0.21517199 -0.71196318 -0.16171753
v -0.15901032 -0.65220380 -0.12207232
v -0.16207381 -0.66277409 -0.11130492
v -0.15740295 -0.67620277 -0.12540479
v -0.15531604 -0.66600502 -0.13760714
v -0.20905320 -0.69761014 -0.09277308
v -0.20073694 -0.71042264 -0.10611832
v -0.22376552 -0.69438338 -0.15173373
v -0.22243115 -0.70527136 -0.14046612
v -0.23031864 -0.68965244 -0.12878659
v -0.23090328 -0.67650545 -0.14150193
v -0.23039755 -0.64623010 -0.14070106
v -0.21880656 -0.63708472 -0.14820305
v -0.21502012 -0.65598464 -0.15959698
v -0.22554407 -0.66528010 -0.15176904
v -0.16443586 -0.63886487 -0.10681552
v -0.16529362 -0.62851787 -0.11782043
v -0.17291047 -0.63538635 -0.14551435
v -0.18777409 -0.63109493 -0.15203199
v -0.18882188 -0.61398345 -0.13651401
v -0.17371473 -0.61944902 -0.12930326
v -0.21588115 -0.66060257 -0.05948469
v -0.23240727 -0.66129303 -0.06097314
v -0.22703008 -0.66958046 -0.06852610
v -0.20946330 -0.66957718 -0.06604372
v -0.23937641 -0.66617274 -0.07471848
v -0.24508126 -0.65193045 -0.06481527
v -0.25070405 -0.63008302 -0.05149613
v -0.24857414 -0.61752510 -0.05207816
v -0.24953982 -0.61793041 -0.06353278
v -0.25026327 -0.63241720 -0.06132451
v -0.23898682 -0.60663116 -0.11591503
v -0.22368419 -0.59712523 -0.12070307
v -0.22155696 -0.61729097 -0.13571492
v -0.23552559 -0.62641799 -0.12912959
v -0.20311555 -0.57994264 -0.10334244
v -0.18736677 -0.58649164 -0.10045597
v -0.18908021 -0.59840167 -0.11836091
v -0.20600341 -0.59471446 -0.12115726
v -0.18331955 -0.59247684 -0.03325932
v -0.17443830 -0.59849584 -0.03893323
v -0.17819335 -0.58790416 -0.05328012
v -0.18788041 -0.58089185 -0.04962744
v -0.16788769 -0.62132293 -0.05129306
v -0.17059299 -0.63393003 -0.05681327
v -0.17569728 -0.62420118 -0.06259257
v -0.17169365 -0.61081231 -0.06012818
v -0.22180818 -0.66606545 -0.05094948
v -0.23453885 -0.66160655 -0.04166676
v -0.23896733 -0.65448415 -0.04908462
v -0.22481820 -0.65726137 -0.05489847
v -0.24127588 -0.59078050 -0.10109860
v -0.22278649 -0.57752538 -0.10423937
v -0.17388397 -0.60399115 -0.06825088
v -0.17748487 -0.61687171 -0.06747580
v -0.17692804 -0.61458868 -0.07282820
v -0.17397219 -0.60286629 -0.07622041
v -0.19724327 -0.63967633 -0.06532140
v -0.20933801 -0.64689755 -0.06161126
v -0.20614916 -0.64788824 -0.06091879
v -0.19347768 -0.63908488 -0.06531443
v -0.22510520 -0.65376574 -0.05726451
v -0.24085450 -0.65105331 -0.05321905
v -0.23717637 -0.65306515 -0.05656460
v -0.22171085 -0.65381801 -0.05721268
v -0.24538448 -0.59209371 -0.06784558
v -0.23702259 -0.58082676 -0.07167333
v -0.24124072 -0.58367479 -0.08650897
v -0.24943544 -0.59589505 -0.08119512
v -0.19813226 -0.57416034 -0.08473960
v -0.18495625 -0.58056414 -0.08332384
v -0.18948261 -0.64034069 -0.06937389
v -0.17958473 -0.63061553 -0.07594210
v -0.18330577 -0.62673181 -0.07015541
v -0.24758267 -0.64482588 -0.05845368
v -0.19442576 -0.58964396 -0.02980845
v -0.20582001 -0.59004116 -0.02661251
v -0.19843979 -0.60273236 -0.01103616
v -0.18727216 -0.60221577 -0.01503421
v -0.17707519 -0.60576963 -0.01973400
v -0.16901413 -0.61334836 -0.02579194
v -0.16207525 -0.63642102 -0.03989787
v -0.16370445 -0.64907432 -0.04709193
v -0.17149714 -0.66303360 -0.05200021
v -0.18416290 -0.67545676 -0.05305079
v -0.19240817 -0.65986907 -0.06076545
v -0.17934793 -0.64738804 -0.06043436
v -0.22674045 -0.67610902 -0.03071083
v -0.21419935 -0.68252933 -0.04108667
v -0.23414695 -0.66422927 -0.02222964
v -0.24091494 -0.65132982 -0.03486553
v -0.17482921 -0.59213585 -0.06737162
v -0.17272201 -0.59855366 -0.05680929
v -0.21955253 -0.68406129 -0.16264263
v -0.20986874 -0.67488962 -0.17055893
v -0.20353043 -0.69356704 -0.18035136
v -0.21186903 -0.70290589 -0.17251590
v -0.18674205 -0.70666510 -0.19524139
v -0.19262904 -0.68799865 -0.18593086
v -0.17858061 -0.71721065 -0.11958791
v -0.18556061 -0.70541453 -0.10654840
v -0.17497364 -0.74674451 -0.14265372
v -0.20035134 -0.65162480 -0.06330359
v -0.19291806 -0.65986633 -0.07100181
v -0.24622342 -0.60453051 -0.05217013
v -0.24583369 -0.61988848 -0.04026978
v -0.24220432 -0.60749602 -0.03912735
v -0.24770567 -0.62051934 -0.10510874
v -0.24591526 -0.63677204 -0.09172116
v -0.24926431 -0.61949575 -0.07824782
v -0.25025868 -0.60510814 -0.09282668
v -0.23075229 -0.58143312 -0.05631991
v -0.24028069 -0.59241337 -0.05381003
v -0.23483944 -0.59644687 -0.03880306
v -0.22448826 -0.58646607 -0.04039279
v -0.20879537 -0.65359038 -0.06063521
v -0.20602795 -0.66461027 -0.05840337
v -0.24192777 -0.62674361 -0.02632290
v -0.24291612 -0.63871044 -0.03038524
v -0.23763922 -0.64983881 -0.01639986
v -0.23659661 -0.63694036 -0.01159972
v -0.24724880 -0.63299048 -0.04114355
v -0.23726143 -0.61503726 -0.02379711
v -0.23058277 -0.62609398 -0.00820751
v -0.19902241 -0.68238288 -0.04938200
v -0.21774805 -0.59582347 -0.02405751
v -0.22858956 -0.60474801 -0.02311063
v -0.22123840 -0.61641890 -0.00727439
v -0.20994522 -0.60806471 -0.00808595
v -0.19757886 -0.66933274 -0.17567703
v -0.20113872 -0.65090925 -0.16464737
v -0.17560883 -0.59554493 -0.09531356
v -0.17491758 -0.60567433 -0.11086166
v -0.17592728 -0.59072506 -0.08035177
v -0.15722838 -0.67355859 -0.16467528
v -0.15497687 -0.69021213 -0.17703666
v -0.16195551 -0.64281905 -0.13494933
v -0.15981291 -0.65805936 -0.15020965
v -0.23718716 -0.65801489 -0.13026765
v -0.20595479 -0.57291496 -0.06519701
v -0.19301638 -0.57496214 -0.06640168
v -0.21271759 -0.57122850 -0.08457966
v -0.16337733 -0.62477607 -0.03215532
v -0.16951495 -0.60943127 -0.04455034
v -0.23112419 -0.57575524 -0.08996159
v -0.15514505 -0.64376700 -0.01710792
v -0.24859089 -0.63814449 -0.06997284
v -0.24923632 -0.64236814 -0.05166647
v -0.24578337 -0.64530951 -0.04388595
v -0.19672281 -0.74483180 -0.15239991
v -0.19250047 -0.69332445 -0.09317556
v -0.18238780 -0.64910954 -0.07819578
v -0.17482576 -0.63833117 -0.08499961
v -0.21871854 -0.57450616 -0.06142670
v -0.21239677 -0.58005726 -0.04398158
v -0.20023927 -0.57873350 -0.04733661
v -0.19649650 -0.64836162 -0.06469956
v -0.18397784 -0.63670790 -0.06495318
v -0.15262464 -0.70693821 -0.18773213
v -0.18567467 -0.62931144 -0.06676415
v -0.24527675 -0.65221918 -0.08193903
v 0.04198393 -0.83361357 0.16962954
v -0.11981197 -0.66839105 0.07013431
v -0.10235961 -0.64274412 0.01355087
v -0.11084296 -0.64675272 0.03251694
v -0.12509954 -0.71873742 0.09271707
v -0.12493131 -0.72689134 0.09398305
v -0.11956520 -0.74177551 0.09239037
v -0.11553460 -0.74202257 0.08809139
v -0.12173285 -0.70406508 0.06829578
v -0.02480980 -0.48375696 -0.08446145
v -0.01246188 -0.45512354 0.13044284
v 0.00983325 -0.45217499 0.12435858
v 0.00734234 -0.43329117 0.12723546
v -0.01572210 -0.43574938 0.13186941
v 0.00632194 -0.41399619 0.13448788
v -0.12759946 -0.39725453 0.11411096
v -0.12178029 -0.41898018 0.11204764
v -0.10335522 -0.41312149 0.12824896
v -0.10871096 -0.39035591 0.13174532
v -0.13237892 -0.43935436 0.09143768
v -0.11643533 -0.43722337 0.11067308
v -0.13713850 -0.42213714 0.09097026
v -0.14715399 -0.42063192 0.06621402
v -0.14300361 -0.43853837 0.06765752
v -0.15035819 -0.41472703 0.04123771
v -0.14565076 -0.43398026 0.04265947
v -0.14796126 -0.40683231 0.01750747
v -0.13919675 -0.39846125 -0.00381753
v -0.12932524 -0.36764023 -0.02273313
v -0.10601403 -0.38011813 -0.03839775
v -0.12366386 -0.38923976 -0.02229851
v -0.07078125 -0.36538821 -0.06517287
v -0.08782168 -0.37149215 -0.05323830
v -0.04101556 -0.35679296 -0.08114532
v -0.05546007 -0.36082357 -0.07427846
v -0.07887742 -0.85175985 0.04494125
v -0.06661707 -0.90222883 0.14876918
v -0.08098389 -0.90759718 0.12940878
v -0.04756522 -0.90941286 0.14705412
v -0.08790033 -0.83940154 0.18695129
v -0.09432957 -0.85959423 0.17700519
v -0.06548661 -0.85560733 0.18846814
v -0.05984398 -0.83755308 0.19471508
v -0.03100493 -0.90176380 0.15850736
v -0.02118445 -0.90542495 0.15526120
v -0.04904829 -0.89454997 0.16379635
v -0.00047251 -0.88284117 0.17282690
v -0.02652535 -0.88741136 0.17236607
v -0.13490869 -0.88883024 0.12393095
v -0.13271603 -0.87413836 0.14561845
v -0.14456712 -0.87073022 0.13807589
v -0.14808109 -0.88464141 0.11703634
v -0.11998306 -0.81929010 0.17330444
v -0.11408414 -0.80230546 0.17643981
v -0.12786573 -0.80158460 0.16757365
v -0.13250591 -0.81800359 0.16496356
v -0.17759115 -0.85434169 0.08495386
v -0.17774817 -0.84760141 0.10690047
v -0.18677154 -0.83294612 0.09391005
v -0.18460229 -0.83866400 0.07316664
v -0.13660258 -0.83575666 0.15999891
v -0.01906954 -0.72435421 0.19617671
v -0.06258195 -0.73917735 0.19816364
v -0.04102042 -0.73193586 0.19937934
v -0.11436391 -0.75122976 0.17273585
v -0.10023160 -0.74968082 0.18244782
v -0.10158896 -0.73852128 0.18040080
v -0.13442135 -0.75053102 0.15200454
v -0.12654348 -0.75113690 0.16184114
v -0.13114518 -0.79361492 0.03160218
v -0.13285321 -0.80123657 0.03346816
v -0.14236265 -0.82321763 0.03483579
v -0.13753161 -0.73986441 0.13487224
v -0.14082806 -0.73524761 0.12285699
v -0.14480327 -0.73943996 0.12518150
v -0.13981330 -0.74439222 0.13643186
v -0.12152001 -0.89302176 0.12890278
v -0.17419806 -0.83482468 0.12277645
v -0.17071615 -0.81844819 0.13037942
v -0.18126696 -0.80643225 0.11762286
v -0.18441579 -0.82233804 0.11010001
v -0.16592740 -0.80496120 0.13697465
v -0.16088510 -0.79143459 0.14134131
v -0.17109179 -0.78440052 0.13025616
v -0.17648746 -0.79546285 0.12453980
v -0.14981391 -0.74388295 0.12624237
v -0.14219244 -0.75066829 0.13924041
v -0.17662431 -0.82032132 0.04100171
v -0.15495214 -0.87853253 0.08101320
v -0.14413977 -0.86791247 0.05722320
v -0.13573244 -0.87730509 0.06363924
v -0.14472675 -0.88686144 0.08995639
v -0.12722822 -0.72796029 0.08697738
v -0.12418739 -0.73602837 0.07876932
v -0.13060765 -0.72152197 0.09457394
v -0.13372253 -0.73317885 0.13335785
v -0.13361679 -0.71732056 0.09874583
v -0.12253958 -0.76716757 0.03856933
v -0.13118592 -0.78147781 0.02785368
v -0.13324580 -0.84751809 0.04253999
v -0.12654857 -0.85710675 0.04694647
v -0.18931854 -0.82175040 0.06082508
v -0.19324526 -0.81557387 0.08080188
v -0.14993927 -0.72516131 0.11035445
v -0.15822352 -0.71603394 0.10102886
v -0.15387821 -0.72977346 0.11311141
v -0.12894012 -0.73052472 0.14965311
v -0.13485669 -0.73616880 0.13290852
v -0.15906525 -0.87779206 0.10862806
v -0.19143933 -0.80652738 0.09644195
v -0.18811353 -0.79371506 0.10605039
v -0.15473519 -0.81155264 0.14768864
v -0.15896781 -0.82705647 0.14189638
v -0.14779250 -0.83221465 0.15139529
v -0.14355627 -0.81561524 0.15676539
v -0.18018050 -0.77496707 0.11675695
v -0.17465284 -0.76217359 0.11891745
v -0.15020773 -0.79723483 0.15047058
v -0.13941455 -0.80029303 0.15901951
v -0.15844506 -0.73482597 0.11516587
v -0.11892754 -0.86444366 0.05156390
v -0.11254633 -0.84219038 0.04098805
v -0.10305002 -0.84653056 0.04302073
v -0.12628904 -0.82456040 0.03588660
v -0.11996949 -0.83463985 0.03802337
v -0.13101996 -0.81244129 0.03475984
v -0.09191307 -0.84880477 0.04561204
v -0.22562586 -0.57337117 -0.07574120
v -0.16712816 -0.70870489 0.09171292
v -0.15380740 -0.71036160 0.09720202
v -0.16383067 -0.70183307 0.08825769
v -0.20039907 -0.67827576 0.04852939
v -0.24948305 -0.60447806 -0.06475092
v -0.25035304 -0.60578477 -0.07539310
v -0.24218141 -0.63947010 -0.11867105
v -0.23680401 -0.67185116 -0.11773635
v -0.24158470 -0.65513426 -0.10516167
v -0.21758091 -0.68450916 -0.07956409
v -0.19998243 -0.68071824 -0.07928072
v -0.16842085 -0.64977813 -0.09760031
v -0.20538947 -0.61307847 -0.13851003
v -0.16793172 -0.77700937 -0.16464622
v -0.17742334 -0.77550215 -0.17142136
v -0.16889420 -0.79115891 -0.18052830
v -0.15922427 -0.79154134 -0.17439444
v -0.14225012 -0.80155241 -0.18225247
v -0.14920299 -0.78812826 -0.17367642
v -0.15234509 -0.80553669 -0.18220954
v -0.13439949 -0.79694247 -0.18676925
v -0.14142536 -0.78341281 -0.17751209
v -0.12989584 -0.79186738 -0.19421744
v -0.12711920 -0.78637981 -0.20168900
v -0.13302855 -0.77236706 -0.19182272
v -0.13628522 -0.77794713 -0.18400052
v -0.13219091 -0.76708382 -0.20061262
v -0.13454753 -0.76227975 -0.20973447
v -0.13879685 -0.74614555 -0.19941561
v -0.13703488 -0.75175112 -0.18967013
v -0.14161094 -0.77455544 -0.23142698
v -0.14982709 -0.77577770 -0.23245746
v -0.15714996 -0.75842726 -0.22442821
v -0.14779802 -0.75682586 -0.22335005
v -0.18088335 -0.74974412 -0.20804134
v -0.17310341 -0.74399132 -0.21333852
v -0.16589560 -0.76254046 -0.22202955
v -0.17365395 -0.76771617 -0.21750017
v -0.16773117 -0.78368413 -0.22741389
v -0.17070857 -0.78932595 -0.21951079
v -0.17718631 -0.77352077 -0.21031339
v -0.18671638 -0.74809182 -0.14565687
v -0.17736059 -0.76197654 -0.15539376
v -0.16608247 -0.76013970 -0.15326612
v -0.14852093 -0.74913287 -0.16090341
v -0.15609373 -0.75542331 -0.15569466
v -0.14826377 -0.76929045 -0.16670370
v -0.14200154 -0.76354194 -0.17256136
v -0.14627664 -0.71257871 -0.17769471
v -0.14167759 -0.73600364 -0.17845875
v -0.14287552 -0.72971940 -0.18887842
v -0.13851622 -0.75764477 -0.18050781
v -0.14388764 -0.74359310 -0.16905895
v -0.14459451 -0.74134481 -0.20825006
v -0.13990919 -0.75847542 -0.21790619
v -0.18310387 -0.77047926 -0.18078122
v -0.18566434 -0.76406795 -0.19070129
v -0.17655024 -0.78018641 -0.20078006
v -0.17442091 -0.78643608 -0.19050762
v -0.14901644 -0.72447389 -0.19786285
v -0.19565763 -0.74760520 -0.18117401
v -0.19298986 -0.75453794 -0.17124160
v -0.18551220 -0.75698578 -0.20000285
v -0.19417389 -0.73941773 -0.19067769
v -0.16796049 -0.80143261 -0.19898401
v -0.16196904 -0.80632520 -0.18890613
v -0.18710399 -0.76008701 -0.16161177
v -0.15343519 -0.73916543 -0.21412957
v -0.16372998 -0.74013555 -0.21585189
v -0.16977745 -0.72201550 -0.20663747
v -0.15857749 -0.72166568 -0.20455538
v -0.19599456 -0.71274495 -0.19000292
v -0.18001941 -0.72519857 -0.20421854
v -0.18844594 -0.73122776 -0.19888243
v -0.15905042 -0.77900714 -0.23093504
v -0.20302132 -0.72107959 -0.18190324
v -0.10976899 -0.86649495 -0.21692351
v -0.11174786 -0.87509835 -0.21861415
v -0.11367881 -0.86760485 -0.22413619
v -0.11325939 -0.85769105 -0.22065015
v -0.09140368 -0.84959143 -0.19602026
v -0.08905382 -0.86473298 -0.19435002
v -0.09105971 -0.86667621 -0.20591316
v -0.09398058 -0.85291559 -0.20843145
v -0.10718066 -0.87437606 -0.21278271
v -0.11169580 -0.88162154 -0.21376695
v -0.11504748 -0.89009142 -0.21471119
v -0.11362049 -0.88331598 -0.20912127
v -0.12163214 -0.89162850 -0.21082354
v -0.13244782 -0.88690335 -0.20866084
v -0.13333003 -0.89780110 -0.21640070
v -0.12432681 -0.89968920 -0.21428959
v -0.14575054 -0.87452739 -0.23073711
v -0.14666857 -0.86852729 -0.24099407
v -0.14387903 -0.88223416 -0.24664645
v -0.14188580 -0.88788307 -0.23590180
v -0.14057283 -0.86713213 -0.26275983
v -0.14174144 -0.87582654 -0.25475216
v -0.14562432 -0.86220562 -0.24850863
v -0.14390874 -0.85506654 -0.25562644
v -0.11614054 -0.85051835 -0.22648139
v -0.11540648 -0.86097980 -0.23042442
v -0.11557730 -0.85745221 -0.23595867
v -0.11627451 -0.84655416 -0.23259151
v -0.11969648 -0.88432956 -0.20475358
v -0.10825951 -0.88751185 -0.20457980
v -0.11097918 -0.88788462 -0.20091359
v -0.12184534 -0.88070107 -0.19938365
v -0.11507598 -0.81023139 -0.22565556
v -0.11139833 -0.81948876 -0.23160553
v -0.11048634 -0.81760615 -0.23903164
v -0.11459966 -0.80646968 -0.23365161
v -0.11130621 -0.81686783 -0.20466726
v -0.12081701 -0.81733012 -0.19263396
v -0.11463919 -0.82578307 -0.18903427
v -0.10291517 -0.82507896 -0.20046584
v -0.10645631 -0.83688939 -0.18655249
v -0.09907454 -0.85023117 -0.18528377
v -0.09569730 -0.83638614 -0.19807541
v -0.09493348 -0.86623573 -0.18534020
v -0.11496194 -0.80921829 -0.24945600
v -0.11972734 -0.80191886 -0.24350649
v -0.10948488 -0.93542558 -0.24400358
v -0.11042374 -0.93758452 -0.23810710
v -0.10964331 -0.94125086 -0.24049893
v -0.10890979 -0.93912458 -0.24623653
v -0.14587495 -0.80530232 -0.24860710
v -0.13664302 -0.80216026 -0.24987739
v -0.13529287 -0.80805355 -0.25507790
v -0.14434472 -0.81216717 -0.25219923
v -0.13439696 -0.81535727 -0.26138422
v -0.14344022 -0.82072592 -0.25658333
v -0.11980760 -0.94248062 -0.23435834
v -0.12451053 -0.94335163 -0.23689894
v -0.12214199 -0.94860792 -0.23892286
v -0.11744073 -0.94699347 -0.23665655
v -0.11257054 -0.87788922 -0.22690901
v -0.11142727 -0.88490146 -0.22046873
v -0.11121719 -0.89488488 -0.22164628
v -0.11190467 -0.90451765 -0.22357526
v -0.10987136 -0.90351975 -0.23030481
v -0.11096339 -0.88997769 -0.23001459
v -0.11452697 -0.87159437 -0.23724195
v -0.11258122 -0.88261038 -0.24149650
v -0.11362840 -0.87579000 -0.24717343
v -0.11500347 -0.86526394 -0.24335024
v -0.11060610 -0.86306018 -0.26405972
v -0.11051826 -0.85503274 -0.26022950
v -0.11256535 -0.85747194 -0.25450376
v -0.11225083 -0.86734653 -0.25825951
v -0.11373475 -0.89560151 -0.26846191
v -0.11205303 -0.88637793 -0.26497310
v -0.11164251 -0.88998985 -0.26021957
v -0.11204857 -0.89957112 -0.26358998
v -0.14918156 -0.79860610 -0.24440508
v -0.13955483 -0.79590493 -0.24508771
v -0.12275523 -0.85283041 -0.28578493
v -0.13107070 -0.85980773 -0.28239945
v -0.13401774 -0.85173750 -0.27586952
v -0.12700154 -0.84444451 -0.27942970
v -0.15129474 -0.81817883 -0.24647626
v -0.15367988 -0.81087828 -0.24347493
v -0.12793365 -0.94292796 -0.24199122
v -0.12533459 -0.94808525 -0.24421674
v -0.11395052 -0.85088480 -0.18214992
v -0.10564316 -0.86782539 -0.18164524
v -0.12228540 -0.83789855 -0.18537739
v -0.13321160 -0.82140070 -0.18924394
v -0.12827525 -0.82897449 -0.18860129
v -0.11061984 -0.89337009 -0.23685050
v -0.11447531 -0.86984789 -0.23175584
v -0.11517754 -0.85427523 -0.24021424
v -0.10812937 -0.83875823 -0.25650659
v -0.10817951 -0.84472871 -0.26111001
v -0.10815959 -0.83994937 -0.26731694
v -0.10907644 -0.83203590 -0.26451391
v -0.10924990 -0.85180318 -0.27981970
v -0.11453445 -0.85006267 -0.28448355
v -0.11715717 -0.84188908 -0.27974886
v -0.11030804 -0.84438419 -0.27612919
v -0.11201562 -0.88934302 -0.19489865
v -0.12065143 -0.87808132 -0.19226420
v -0.12729707 -0.80071855 -0.24824548
v -0.12487958 -0.80684614 -0.25426072
v -0.13134576 -0.79489851 -0.24283300
v -0.10895528 -0.82412529 -0.22026846
v -0.11387838 -0.83513451 -0.22766443
v -0.11374914 -0.83247447 -0.23247106
v -0.11147574 -0.82105803 -0.22624357
v -0.10727569 -0.84854215 -0.21809283
v -0.09816373 -0.83998382 -0.21134333
v -0.10325289 -0.85940874 -0.21562696
v -0.11417633 -0.81285065 -0.21709493
v -0.11923524 -0.80639100 -0.21212862
v -0.12017120 -0.80282152 -0.22127268
v -0.12120244 -0.79880106 -0.23037386
v -0.12548301 -0.79580957 -0.23841684
v -0.12285312 -0.79828972 -0.20822354
v -0.12366991 -0.79479223 -0.21702003
v -0.12606701 -0.79106247 -0.22618893
v -0.13008431 -0.78857464 -0.23348521
v -0.15783349 -0.80343246 -0.23948324
v -0.16281497 -0.79529399 -0.23472041
v -0.15323336 -0.79053628 -0.23862863
v -0.11989819 -0.81106257 -0.20264357
v -0.12441130 -0.80337989 -0.20025903
v -0.12857957 -0.80869848 -0.19108707
v -0.13786662 -0.81352401 -0.18747026
v -0.09401472 -0.88506579 -0.20615734
v -0.09654883 -0.87812364 -0.20831990
v -0.08995628 -0.87629944 -0.20199661
v -0.08885741 -0.88458526 -0.19959639
v -0.11712961 -0.90704733 -0.21949908
v -0.11682983 -0.89800572 -0.21630675
v -0.12451780 -0.90858674 -0.21847497
v -0.10901378 -0.82446885 -0.24719772
v -0.11239451 -0.81735873 -0.25601491
v -0.11056953 -0.90388030 -0.23668563
v -0.12257306 -0.92569965 -0.22682332
v -0.12895572 -0.92630082 -0.22926542
v -0.12623388 -0.93712509 -0.23469734
v -0.12072314 -0.93668079 -0.23217939
v -0.11272465 -0.91785491 -0.24156952
v -0.11777046 -0.91838765 -0.24607328
v -0.11560943 -0.91157645 -0.24370989
v -0.11228123 -0.91074181 -0.23840028
v -0.11167538 -0.88937908 -0.27292663
v -0.11049482 -0.88127768 -0.27012581
v -0.13766417 -0.90463579 -0.22876921
v -0.14115809 -0.89313346 -0.22423640
v -0.13453902 -0.90107155 -0.24117038
v -0.11193348 -0.87700194 -0.26176670
v -0.11333096 -0.87101960 -0.25296986
v -0.11226352 -0.88044512 -0.25683182
v -0.11187802 -0.89904112 -0.24585083
v -0.11154118 -0.89066184 -0.24440356
v -0.11092892 -0.89588356 -0.24073339
v -0.11189697 -0.90320808 -0.24142316
v -0.13036875 -0.83425629 -0.27347153
v -0.11769512 -0.83142352 -0.27406436
v -0.11438537 -0.94041848 -0.23479454
v -0.11288312 -0.94426525 -0.23727867
v -0.14343604 -0.78835702 -0.23904184
v -0.13578939 -0.78781813 -0.23755576
v -0.11425792 -0.86088628 -0.24871314
v -0.14253820 -0.88026363 -0.21896607
v -0.11410068 -0.85086077 -0.24476400
v -0.11853276 -0.88514608 -0.28173411
v -0.12548645 -0.88692349 -0.28230307
v -0.12786005 -0.87941301 -0.27828717
v -0.11987808 -0.87711555 -0.28062469
v -0.11245629 -0.93451130 -0.24923271
v -0.11795847 -0.93529540 -0.25241804
v -0.11831734 -0.92900562 -0.25012809
v -0.11280823 -0.92895085 -0.24677902
v -0.11201997 -0.92095679 -0.23079255
v -0.11071222 -0.91906488 -0.23620924
v -0.11102672 -0.91087693 -0.23273534
v -0.11236829 -0.91214526 -0.22684824
v -0.11714051 -0.91477740 -0.22354671
v -0.11681104 -0.92352808 -0.22761324
v -0.13222679 -0.92210746 -0.24213827
v -0.12578776 -0.92045432 -0.24649477
v -0.12520616 -0.93080288 -0.25089896
v -0.12990399 -0.93371791 -0.24638450
v -0.14784980 -0.84299314 -0.24893716
v -0.14533457 -0.83654392 -0.25607303
v -0.14148279 -0.84797144 -0.26297021
v -0.13724370 -0.85937476 -0.27003461
v -0.13109691 -0.86963135 -0.27613187
v -0.13724051 -0.87827039 -0.26922774
v -0.13777275 -0.84152734 -0.26847976
v -0.13098216 -0.90744513 -0.24899268
v -0.12509583 -0.90926719 -0.24745274
v -0.13083367 -0.91193038 -0.24057698
v -0.11177879 -0.84679461 -0.25136748
v -0.11516052 -0.93501920 -0.23274152
v -0.15093550 -0.83133012 -0.20285022
v -0.15738407 -0.82867730 -0.21473755
v -0.15521576 -0.83724105 -0.21895175
v -0.14723536 -0.83972269 -0.20396538
v -0.11002654 -0.93037653 -0.24164188
v -0.11047009 -0.93259186 -0.23617730
v -0.11219291 -0.88504255 -0.28155604
v -0.11056418 -0.87797999 -0.28028220
v -0.10975295 -0.87801981 -0.27547237
v -0.11105989 -0.88603508 -0.27751815
v -0.14162736 -0.83077681 -0.26187590
v -0.12619162 -0.86498106 -0.28743929
v -0.11616278 -0.85960948 -0.29010576
v -0.15470244 -0.82447469 -0.23821403
v -0.14875932 -0.82634264 -0.25049138
v -0.15153345 -0.83259684 -0.24303931
v -0.13498628 -0.88996941 -0.26113352
v -0.14932299 -0.84944105 -0.24262337
v -0.15285870 -0.83836657 -0.23661005
v -0.15617564 -0.82979000 -0.23029637
v -0.15903749 -0.82282788 -0.22576368
v -0.15761462 -0.81743878 -0.23443094
v -0.12829542 -0.94050288 -0.24867377
v -0.12990579 -0.93634439 -0.23969290
v -0.16144177 -0.80956888 -0.23021629
v -0.16588941 -0.80077183 -0.22595996
v -0.16216913 -0.81532693 -0.22104873
v -0.16521564 -0.80673462 -0.21625711
v -0.15333423 -0.84424019 -0.22914356
v -0.15159523 -0.84915590 -0.21971358
v -0.14998083 -0.85537422 -0.23536177
v -0.14869344 -0.86154872 -0.22585411
v -0.14023650 -0.89443272 -0.25147095
v -0.11659825 -0.94071484 -0.25474879
v -0.11423418 -0.94906551 -0.25770190
v -0.11827493 -0.95192474 -0.25701913
v -0.12149206 -0.94364250 -0.25436863
v -0.12391825 -0.93747437 -0.25253046
v -0.12525508 -0.94709909 -0.25047338
v -0.14409384 -0.86725193 -0.21307918
v -0.11422367 -0.90734684 -0.24766880
v -0.14217812 -0.85333091 -0.20340371
v -0.13576654 -0.87563479 -0.20202267
v -0.13235131 -0.86716050 -0.19410396
v -0.13659911 -0.83953124 -0.19009915
v -0.12911993 -0.85149729 -0.18643177
v -0.14475538 -0.82399762 -0.19255105
v -0.14120938 -0.83124506 -0.19301511
v -0.14807187 -0.81602800 -0.18911783
v -0.11997354 -0.86611581 -0.18383396
v -0.10690761 -0.94775355 -0.24410693
v -0.10669953 -0.94568169 -0.24984536
v -0.15742040 -0.81628978 -0.19535214
v -0.15403667 -0.82393080 -0.20005319
v -0.09955149 -0.86997402 -0.21232751
v -0.11394489 -0.84106904 -0.24080844
v -0.11129453 -0.83779657 -0.24574855
v -0.10834576 -0.83233285 -0.25221229
v -0.11053455 -0.82507014 -0.26135504
v -0.16409537 -0.81246436 -0.20537168
v -0.12736607 -0.78239453 -0.21025030
v -0.13031822 -0.77853137 -0.21918394
v -0.16947067 -0.79529977 -0.20990695
v -0.10993162 -0.95086575 -0.24064550
v -0.11765151 -0.90222085 -0.26708317
v -0.11989900 -0.90013874 -0.26949245
v -0.08855927 -0.87604702 -0.19282322
v -0.08900444 -0.88522816 -0.19231673
v -0.09385640 -0.87793195 -0.18546721
v -0.10256945 -0.88024086 -0.18242511
v -0.10075187 -0.88985449 -0.18554015
v -0.09341724 -0.88765883 -0.18767402
v -0.11242564 -0.83079290 -0.23651591
v -0.11073564 -0.82874978 -0.24139833
v -0.12082838 -0.82185256 -0.26824346
v -0.13314490 -0.82429272 -0.26760736
v -0.12398575 -0.91661984 -0.22254734
v -0.13166194 -0.90822947 -0.22150384
v -0.13018289 -0.91694063 -0.22550672
v -0.13325578 -0.92428780 -0.23481837
v -0.12370486 -0.91363734 -0.24471784
v -0.12022681 -0.91080159 -0.24730140
v -0.10390464 -0.83057642 -0.21526593
v -0.11147175 -0.84037054 -0.22223786
v -0.10484442 -0.87994266 -0.20960003
v -0.10231381 -0.88560522 -0.20810343
v -0.11207112 -0.88483125 -0.25022990
v -0.13234819 -0.90137541 -0.26345688
v -0.13740489 -0.90361929 -0.25575444
v -0.11178197 -0.89380181 -0.25293821
v -0.11848605 -0.95626628 -0.24256465
v -0.11383986 -0.95411986 -0.24011880
v -0.13490114 -0.91454983 -0.23159771
v -0.11045839 -0.87218255 -0.26735124
v -0.12961844 -0.89503008 -0.26885638
v -0.12521036 -0.90188926 -0.26660886
v -0.11128314 -0.85592473 -0.28678957
v -0.16053177 -0.82048148 -0.21056214
v -0.10920277 -0.94579178 -0.25516132
v -0.11139914 -0.93874890 -0.25191647
v -0.12095931 -0.95403713 -0.25365081
v -0.12132412 -0.95539224 -0.24781898
v -0.12289165 -0.81398153 -0.26152074
v -0.11546619 -0.84380293 -0.23687647
v -0.13507783 -0.77563292 -0.22668445
v -0.10861577 -0.89047813 -0.18817826
v -0.11265705 -0.87958628 -0.18508421
v -0.11177190 -0.90221548 -0.25525391
v -0.12454775 -0.87174106 -0.28309762
v -0.13154462 -0.89247161 -0.27934247
v -0.13023716 -0.89896035 -0.27418429
v -0.13376668 -0.88583183 -0.27454367
v -0.12501298 -0.90199965 -0.27222043
v -0.11811322 -0.95973670 -0.25719032
v -0.11860725 -0.96183509 -0.25122556
v -0.11601457 -0.96307385 -0.24633437
v -0.11164856 -0.95993471 -0.24331774
v -0.10821643 -0.95578873 -0.24325106
v -0.11488122 -0.95688760 -0.25968489
v -0.11099523 -0.95364499 -0.25956571
v -0.10705009 -0.95016241 -0.25651833
v -0.11103654 -0.96057016 -0.26183245
v -0.11339584 -0.96492487 -0.26033729
v -0.11037666 -0.97120589 -0.25373781
v -0.10739797 -0.97396362 -0.25485730
v -0.10635713 -0.97282410 -0.25134352
v -0.11171228 -0.96930027 -0.25017804
v -0.10227361 -0.97558415 -0.25405020
v -0.10415888 -0.97698021 -0.25708455
v -0.11225671 -0.96963978 -0.25651202
v -0.10907033 -0.97304600 -0.25888503
v -0.10549706 -0.97367620 -0.26438990
v -0.10577670 -0.97637069 -0.26128584
v -0.10858706 -0.97017288 -0.26209077
v -0.11145717 -0.96811163 -0.25980881
v -0.11523560 -0.96708351 -0.25465572
v -0.10264176 -0.97897553 -0.26301166
v -0.09916061 -0.97784197 -0.26301420
v -0.09962937 -0.97770011 -0.25773039
v -0.10205585 -0.97892189 -0.25904170
v -0.10892370 -0.96540511 -0.24634567
v -0.10420251 -0.96968538 -0.24968070
v -0.09995782 -0.97265178 -0.25322181
v -0.09742332 -0.97481537 -0.25730518
v -0.09798375 -0.96978986 -0.25397652
v -0.10139751 -0.96656018 -0.25003031
v -0.09618878 -0.97159433 -0.25773019
v -0.09657592 -0.96748161 -0.25600335
v -0.09906790 -0.96358252 -0.25231248
v -0.10349998 -0.95721054 -0.24788550
v -0.10606238 -0.96108460 -0.24587563
v -0.09594136 -0.96948886 -0.25829506
v -0.09707487 -0.97495627 -0.26256332
v -0.10835513 -0.96721077 -0.26381966
v -0.10426810 -0.97086442 -0.26602036
v -0.10652819 -0.96444982 -0.26436079
v -0.10240287 -0.96838856 -0.26623553
v -0.10328019 -0.97641993 -0.26581097
v -0.10107005 -0.97474247 -0.26664478
v -0.10530642 -0.95201188 -0.24613532
v -0.10539031 -0.94985199 -0.25154546
v -0.10286114 -0.95435041 -0.25288481
v -0.09846592 -0.96094024 -0.25675470
v -0.10457698 -0.95414281 -0.25775579
v -0.10768247 -0.95728451 -0.26121661
v -0.10395974 -0.96202254 -0.26369992
v -0.10083729 -0.96003431 -0.26129240
v -0.09806314 -0.96505678 -0.26311493
v -0.10020998 -0.96627516 -0.26518983
v -0.09645873 -0.96582872 -0.25955820
v -0.09761056 -0.96966648 -0.26489252
v -0.09907266 -0.97227275 -0.26626229
v -0.09694254 -0.96803039 -0.26332024
v -0.09600523 -0.96906340 -0.26093382
v -0.09619787 -0.97179013 -0.26185307
v -0.11177753 -0.93113244 -0.27013969
v -0.11390755 -0.93354589 -0.26569945
v -0.11123046 -0.93841225 -0.26831177
v -0.10886872 -0.93511647 -0.27254063
v -0.12356226 -0.93779099 -0.26497087
v -0.12964435 -0.93820244 -0.26873869
v -0.12471381 -0.94382578 -0.27200934
v -0.11908537 -0.94316041 -0.26811036
v -0.13214517 -0.93486428 -0.27585781
v -0.12691066 -0.94022202 -0.27865699
v -0.12528317 -0.91755784 -0.25379035
v -0.13168229 -0.91684866 -0.25598580
v -0.13129281 -0.93072081 -0.26404345
v -0.12521620 -0.93095851 -0.26084501
v -0.11323908 -0.90963006 -0.26530394
v -0.11749223 -0.90935767 -0.26934230
v -0.11806953 -0.93570042 -0.26421618
v -0.11446315 -0.94095564 -0.26716444
v -0.11234990 -0.92881393 -0.27487031
v -0.11537464 -0.92791128 -0.27946103
v -0.11762770 -0.92185092 -0.27578217
v -0.11367466 -0.92295837 -0.27181786
v -0.11512240 -0.91505790 -0.25393087
v -0.11258110 -0.91185546 -0.25927183
v -0.12000141 -0.91693205 -0.25305265
v -0.13205108 -0.91112393 -0.26870289
v -0.12503071 -0.90997970 -0.27101165
v -0.12377495 -0.92237151 -0.27830788
v -0.13024969 -0.92439258 -0.27697963
v -0.11967896 -0.92933649 -0.26057559
v -0.11274157 -0.92530346 -0.26655751
v -0.11498930 -0.92774117 -0.26193598
v -0.12680909 -0.93151426 -0.28162253
v -0.13388990 -0.92718583 -0.27060819
v -0.11135319 -0.93219942 -0.28203973
v -0.10633951 -0.93923151 -0.28572458
v -0.11078197 -0.94149005 -0.28714210
v -0.11569279 -0.93423855 -0.28420827
v -0.12012044 -0.92912847 -0.28180718
v -0.12151891 -0.93692106 -0.28402305
v -0.10499376 -0.94477904 -0.27253884
v -0.10333079 -0.94140148 -0.27686900
v -0.10798192 -0.94794226 -0.27113292
v -0.13609429 -0.91374624 -0.26230392
v -0.11701608 -0.95107198 -0.27588773
v -0.11198354 -0.95001346 -0.27234098
v -0.10338396 -0.93889678 -0.28142628
v -0.10882655 -0.93241310 -0.27717906
v -0.11546522 -0.94433075 -0.28654760
v -0.11883980 -0.94781744 -0.28188384
v -0.11109507 -0.94967675 -0.28811654
v -0.11324871 -0.95338815 -0.28371537
v -0.11078346 -0.95606947 -0.27704275
v -0.10641253 -0.95381433 -0.27387050
v -0.10336518 -0.95096439 -0.27345216
v -0.10716426 -0.94641376 -0.28930146
v -0.10353613 -0.94372976 -0.28821832
v -0.10044277 -0.94246781 -0.28414249
v -0.10258865 -0.95137024 -0.29160488
v -0.10523868 -0.95549369 -0.29076189
v -0.09823674 -0.96521449 -0.28621465
v -0.09435570 -0.96881986 -0.28843549
v -0.09235889 -0.96721220 -0.28592408
v -0.09729028 -0.96447003 -0.28278866
v -0.10184443 -0.96287125 -0.28494292
v -0.10349703 -0.96133101 -0.28107381
v -0.10322565 -0.96139145 -0.28773439
v -0.09991825 -0.96490771 -0.29030317
v -0.09567469 -0.96567398 -0.29612207
v -0.09596545 -0.96881652 -0.29314825
v -0.09907454 -0.96165442 -0.29295802
v -0.10241348 -0.95927691 -0.29044133
v -0.08915269 -0.96950877 -0.29007706
v -0.09157497 -0.97110021 -0.29079899
v -0.10750234 -0.95869410 -0.28576148
v -0.10091078 -0.95745385 -0.27690274
v -0.09505141 -0.96149457 -0.28091222
v -0.09010369 -0.96449029 -0.28514645
v -0.08700973 -0.96660936 -0.28977263
v -0.08803326 -0.96163034 -0.28551763
v -0.09236032 -0.95804608 -0.28110433
v -0.08601820 -0.96361333 -0.28979421
v -0.08675635 -0.95894957 -0.28744915
v -0.09030962 -0.95452887 -0.28320426
v -0.09679884 -0.94978994 -0.27807212
v -0.09858203 -0.95346534 -0.27625555
v -0.08587533 -0.96130931 -0.29003847
v -0.08886325 -0.97035909 -0.29518601
v -0.08687329 -0.96717107 -0.29456910
v -0.09219152 -0.97224319 -0.29522997
v -0.09852946 -0.95909297 -0.29380456
v -0.09420526 -0.96320355 -0.29668045
v -0.09726924 -0.95644510 -0.29489756
v -0.09269744 -0.96104026 -0.29758570
v -0.09294492 -0.96895790 -0.29793561
v -0.09095585 -0.96741039 -0.29831994
v -0.10092235 -0.94761217 -0.27501190
v -0.10000545 -0.94428265 -0.27916574
v -0.09628117 -0.94664657 -0.28229243
v -0.09026366 -0.95173550 -0.28751755
v -0.09759080 -0.94521582 -0.28675076
v -0.10011011 -0.94814211 -0.29069316
v -0.09528482 -0.95357382 -0.29416713
v -0.09257072 -0.95141423 -0.29169255
v -0.08898199 -0.95652640 -0.29434231
v -0.09095669 -0.95860147 -0.29648000
v -0.08707631 -0.95682788 -0.29085559
v -0.08781880 -0.96216214 -0.29654777
v -0.08907461 -0.96500957 -0.29787451
v -0.08719325 -0.95981574 -0.29494315
v -0.08596218 -0.96060157 -0.29256761
v -0.08592802 -0.96384209 -0.29359767
v -0.10518566 -0.91344112 -0.28593278
v -0.10837981 -0.91747075 -0.28363705
v -0.10502106 -0.92085105 -0.28680485
v -0.10152715 -0.91636479 -0.28853798
v -0.11690363 -0.92172098 -0.28652498
v -0.12075242 -0.92043644 -0.28933477
v -0.11470413 -0.92412448 -0.29351637
v -0.11218727 -0.92526156 -0.29042065
v -0.12121457 -0.91625464 -0.29447433
v -0.11484724 -0.92097151 -0.29790011
v -0.12269731 -0.90675837 -0.27578771
v -0.12804663 -0.90539813 -0.27868092
v -0.12467644 -0.91509408 -0.28483361
v -0.12006250 -0.91671610 -0.28169066
v -0.11248258 -0.92031622 -0.28439695
v -0.10865736 -0.92392445 -0.28821594
v -0.10419896 -0.91023099 -0.28978097
v -0.10558739 -0.90847623 -0.29323366
v -0.10884473 -0.90347445 -0.29038194
v -0.10706046 -0.90473139 -0.28701472
v -0.11107922 -0.89688873 -0.27673346
v -0.11354351 -0.90116268 -0.27392012
v -0.11761168 -0.90476412 -0.27410889
v -0.12377380 -0.89540470 -0.28789783
v -0.11696100 -0.89329845 -0.28683949
v -0.11365271 -0.90376061 -0.29387897
v -0.12079088 -0.90608406 -0.29457402
v -0.11489594 -0.91503596 -0.28026220
v -0.10717151 -0.90811956 -0.28270149
v -0.11043638 -0.91209841 -0.28004164
v -0.11606261 -0.91161722 -0.29772273
v -0.12534189 -0.91044021 -0.29015198
v -0.10196880 -0.91119778 -0.29642510
v -0.09568673 -0.91893852 -0.30175418
v -0.09943956 -0.92034650 -0.30430046
v -0.10597932 -0.91232336 -0.29995140
v -0.10984462 -0.90846193 -0.29684463
v -0.11130303 -0.91590279 -0.30077112
v -0.09840679 -0.92658681 -0.29142648
v -0.09532502 -0.92254138 -0.29343933
v -0.10201517 -0.92924625 -0.29241130
v -0.12897187 -0.90055448 -0.28412506
v -0.11129513 -0.89239836 -0.28426674
v -0.10724849 -0.93019927 -0.29790795
v -0.10507399 -0.93067598 -0.29461586
v -0.09424573 -0.91938400 -0.29751560
v -0.10056397 -0.91270041 -0.29240093
v -0.10406172 -0.92334008 -0.30473897
v -0.10774916 -0.92740113 -0.30211020
v -0.09933621 -0.92759812 -0.30643219
v -0.10316730 -0.93129545 -0.30391687
v -0.10338786 -0.93390870 -0.29975438
v -0.10140684 -0.93394834 -0.29623511
v -0.09864667 -0.93232781 -0.29422706
v -0.09470204 -0.92527890 -0.30562568
v -0.09181955 -0.92384589 -0.30317548
v -0.09108827 -0.92370319 -0.29919657
v -0.09095532 -0.92882270 -0.30694175
v -0.09488896 -0.93260235 -0.30747023
v -0.09450787 -0.94387853 -0.30469149
v -0.09219262 -0.94834089 -0.30622345
v -0.09187439 -0.94855487 -0.30376977
v -0.09502196 -0.94421965 -0.30241624
v -0.09691167 -0.94052422 -0.30438170
v -0.09890419 -0.93889523 -0.30233029
v -0.09649789 -0.93842381 -0.30650076
v -0.09390947 -0.94227850 -0.30853128
v -0.08870468 -0.94315189 -0.31133568
v -0.09138846 -0.94672775 -0.31006020
v -0.09120736 -0.93862104 -0.30944312
v -0.09424224 -0.93604809 -0.30831498
v -0.08917943 -0.95139426 -0.30596173
v -0.09031194 -0.95085847 -0.30760118
v -0.09886670 -0.93535626 -0.30511627
v -0.09794858 -0.93777788 -0.29817694
v -0.09400672 -0.94307995 -0.29949203
v -0.09028369 -0.94764620 -0.30118144
v -0.08708671 -0.94992518 -0.30363768
v -0.08818203 -0.94529378 -0.29950783
v -0.09168625 -0.94086224 -0.29739118
v -0.08542019 -0.94731671 -0.30191430
v -0.08600423 -0.94283295 -0.29926309
v -0.08893731 -0.93815809 -0.29678732
v -0.09298486 -0.93237740 -0.29484621
v -0.09569883 -0.93542999 -0.29568011
v -0.08461854 -0.94506967 -0.30132025
v -0.08659843 -0.95050299 -0.30955178
v -0.08404967 -0.94884992 -0.30740985
v -0.08915946 -0.95013559 -0.31085864
v -0.08954346 -0.93616003 -0.30962336
v -0.08657888 -0.94110751 -0.31104237
v -0.08727112 -0.93418741 -0.30835879
v -0.08452719 -0.93970585 -0.30974045
v -0.08743256 -0.94676775 -0.31217885
v -0.08547202 -0.94610131 -0.31173095
v -0.09543934 -0.92974412 -0.29381043
v -0.09262866 -0.92611879 -0.29552221
v -0.09029403 -0.92907542 -0.29617357
v -0.08590338 -0.93536276 -0.29859081
v -0.08856183 -0.92688251 -0.29966384
v -0.08871832 -0.92759740 -0.30405271
v -0.08564395 -0.93310893 -0.30589673
v -0.08478236 -0.93312168 -0.30223507
v -0.08246696 -0.93857449 -0.30445993
v -0.08302203 -0.93877727 -0.30757800
v -0.08352700 -0.94046581 -0.30105194
v -0.08214474 -0.94320154 -0.30739596
v -0.08335137 -0.94470060 -0.30986509
v -0.08196774 -0.94197518 -0.30514440
v -0.08286679 -0.94392669 -0.30314347
v -0.08299503 -0.94641095 -0.30496874
v -0.11064854 -0.89374870 -0.28065446
v -0.10022101 -0.88379753 -0.29557830
v -0.10234371 -0.88758582 -0.29578602
v -0.09928101 -0.88943619 -0.29771662
v -0.09722355 -0.88539469 -0.29744846
v -0.10930425 -0.89144474 -0.30081046
v -0.11130306 -0.88933808 -0.30499965
v -0.10699311 -0.89094293 -0.30732676
v -0.10509571 -0.89324677 -0.30337596
v -0.10996452 -0.88418269 -0.30764058
v -0.10622659 -0.88637012 -0.30886266
v -0.11703210 -0.88036752 -0.28761375
v -0.12067008 -0.87750173 -0.29029950
v -0.11540832 -0.88598037 -0.30039316
v -0.11301850 -0.88800544 -0.29655945
v -0.10329543 -0.87081683 -0.28916353
v -0.10469726 -0.86850423 -0.29223323
v -0.10744657 -0.86211610 -0.28838289
v -0.10663332 -0.86277109 -0.28428146
v -0.10603210 -0.89040411 -0.29736057
v -0.10215664 -0.89218009 -0.29998413
v -0.09882063 -0.87997359 -0.29680511
v -0.09919593 -0.87713778 -0.29925871
v -0.10200787 -0.87462151 -0.29779160
v -0.10127717 -0.87748408 -0.29489610
v -0.10676859 -0.87650549 -0.28498691
v -0.10376574 -0.87466162 -0.28710985
v -0.10596486 -0.86678511 -0.28137290
v -0.10784228 -0.87150216 -0.28002143
v -0.11081028 -0.87933284 -0.28572980
v -0.11378324 -0.86820936 -0.29630840
v -0.10854150 -0.86663449 -0.29439208
v -0.10507113 -0.87393463 -0.30094478
v -0.10993446 -0.87581992 -0.30325484
v -0.10894068 -0.88742650 -0.29415050
v -0.10271028 -0.88103223 -0.29305291
v -0.10526250 -0.88490790 -0.29288048
v -0.10602981 -0.87964272 -0.30561709
v -0.11422060 -0.88116372 -0.30353487
v -0.09616899 -0.87770832 -0.30166709
v -0.09110969 -0.88103688 -0.30627310
v -0.09369701 -0.88108587 -0.30920449
v -0.09898204 -0.87715703 -0.30563304
v -0.10158429 -0.87617129 -0.30317527
v -0.10283169 -0.88007772 -0.30882898
v -0.09401235 -0.89174402 -0.30100033
v -0.09205973 -0.88754195 -0.30097955
v -0.09685895 -0.89426279 -0.30294988
v -0.12091325 -0.87201488 -0.29447794
v -0.10137206 -0.89385533 -0.30936834
v -0.09936148 -0.89545000 -0.30585620
v -0.09081572 -0.88339901 -0.30314085
v -0.09587765 -0.88132852 -0.29891634
v -0.09753880 -0.88407898 -0.31142813
v -0.10104340 -0.88924026 -0.31179583
v -0.09323525 -0.88721597 -0.31370729
v -0.09712368 -0.89208519 -0.31362587
v -0.09767488 -0.89575934 -0.31054163
v -0.09598258 -0.89700711 -0.30738407
v -0.09349802 -0.89549911 -0.30485275
v -0.08936149 -0.88456273 -0.31247264
v -0.08743979 -0.88433790 -0.30993327
v -0.08767852 -0.88615197 -0.30676809
v -0.08709025 -0.88836789 -0.31515932
v -0.09054130 -0.89162028 -0.31673205
v -0.09127581 -0.90176964 -0.31644356
v -0.08966407 -0.90453869 -0.31854397
v -0.08872843 -0.90532523 -0.31678560
v -0.09113291 -0.90260154 -0.31438085
v -0.09328029 -0.89922059 -0.31514627
v -0.09439079 -0.89867604 -0.31268871
v -0.09308591 -0.89685136 -0.31619385
v -0.09153341 -0.89936221 -0.31895167
v -0.08671784 -0.89929885 -0.32300112
v -0.09021056 -0.90200549 -0.32193401
v -0.08874978 -0.89637715 -0.32014412
v -0.09096874 -0.89471328 -0.31782919
v -0.08693711 -0.90713364 -0.31991345
v -0.08874422 -0.90640777 -0.32075605
v -0.09463869 -0.89485276 -0.31458652
v -0.09309489 -0.89893818 -0.30933595
v -0.08982153 -0.90262002 -0.31239390
v -0.08684269 -0.90562844 -0.31560206
v -0.08441806 -0.90677917 -0.31886804
v -0.08491959 -0.90411234 -0.31441277
v -0.08797620 -0.90089166 -0.31079912
v -0.08284360 -0.90505713 -0.31751519
v -0.08332036 -0.90187150 -0.31378761
v -0.08583494 -0.89837343 -0.30992866
v -0.08869606 -0.89435571 -0.30616236
v -0.09115212 -0.89723969 -0.30722800
v -0.08215573 -0.90346366 -0.31642443
v -0.08516122 -0.90554273 -0.32351190
v -0.08265446 -0.90505052 -0.32170939
v -0.08817823 -0.90474111 -0.32416397
v -0.08656660 -0.89429837 -0.32012904
v -0.08417296 -0.89789909 -0.32327372
v -0.08421881 -0.89247614 -0.31862944
v -0.08174957 -0.89710820 -0.32198638
v -0.08604950 -0.90189606 -0.32483166
v -0.08361432 -0.90189648 -0.32453272
v -0.09087285 -0.89273906 -0.30372775
v -0.08915892 -0.88946784 -0.30424589
v -0.08639702 -0.89113921 -0.30669484
v -0.08343980 -0.89538062 -0.31054085
v -0.08501691 -0.88849366 -0.30954063
v -0.08525622 -0.88753200 -0.31246921
v -0.08243662 -0.89204741 -0.31650418
v -0.08197175 -0.89302045 -0.31332004
v -0.08027931 -0.89791203 -0.31675071
v -0.08045714 -0.89711809 -0.31955895
v -0.08138415 -0.89976871 -0.31448460
v -0.08057307 -0.90141547 -0.32053119
v -0.08146554 -0.90176439 -0.32282683
v -0.08032581 -0.90096921 -0.31852084
v -0.08103199 -0.90248829 -0.31748980
v -0.08146994 -0.90393633 -0.31961319
v -0.11027062 -0.86221069 -0.29088247
v -0.10735773 -0.89734161 -0.20400271
v -0.10823891 -0.89921880 -0.19872311
v -0.09047124 -0.89233196 -0.20534506
v -0.09695309 -0.89394748 -0.20848176
v -0.08661449 -0.89259446 -0.19886178
v -0.09174421 -0.89748168 -0.18891616
v -0.08771902 -0.89484918 -0.19300257
v -0.10319155 -0.89587671 -0.20735718
v -0.10616757 -0.90057552 -0.19236815
v -0.09895885 -0.89957285 -0.18778773
v -0.10229598 -0.90998137 -0.19376752
v -0.09491973 -0.90984476 -0.18944091
v -0.08723821 -0.90636319 -0.18944693
v -0.08412193 -0.90140736 -0.19422206
v -0.08403163 -0.89764953 -0.19941756
v -0.10538769 -0.90668863 -0.20030755
v -0.10454206 -0.90363383 -0.20500147
v -0.10038586 -0.90062737 -0.20822769
v -0.10207742 -0.91580105 -0.20187825
v -0.09717637 -0.92196536 -0.19760576
v -0.08213313 -0.92456508 -0.19503063
v -0.08057065 -0.92873585 -0.19671538
v -0.07802095 -0.92580366 -0.19850644
v -0.07948801 -0.92078006 -0.19620410
v -0.08451818 -0.92188644 -0.19411674
v -0.08355182 -0.91660780 -0.19365880
v -0.08748817 -0.92807132 -0.19525650
v -0.08906980 -0.92410040 -0.19439766
v -0.09323837 -0.92575920 -0.19667205
v -0.09282990 -0.92948341 -0.19820130
v -0.08555095 -0.93252432 -0.19647390
v -0.08351998 -0.93582571 -0.19890046
v -0.07983030 -0.93252194 -0.19830215
v -0.07826076 -0.93106848 -0.20098901
v -0.09132084 -0.91968310 -0.19316363
v -0.08075100 -0.90920842 -0.19604179
v -0.07781479 -0.91641891 -0.19890177
v -0.07682356 -0.92296398 -0.20205405
v -0.07901107 -0.92837501 -0.20449775
v -0.07891729 -0.92041135 -0.20648149
v -0.07861751 -0.91299069 -0.20391992
v -0.08079289 -0.92562747 -0.20783287
v -0.08266339 -0.91956711 -0.20958659
v -0.08305751 -0.91156876 -0.20858303
v -0.08571366 -0.90123814 -0.20640671
v -0.08106892 -0.90361643 -0.20091349
v -0.08299023 -0.92368257 -0.20949835
v -0.08217518 -0.93567556 -0.20329824
v -0.08317018 -0.93234921 -0.20676526
v -0.09602074 -0.92753226 -0.20153087
v -0.09331767 -0.93232155 -0.20351407
v -0.09074017 -0.93341619 -0.19961619
v -0.09842867 -0.92389488 -0.20509610
v -0.09417391 -0.92972684 -0.20717391
v -0.08807679 -0.93631738 -0.20042610
v -0.08880861 -0.93570638 -0.20414123
v -0.08777991 -0.89655697 -0.20506316
v -0.09410074 -0.89822990 -0.20828921
v -0.09248859 -0.90252876 -0.20926031
v -0.08953455 -0.91304278 -0.21112993
v -0.09856237 -0.90599525 -0.20946679
v -0.10259552 -0.91130418 -0.20615900
v -0.09833696 -0.92025346 -0.20864952
v -0.09504431 -0.91641998 -0.21106535
v -0.09120014 -0.92265886 -0.21141812
v -0.09349938 -0.92607403 -0.21007651
v -0.08713460 -0.92066848 -0.21108070
v -0.08902003 -0.92874861 -0.20993558
v -0.08913748 -0.93276805 -0.20772275
v -0.08860086 -0.92589521 -0.21077642
v -0.08561823 -0.92505348 -0.21033198
v -0.08447081 -0.92843592 -0.20904154
v -0.10821401 -0.85746896 -0.28235161
v -0.10726033 -0.86173868 -0.27800810
v -0.10839084 -0.85545260 -0.27512756
v -0.10802563 -0.84783852 -0.27144045
v -0.11074895 -0.83792889 -0.27257156
v -0.10874060 -0.85178727 -0.26582617
v -0.10906416 -0.85952759 -0.27003258
v -0.10838197 -0.86852705 -0.27405921
v -0.11001649 -0.84891051 -0.25739181
v 0.00494599 -0.83858144 -0.00086105
v 0.00204949 -0.82184798 -0.00900869
v -0.14539519 -0.72114372 -0.01307917
v -0.15714237 -0.73269331 -0.01654354
v -0.20315422 -0.73487312 0.01151614
v -0.21289742 -0.72612959 0.02935244
v -0.06426863 -0.52871358 -0.05896098
v -0.06627663 -0.57345277 0.14141929
v -0.06585000 -0.59572577 0.15046099
v 0.01337897 -0.58740819 0.15443836
v -0.00720186 -0.58411056 0.15771526
v -0.12148158 -0.56279421 0.04442160
v -0.12074977 -0.58374119 0.04967301
v -0.09284222 -0.55350602 -0.01726402
v -0.09301697 -0.57580400 -0.01246585
v -0.11879238 -0.53926468 0.01649148
v -0.03641541 -0.53156030 0.14395982
v -0.05619335 -0.53144103 0.14088018
v -0.05068635 -0.55400956 0.14374524
v -0.03141401 -0.55544198 0.14907108
v 0.03239827 -0.59060597 0.14598592
v 0.02830352 -0.56272787 0.13954532
v -0.12103973 -0.60660827 0.07923705
v -0.11504629 -0.60734296 0.10424368
v -0.08724304 -0.61167455 0.14493632
v -0.06855235 -0.61674809 0.15903111
v -0.04769377 -0.62384450 0.16700892
v -0.02527402 -0.63156450 0.17058864
v -0.08071433 -0.59693468 -0.02570521
v -0.06548227 -0.61846387 -0.03616875
v -0.12014643 -0.60557836 0.05416967
v -0.02582860 -0.59339529 -0.06538574
v -0.00261772 -0.66449463 0.17813167
v 0.02256126 -0.66851038 0.17497474
v -0.10326154 -0.60892892 0.12611756
v -0.01853483 -0.77738130 -0.02442830
v -0.03564615 -0.78017360 -0.01861892
v -0.03675805 -0.76375008 -0.02616716
v -0.01959829 -0.76015490 -0.03099654
v -0.05271516 -0.76546878 -0.01980300
v -0.06745934 -0.76622730 -0.01229237
v -0.08073119 -0.76618481 -0.00474166
v -0.11083884 -0.75922483 0.01629133
v -0.10227611 -0.76291054 0.00947067
v -0.12279001 -0.74824053 0.03254629
v -0.11741872 -0.75490665 0.02340063
v -0.12543567 -0.73826855 0.04527171
v -0.12428552 -0.72693354 0.05963136
v -0.12541161 -0.72724646 0.07873946
v -0.12329863 -0.71597964 0.07472418
v -0.12119148 -0.71543223 0.05387972
v -0.12208469 -0.72675169 0.04044656
v -0.11986388 -0.73599243 0.02832681
v -0.01324301 -0.68809128 -0.04402233
v -0.00901629 -0.71407378 -0.04279866
v 0.00839781 -0.85406202 0.00728432
v -0.20386207 -0.63209856 -0.15239288
v -0.15741260 -0.77395356 -0.16330142
v 0.04142515 -0.87366092 0.15984775
v 0.02033705 -0.87760705 0.16790444
v -0.05638893 -0.88659400 0.17126158
v -0.08095744 -0.89389759 0.15387042
v -0.03105178 -0.87869382 0.17973879
v -0.00467156 -0.87157607 0.17893045
v -0.11308442 -0.62514877 0.03321871
v 0.02004008 -0.83779609 0.17970344
v -0.00621030 -0.85902274 0.18456767
v -0.03794058 -0.86572254 0.18686296
v -0.06887688 -0.87253201 0.17903219
v -0.09883320 -0.88106012 0.16070348
v -0.11855081 -0.87803137 0.15264863
v -0.14019077 -0.85322481 0.15224485
v -0.16354275 -0.84320307 0.13359131
v -0.16734493 -0.85803437 0.11888815
v -0.15650663 -0.86516809 0.12936635
v -0.15168595 -0.84915912 0.14326537
v -0.20469329 -0.75259703 0.05586621
v -0.20723003 -0.71554816 0.05150639
v -0.20825380 -0.73278868 0.04961608
v -0.20056520 -0.70115685 0.05617015
v -0.19424736 -0.69278502 0.05960687
v -0.18546668 -0.68896574 0.06623228
v -0.17420733 -0.69522822 0.07912761
v -0.14464223 -0.71960920 0.10586413
v -0.13623257 -0.73062289 0.11883584
v -0.12334146 -0.73035902 0.16008572
v -0.11646074 -0.72699809 0.16671997
v -0.09161441 -0.70427251 0.17554531
v -0.08039378 -0.69183648 0.17624269
v -0.06829809 -0.67872220 0.17788045
v -0.07876034 -0.42776015 0.13379771
v -0.07471009 -0.44589782 0.13294835
v -0.05558246 -0.44226953 0.13581687
v -0.05881228 -0.42284012 0.13879788
v -0.00628455 -0.47942579 0.13288897
v 0.01428167 -0.47764099 0.12600768
v -0.12984991 -0.45639077 0.09270167
v -0.13926283 -0.45600477 0.06974630
v -0.09627198 -0.45087534 0.12442900
v -0.11473954 -0.45416331 0.11082778
v -0.14150915 -0.45249239 0.04514159
v -0.10298134 -0.42129984 -0.03834554
v -0.08770140 -0.41483262 -0.05404643
v -0.05556163 -0.40631413 -0.07681068
v -0.03946770 -0.40297422 -0.08352448
v -0.13732436 -0.44589579 0.02029093
v -0.07180455 -0.40993834 -0.06761093
v -0.12934703 -0.43755236 -0.00069142
v -0.11675944 -0.42905980 -0.02030287
v -0.02762218 -0.48231944 0.13769211
v -0.03220024 -0.45870245 0.13542159
v -0.05234113 -0.46179274 0.13696310
v 0.01059593 -0.73960757 0.19309479
v 0.03108720 -0.73733741 0.18428381
v -0.01130592 -0.74356604 0.19983843
v -0.03481094 -0.76566792 0.20491241
v -0.03483835 -0.74844235 0.20269068
v -0.05838361 -0.75415748 0.20139983
v -0.05927516 -0.76963949 0.20217973
v -0.10294534 -0.77287948 0.18149590
v -0.10024359 -0.76097018 0.18277670
v -0.11589794 -0.76146007 0.17275704
v -0.11897864 -0.77273148 0.17164555
v -0.13748865 -0.75998819 0.15236816
v -0.12834406 -0.76090676 0.16262719
v -0.14584891 -0.75714201 0.14038450
v -0.15528598 -0.75028557 0.12889844
v -0.16585112 -0.77177167 0.13190573
v -0.15521076 -0.77918571 0.14278868
v -0.10793151 -0.78644389 0.17960757
v -0.08753874 -0.78666210 0.19083352
v 0.03171463 -0.77275407 0.18429162
v 0.04978172 -0.76994479 0.17437752
v -0.12425484 -0.70788717 0.09012263
v -0.12463278 -0.70161200 0.10706319
v -0.12380229 -0.69860876 0.12368686
v -0.12201124 -0.69705588 0.13815378
v -0.11593694 -0.70124692 0.15267850
v -0.10933945 -0.70612139 0.16423553
v -0.10992874 -0.72108001 0.17086662
v -0.10161936 -0.71345347 0.17367870
v -0.10487325 -0.72911143 0.17686924
v -0.09441641 -0.72228301 0.18149619
v -0.08234169 -0.74582803 0.19212317
v -0.08773264 -0.73362929 0.18770561
v -0.08033808 -0.75860536 0.19367178
v -0.08219722 -0.77209455 0.19314560
v -0.06399328 -0.78604418 0.20131277
v -0.03900734 -0.78351492 0.20560287
v -0.02556758 -0.81626874 0.19980089
v -0.01727508 -0.79859209 0.20184644
v -0.01345456 -0.78028917 0.20276152
v -0.01037583 -0.76275229 0.20200786
v -0.03201423 -0.91499907 0.14372629
v -0.00718383 -0.91100675 0.14970899
v -0.17527530 -0.70410478 0.08333160
v -0.18210366 -0.70336539 0.07750529
v -0.17921361 -0.71207100 0.08476143
v -0.17558965 -0.71056449 0.08729513
v -0.18828905 -0.70643330 0.07243948
v -0.19473878 -0.71387601 0.06873699
v -0.18985496 -0.72374713 0.07946746
v -0.18295260 -0.71558285 0.08200881
v -0.20032214 -0.72595185 0.06564179
v -0.19481753 -0.73436654 0.07762225
v -0.20275459 -0.73952949 0.06473796
v -0.20204908 -0.75332642 0.06846988
v -0.19905280 -0.75458622 0.07693586
v -0.19796652 -0.74554354 0.07672054
v -0.18452337 -0.78501499 0.11204419
v -0.19109567 -0.77483392 0.09906123
v -0.19596422 -0.76387829 0.08636047
v -0.16384059 -0.74122608 0.11655144
v -0.17200668 -0.73279393 0.10422625
v -0.17883424 -0.72314823 0.09079726
v -0.18481089 -0.73236954 0.09007056
v -0.17755286 -0.74159265 0.10469294
v -0.16937155 -0.75057077 0.11830457
v 0.01335194 -0.75910014 0.19469269
v 0.03309174 -0.75582081 0.18532181
v -0.14047650 -0.77133787 0.15267703
v -0.13123956 -0.77234280 0.16192409
v -0.14994454 -0.76858246 0.14382270
v -0.16061479 -0.76085311 0.13170598
v -0.14512762 -0.78325391 0.15236437
v -0.13474882 -0.78539783 0.16102564
v -0.12281435 -0.78625679 0.16982454
v 0.00965169 -0.77681065 0.19514772
v 0.05106530 -0.75328904 0.17592174
v -0.13828462 -0.83683300 0.03852861
v -0.15100068 -0.85590577 0.05033571
v -0.16314083 -0.86673921 0.07135399
v -0.16884452 -0.86700571 0.09684622
v -0.18163604 -0.58144706 -0.06731446
v 0.02350447 -0.53505266 0.13264383
v 0.01892394 -0.50669158 0.12816544
v -0.00090636 -0.50654817 0.13522162
v 0.04355685 -0.67046613 0.16559710
v 0.05007175 -0.73555374 0.17561659
v -0.09141937 -0.73598230 -0.01136279
v -0.08101058 -0.73712271 -0.01858699
v -0.08045440 -0.75145775 -0.01237560
v -0.09165686 -0.75020587 -0.00496414
v -0.10740344 -0.73355770 0.00492543
v -0.10039382 -0.73518270 -0.00344233
v -0.10124173 -0.74881697 0.00285345
v -0.10928516 -0.74634516 0.01068623
v -0.11305878 -0.73008329 0.01368817
v -0.11559711 -0.74229532 0.01898229
v -0.10007499 -0.72059369 -0.00843873
v -0.09205523 -0.72115928 -0.01672488
v -0.08242304 -0.72201961 -0.02348369
v -0.11127497 -0.71747798 0.00864515
v -0.10629907 -0.71969247 0.00009280
v 0.01005854 -0.92239714 0.01241155
v 0.01296026 -0.87579143 0.02117189
v 0.01456188 -0.88558543 0.02478830
v -0.00567633 -0.73482788 -0.03908233
v -0.00191703 -0.77226800 -0.02828240
v -0.00104720 -0.78810853 -0.02187877
v 0.00003631 -0.80497569 -0.01576621
v 0.01117292 -0.86587948 0.01455632
v -0.00331046 -0.75322497 -0.03418737
v -0.13721354 -0.25768310 0.11709575
v -0.11745036 -0.23707867 0.12871943
v -0.12194382 -0.26555905 0.13014767
v -0.10743821 -0.25028941 0.13806714
v -0.13049018 -0.34063685 0.11465700
v -0.12998836 -0.31237915 0.11832048
v -0.13070056 -0.36993644 0.11423320
v -0.08693221 -0.24013358 0.14365250
v -0.06207258 -0.23493737 0.14525217
v -0.05816130 -0.25466365 0.15407346
v -0.11190058 -0.36389148 0.13223892
v -0.11306332 -0.33587343 0.13256001
v -0.12833253 -0.28682402 0.12361361
v -0.11370558 -0.28626612 0.13601410
v -0.11282018 -0.27059838 0.13652761
v -0.08213411 -0.25796247 0.15056951
v -0.10095765 -0.26360562 0.14333804
v 0.00455672 -0.39260182 0.14055550
v -0.02162541 -0.39463550 0.14554082
v -0.01837246 -0.41593063 0.13869548
v -0.08367172 -0.40779790 0.13912977
v -0.09826448 -0.43291098 0.12501003
v -0.09803408 -0.28174087 0.14662309
v -0.07836928 -0.27846593 0.15608345
v -0.05390064 -0.27692416 0.16040316
v -0.04920354 -0.35277519 0.15970492
v -0.04989850 -0.32784200 0.16306511
v -0.07331173 -0.32924163 0.15786986
v -0.07156540 -0.35531726 0.15511723
v -0.08838184 -0.38508797 0.14374082
v -0.09211109 -0.35867876 0.14618596
v -0.04705974 -0.37656975 0.15418629
v -0.06823705 -0.38068679 0.15088521
v -0.06382656 -0.40298066 0.14506564
v -0.09427971 -0.33128837 0.14737207
v -0.02503871 -0.30173743 0.16237697
v -0.05196363 -0.30323651 0.16370331
v 0.00204420 -0.30088541 0.15314865
v -0.04450352 -0.39921254 0.14716782
v -0.04016616 -0.41971448 0.14014794
v -0.03650124 -0.43938991 0.13504089
v -0.02279280 -0.50811499 0.13886130
v -0.17686097 -0.03373200 -0.05135928
v -0.02217909 -0.19627321 -0.01102754
v -0.01213060 -0.20115894 0.01481065
v -0.17787527 -0.30721709 0.02005148
v -0.16238469 -0.28193209 0.08461295
v -0.14476407 -0.28489849 0.10671996
v -0.06895575 -0.20921034 -0.05434435
v -0.04863594 -0.19870365 -0.04287588
v -0.16957371 -0.30053735 -0.00774801
v -0.14020622 -0.25136578 -0.05124617
v -0.03316832 -0.19439954 -0.02908039
v -0.11413186 -0.30953377 0.13407232
v -0.09597387 -0.30439392 0.14815179
v -0.07589100 -0.30275157 0.15837896
v -0.02614734 -0.27690411 0.15863071
v 0.00115103 -0.27830687 0.14858800
v -0.05731619 -0.26009959 -0.08480629
v -0.05265020 -0.27063423 -0.08839293
v -0.04547811 -0.26586378 -0.09053215
v -0.04639301 -0.24917430 -0.08605663
v -0.10311107 -0.40108791 -0.03785486
v -0.08707595 -0.39425048 -0.05308077
v -0.05471162 -0.38447267 -0.07412939
v -0.03970724 -0.38112259 -0.08084884
v -0.14223444 -0.42662063 0.01881063
v -0.07038625 -0.38854086 -0.06508809
v -0.13306569 -0.41794994 -0.00217038
v -0.11869752 -0.40913567 -0.02100046
v -0.13775820 0.43931937 0.06325144
v -0.14062095 0.46913165 0.06111150
v -0.13545598 0.46681851 0.07570069
v -0.13016810 0.43634719 0.07567125
v -0.13388579 0.43077964 0.10481305
v -0.12765613 0.43270361 0.09458125
v -0.14619333 0.42954677 0.11259077
v -0.14594044 0.46052557 0.11485978
v -0.15883565 0.46101511 0.11238729
v -0.16006266 0.43019933 0.11354720
v -0.17174223 0.43115801 0.10908424
v -0.18790504 0.46416855 0.08414818
v -0.19138452 0.43479246 0.08409185
v -0.18207379 0.43234956 0.10098131
v -0.18068604 0.46271533 0.10152507
v -0.19418555 0.44032866 0.06400514
v -0.19242555 0.46827853 0.06487574
v -0.18575817 0.44391286 0.04929373
v -0.14878494 0.44266838 0.05164169
v -0.15080617 0.47178471 0.04693678
v -0.13458569 0.46094733 0.10849749
v -0.12997594 0.46347094 0.09649900
v -0.12674209 0.43478501 0.08471267
v -0.13265873 0.46502256 0.08610334
v -0.13548219 0.49756247 0.07154792
v -0.13528520 0.49903399 0.05268751
v -0.13288200 0.49215376 0.11098807
v -0.13396029 0.49414432 0.09705783
v -0.15664807 0.49198323 0.11021952
v -0.14354046 0.49115694 0.11769655
v -0.18301445 0.49311131 0.10415663
v -0.17066592 0.46183312 0.10830074
v -0.17075734 0.49227935 0.10828412
v -0.19071096 0.49333692 0.08716289
v -0.19601743 0.49605399 0.06321509
v -0.15015799 0.49920070 0.03851812
v -0.13600335 0.49528682 0.08557481
v -0.27183169 0.58703059 -0.08047201
v -0.27553833 0.58684254 -0.07738785
v -0.27769610 0.59128839 -0.07748017
v -0.27151790 0.59287614 -0.08247966
v -0.23512243 0.58488548 -0.11345289
v -0.24397516 0.58247221 -0.11097003
v -0.24589448 0.59192497 -0.10874992
v -0.23406027 0.59528387 -0.11248216
v -0.26627076 0.59633905 -0.09216779
v -0.26197529 0.59654331 -0.09497113
v -0.26241612 0.59222072 -0.09857337
v -0.27018148 0.59115803 -0.09359469
v -0.28254077 0.59474117 -0.03304332
v -0.27962992 0.59506679 -0.03681869
v -0.28013670 0.59020978 -0.03853976
v -0.28377211 0.59074265 -0.03376027
v -0.28078100 0.59597450 -0.05589781
v -0.27801773 0.59680873 -0.05899774
v -0.27879441 0.59180176 -0.06184407
v -0.28213206 0.59293091 -0.05686352
v -0.23428740 0.58049619 -0.08748614
v -0.24111581 0.57981884 -0.10103765
v -0.22776634 0.58320361 -0.10523185
v -0.21940462 0.58005571 -0.09236001
v -0.22112335 0.59362072 -0.10551648
v -0.22781609 0.59915394 -0.09941611
v -0.21939167 0.60089302 -0.08654986
v -0.21196695 0.59251177 -0.09109549
v -0.24059752 0.59841913 -0.09530866
v -0.23370391 0.59948087 -0.08308159
v -0.24134888 0.58995801 -0.08352119
v -0.25012198 0.58818620 -0.09600820
v -0.25997478 0.58876193 -0.07434597
v -0.26972738 0.58929294 -0.08376162
v -0.26410568 0.58346075 -0.08777750
v -0.25501868 0.58137518 -0.07724860
v -0.25665981 0.58473426 -0.09305600
v -0.24593762 0.58261484 -0.08398498
v -0.24334370 0.59252429 -0.08507484
v -0.25247508 0.59201169 -0.09599923
v -0.25608584 0.59768593 -0.09014250
v -0.24644011 0.59820873 -0.07968663
v -0.25484937 0.59650993 -0.07450120
v -0.26401329 0.59702611 -0.08462658
v -0.26705533 0.58580518 -0.07602769
v -0.25964764 0.58234513 -0.06838493
v -0.26799881 0.58087254 -0.06112271
v -0.27348021 0.58502018 -0.07135218
v -0.26113868 0.59768063 -0.06577443
v -0.25730541 0.59287578 -0.07071134
v -0.26397249 0.59375930 -0.07856477
v -0.26798281 0.59823328 -0.07467814
v -0.27443224 0.59762037 -0.07040934
v -0.26870164 0.59625649 -0.05994070
v -0.27286923 0.58779657 -0.05892350
v -0.27825397 0.59077841 -0.06891858
v -0.27986386 0.58587742 -0.05094255
v -0.27539548 0.58169234 -0.04130954
v -0.27863264 0.58872110 -0.03891087
v -0.28239530 0.59180856 -0.04857097
v -0.27000654 0.58247858 -0.04865617
v -0.27526104 0.58530694 -0.05551645
v -0.26981986 0.59683722 -0.04787874
v -0.26897657 0.58856004 -0.05199265
v -0.27212197 0.59021693 -0.05851181
v -0.27338222 0.59809411 -0.05554947
v -0.27914432 0.59795713 -0.05014128
v -0.27515262 0.59667802 -0.04073475
v -0.28357702 0.59035873 -0.02570771
v -0.28215843 0.58433241 -0.02783310
v -0.27905473 0.58219421 -0.01918195
v -0.27910483 0.58985060 -0.01641946
v -0.27539790 0.58154494 -0.02687993
v -0.27811253 0.58376676 -0.03306686
v -0.27336076 0.59584183 -0.02675345
v -0.27412072 0.58788371 -0.02952554
v -0.27529991 0.58912599 -0.03503973
v -0.27573499 0.59623390 -0.03298202
v -0.28096312 0.59621269 -0.02758734
v -0.27680954 0.59553266 -0.01969439
v -0.21232206 0.57792950 -0.07855304
v -0.23098969 0.58132857 -0.07234147
v -0.23486868 0.59779829 -0.10678542
v -0.20525137 0.59217769 -0.07693084
v -0.24184142 0.59712291 -0.10440201
v -0.23149076 0.60007036 -0.06904690
v -0.21286573 0.60085678 -0.07219206
v -0.23736848 0.59102750 -0.07759531
v -0.26760244 0.58599097 -0.09398483
v -0.25320739 0.59073812 -0.06646558
v -0.24914676 0.59888095 -0.05790483
v -0.26286814 0.58694690 -0.09719602
v -0.24763118 0.58028436 -0.06112222
v -0.25990841 0.58075625 -0.04404027
v -0.27233201 0.59704071 -0.07920463
v -0.27581894 0.59645581 -0.07676254
v -0.26254615 0.59825706 -0.04245156
v -0.26777491 0.58810270 -0.05032529
v -0.28098798 0.58858991 -0.05700008
v -0.27470997 0.58755940 -0.02973457
v -0.26993757 0.59742975 -0.02496370
v -0.27877620 0.58756369 -0.05900185
v -0.26919827 0.57939237 -0.02517557
v -0.28208533 0.58717000 -0.03323462
v -0.27243978 0.59724027 -0.00957986
v -0.27474123 0.58963042 -0.00431744
v -0.28044114 0.58630562 -0.03617587
v -0.27391186 0.58041489 -0.00940170
v -0.16082932 0.44563478 0.04414576
v -0.16322729 0.47402281 0.03943533
v -0.17391497 0.44659656 0.04309793
v -0.18644777 0.47193760 0.04874473
v -0.17759827 0.47390801 0.04065710
v -0.16584262 0.50140017 0.03043525
v -0.19038510 0.49948752 0.04454529
v -0.18000981 0.50103813 0.03214922
v -0.18268237 0.51760215 0.10834457
v -0.19261038 0.51782942 0.09279715
v -0.16607681 0.51695693 0.10989816
v -0.14074023 0.51485628 0.12210280
v -0.15323241 0.51567763 0.11481972
v -0.17032352 0.52144319 0.02006056
v -0.15382037 0.52207303 0.03354431
v -0.18641707 0.52002358 0.02061766
v -0.19872198 0.51905197 0.03658252
v -0.20053142 0.57345378 -0.06453142
v -0.19092041 0.57196760 -0.04471315
v -0.20532423 0.56152213 -0.04068219
v -0.21813175 0.57113522 -0.05657653
v -0.22147444 0.56194955 -0.02839693
v -0.23347990 0.57367975 -0.04426361
v -0.23388125 0.56555218 -0.01312477
v -0.24619885 0.57489145 -0.02877625
v -0.24397181 0.56924325 0.00283280
v -0.25692233 0.57580453 -0.01193842
v -0.25187624 0.57533157 0.01808057
v -0.26504484 0.57878906 0.00338429
v -0.25680295 0.58566511 0.02688960
v -0.26923078 0.58839422 0.01071119
v -0.19325235 0.59131509 -0.06248744
v -0.18450844 0.58861852 -0.04183385
v -0.20250143 0.60351062 -0.05502839
v -0.19321662 0.60291547 -0.03471186
v -0.21876615 0.60385531 -0.04576458
v -0.20815088 0.60378683 -0.02535990
v -0.25428724 0.59869903 0.02344467
v -0.26549381 0.59978515 0.00547163
v -0.23424599 0.60225660 -0.03278539
v -0.22286385 0.60180402 -0.01268164
v -0.24723662 0.60273105 -0.01880464
v -0.23545218 0.60228997 0.00085534
v -0.25739786 0.60243690 -0.00556844
v -0.24574363 0.60226661 0.01344881
v -0.19149631 0.55217242 -0.02221441
v -0.20857242 0.54720998 -0.01206191
v -0.22019175 0.55142599 0.00421203
v -0.22882771 0.55849630 0.02111598
v -0.23470870 0.56969732 0.03591558
v -0.24140015 0.58099163 0.04539978
v -0.21566203 0.54326999 0.04666251
v -0.21768805 0.56510657 0.05781928
v -0.22307134 0.57896066 0.06329002
v -0.20145330 0.56189936 0.08021626
v -0.20525771 0.57665050 0.08258142
v -0.17377171 0.56029433 0.11492537
v -0.17755756 0.57638532 0.11948653
v -0.19039863 0.57475519 0.10300089
v -0.18625258 0.56003857 0.09984612
v -0.20108423 0.54083657 0.07427189
v -0.18741871 0.53934681 0.09543666
v -0.17435065 0.53827399 0.10866454
v -0.16537365 0.57698411 0.12886682
v -0.16296771 0.56013507 0.12498923
v -0.15055917 0.55886286 0.13287602
v -0.15139338 0.57634491 0.13340947
v -0.13253853 0.55954599 0.13117869
v -0.13375729 0.57735580 0.13005245
v -0.12251316 0.56175792 0.11515101
v -0.12219618 0.57895249 0.11475012
v -0.15192500 0.53631741 0.12394489
v -0.16277683 0.53775388 0.11582586
v -0.13760859 0.53586596 0.12672088
v -0.12757853 0.53787303 0.11314850
v -0.13199639 0.53927934 0.09565897
v -0.12685993 0.56231254 0.09542714
v -0.12297693 0.57956535 0.09476989
v -0.18037418 0.56907094 -0.02130007
v -0.17776512 0.58291239 -0.01689144
v -0.20933008 0.53435254 0.02129348
v -0.19612816 0.53245538 0.00462012
v -0.17542237 0.54073370 0.00339153
v -0.16605356 0.56414557 0.00261053
v -0.16806749 0.57907939 0.00889145
v -0.15716618 0.57737929 0.03171352
v -0.15302804 0.56362319 0.02663576
v -0.18423554 0.59458399 -0.01005531
v -0.17511015 0.58674413 0.01548397
v -0.16353655 0.58476239 0.03769340
v -0.14527476 0.57755470 0.05123604
v -0.14272797 0.56356561 0.04771014
v -0.13664290 0.57791919 0.06715788
v -0.13748719 0.56220967 0.06630435
v -0.13274202 0.56191742 0.08075217
v -0.12914367 0.57886314 0.08011200
v -0.13831712 0.54130536 0.06784763
v -0.13506764 0.54009414 0.08137068
v -0.14302906 0.54376507 0.04832207
v -0.15411800 0.54339409 0.02644212
v -0.23900130 0.59426337 0.04336405
v -0.22249034 0.59026307 0.06253428
v -0.20452634 0.58674300 0.08088031
v -0.18879959 0.58708483 0.10022090
v -0.17474866 0.58853751 0.11492911
v -0.16348796 0.58888721 0.12271279
v -0.13663575 0.58750749 0.12302563
v -0.15096450 0.58806866 0.12678710
v -0.12792689 0.58810544 0.11233594
v -0.12969425 0.59026378 0.09630777
v -0.13362548 0.59060210 0.08341297
v -0.15055665 0.58706337 0.05640772
v -0.14079583 0.58986622 0.07087879
v -0.13714829 0.52256882 0.04961310
v -0.13464321 0.52072597 0.06855130
v -0.13441552 0.51924622 0.08260097
v -0.13080281 0.51623410 0.11161154
v -0.13436730 0.51812428 0.09562803
v -0.19637358 0.59837687 -0.00094799
v -0.20993030 0.59796757 0.01114287
v -0.22173086 0.59852684 0.02372321
v -0.23145130 0.59835106 0.03469936
v -0.21580499 0.59442818 0.05559716
v -0.20675765 0.59471560 0.04651596
v -0.19548857 0.59443963 0.03501502
v -0.18418626 0.59148055 0.02371682
v -0.19897816 0.59202373 0.07447228
v -0.19112326 0.59311473 0.06623372
v -0.18009745 0.59296560 0.05644051
v -0.17117515 0.59047168 0.04555723
v -0.15684520 0.59252912 0.06402410
v -0.16423403 0.59389281 0.07416995
v -0.17493017 0.59343684 0.08333935
v -0.18228203 0.59203023 0.09205920
v -0.16890237 0.59220117 0.10544912
v -0.16221648 0.59319776 0.09632944
v -0.15368760 0.59421617 0.08731289
v -0.14679776 0.59336042 0.07849805
v -0.15932003 0.59184623 0.11259961
v -0.14096096 0.59095752 0.11617447
v -0.15052357 0.59133059 0.11681323
v -0.13487056 0.59163618 0.10978986
v -0.13662578 0.59265488 0.09902333
v -0.14102058 0.59327358 0.08889212
v -0.14732532 0.59324139 0.09558862
v -0.14302333 0.59263319 0.10234031
v -0.15539607 0.59282005 0.10352273
v -0.14875084 0.59195161 0.10873681
v -0.14025062 0.59200841 0.10790320
v -0.14359696 0.59170455 0.11110435
v -0.19844288 0.52080035 0.06155507
v -0.17354088 0.15876138 -0.02688807
v -0.15696850 0.15551823 -0.02630121
v -0.18854827 0.15556735 -0.02289700
v -0.15454192 -0.29046032 -0.03158332
v -0.07935680 -0.53024018 -0.04125864
v -0.08019982 -0.57429528 -0.03086689
v -0.07909925 -0.55209184 -0.03617297
v -0.16309541 -0.26088607 -0.03527562
v -0.11358747 -0.60312957 0.03128694
v -0.09245497 -0.76496536 0.00240328
v 0.11216258 0.59482402 0.11398631
v 0.11480090 0.59207404 0.09306937
v 0.10952694 0.57732695 0.09307532
v -0.03269836 -1.04632831 -0.05055784
v -0.04934172 -1.03013742 0.04397731
v -0.04495288 -1.02297282 0.05066048
v -0.04443378 -1.01049137 0.04417828
v -0.04986357 -1.01833570 0.03736757
v -0.04264560 -0.99885905 0.03580613
v -0.04883153 -1.00851274 0.03143324
v -0.04085720 -0.98915637 0.02520081
v -0.04726323 -0.99928838 0.02367443
v -0.04051280 -0.98272324 0.01467996
v -0.04630285 -0.99293041 0.01432519
v -0.03855825 -0.97566462 -0.00951126
v -0.03483037 -0.97047848 -0.00737609
v -0.03287163 -0.96667278 -0.01601858
v -0.03588712 -0.97078872 -0.01922299
v -0.02952874 -0.96415186 -0.02442521
v -0.03231778 -0.96788400 -0.02776355
v -0.02432693 -0.96289891 -0.03129536
v -0.02666450 -0.96617901 -0.03505138
v -0.01690107 -0.96274370 -0.03692757
v -0.01916829 -0.96599126 -0.04076204
v -0.02127288 -0.97518134 -0.04443066
v -0.02861878 -0.97520167 -0.03949658
v -0.02810931 -0.97050542 -0.03800232
v -0.02052465 -0.96998221 -0.04294526
v -0.03337290 -0.97660655 -0.03258649
v -0.03338789 -0.97189617 -0.03055138
v -0.03662886 -0.97979623 -0.02545366
v -0.03704272 -0.97517860 -0.02256570
v -0.04082085 -0.98516786 -0.01666849
v -0.04049559 -0.98031634 -0.01270050
v -0.04455258 -0.99116963 -0.01075078
v -0.04437199 -0.98848486 -0.00538090
v -0.02015012 -0.96042144 -0.02679314
v -0.01399826 -0.96023607 -0.03251173
v -0.02485719 -0.96131682 -0.02058972
v -0.02814426 -0.96330017 -0.01314565
v -0.02972918 -0.96605533 -0.00535837
v -0.03909019 -0.97782612 0.00351671
v -0.03107209 -0.96986312 0.00348395
v -0.03405181 -0.97574162 0.01406700
v -0.03467803 -0.98211169 0.02573315
v -0.03705916 -0.99234676 0.03831006
v -0.03920138 -1.00527465 0.04907063
v -0.03946248 -1.01941764 0.05631207
v -0.04400275 -1.03224540 0.05519123
v -0.03273043 -0.98103577 -0.03356674
v -0.02823855 -0.97997677 -0.03998636
v -0.03596853 -0.98373562 -0.02716099
v -0.04007861 -0.98904288 -0.02006386
v -0.04381684 -0.99430496 -0.01564590
v -0.04879177 -1.00628638 -0.01448565
v -0.04705822 -1.00000572 -0.01385453
v -0.04950715 -1.01855218 -0.01955536
v -0.04944408 -1.01249385 -0.01653852
v -0.05398135 -1.02625895 -0.01194834
v -0.05324148 -1.01777720 -0.00718866
v -0.05149297 -1.01450658 -0.01212172
v -0.05177796 -1.02192211 -0.01569882
v -0.05608224 -1.03242075 -0.00841467
v -0.05508862 -1.02288032 -0.00229956
v -0.01642328 -0.95841473 -0.02257165
v -0.01053600 -0.95805883 -0.02704842
v -0.02035280 -0.95921266 -0.01678937
v -0.02244752 -0.96070826 -0.01028082
v -0.02286324 -0.96226215 -0.00340367
v -0.02328000 -0.96439135 0.00448474
v -0.02441487 -0.96790302 0.01381156
v -0.02715533 -0.97386086 0.02607806
v -0.03074764 -0.98443002 0.04021162
v -0.03421609 -1.00057781 0.05285507
v -0.03468223 -1.01543522 0.06013061
v -0.01189784 -0.95777565 0.00611146
v -0.01203946 -0.95806617 -0.00062115
v -0.01244801 -0.95790482 -0.00595313
v -0.01218234 -0.95767504 -0.01074294
v -0.00811002 -0.95691490 -0.01235722
v -0.00269881 -0.95659930 -0.01515396
v -0.00281920 -0.95535243 -0.00640583
v 0.00162161 -0.95515215 -0.00907056
v -0.00160170 -0.95250410 -0.00151098
v 0.00471520 -0.95181578 -0.00499291
v -0.00104937 -0.94896007 0.00241095
v 0.01344653 -0.94800711 -0.00715671
v -0.04817769 -0.99855548 -0.00851802
v -0.04879189 -0.99820149 -0.00253915
v -0.05164348 -1.00825846 -0.00356675
v -0.05281757 -1.01209950 0.00264509
v -0.04954534 -1.00017977 0.00451115
v -0.05033131 -1.00641084 -0.00948729
v -0.05092400 -1.00511873 0.01315544
v -0.05439509 -1.01785517 0.00930945
v -0.05704673 -1.02946413 0.00261682
v -0.05550269 -1.02426422 0.01476576
v -0.05185406 -1.01206362 0.02088119
v -0.05852642 -1.03475523 0.00792442
v -0.05956958 -1.03974485 0.01264317
v -0.05626731 -1.03000343 0.01926031
v -0.05304747 -1.01915741 0.02580714
v -0.04395198 -0.98665273 0.00204642
v -0.05331008 -1.02652633 0.03065280
v -0.05987529 -1.04483891 0.01689702
v -0.05655005 -1.03609610 0.02383003
v -0.05980005 -1.05150187 0.02203061
v -0.05573291 -1.04355741 0.03088512
v -0.05232433 -1.03614521 0.03798911
v -0.04782482 -1.04013669 0.05146474
v -0.02164347 -0.97993410 -0.04497517
v 0.10913403 0.55724663 0.06433429
v 0.10742127 0.55761969 0.08929543
v 0.10298183 0.55654782 0.10743543
v 0.10648361 0.59601277 0.12856163
v 0.10193101 0.57908595 0.12696286
v 0.09535586 0.57806134 0.14002490
v 0.09637506 0.59563416 0.13957603
v 0.07886361 0.57885939 0.14774768
v 0.07911474 0.59696603 0.14560278
v 0.06193014 0.58047092 0.13917284
v 0.06122976 0.59787083 0.13808990
v 0.09207976 0.55477107 0.13255262
v 0.09716880 0.55593342 0.11990498
v 0.08123798 0.55462694 0.14220306
v 0.06623551 0.55552441 0.13586693
v 0.06121995 0.55550790 0.11849992
v 0.05553024 0.57954067 0.11992440
v 0.05155054 0.59733707 0.12014350
v 0.04412454 0.57783771 -0.00924446
v 0.04349272 0.59167337 -0.00485285
v 0.08934798 0.54769152 0.01561865
v 0.07047722 0.54416460 0.00821188
v 0.05164288 0.55233258 0.01685443
v 0.04311302 0.57512319 0.01972809
v 0.04769215 0.59035724 0.02328538
v 0.04960190 0.59088302 0.04874384
v 0.04313138 0.57696265 0.04730852
v 0.05235605 0.60306257 -0.00264233
v 0.05711871 0.59807694 0.02497187
v 0.05829249 0.59831494 0.05009346
v 0.04901170 0.59254485 0.07137045
v 0.04482366 0.57839274 0.07043736
v 0.04928024 0.59391707 0.08955200
v 0.04983235 0.57784367 0.08956176
v 0.05315597 0.57805526 0.10453522
v 0.04942743 0.59547395 0.10455935
v 0.05185152 0.55671394 0.09170577
v 0.05625070 0.55590850 0.10496738
v 0.04655962 0.55752993 0.07238033
v 0.04515927 0.55598193 0.04764972
v 0.12690318 0.60597414 0.01685946
v 0.12206803 0.60377365 0.04159271
v 0.11573677 0.60197979 0.06630581
v 0.11218803 0.60404927 0.09091019
v 0.10743297 0.60661548 0.11074929
v 0.10152704 0.60776162 0.12328241
v 0.07848988 0.60694700 0.13719340
v 0.09279484 0.60750711 0.13316439
v 0.06530139 0.60723627 0.13219643
v 0.05839044 0.60824329 0.11746041
v 0.05554270 0.60802305 0.10390085
v 0.05639244 0.60214680 0.07254943
v 0.05501177 0.60601169 0.08983611
v 0.04214672 0.53685981 0.07726291
v 0.04976014 0.53621054 0.09494156
v 0.05695560 0.53539234 0.10660803
v 0.06861608 0.53355783 0.13328460
v 0.06372716 0.53487915 0.11746036
v 0.06714590 0.60700297 -0.00077400
v 0.08495100 0.60675395 0.00308442
v 0.10162956 0.60809606 0.00825506
v 0.11568527 0.60905153 0.01305395
v 0.11288943 0.60737222 0.03869945
v 0.10037534 0.60701078 0.03528002
v 0.08471421 0.60628772 0.03124733
v 0.06914729 0.60293865 0.02726506
v 0.10789783 0.60669541 0.06329784
v 0.09694344 0.60738164 0.06004974
v 0.08237725 0.60698158 0.05714418
v 0.06905118 0.60413569 0.05261987
v 0.06629658 0.60806751 0.07529754
v 0.07812005 0.60974848 0.08010346
v 0.09190784 0.60940677 0.08272564
v 0.10230901 0.60826707 0.08682381
v 0.09749396 0.60968888 0.10525136
v 0.08738723 0.61025131 0.10039238
v 0.07510158 0.61081386 0.09720435
v 0.06494323 0.61012936 0.09270977
v 0.09308825 0.61024857 0.11609660
v 0.07890716 0.61018652 0.12852976
v 0.08763550 0.61043501 0.12411188
v 0.07041693 0.61059308 0.12600668
v 0.06650904 0.61089081 0.11564394
v 0.06513634 0.61081868 0.10464133
v 0.07415244 0.61090040 0.10723413
v 0.07383217 0.61086911 0.11527212
v 0.08480085 0.61044496 0.11039326
v -0.02783131 -1.03354084 0.07283098
v -0.04063070 -1.02418494 -0.03526935
v -0.03788172 -1.02607203 -0.04048615
v 0.08208489 0.61041278 0.11799018
v 0.07425500 0.61070520 0.12157703
v -0.03538624 -1.02636635 -0.04604438
v -0.03331440 -1.02629042 -0.05023887
v -0.03064657 -1.02583814 -0.05348546
v 0.07871863 0.61042726 0.12275048
v 0.09981187 0.53779840 0.05572205
v 0.07552750 0.17611158 -0.01158526
v 0.06280544 0.17125517 -0.00297331
v 0.01610164 -0.93446469 -0.00083594
v -0.02797274 -1.09765553 -0.05623931
v 0.01409631 -0.94171965 -0.00487102
v -0.01561793 -0.99595743 -0.03425901
v 0.00441325 -1.19499445 0.00259808
v -0.02179620 -0.98493958 -0.04527299
v -0.01719805 -1.00030899 -0.03698043
v -0.03510424 -1.05476749 -0.06834869
v -0.02160486 -0.99018067 -0.04517641
v -0.02441066 -1.00069749 -0.05018008
v -0.02430595 -1.00654030 -0.04961393
v -0.02568388 -1.13573956 -0.05079975
v -0.02464318 -1.00388873 -0.05051883
v -0.02776368 -1.02827764 -0.05588649
v -0.03641292 -1.05010879 -0.07071530
v -0.02375354 -1.00825906 -0.04861427
v 0.05886451 -1.02979159 0.10200651
v -0.02348668 -0.99749333 -0.04862520
v -0.01977165 -1.00601006 -0.04173301
v -0.02271539 -1.00853693 -0.04687257
v -0.01763066 -1.01441932 -0.03849009
v -0.02732882 -1.02547038 -0.05511242
v -0.02946633 -1.07425725 -0.05867365
v 0.06842141 -1.07287216 0.11535704
v -0.03050952 -1.07088923 -0.06039998
v -0.01928199 -1.16389859 -0.03954360
v -0.02426221 -1.14711988 -0.04769059
v -0.03382712 -1.05921650 -0.06613436
v 0.07120591 -1.13738751 0.11693661
v 0.06754483 -1.15257692 0.11231487
v -0.02712730 -1.11731875 -0.05418205
v 0.03521222 -1.20100844 0.05672163
v -0.03716323 -1.04572845 -0.07212210
v -0.03093137 -1.03294384 -0.06138752
v -0.00742422 -1.18396342 -0.01829739
v 0.07267525 -1.10200822 0.12021493
v 0.04763111 -1.19364870 0.07790052
v -0.02503531 -1.00954378 -0.05141416
v -0.00185918 -1.18996143 -0.00840548
v -0.02347165 -1.00840878 -0.04866120
v -0.03488930 -1.03557181 -0.06822124
v 0.07231285 -1.08732986 0.11910658
v 0.07171562 -1.11663699 0.12092860
v -0.02685005 -1.01885390 -0.05438941
v -0.02696975 -1.02283955 -0.05452455
v 0.04157146 -1.19810474 0.06757746
v -0.02805043 -1.10413730 -0.05619838
v -0.02702662 -1.01640022 -0.05462946
v -0.02748599 -1.08362186 -0.05532011
v -0.02670718 -1.01381159 -0.05443450
v 0.01871240 -0.92741829 0.00442464
v 0.05982155 -1.17548287 0.09896342
v -0.02590187 -1.01151180 -0.05300231
v -0.02105933 -1.01042521 -0.04451060
v -0.03261487 -1.06341374 -0.06397058
v -0.01896942 -1.01243675 -0.04085698
v -0.02642430 -1.12523139 -0.05273083
v -0.02865877 -1.03096473 -0.05734847
v -0.02901587 -1.03167963 -0.05796902
v -0.02782743 -1.08058548 -0.05585591
v -0.02208652 -1.15597951 -0.04455700
v -0.02743530 -1.08635068 -0.05536991
v -0.02828930 -1.03011894 -0.05675729
v 0.06331552 -1.16687393 0.10529262
v 0.02648930 -1.20438027 0.04157649
v 0.01989285 -1.20329821 0.03003250
v -0.02847675 -1.07737517 -0.05702294
v -0.03155731 -1.06744730 -0.06202892
v 0.05908825 -1.01959133 0.10140826
v -0.03649132 -1.03873920 -0.07100327
v -0.03714301 -1.04165900 -0.07209206
v -0.01210411 -1.17728686 -0.02662279
v 0.06627010 -1.06278193 0.11230514
v 0.01153789 -1.20004427 0.01542638
v -0.01593712 -1.17060614 -0.03336355
v 0.06180549 -1.04277563 0.10596551
v 0.06562047 -1.05396652 0.10976776
v -0.03394006 -1.03449523 -0.06659971
v -0.02760666 -1.08966231 -0.05568180
v -0.03229921 -1.03347790 -0.06373538
v 0.05339181 -1.18676114 0.08784594
v -0.02981728 -1.03237867 -0.05935622
v 0.09070105 0.17525119 -0.01633754
v 0.10052355 -0.26070303 -0.09301782
v 0.07239145 -0.51780272 -0.07621877
v 0.08145358 -0.56127989 -0.07283813
v 0.07697154 -0.53924751 -0.07433271
v 0.10279308 -0.22779077 -0.09454221
v 0.13985293 -0.58312154 -0.03708179
v 0.12039179 -0.76141340 -0.05835506
v -0.02101678 -1.04641056 -0.05669978
v 0.06948959 -1.03038907 -0.02307353
v 0.07296060 -1.02337420 -0.01548174
v 0.06728065 -1.01116681 -0.01813846
v 0.06382062 -1.01882863 -0.02676218
v 0.05957520 -0.99973929 -0.02084867
v 0.05859003 -1.00912523 -0.02910394
v 0.05018660 -0.99049586 -0.02450211
v 0.05144379 -1.00000143 -0.03173753
v -0.03750712 -1.03587461 -0.06393702
v -0.03526054 -1.03473639 -0.06208806
v 0.04103274 -0.98394328 -0.02983705
v 0.04316882 -0.99375647 -0.03562608
v -0.03226475 -1.07771957 -0.03158350
v -0.03467504 -1.03485429 -0.05103428
v -0.03777525 -1.05724370 -0.05900553
v -0.03151539 -1.07778788 -0.03293340
v 0.01837741 -0.97627532 -0.04147885
v 0.01924797 -0.97140229 -0.03695947
v 0.01001694 -0.96729803 -0.03986036
v 0.00840784 -0.97119272 -0.04399889
v -0.03584687 -1.03537869 -0.04867520
v 0.00065958 -0.96452892 -0.04131421
v -0.00082166 -0.96812296 -0.04553253
v -0.00805384 -0.96313393 -0.04039952
v -0.01015214 -0.96638668 -0.04428791
v -0.03535444 -1.06497073 -0.05555727
v -0.03102700 -1.07535684 -0.04445551
v -0.01313362 -0.97542024 -0.04806073
v -0.01179085 -0.97076589 -0.04692471
v -0.03658515 -1.06111062 -0.05751905
v -0.04043000 -1.03813314 -0.04678216
v -0.03838234 -1.03560436 -0.04614096
v -0.04134552 -1.04175735 -0.06569000
v -0.04185237 -1.04488850 -0.06473373
v -0.00488190 -0.97687584 -0.04874321
v -0.04091540 -1.03866994 -0.06327130
v -0.03864636 -1.03690290 -0.06476332
v -0.00265938 -0.97222048 -0.04781870
v -0.03383614 -1.07750607 -0.03082800
v -0.03992897 -1.07997727 -0.01989067
v -0.04053372 -1.03965306 -0.06571288
v -0.03816348 -1.03742647 -0.06734495
v -0.03549790 -1.07883751 -0.02700108
v -0.03318065 -1.07754576 -0.03113895
v -0.04206114 -1.04099417 -0.05693416
v -0.03217601 -1.07380223 -0.04884056
v 0.00297788 -0.98005450 -0.04785378
v 0.00614729 -0.97550058 -0.04663269
v 0.01265277 -0.98535597 -0.04661898
v 0.01626674 -0.98086214 -0.04460436
v -0.04179836 -1.04010582 -0.05158542
v 0.01950123 -0.99151689 -0.04709426
v 0.02441749 -0.98898327 -0.04426607
v -0.00558552 -0.96063495 -0.03505456
v -0.03448803 -1.07766581 -0.03020815
v -0.03490767 -1.07790971 -0.02967604
v -0.03949089 -1.05295670 -0.06068727
v 0.00236473 -0.96183670 -0.03562273
v 0.01084634 -0.96396506 -0.03440426
v 0.01879465 -0.96677768 -0.03157535
v 0.03114356 -0.97891617 -0.03472450
v -0.03773122 -1.07901561 -0.02584954
v -0.03250283 -1.03374600 -0.05785770
v -0.04176325 -1.03999639 -0.05990085
v -0.04133395 -1.03924680 -0.06180323
v -0.03198770 -1.03343034 -0.05583807
v 0.02808954 -0.97102499 -0.02775991
v 0.03816246 -0.97717988 -0.02403944
v -0.03048997 -1.07708764 -0.03627374
v 0.04804992 -0.98378557 -0.01778048
v -0.03354448 -1.07118416 -0.05193209
v -0.03460335 -1.06813931 -0.05414276
v 0.05918299 -0.99376279 -0.01334239
v 0.06920795 -1.00634766 -0.00997149
v -0.03365953 -1.03422689 -0.06005718
v 0.07516636 -1.01990926 -0.00722495
v 0.07646170 -1.03225863 -0.01278979
v -0.00617327 -0.98135352 -0.04865262
v -0.01393748 -0.98019743 -0.04812488
v 0.00115691 -0.98401165 -0.04820304
v -0.04134050 -1.04877603 -0.06306091
v 0.00944112 -0.98921472 -0.04798246
v 0.01496940 -0.99457181 -0.04883739
v 0.01846401 -1.00668812 -0.05281194
v -0.03342393 -1.03423929 -0.05341758
v 0.01810616 -1.00040913 -0.05074993
v 0.01469735 -1.01900876 -0.05615597
v 0.01714057 -1.01287627 -0.05466475
v 0.02338419 -1.02674937 -0.05614754
v 0.02703433 -1.01833010 -0.05308115
v 0.02207169 -1.01504469 -0.05399494
v -0.03575415 -1.03694582 -0.06970824
v -0.03958184 -1.03806555 -0.06532843
v 0.01912775 -1.02243376 -0.05622997
v 0.02750307 -1.03286135 -0.05614091
v 0.03210349 -1.02337337 -0.05203642
v -0.00346230 -0.95817858 -0.02980095
v -0.04855171 -1.09108794 -0.03134901
v -0.04733690 -1.08872187 -0.02925265
v 0.00368532 -0.95937681 -0.02990901
v 0.01143619 -0.96102756 -0.02852600
v 0.01847442 -0.96280742 -0.02515876
v 0.02605937 -0.96526450 -0.02098160
v 0.03531568 -0.96867830 -0.01626305
v 0.04659722 -0.97483331 -0.01059980
v -0.04509839 -1.09376526 -0.03991275
v -0.03148016 -1.09366488 -0.05308253
v -0.03553883 -1.09387982 -0.04970663
v 0.05831330 -0.98598707 -0.00516301
v -0.04634486 -1.08483839 -0.02651184
v -0.04582690 -1.08317423 -0.02491274
v -0.04628924 -1.08682740 -0.02745825
v -0.04661917 -1.08330321 -0.02623001
v -0.04679522 -1.08391571 -0.02667727
v 0.07059312 -1.00180221 -0.00242160
v -0.04560181 -1.08633375 -0.02651211
v 0.07663761 -1.01640904 -0.00019320
v -0.04555974 -1.08618021 -0.02625808
v 0.02340139 -0.95836496 -0.01170652
v -0.04817549 -1.09332347 -0.03486294
v 0.01633798 -0.95830762 -0.01556562
v 0.01046956 -0.95800734 -0.01834685
v -0.04577792 -1.08574390 -0.02632184
v -0.04513197 -1.08296239 -0.02322073
v 0.00550028 -0.95756304 -0.02058072
v -0.04347842 -1.08192384 -0.01861596
v 0.00217266 -0.95682126 -0.01810756
v -0.02777961 -1.09354556 -0.05592701
v -0.04604520 -1.10460985 -0.04392285
v -0.06181835 -1.10650766 -0.00922208
v 0.00637726 -0.95530367 -0.01148790
v -0.06268147 -1.10145640 -0.00459267
v 0.01116792 -0.95263791 -0.00822949
v -0.05697215 -1.06411171 -0.00858192
v -0.05797863 -1.06560838 -0.00512891
v -0.04364867 -1.09805548 -0.04560955
v 0.01553316 -0.94904882 -0.00621212
v 0.02327687 -0.99896431 -0.04907993
v 0.02883669 -0.99870378 -0.04665419
v 0.02923634 -1.00880349 -0.04971064
v 0.03536256 -1.01263356 -0.04781302
v -0.04780799 -1.12600923 -0.03538727
v -0.03072556 -1.17896295 0.00414803
v -0.04753087 -1.11815560 -0.03849235
v -0.05664502 -1.11105824 -0.02499774
v 0.03573260 -1.00074399 -0.04383807
v -0.03494374 -1.17330074 -0.00330633
v 0.02363915 -1.00691831 -0.05149351
v 0.04412596 -1.00557518 -0.04069957
v 0.04208563 -1.01828289 -0.04575936
v 0.03742109 -1.02990019 -0.05139013
v 0.04738835 -1.02461076 -0.04406023
v -0.06032591 -1.11033058 -0.01590476
v 0.05101883 -1.01247025 -0.03754197
v -0.05917411 -1.07220232 0.00290277
v -0.03340299 -1.11051106 -0.05229606
v -0.05967743 -1.07818842 0.00500708
v 0.04273984 -1.03516734 -0.04994297
v -0.04039310 -1.11065245 -0.04791150
v 0.00173241 -1.19713485 0.05466533
v 0.04724886 -1.04013133 -0.04833237
v 0.05140891 -1.03030610 -0.04227787
v 0.05552035 -1.01957345 -0.03593277
v 0.03130750 -0.98746920 -0.03986218
v -0.03692422 -1.09025979 -0.04493980
v 0.05966593 -1.02684605 -0.03347088
v -0.05126499 -1.06405318 -0.01849795
v -0.05320523 -1.06381178 -0.01567012
v 0.05113620 -1.04521227 -0.04638615
v -0.00711947 -1.19569075 0.04716948
v -0.05905546 -1.06948495 0.00086513
v -0.04742415 -1.14622152 -0.02691950
v -0.03191918 -1.08423471 -0.04404456
v -0.03352540 -1.08709514 -0.04385091
v -0.04461358 -1.15415597 -0.02119969
v 0.05539315 -1.03644359 -0.04002715
v 0.05556779 -1.05189121 -0.04355327
v 0.06121134 -1.04393923 -0.03560819
v -0.04183546 -1.16143036 -0.01542159
v 0.06566850 -1.03644228 -0.02890281
v 0.07515490 -1.04041362 -0.01811437
v -0.02610227 -1.18431592 0.01315721
v -0.03806753 -1.06694841 -0.03012524
v 0.08343053 -1.03416109 0.01140875
v -0.00348748 -1.02460313 -0.05654578
v -0.00942560 -1.02635574 -0.05669743
v -0.06288558 -1.09570611 -0.00048179
v -0.06235137 -1.08957529 0.00257386
v -0.01432999 -1.19331515 0.03576784
v -0.04575333 -1.06465590 -0.02426144
v -0.06094479 -1.08381736 0.00430436
v 0.01608381 -1.20072520 0.05545464
v -0.01542498 -1.02657330 -0.05745978
v -0.05875694 -1.06722629 -0.00192948
v -0.02007403 -1.02644527 -0.05782002
v -0.02419358 -1.02591503 -0.05714296
v -0.05257203 -1.11132550 -0.03333039
v -0.04878710 -1.06420350 -0.02135120
v -0.03066703 -1.08121574 -0.04299233
v -0.03459981 -1.06918204 -0.03310324
v -0.03234078 -1.07201111 -0.03591154
v -0.03851314 -1.16744316 -0.00971303
v -0.03083367 -1.07464170 -0.03858878
v -0.03020338 -1.07795584 -0.04154926
v -0.04200722 -1.06537795 -0.02756127
v -0.04829885 -1.13579440 -0.03176168
v -0.02050655 -1.18922770 0.02383436
v -0.05517963 -1.06390905 -0.01227743
v 0.03132154 -1.20287716 0.04994628
v -0.02766650 -1.11032271 -0.05542857
v -0.03042367 -1.07621622 -0.04029364
v -0.04024101 -1.09389281 -0.04536159
v -0.04715288 -1.11107361 -0.04139104
v -0.02246767 -0.99401808 -0.04669591
v -0.04343297 -1.01352608 -0.02936120
v -0.04369262 -1.01147866 -0.02698868
v -0.04164789 -1.00545192 -0.02450321
v -0.04012068 -1.01826191 -0.03838703
v -0.04213421 -1.01581311 -0.03306538
v -0.03580818 -0.99717915 -0.03336048
v -0.04336790 -1.00956488 -0.02541010
v -0.03223073 -0.99523062 -0.03852355
v -0.04273564 -1.00746477 -0.02453965
v -0.02810899 -0.99416286 -0.04277316
v -0.02694674 -1.02087963 -0.05450488
v -0.03465217 -1.02128625 -0.04891917
v -0.03123698 -1.02128279 -0.05252084
v -0.03755422 -1.02026272 -0.04393830
v -0.04026166 -1.00299633 -0.02569666
v -0.03829078 -1.00024152 -0.02836270
v -0.02989186 -1.03580952 -0.06818954
v -0.02940692 -1.03466725 -0.06533501
v -0.00461318 -1.07805157 -0.04722117
v -0.02018472 -1.03505790 -0.05891570
v -0.02549128 -1.05714607 -0.06572028
v -0.00612534 -1.07809067 -0.04716928
v -0.01760782 -1.03553748 -0.05877821
v -0.02370832 -1.06486177 -0.06193418
v -0.01619975 -1.07562661 -0.05269018
v -0.02481173 -1.06101823 -0.06390004
v -0.01356573 -1.03829706 -0.06202855
v -0.01409792 -1.03577781 -0.05981174
v -0.02944445 -1.04170799 -0.07250533
v -0.02835145 -1.04483545 -0.07238657
v -0.02761410 -1.03863192 -0.07073823
v -0.03003998 -1.03685021 -0.06956770
v -0.00317472 -1.07785249 -0.04828924
v 0.00924175 -1.08037448 -0.04816525
v -0.02989861 -1.03960586 -0.07171562
v -0.03249770 -1.03742802 -0.07048509
v 0.00091941 -1.07920194 -0.04790323
v -0.00375429 -1.07791042 -0.04785721
v -0.02155932 -1.04113555 -0.06853375
v -0.01945943 -1.07397473 -0.05585930
v -0.01703004 -1.04029584 -0.06566916
v -0.00229437 -1.07803047 -0.04862475
v -0.00164384 -1.07828140 -0.04870865
v -0.02607723 -1.05284464 -0.06812488
v 0.00301730 -1.07939053 -0.04928680
v -0.02714140 -1.03380990 -0.06079930
v -0.02424525 -1.04004049 -0.06975840
v -0.02612539 -1.03924727 -0.07035448
v -0.02566799 -1.03355646 -0.05923264
v -0.00940442 -1.07748353 -0.04816371
v -0.02145524 -1.07125103 -0.05863058
v -0.02284384 -1.06814682 -0.06068490
v -0.02847898 -1.03419137 -0.06290429
v -0.02721142 -1.04868054 -0.07089300
v -0.02285811 -1.03441107 -0.05911015
v -0.03005056 -1.03802478 -0.07064982
v 0.00371378 -1.09131873 -0.06176660
v 0.00493800 -1.08919621 -0.05953690
v -0.00510342 -1.09385490 -0.06251732
v -0.02334569 -1.09364104 -0.05759368
v -0.01837293 -1.09386754 -0.05921112
v 0.00658594 -1.08523786 -0.05711301
v 0.00770179 -1.08346128 -0.05574097
v 0.00586643 -1.08728182 -0.05763119
v 0.00697983 -1.08359158 -0.05710943
v 0.00667776 -1.08429480 -0.05752810
v 0.00628268 -1.08677769 -0.05644274
v 0.00648498 -1.08657265 -0.05624346
v 0.00063096 -1.09335446 -0.06294191
v 0.00653337 -1.08612943 -0.05646976
v 0.00874623 -1.08329272 -0.05427039
v 0.01188541 -1.08227932 -0.05049037
v -0.00830162 -1.10463047 -0.06539658
v 0.02870039 -1.10669971 -0.06097292
v 0.03317264 -1.10160375 -0.05949530
v 0.02745658 -1.06460357 -0.05698471
v 0.03096836 -1.06607449 -0.05621960
v -0.01086727 -1.09808326 -0.06421912
v -0.00074975 -1.12612128 -0.06152281
v 0.02380756 -1.17870104 -0.02663292
v -0.00323591 -1.11832976 -0.06325603
v 0.01285447 -1.11145377 -0.06503445
v 0.01964084 -1.17332137 -0.03418134
v 0.02221738 -1.11066151 -0.06276990
v 0.03809154 -1.07266462 -0.05334774
v -0.02205541 -1.11045790 -0.05844702
v 0.04022048 -1.07861280 -0.05276311
v -0.01452149 -1.11075044 -0.06214076
v 0.05045212 -1.19717658 0.02693471
v -0.01353623 -1.09040332 -0.05792594
v 0.01622438 -1.06457210 -0.05699222
v 0.01958733 -1.06436265 -0.05734611
v 0.04858192 -1.19575000 0.01544546
v 0.03636285 -1.06981230 -0.05427029
v 0.00648583 -1.14597988 -0.05632834
v -0.01525491 -1.08443356 -0.05303679
v -0.01431922 -1.08729696 -0.05442347
v 0.00975850 -1.15382528 -0.05156708
v 0.01269959 -1.16070569 -0.04594474
v 0.02899652 -1.18409395 -0.01812952
v -0.00027249 -1.06725490 -0.05139415
v 0.03681277 -1.09585655 -0.05783224
v 0.03908631 -1.08993089 -0.05602180
v 0.04237761 -1.19332409 0.00346049
v 0.00873937 -1.06512523 -0.05516678
v 0.04018307 -1.08410776 -0.05406969
v 0.04378141 -1.20065451 0.03965793
v 0.03406077 -1.06761217 -0.05536221
v 0.00378265 -1.11159337 -0.06563742
v 0.01256024 -1.06471229 -0.05619519
v -0.01511737 -1.08148742 -0.05172811
v -0.00469888 -1.06943858 -0.04986711
v -0.00819834 -1.07227969 -0.04943800
v 0.01592592 -1.16720533 -0.04051892
v -0.01119586 -1.07498765 -0.04958873
v -0.01406770 -1.07824540 -0.05060817
v 0.00403184 -1.06583571 -0.05342923
v 0.00249421 -1.13584065 -0.05987044
v 0.03534532 -1.18902063 -0.00775521
v 0.02345783 -1.06443930 -0.05733828
v -0.01286907 -1.07655668 -0.05017461
v -0.01222703 -1.09394217 -0.06101485
v -0.00564176 -1.11114955 -0.06487348
v 0.00314192 -1.01397657 -0.05592954
v 0.00524377 -1.01193404 -0.05484301
v 0.00623693 -1.00584888 -0.05158123
v -0.00629872 -1.01859379 -0.05786022
v -0.00073128 -1.01620972 -0.05698287
v -0.00438275 -0.99745440 -0.05134965
v 0.00646830 -1.01000035 -0.05380454
v -0.01036417 -0.99538648 -0.05074604
v 0.00685866 -1.00793147 -0.05261593
v -0.01627630 -0.99429744 -0.04920258
v -0.01819590 -1.02139664 -0.05824113
v -0.02299967 -1.02129912 -0.05717568
v -0.01249101 -1.02050209 -0.05827120
v 0.00459064 -1.00339496 -0.05108140
v 0.00138761 -1.00045967 -0.05107231
v 0.01499048 -1.08163977 -0.04565974
v -0.04081252 -1.08116639 -0.01351170
v 0.00716709 -1.07936537 -0.05609269
v 0.00605719 -1.07941592 -0.05487558
v 0.00520215 -1.07951558 -0.05346873
v 0.00466292 -1.07965446 -0.05198927
v 0.00716520 -1.07967937 -0.05614284
v 0.00605143 -1.08003354 -0.05497311
v 0.00519427 -1.08041191 -0.05361073
v 0.00465563 -1.08078527 -0.05216749
v 0.00721517 -1.07998395 -0.05622324
v 0.00615327 -1.08062816 -0.05513047
v 0.00534257 -1.08127594 -0.05383826
v 0.00484087 -1.08187366 -0.05245464
v 0.00731889 -1.08026409 -0.05632988
v 0.00635669 -1.08117974 -0.05534126
v 0.00563788 -1.08207512 -0.05414475
v 0.00521411 -1.08288217 -0.05284053
v 0.00747234 -1.08051097 -0.05646035
v 0.00665604 -1.08166373 -0.05559767
v 0.00607106 -1.08277929 -0.05451696
v 0.00575890 -1.08377028 -0.05331051
v 0.00766621 -1.08071589 -0.05660877
v 0.00703617 -1.08206403 -0.05588906
v 0.00662387 -1.08336115 -0.05494052
v 0.00645705 -1.08450365 -0.05384516
v 0.00789503 -1.08086908 -0.05677031
v 0.00748534 -1.08236492 -0.05620629
v 0.00727581 -1.08379745 -0.05540077
v 0.00727937 -1.08505404 -0.05442513
v 0.00815046 -1.08096600 -0.05693901
v 0.00798530 -1.08255506 -0.05653539
v 0.00800189 -1.08407259 -0.05587874
v 0.00819444 -1.08540046 -0.05502693
v 0.00842191 -1.08100128 -0.05710556
v 0.00851786 -1.08262479 -0.05686317
v 0.00877479 -1.08417463 -0.05635557
v 0.00916817 -1.08553052 -0.05562948
v 0.00869871 -1.08097529 -0.05726604
v 0.00906154 -1.08257413 -0.05717939
v 0.00956381 -1.08410072 -0.05681418
v 0.01016330 -1.08543634 -0.05620734
v 0.00897110 -1.08088815 -0.05741554
v 0.00959469 -1.08240390 -0.05746996
v 0.01033877 -1.08385348 -0.05723590
v 0.01113972 -1.08512545 -0.05673927
v 0.00922771 -1.08074462 -0.05754499
v 0.01009872 -1.08212042 -0.05772480
v 0.01107007 -1.08344293 -0.05760596
v 0.01206183 -1.08460724 -0.05720589
v 0.00945936 -1.08054733 -0.05765026
v 0.01055292 -1.08173513 -0.05793241
v 0.01172989 -1.08288360 -0.05790886
v 0.01289455 -1.08390260 -0.05758812
v 0.00965736 -1.08030725 -0.05773015
v 0.01094085 -1.08126318 -0.05808759
v 0.01229289 -1.08219790 -0.05813329
v 0.01360399 -1.08303666 -0.05787127
v 0.00981306 -1.08003139 -0.05777866
v 0.01124654 -1.08072233 -0.05818295
v 0.01273714 -1.08141208 -0.05827046
v 0.01416482 -1.08204567 -0.05804572
v 0.00992182 -1.07973039 -0.05779514
v 0.01145944 -1.08013308 -0.05821449
v 0.01304611 -1.08055663 -0.05831634
v 0.01455324 -1.08096695 -0.05810235
v 0.00997787 -1.07941723 -0.05777739
v 0.01156988 -1.07951796 -0.05818055
v 0.01320698 -1.07966280 -0.05826803
v 0.01475766 -1.07983971 -0.05804271
v 0.00998110 -1.07910264 -0.05772671
v 0.01157567 -1.07889938 -0.05808147
v 0.01321447 -1.07876658 -0.05812502
v 0.01476571 -1.07871032 -0.05786231
v 0.00992910 -1.07879853 -0.05764614
v 0.01147413 -1.07830572 -0.05792385
v 0.01306673 -1.07790279 -0.05789656
v 0.01458086 -1.07762074 -0.05757444
v 0.00982636 -1.07851815 -0.05753794
v 0.01127084 -1.07775486 -0.05771288
v 0.01277109 -1.07710326 -0.05759025
v 0.01420774 -1.07661390 -0.05718675
v 0.00967323 -1.07827234 -0.05740666
v 0.01097225 -1.07727122 -0.05745609
v 0.01233939 -1.07639980 -0.05721741
v 0.01366267 -1.07572448 -0.05671818
v 0.00947966 -1.07806718 -0.05725852
v 0.01059257 -1.07686985 -0.05716375
v 0.01178618 -1.07581842 -0.05679356
v 0.01296486 -1.07499242 -0.05618204
v 0.00925057 -1.07791364 -0.05709742
v 0.01014281 -1.07656860 -0.05684742
v 0.01113393 -1.07538199 -0.05633385
v 0.01214261 -1.07444143 -0.05560200
v 0.00899454 -1.07781625 -0.05693035
v 0.00964264 -1.07637882 -0.05651958
v 0.01040796 -1.07510638 -0.05585619
v 0.01122802 -1.07409537 -0.05499963
v 0.00872379 -1.07778037 -0.05676264
v 0.00911058 -1.07630837 -0.05619030
v 0.00963533 -1.07500386 -0.05537909
v 0.01025336 -1.07396460 -0.05439842
v 0.00844728 -1.07780612 -0.05660160
v 0.00856672 -1.07635891 -0.05587422
v 0.00884624 -1.07507634 -0.05492048
v 0.00925829 -1.07405853 -0.05382000
v 0.00817442 -1.07789361 -0.05645288
v 0.00803358 -1.07652926 -0.05558429
v 0.00807123 -1.07532382 -0.05449810
v 0.00828204 -1.07436907 -0.05328768
v 0.00791782 -1.07803726 -0.05632316
v 0.00752868 -1.07681203 -0.05532993
v 0.00733925 -1.07573438 -0.05412861
v 0.00735937 -1.07488728 -0.05282151
v 0.00768645 -1.07823443 -0.05621737
v 0.00707513 -1.07719707 -0.05512094
v 0.00667956 -1.07629323 -0.05382612
v 0.00652659 -1.07559144 -0.05243983
v 0.00748811 -1.07847476 -0.05613838
v 0.00668670 -1.07766926 -0.05496726
v 0.00611729 -1.07697928 -0.05360223
v 0.00581711 -1.07645702 -0.05215722
v 0.00849105 -1.07936502 -0.05707122
v 0.00733235 -1.07875109 -0.05609065
v 0.00638077 -1.07821059 -0.05487228
v 0.00567254 -1.07776511 -0.05346441
v 0.00525625 -1.07744837 -0.05198404
v 0.00722420 -1.07905197 -0.05607538
v 0.00616853 -1.07880068 -0.05484162
v 0.00536259 -1.07862222 -0.05342078
v 0.00486707 -1.07852745 -0.05192824
v 0.00407980 -1.07977080 -0.05064565
v 0.00324240 -1.07997251 -0.04845821
v 0.00286257 -1.08024907 -0.04602657
v 0.00296324 -1.08057415 -0.04357323
v 0.00354279 -1.08093655 -0.04119189
v 0.00457458 -1.08132160 -0.03897499
v 0.00602391 -1.08171391 -0.03700656
v 0.00783032 -1.08209896 -0.03536236
v 0.00992851 -1.08246183 -0.03410561
v 0.01223469 -1.08278894 -0.03328584
v 0.01466123 -1.08306706 -0.03293218
v 0.01711668 -1.08328605 -0.03306127
v 0.01950361 -1.08343720 -0.03366597
v 0.00406897 -1.08112943 -0.05085924
v 0.00322918 -1.08168292 -0.04872755
v 0.00284640 -1.08226085 -0.04634359
v 0.00294593 -1.08280933 -0.04392534
v 0.00352322 -1.08330917 -0.04156571
v 0.00455688 -1.08374035 -0.03935606
v 0.00600496 -1.08408606 -0.03738013
v 0.00781270 -1.08433366 -0.03571486
v 0.00991254 -1.08447361 -0.03442240
v 0.01222144 -1.08449924 -0.03355503
v 0.01465139 -1.08441150 -0.03314463
v 0.01710828 -1.08421183 -0.03320605
v 0.01949950 -1.08390880 -0.03374033
v 0.00429319 -1.08243942 -0.05120491
v 0.00350982 -1.08333433 -0.04916268
v 0.00317720 -1.08420181 -0.04685526
v 0.00331341 -1.08496571 -0.04449349
v 0.00391315 -1.08559918 -0.04216972
v 0.00495314 -1.08607507 -0.03997120
v 0.00639365 -1.08637619 -0.03798348
v 0.00817990 -1.08648992 -0.03628303
v 0.01024236 -1.08641434 -0.03493458
v 0.01250155 -1.08615041 -0.03399041
v 0.01487126 -1.08570755 -0.03348579
v 0.01726064 -1.08510530 -0.03344188
v 0.01957722 -1.08436441 -0.03386030
v 0.00473996 -1.08365178 -0.05166827
v 0.00407391 -1.08486056 -0.04974655
v 0.00384056 -1.08599639 -0.04754229
v 0.00405072 -1.08696079 -0.04525726
v 0.00469533 -1.08771598 -0.04297982
v 0.00575095 -1.08823359 -0.04079722
v 0.00717658 -1.08849299 -0.03879408
v 0.00891654 -1.08848548 -0.03704683
v 0.01090538 -1.08820963 -0.03562099
v 0.01306440 -1.08767700 -0.03457443
v 0.01531388 -1.08690751 -0.03394480
v 0.01756577 -1.08593071 -0.03375831
v 0.01973201 -1.08478546 -0.03402170
v 0.00539597 -1.08471930 -0.05223275
v 0.00490001 -1.08620477 -0.05045654
v 0.00481112 -1.08757722 -0.04837794
v 0.00512940 -1.08871698 -0.04618568
v 0.00584084 -1.08958030 -0.04396575
v 0.00691864 -1.09013498 -0.04180270
v 0.00832149 -1.09035742 -0.03977989
v 0.00999497 -1.09024143 -0.03797503
v 0.01187530 -1.08979023 -0.03645690
v 0.01389016 -1.08902097 -0.03528549
v 0.01596231 -1.08796382 -0.03450375
v 0.01801176 -1.08665919 -0.03414296
v 0.01996039 -1.08515620 -0.03421787
v 0.00623393 -1.08560026 -0.05287588
v 0.00595502 -1.08731520 -0.05126691
v 0.00605217 -1.08888257 -0.04932969
v 0.00650823 -1.09016776 -0.04724366
v 0.00730427 -1.09112132 -0.04508895
v 0.00841051 -1.09170580 -0.04294792
v 0.00978516 -1.09189820 -0.04090334
v 0.01137320 -1.09169221 -0.03903335
v 0.01311589 -1.09109533 -0.03740938
v 0.01494480 -1.09013164 -0.03609499
v 0.01679160 -1.08883572 -0.03513968
v 0.01858365 -1.08725953 -0.03458185
v 0.02025067 -1.08546257 -0.03444112
v 0.00722260 -1.08626127 -0.05357245
v 0.00720038 -1.08814847 -0.05214482
v 0.00751550 -1.08986282 -0.05036227
v 0.00813415 -1.09125721 -0.04839106
v 0.00902977 -1.09227777 -0.04630692
v 0.01017061 -1.09288454 -0.04418984
v 0.01150970 -1.09305477 -0.04212044
v 0.01299881 -1.09278142 -0.04018051
v 0.01457886 -1.09207535 -0.03844128
v 0.01618977 -1.09096456 -0.03697297
v 0.01776969 -1.08949089 -0.03582961
v 0.01925677 -1.08771098 -0.03505670
v 0.02059414 -1.08569217 -0.03468331
v 0.00832294 -1.08667827 -0.05429593
v 0.00858713 -1.08867335 -0.05305714
v 0.00914558 -1.09048057 -0.05143530
v 0.00994525 -1.09194374 -0.04958336
v 0.01095261 -1.09300590 -0.04757292
v 0.01213023 -1.09362578 -0.04548045
v 0.01343251 -1.09378278 -0.04338698
v 0.01480984 -1.09346735 -0.04137240
v 0.01620875 -1.09269297 -0.03951460
v 0.01757571 -1.09148896 -0.03788599
v 0.01885786 -1.08990288 -0.03654622
v 0.02000635 -1.08799517 -0.03555025
v 0.02097684 -1.08583713 -0.03493520
v 0.00949321 -1.08683383 -0.05502039
v 0.01006105 -1.08886945 -0.05396914
v 0.01087915 -1.09071136 -0.05250752
v 0.01187107 -1.09219909 -0.05077400
v 0.01299678 -1.09327674 -0.04883676
v 0.01421377 -1.09390354 -0.04676948
v 0.01547705 -1.09405398 -0.04465121
v 0.01673508 -1.09372342 -0.04256373
v 0.01794189 -1.09292328 -0.04058643
v 0.01904930 -1.09168494 -0.03879715
v 0.02001618 -1.09005737 -0.03726277
v 0.02080421 -1.08810115 -0.03604366
v 0.02138337 -1.08589125 -0.03518654
v 0.01068909 -1.08672214 -0.05571520
v 0.01156594 -1.08872914 -0.05484466
v 0.01265003 -1.09054589 -0.05353759
v 0.01383769 -1.09201586 -0.05191825
v 0.01508483 -1.09308243 -0.05005157
v 0.01634367 -1.09370470 -0.04800783
v 0.01756475 -1.09385920 -0.04586581
v 0.01870163 -1.09354019 -0.04370797
v 0.01971224 -1.09275818 -0.04161644
v 0.02055466 -1.09154487 -0.03967266
v 0.02119908 -1.08994651 -0.03795140
v 0.02161921 -1.08802521 -0.03651784
v 0.02179913 -1.08585262 -0.03542797
v 0.01186375 -1.08634722 -0.05635478
v 0.01304658 -1.08825779 -0.05565090
v 0.01438979 -1.08999097 -0.05448582
v 0.01577096 -1.09139967 -0.05297229
v 0.01713754 -1.09242892 -0.05117075
v 0.01843681 -1.09303820 -0.04914851
v 0.01961721 -1.09320569 -0.04698476
v 0.02063507 -1.09292376 -0.04476154
v 0.02145206 -1.09220386 -0.04256473
v 0.02203437 -1.09107327 -0.04047971
v 0.02236094 -1.08957648 -0.03858452
v 0.02241989 -1.08776927 -0.03695403
v 0.02220710 -1.08572221 -0.03565085
v 0.01297176 -1.08572507 -0.05691562
v 0.01444273 -1.08747292 -0.05635757
v 0.01603172 -1.08906865 -0.05531640
v 0.01759557 -1.09037483 -0.05389448
v 0.01907383 -1.09134042 -0.05214924
v 0.02041055 -1.09192872 -0.05014696
v 0.02155287 -1.09211683 -0.04796322
v 0.02245922 -1.09189832 -0.04568381
v 0.02309341 -1.09128177 -0.04339456
v 0.02343073 -1.09028912 -0.04118580
v 0.02345864 -1.08896041 -0.03913942
v 0.02317501 -1.08734548 -0.03733571
v 0.02259245 -1.08550620 -0.03584578
v 0.01397164 -1.08487725 -0.05737483
v 0.01570196 -1.08640540 -0.05693581
v 0.01751212 -1.08781421 -0.05599644
v 0.01924127 -1.08898020 -0.05465024
v 0.02082075 -1.08986020 -0.05295164
v 0.02219139 -1.09041905 -0.05096506
v 0.02330053 -1.09063697 -0.04876590
v 0.02410422 -1.09050453 -0.04643999
v 0.02457412 -1.09002674 -0.04407502
v 0.02469001 -1.08922195 -0.04176402
v 0.02444775 -1.08812201 -0.03959366
v 0.02385731 -1.08676803 -0.03764920
v 0.02293918 -1.08521116 -0.03600506
v 0.01482489 -1.08383846 -0.05771636
v 0.01677649 -1.08509612 -0.05736543
v 0.01877567 -1.08627427 -0.05650047
v 0.02064463 -1.08727026 -0.05521110
v 0.02231127 -1.08804405 -0.05354663
v 0.02371085 -1.08856821 -0.05157206
v 0.02479074 -1.08882082 -0.04936125
v 0.02550787 -1.08879399 -0.04699963
v 0.02583662 -1.08848739 -0.04457919
v 0.02576403 -1.08791280 -0.04219301
v 0.02529179 -1.08709347 -0.03993075
v 0.02443833 -1.08605862 -0.03788123
v 0.02323593 -1.08485079 -0.03612358
v 0.01549754 -1.08264732 -0.05792454
v 0.01762455 -1.08359563 -0.05762810
v 0.01977212 -1.08450985 -0.05680989
v 0.02175217 -1.08530903 -0.05555554
v 0.02348709 -1.08596361 -0.05391189
v 0.02491016 -1.08644557 -0.05194363
v 0.02596669 -1.08674073 -0.04972536
v 0.02661551 -1.08683312 -0.04734331
v 0.02683395 -1.08672309 -0.04488776
v 0.02661141 -1.08641243 -0.04245550
v 0.02595771 -1.08591378 -0.04013672
v 0.02489684 -1.08524704 -0.03802281
v 0.02346930 -1.08443642 -0.03619590
v 0.01596580 -1.08134985 -0.05799433
v 0.01821380 -1.08195949 -0.05771653
v 0.02046547 -1.08258748 -0.05691281
v 0.02252156 -1.08317304 -0.05567053
v 0.02430341 -1.08369613 -0.05403209
v 0.02574138 -1.08413482 -0.05206561
v 0.02678286 -1.08447289 -0.04984517
v 0.02738539 -1.08469760 -0.04745567
v 0.02752565 -1.08480144 -0.04498925
v 0.02719984 -1.08477724 -0.04254117
v 0.02641970 -1.08463025 -0.04020429
v 0.02521589 -1.08436275 -0.03806991
v 0.02363198 -1.08398581 -0.03621955
v 0.01621016 -1.07999420 -0.05792344
v 0.01852157 -1.08025360 -0.05762624
v 0.02082718 -1.08058059 -0.05680612
v 0.02292302 -1.08094382 -0.05554846
v 0.02472840 -1.08133042 -0.05390304
v 0.02617538 -1.08172297 -0.05193399
v 0.02720747 -1.08210778 -0.04971495
v 0.02778583 -1.08247018 -0.04733381
v 0.02788741 -1.08279586 -0.04487931
v 0.02750655 -1.08307242 -0.04244741
v 0.02666133 -1.08329034 -0.04013140
v 0.02538186 -1.08343935 -0.03801911
v 0.02371701 -1.08351505 -0.03619388
v 0.01622124 -1.07863653 -0.05770833
v 0.01853503 -1.07854342 -0.05735596
v 0.02084289 -1.07856929 -0.05648837
v 0.02294055 -1.07870996 -0.05519668
v 0.02474763 -1.07895768 -0.05352884
v 0.02619432 -1.07930446 -0.05155159
v 0.02722697 -1.07973564 -0.04934137
v 0.02780347 -1.08023524 -0.04698162
v 0.02790268 -1.08078444 -0.04456159
v 0.02751990 -1.08136225 -0.04217771
v 0.02667107 -1.08194602 -0.03991879
v 0.02538943 -1.08251381 -0.03787321
v 0.02372039 -1.08304346 -0.03611945
v 0.01599756 -1.07732737 -0.05735964
v 0.01825427 -1.07689309 -0.05691838
v 0.02051193 -1.07662916 -0.05597503
v 0.02257294 -1.07655406 -0.05462686
v 0.02435862 -1.07666850 -0.05292483
v 0.02579863 -1.07696962 -0.05093603
v 0.02683819 -1.07744575 -0.04873730
v 0.02743658 -1.07807887 -0.04641246
v 0.02757292 -1.07884347 -0.04405018
v 0.02723976 -1.07971132 -0.04174218
v 0.02645108 -1.08064997 -0.03957734
v 0.02523648 -1.08162045 -0.03763779
v 0.02364283 -1.08258772 -0.03599925
v 0.01555027 -1.07611632 -0.05689598
v 0.01768964 -1.07536769 -0.05633358
v 0.01984846 -1.07483530 -0.05528654
v 0.02183682 -1.07455909 -0.05386234
v 0.02357625 -1.07455170 -0.05211360
v 0.02500087 -1.07481098 -0.05010922
v 0.02605566 -1.07532895 -0.04792658
v 0.02670022 -1.07608438 -0.04564897
v 0.02690952 -1.07704890 -0.04336281
v 0.02667651 -1.07818484 -0.04115827
v 0.02600855 -1.07944965 -0.03911823
v 0.02493162 -1.08079457 -0.03732141
v 0.02348774 -1.08216619 -0.03583839
v 0.01489443 -1.07504964 -0.05633028
v 0.01686360 -1.07402444 -0.05562022
v 0.01887842 -1.07325506 -0.05444986
v 0.02075787 -1.07280350 -0.05293280
v 0.02243128 -1.07268775 -0.05112676
v 0.02383399 -1.07291007 -0.04910391
v 0.02491063 -1.07346475 -0.04694005
v 0.02562156 -1.07432783 -0.04471979
v 0.02593919 -1.07546806 -0.04252730
v 0.02585092 -1.07684064 -0.04044764
v 0.02536033 -1.07839322 -0.03856000
v 0.02448567 -1.08006620 -0.03693682
v 0.02325948 -1.08179617 -0.03564180
v 0.01405624 -1.07416892 -0.05568731
v 0.01580814 -1.07291460 -0.05480970
v 0.01763773 -1.07195044 -0.05349622
v 0.01937940 -1.07135284 -0.05187406
v 0.02096757 -1.07114697 -0.05000272
v 0.02234203 -1.07133961 -0.04795830
v 0.02344694 -1.07192397 -0.04581630
v 0.02424351 -1.07287776 -0.04366187
v 0.02469864 -1.07416308 -0.04157485
v 0.02479618 -1.07573080 -0.03963748
v 0.02453083 -1.07752132 -0.03792316
v 0.02391412 -1.07946599 -0.03649801
v 0.02296904 -1.08148956 -0.03541886
v 0.02173227 -1.08351457 -0.03472330
v 0.01306832 -1.07350814 -0.05498932
v 0.01456383 -1.07208180 -0.05393126
v 0.01617352 -1.07097018 -0.05246375
v 0.01775246 -1.07026386 -0.05072582
v 0.01924207 -1.06999063 -0.04878520
v 0.02058190 -1.07016087 -0.04671639
v 0.02172159 -1.07076776 -0.04459853
v 0.02261673 -1.07178819 -0.04251437
v 0.02323599 -1.07318282 -0.04054239
v 0.02355201 -1.07489729 -0.03875945
v 0.02355291 -1.07686627 -0.03723310
v 0.02324090 -1.07901549 -0.03602343
v 0.02262547 -1.08125961 -0.03517661
v 0.01196768 -1.07309055 -0.05426574
v 0.01317675 -1.07155740 -0.05301809
v 0.01454393 -1.07035267 -0.05139061
v 0.01594149 -1.06957817 -0.04953345
v 0.01731924 -1.06926274 -0.04751913
v 0.01862161 -1.06941974 -0.04542582
v 0.01979898 -1.07003951 -0.04333298
v 0.02080600 -1.07110190 -0.04132167
v 0.02160643 -1.07256532 -0.03946934
v 0.02216483 -1.07437289 -0.03784698
v 0.02246474 -1.07645428 -0.03651651
v 0.02249103 -1.07873023 -0.03552923
v 0.02224322 -1.08111513 -0.03492428
v 0.01079703 -1.07293439 -0.05354214
v 0.01170292 -1.07136071 -0.05210730
v 0.01281053 -1.07012260 -0.05031809
v 0.01401640 -1.06932187 -0.04834278
v 0.01527471 -1.06899166 -0.04625458
v 0.01653627 -1.06914186 -0.04413707
v 0.01775430 -1.06976879 -0.04206912
v 0.01888117 -1.07084632 -0.04013149
v 0.01987274 -1.07233453 -0.03839729
v 0.02069147 -1.07417655 -0.03693550
v 0.02130633 -1.07630026 -0.03580000
v 0.02169299 -1.07862508 -0.03503608
v 0.02183644 -1.08106089 -0.03467316
v 0.00960134 -1.07304621 -0.05284636
v 0.01019818 -1.07150126 -0.05123146
v 0.01103972 -1.07028747 -0.04928811
v 0.01204998 -1.06950533 -0.04719827
v 0.01318686 -1.06918573 -0.04504031
v 0.01440749 -1.06934083 -0.04289829
v 0.01566648 -1.06996322 -0.04085416
v 0.01691443 -1.07102942 -0.03898753
v 0.01810253 -1.07250011 -0.03736796
v 0.01918642 -1.07431722 -0.03605960
v 0.02012295 -1.07641113 -0.03511215
v 0.02087808 -1.07870018 -0.03456181
v 0.02142104 -1.08109951 -0.03443145
v 0.00842705 -1.07342100 -0.05220708
v 0.00871767 -1.07197261 -0.05042438
v 0.00930028 -1.07084215 -0.04834032
v 0.01011650 -1.07012177 -0.04614500
v 0.01113458 -1.06983960 -0.04392126
v 0.01231650 -1.07000721 -0.04175811
v 0.01361437 -1.07061672 -0.03973567
v 0.01498161 -1.07164621 -0.03793356
v 0.01636259 -1.07305467 -0.03641963
v 0.01770653 -1.07478845 -0.03525363
v 0.01896198 -1.07678139 -0.03447862
v 0.02007776 -1.07895613 -0.03412580
v 0.02101284 -1.08122981 -0.03420861
v 0.00731814 -1.07404196 -0.05164692
v 0.00732144 -1.07275677 -0.04971933
v 0.00765828 -1.07176423 -0.04751029
v 0.00829211 -1.07114720 -0.04522214
v 0.00919844 -1.07092822 -0.04294232
v 0.01034141 -1.07111633 -0.04075899
v 0.01167893 -1.07170534 -0.03875701
v 0.01315727 -1.07267094 -0.03701096
v 0.01472174 -1.07397699 -0.03558903
v 0.01631052 -1.07557273 -0.03454767
v 0.01786406 -1.07739758 -0.03392407
v 0.01932257 -1.07937992 -0.03374406
v 0.02062764 -1.08144569 -0.03401378
v 0.00631782 -1.07488966 -0.05118798
v 0.00606200 -1.07382369 -0.04914105
v 0.00617702 -1.07301843 -0.04683026
v 0.00664686 -1.07254100 -0.04446631
v 0.00745175 -1.07240868 -0.04214050
v 0.00856074 -1.07262647 -0.03994156
v 0.00993205 -1.07318544 -0.03795445
v 0.01151188 -1.07406545 -0.03625565
v 0.01324103 -1.07523131 -0.03490890
v 0.01505151 -1.07663977 -0.03396940
v 0.01687469 -1.07823575 -0.03346935
v 0.01863988 -1.07995796 -0.03343058
v 0.02028029 -1.08174109 -0.03385519
v 0.00546478 -1.07592833 -0.05084733
v 0.00498732 -1.07513237 -0.04871254
v 0.00491445 -1.07455802 -0.04632655
v 0.00524291 -1.07425141 -0.04390687
v 0.00596130 -1.07422447 -0.04154540
v 0.00704140 -1.07447696 -0.03933481
v 0.00844169 -1.07500148 -0.03735997
v 0.01010871 -1.07577527 -0.03569538
v 0.01197817 -1.07677054 -0.03440542
v 0.01397733 -1.07794881 -0.03354059
v 0.01603086 -1.07926357 -0.03313210
v 0.01805944 -1.08066678 -0.03319862
v 0.01998383 -1.08210123 -0.03373624
v 0.00479239 -1.07712018 -0.05063925
v 0.00413939 -1.07663274 -0.04845002
v 0.00391759 -1.07632232 -0.04601788
v 0.00413462 -1.07621181 -0.04356420
v 0.00478525 -1.07630455 -0.04118148
v 0.00584244 -1.07659936 -0.03896398
v 0.00726564 -1.07708144 -0.03699568
v 0.00900085 -1.07773590 -0.03535255
v 0.01098135 -1.07853532 -0.03409713
v 0.01312997 -1.07944906 -0.03327816
v 0.01536527 -1.08044326 -0.03292699
v 0.01760076 -1.08147860 -0.03305640
v 0.01975040 -1.08251536 -0.03366419
v 0.00432389 -1.07841730 -0.05057115
v 0.00355039 -1.07826805 -0.04836424
v 0.00322435 -1.07824397 -0.04591666
v 0.00336482 -1.07834673 -0.04345126
v 0.00396807 -1.07857180 -0.04106256
v 0.00500975 -1.07891011 -0.03884289
v 0.00644886 -1.07934904 -0.03687630
v 0.00823155 -1.07987130 -0.03523999
v 0.01028914 -1.08045697 -0.03399571
v 0.01254162 -1.08108401 -0.03319268
v 0.01490333 -1.08172655 -0.03285919
v 0.01728146 -1.08236265 -0.03300974
v 0.01958788 -1.08296609 -0.03364025
v -0.04904187 -1.07895541 -0.02377015
v -0.05014987 -1.07898414 -0.02256106
v -0.05100654 -1.07906687 -0.02116397
v -0.05155112 -1.07919645 -0.01969480
v -0.04905489 -1.07926738 -0.02383088
v -0.05017602 -1.07959676 -0.02268003
v -0.05104365 -1.07995629 -0.02133660
v -0.05159482 -1.08031833 -0.01991243
v -0.04901312 -1.07957017 -0.02392126
v -0.05009397 -1.08018923 -0.02285739
v -0.05092413 -1.08081675 -0.02159383
v -0.05144599 -1.08140302 -0.02023673
v -0.04891906 -1.07985115 -0.02403783
v -0.04990887 -1.08073986 -0.02308684
v -0.05065557 -1.08161676 -0.02192669
v -0.05110633 -1.08241141 -0.02065594
v -0.04877438 -1.08009875 -0.02417631
v -0.04962699 -1.08122742 -0.02335799
v -0.05024780 -1.08232439 -0.02232144
v -0.05059289 -1.08330512 -0.02115411
v -0.04858845 -1.08030677 -0.02433177
v -0.04926151 -1.08163297 -0.02366314
v -0.04971556 -1.08291316 -0.02276296
v -0.04992064 -1.08404732 -0.02171134
v -0.04836562 -1.08046305 -0.02449773
v -0.04882344 -1.08194113 -0.02398848
v -0.04907969 -1.08335996 -0.02323540
v -0.04911814 -1.08461094 -0.02230594
v -0.04811431 -1.08056450 -0.02466881
v -0.04833167 -1.08213937 -0.02432180
v -0.04836491 -1.08364844 -0.02372001
v -0.04821686 -1.08497393 -0.02291580
v -0.04784515 -1.08060575 -0.02483592
v -0.04780288 -1.08222055 -0.02465086
v -0.04759739 -1.08376646 -0.02419718
v -0.04724966 -1.08512342 -0.02351843
v -0.04756863 -1.08058655 -0.02499545
v -0.04725948 -1.08218253 -0.02496315
v -0.04680824 -1.08371067 -0.02465023
v -0.04625371 -1.08505201 -0.02408870
v -0.04729382 -1.08050585 -0.02514013
v -0.04672145 -1.08202410 -0.02524520
v -0.04602700 -1.08348155 -0.02505999
v -0.04526982 -1.08476377 -0.02460580
v -0.04703292 -1.08036792 -0.02526305
v -0.04620948 -1.08175373 -0.02548793
v -0.04528366 -1.08308935 -0.02541149
v -0.04433233 -1.08426893 -0.02504917
v -0.04679560 -1.08017755 -0.02536071
v -0.04574434 -1.08138156 -0.02568018
v -0.04460776 -1.08254874 -0.02569219
v -0.04347941 -1.08358753 -0.02540407
v -0.04659048 -1.07994318 -0.02543127
v -0.04534172 -1.08092201 -0.02581727
v -0.04402375 -1.08188009 -0.02589010
v -0.04274324 -1.08274424 -0.02565249
v -0.04642610 -1.07967317 -0.02546894
v -0.04501859 -1.08039033 -0.02589148
v -0.04355509 -1.08110976 -0.02599831
v -0.04215219 -1.08177233 -0.02578910
v -0.04630885 -1.07937634 -0.02547313
v -0.04478736 -1.07981062 -0.02590186
v -0.04321900 -1.08026695 -0.02601276
v -0.04172938 -1.08071029 -0.02580666
v -0.04624151 -1.07906663 -0.02544472
v -0.04465677 -1.07920182 -0.02584540
v -0.04302934 -1.07938349 -0.02593199
v -0.04148929 -1.07959616 -0.02570635
v -0.04622915 -1.07875466 -0.02538374
v -0.04463198 -1.07858932 -0.02572636
v -0.04299368 -1.07849443 -0.02575926
v -0.04144331 -1.07847297 -0.02548483
v -0.04626846 -1.07844913 -0.02529182
v -0.04471238 -1.07799721 -0.02554728
v -0.04311099 -1.07763433 -0.02549929
v -0.04159294 -1.07739139 -0.02516118
v -0.04636296 -1.07817149 -0.02517625
v -0.04489773 -1.07744622 -0.02531914
v -0.04337993 -1.07683468 -0.02516696
v -0.04193180 -1.07638288 -0.02474127
v -0.04650692 -1.07792354 -0.02503674
v -0.04517898 -1.07695901 -0.02504618
v -0.04378782 -1.07612705 -0.02477233
v -0.04244656 -1.07548976 -0.02424398
v -0.04669360 -1.07771611 -0.02488199
v -0.04554542 -1.07655382 -0.02474239
v -0.04432042 -1.07553792 -0.02433055
v -0.04311824 -1.07474756 -0.02368639
v -0.04691657 -1.07755947 -0.02471603
v -0.04598404 -1.07624543 -0.02441665
v -0.04495650 -1.07509089 -0.02385870
v -0.04392060 -1.07418346 -0.02309148
v -0.04716864 -1.07745767 -0.02454613
v -0.04647615 -1.07604611 -0.02408440
v -0.04567233 -1.07480192 -0.02337553
v -0.04482222 -1.07382035 -0.02248251
v -0.04743759 -1.07741630 -0.02437854
v -0.04700456 -1.07596493 -0.02375517
v -0.04643937 -1.07468379 -0.02289799
v -0.04578965 -1.07367003 -0.02188043
v -0.04771448 -1.07743573 -0.02422018
v -0.04754899 -1.07600307 -0.02344361
v -0.04722907 -1.07473981 -0.02244563
v -0.04678505 -1.07374167 -0.02130934
v -0.04798928 -1.07751656 -0.02407531
v -0.04808563 -1.07616091 -0.02316070
v -0.04800961 -1.07496905 -0.02203510
v -0.04776968 -1.07402945 -0.02079316
v -0.04824982 -1.07765400 -0.02395166
v -0.04859806 -1.07643092 -0.02291844
v -0.04875279 -1.07536054 -0.02168299
v -0.04870699 -1.07452369 -0.02034926
v -0.04848668 -1.07784462 -0.02385322
v -0.04906280 -1.07680440 -0.02272478
v -0.04942892 -1.07590115 -0.02140245
v -0.04956128 -1.07520401 -0.01999632
v -0.04869158 -1.07807839 -0.02378293
v -0.04946380 -1.07726407 -0.02258735
v -0.05001165 -1.07656896 -0.02120437
v -0.05029535 -1.07604814 -0.01974549
v -0.04772032 -1.07898366 -0.02474245
v -0.04885598 -1.07834911 -0.02374544
v -0.04978641 -1.07779515 -0.02251301
v -0.05047936 -1.07734013 -0.02109551
v -0.05088538 -1.07702005 -0.01960855
v -0.04897389 -1.07864594 -0.02373989
v -0.05001773 -1.07837427 -0.02250419
v -0.05081445 -1.07818353 -0.02108137
v -0.05130699 -1.07808161 -0.01959112
v -0.05214057 -1.07930088 -0.01836148
v -0.05298746 -1.07948709 -0.01618929
v -0.05337790 -1.07976151 -0.01377478
v -0.05328817 -1.08009458 -0.01133660
v -0.05272171 -1.08047295 -0.00897020
v -0.05170352 -1.08088541 -0.00676684
v -0.05027176 -1.08131444 -0.00480965
v -0.04848333 -1.08174396 -0.00317457
v -0.04640406 -1.08215654 -0.00192459
v -0.04411393 -1.08253670 -0.00110911
v -0.04170267 -1.08287048 -0.00075633
v -0.03926113 -1.08314371 -0.00088215
v -0.03688444 -1.08334720 -0.00148259
v -0.05219354 -1.08064818 -0.01862182
v -0.05305435 -1.08118355 -0.01651771
v -0.05345579 -1.08175600 -0.01416021
v -0.05337727 -1.08231032 -0.01176681
v -0.05281671 -1.08282733 -0.00942591
v -0.05180044 -1.08328605 -0.00723207
v -0.05036834 -1.08366871 -0.00526570
v -0.04857374 -1.08396065 -0.00360472
v -0.04648499 -1.08415222 -0.00231228
v -0.04418326 -1.08423340 -0.00143796
v -0.04175672 -1.08420420 -0.00101538
v -0.03929908 -1.08406281 -0.00106032
v -0.03690352 -1.08381546 -0.00157351
v -0.05201198 -1.08195269 -0.01901150
v -0.05282585 -1.08282864 -0.01700793
v -0.05318768 -1.08368933 -0.01473802
v -0.05307913 -1.08445847 -0.01240755
v -0.05250276 -1.08510780 -0.01010690
v -0.05148155 -1.08560991 -0.00792595
v -0.05005499 -1.08594942 -0.00594696
v -0.04827822 -1.08610868 -0.00424707
v -0.04621926 -1.08608520 -0.00288960
v -0.04395775 -1.08587766 -0.00192942
v -0.04157930 -1.08549476 -0.00140081
v -0.03917608 -1.08495212 -0.00132649
v -0.03684111 -1.08426869 -0.00170922
v -0.05160624 -1.08316493 -0.01951499
v -0.05231294 -1.08435559 -0.01764228
v -0.05258355 -1.08548498 -0.01548281
v -0.05240796 -1.08645487 -0.01323575
v -0.05179111 -1.08722544 -0.01098660
v -0.05075642 -1.08776999 -0.00882311
v -0.04934393 -1.08806586 -0.00682690
v -0.04760812 -1.08810377 -0.00507592
v -0.04561611 -1.08788061 -0.00363586
v -0.04344533 -1.08740461 -0.00256352
v -0.04117675 -1.08669555 -0.00189940
v -0.03889924 -1.08577812 -0.00166985
v -0.03669997 -1.08469033 -0.00188383
v -0.05098673 -1.08423769 -0.02011319
v -0.05153180 -1.08570719 -0.01839515
v -0.05166646 -1.08707464 -0.01636877
v -0.05138835 -1.08822012 -0.01421922
v -0.05070860 -1.08910072 -0.01203153
v -0.04965301 -1.08968115 -0.00988861
v -0.04826215 -1.08994126 -0.00787171
v -0.04658969 -1.08986998 -0.00606011
v -0.04469974 -1.08946991 -0.00452136
v -0.04266544 -1.08875632 -0.00331643
v -0.04056388 -1.08775711 -0.00249116
v -0.03847725 -1.08651042 -0.00207710
v -0.03648445 -1.08506250 -0.00209216
v -0.05017912 -1.08513057 -0.02078230
v -0.05051527 -1.08683157 -0.01923823
v -0.05047141 -1.08839631 -0.01736018
v -0.05005977 -1.08968925 -0.01532088
v -0.04929807 -1.09065962 -0.01320095
v -0.04821543 -1.09127164 -0.01108061
v -0.04685143 -1.09150064 -0.00904113
v -0.04526150 -1.09133840 -0.00716118
v -0.04350422 -1.09079194 -0.00551216
v -0.04164946 -1.08988047 -0.00415963
v -0.03976566 -1.08864057 -0.00315353
v -0.03792679 -1.08711886 -0.00253381
v -0.03620457 -1.08537340 -0.00232414
v -0.04921442 -1.08580709 -0.02149646
v -0.04929975 -1.08768523 -0.02013827
v -0.04904285 -1.08939981 -0.01841862
v -0.04847255 -1.09080422 -0.01649773
v -0.04761403 -1.09184408 -0.01444979
v -0.04649820 -1.09247899 -0.01235336
v -0.04516823 -1.09268522 -0.01028976
v -0.04367483 -1.09245420 -0.00833765
v -0.04207667 -1.09179568 -0.00657112
v -0.04043511 -1.09073424 -0.00506019
v -0.03881102 -1.08931065 -0.00386146
v -0.03726999 -1.08757997 -0.00302119
v -0.03586927 -1.08560848 -0.00257254
v -0.04813030 -1.08624434 -0.02222976
v -0.04793330 -1.08823502 -0.02106265
v -0.04743647 -1.09004712 -0.01950483
v -0.04668771 -1.09152329 -0.01770440
v -0.04571903 -1.09260726 -0.01573079
v -0.04456629 -1.09325695 -0.01365982
v -0.04327323 -1.09344828 -0.01157106
v -0.04189031 -1.09317386 -0.00954446
v -0.04047083 -1.09244275 -0.00765671
v -0.03906832 -1.09128451 -0.00598377
v -0.03773860 -1.08974302 -0.00458676
v -0.03653074 -1.08787870 -0.00352079
v -0.03549207 -1.08576059 -0.00282721
v -0.04696769 -1.08642364 -0.02295352
v -0.04646938 -1.08846045 -0.02197272
v -0.04571404 -1.09031272 -0.02057585
v -0.04477460 -1.09181869 -0.01889416
v -0.04368781 -1.09291983 -0.01699404
v -0.04249506 -1.09357667 -0.01494823
v -0.04124238 -1.09376144 -0.01283370
v -0.03997726 -1.09346879 -0.01073416
v -0.03874861 -1.09270871 -0.00872796
v -0.03760455 -1.09151006 -0.00689430
v -0.03658758 -1.08992100 -0.00530211
v -0.03573819 -1.08800101 -0.00401404
v -0.03508842 -1.08582306 -0.00307882
v -0.04577062 -1.08633840 -0.02363831
v -0.04496235 -1.08835316 -0.02283577
v -0.04394194 -1.09018636 -0.02159117
v -0.04280618 -1.09167886 -0.02002183
v -0.04159828 -1.09277225 -0.01819108
v -0.04036422 -1.09342432 -0.01616815
v -0.03915267 -1.09361339 -0.01403106
v -0.03800875 -1.09332871 -0.01186147
v -0.03697698 -1.09258223 -0.00974268
v -0.03609808 -1.09140265 -0.00775754
v -0.03540337 -1.08983636 -0.00598037
v -0.03492244 -1.08794296 -0.00448107
v -0.03467249 -1.08579338 -0.00331688
v -0.04458756 -1.08599210 -0.02425988
v -0.04347060 -1.08791697 -0.02361898
v -0.04218786 -1.08967328 -0.02251112
v -0.04085698 -1.09110844 -0.02104428
v -0.03952902 -1.09216714 -0.01927675
v -0.03825500 -1.09280860 -0.01727461
v -0.03708267 -1.09300828 -0.01511643
v -0.03605982 -1.09275854 -0.01288408
v -0.03522285 -1.09206891 -0.01066298
v -0.03460601 -1.09096718 -0.00853970
v -0.03423197 -1.08949387 -0.00659472
v -0.03411557 -1.08770657 -0.00490439
v -0.03426083 -1.08567274 -0.00353277
v -0.04346133 -1.08539820 -0.02479387
v -0.04205158 -1.08716905 -0.02429093
v -0.04051926 -1.08879304 -0.02330087
v -0.03900320 -1.09013021 -0.02192146
v -0.03756143 -1.09112883 -0.02020786
v -0.03624846 -1.09175003 -0.01822421
v -0.03511599 -1.09196997 -0.01604717
v -0.03420653 -1.09178066 -0.01376134
v -0.03355513 -1.09118903 -0.01145254
v -0.03318732 -1.09021890 -0.00921189
v -0.03311731 -1.08890569 -0.00712268
v -0.03334833 -1.08730114 -0.00526770
v -0.03386943 -1.08546674 -0.00371828
v -0.04243594 -1.08457947 -0.02521911
v -0.04076011 -1.08613694 -0.02482603
v -0.03900126 -1.08758020 -0.02393033
v -0.03731603 -1.08878207 -0.02262079
v -0.03577044 -1.08969688 -0.02094983
v -0.03442239 -1.09029019 -0.01898059
v -0.03332471 -1.09053779 -0.01678915
v -0.03251917 -1.09043193 -0.01445976
v -0.03203649 -1.08997595 -0.01208148
v -0.03189661 -1.08918643 -0.00974638
v -0.03210284 -1.08809519 -0.00754319
v -0.03264830 -1.08674324 -0.00555773
v -0.03351364 -1.08518183 -0.00386524
v -0.04155082 -1.08356619 -0.02551913
v -0.03964586 -1.08486247 -0.02520429
v -0.03769088 -1.08608031 -0.02437463
v -0.03585974 -1.08711529 -0.02311463
v -0.03422381 -1.08792758 -0.02147412
v -0.03284569 -1.08848572 -0.01951493
v -0.03177868 -1.08876848 -0.01731290
v -0.03106309 -1.08876550 -0.01495331
v -0.03072615 -1.08847558 -0.01252509
v -0.03078138 -1.08791113 -0.01012427
v -0.03122689 -1.08709264 -0.00783985
v -0.03204574 -1.08605206 -0.00576161
v -0.03320580 -1.08483005 -0.00396999
v -0.04084104 -1.08239841 -0.02568155
v -0.03875108 -1.08339143 -0.02541088
v -0.03663840 -1.08435142 -0.02461695
v -0.03469026 -1.08519351 -0.02338412
v -0.03298274 -1.08588850 -0.02176007
v -0.03158003 -1.08640671 -0.01980654
v -0.03053681 -1.08672953 -0.01759928
v -0.02989377 -1.08684325 -0.01522243
v -0.02967412 -1.08674622 -0.01276715
v -0.02988731 -1.08644044 -0.01032960
v -0.03052397 -1.08593631 -0.00800142
v -0.03156148 -1.08525670 -0.00587285
v -0.03295945 -1.08442438 -0.00402645
v -0.04033192 -1.08112073 -0.02570352
v -0.03811045 -1.08178139 -0.02543706
v -0.03588524 -1.08245897 -0.02464814
v -0.03385291 -1.08309090 -0.02341907
v -0.03209370 -1.08365583 -0.02179660
v -0.03067447 -1.08413041 -0.01984366
v -0.02964874 -1.08449674 -0.01763548
v -0.02905651 -1.08474100 -0.01525752
v -0.02892051 -1.08485413 -0.01279827
v -0.02924681 -1.08483052 -0.01035539
v -0.03002138 -1.08467281 -0.00802169
v -0.03121407 -1.08438563 -0.00588754
v -0.03278258 -1.08398008 -0.00403390
v -0.04004484 -1.07978272 -0.02558095
v -0.03774895 -1.08009601 -0.02528251
v -0.03545910 -1.08047640 -0.02446635
v -0.03338051 -1.08088875 -0.02321728
v -0.03159207 -1.08131766 -0.02158156
v -0.03016240 -1.08174670 -0.01962619
v -0.02914733 -1.08215916 -0.01742145
v -0.02858359 -1.08253896 -0.01505535
v -0.02849526 -1.08287191 -0.01261673
v -0.02888484 -1.08314550 -0.01020134
v -0.02973625 -1.08334851 -0.00790083
v -0.03101958 -1.08347332 -0.00580340
v -0.03268292 -1.08351552 -0.00399073
v -0.03998947 -1.07843506 -0.02531927
v -0.03767951 -1.07839942 -0.02495240
v -0.03537856 -1.07848048 -0.02407858
v -0.03329002 -1.07867134 -0.02278725
v -0.03149606 -1.07896399 -0.02112601
v -0.03006512 -1.07934642 -0.01915974
v -0.02905050 -1.07980514 -0.01696514
v -0.02849308 -1.08032179 -0.01462566
v -0.02841350 -1.08087671 -0.01222988
v -0.02881580 -1.08144867 -0.00987264
v -0.02968247 -1.08201432 -0.00764184
v -0.03098068 -1.08255434 -0.00562577
v -0.03266349 -1.08304667 -0.00390042
v -0.04016948 -1.07713056 -0.02492822
v -0.03790555 -1.07675409 -0.02446068
v -0.03564441 -1.07654762 -0.02350027
v -0.03358617 -1.07652390 -0.02214469
v -0.03180946 -1.07668328 -0.02044407
v -0.03038434 -1.07702231 -0.01846485
v -0.02936381 -1.07752442 -0.01628346
v -0.02878868 -1.07817376 -0.01398328
v -0.02867953 -1.07894361 -0.01165234
v -0.02904136 -1.07980430 -0.00938114
v -0.02985973 -1.08072352 -0.00725638
v -0.03110355 -1.08166504 -0.00535935
v -0.03272587 -1.08259320 -0.00376465
v -0.04057586 -1.07591820 -0.02442443
v -0.03841798 -1.07522738 -0.02382598
v -0.03624736 -1.07475197 -0.02275411
v -0.03425649 -1.07452846 -0.02131550
v -0.03252085 -1.07456601 -0.01956365
v -0.03110924 -1.07486224 -0.01756749
v -0.03007559 -1.07540762 -0.01540353
v -0.02945869 -1.07617855 -0.01315404
v -0.02928223 -1.07714760 -0.01090597
v -0.02955369 -1.07827735 -0.00874703
v -0.03026174 -1.07952309 -0.00675740
v -0.03138112 -1.08083892 -0.00501617
v -0.03286702 -1.08217180 -0.00359001
v -0.04119511 -1.07484579 -0.02382616
v -0.03919793 -1.07387638 -0.02307254
v -0.03716348 -1.07316232 -0.02186886
v -0.03527462 -1.07276249 -0.02033065
v -0.03360272 -1.07269120 -0.01851882
v -0.03221221 -1.07295156 -0.01650190
v -0.03115704 -1.07353234 -0.01435835
v -0.03047734 -1.07441306 -0.01217024
v -0.03019840 -1.07555854 -0.01002009
v -0.03033311 -1.07692575 -0.00799353
v -0.03087461 -1.07846165 -0.00616571
v -0.03180255 -1.08010697 -0.00460911
v -0.03308297 -1.08179986 -0.00338220
v -0.04200245 -1.07395291 -0.02315690
v -0.04021451 -1.07275200 -0.02222970
v -0.03835917 -1.07184064 -0.02087696
v -0.03660281 -1.07129407 -0.01922930
v -0.03501212 -1.07113147 -0.01734905
v -0.03364907 -1.07136071 -0.01531013
v -0.03256683 -1.07197332 -0.01318869
v -0.03180525 -1.07294393 -0.01106848
v -0.03139368 -1.07423687 -0.00902883
v -0.03134955 -1.07580161 -0.00715070
v -0.03167342 -1.07757878 -0.00550375
v -0.03235348 -1.07949829 -0.00415210
v -0.03336216 -1.08148873 -0.00314936
v -0.03466264 -1.08347273 -0.00253161
v -0.04296667 -1.07327604 -0.02244160
v -0.04142806 -1.07189846 -0.02132864
v -0.03978706 -1.07083702 -0.01981798
v -0.03819002 -1.07017803 -0.01805296
v -0.03669635 -1.06994665 -0.01610033
v -0.03536744 -1.07015312 -0.01403575
v -0.03425073 -1.07078838 -0.01194031
v -0.03339196 -1.07182837 -0.00989158
v -0.03282154 -1.07323325 -0.00797066
v -0.03256388 -1.07494783 -0.00625009
v -0.03262772 -1.07690787 -0.00479528
v -0.03301025 -1.07903695 -0.00366484
v -0.03369740 -1.08125365 -0.00290101
v -0.04405033 -1.07283854 -0.02170853
v -0.04279551 -1.07134819 -0.02040484
v -0.04139261 -1.07018936 -0.01873209
v -0.03997436 -1.06945837 -0.01684572
v -0.03859139 -1.06918359 -0.01481932
v -0.03729834 -1.06937528 -0.01273095
v -0.03614497 -1.07002521 -0.01065917
v -0.03517658 -1.07110858 -0.00868532
v -0.03442772 -1.07258558 -0.00688438
v -0.03392970 -1.07439768 -0.00532603
v -0.03370023 -1.07647574 -0.00407090
v -0.03374891 -1.07873845 -0.00316523
v -0.03407463 -1.08110154 -0.00264637
v -0.04521357 -1.07265902 -0.02098563
v -0.04425928 -1.07112181 -0.01949450
v -0.04311496 -1.06992376 -0.01766111
v -0.04188748 -1.06916296 -0.01565604
v -0.04062182 -1.06887090 -0.01355597
v -0.03936885 -1.06905532 -0.01144292
v -0.03817612 -1.06971240 -0.00939638
v -0.03708927 -1.07081389 -0.00749527
v -0.03614937 -1.07231975 -0.00581332
v -0.03539369 -1.07417154 -0.00441570
v -0.03485079 -1.07629788 -0.00335475
v -0.03454162 -1.07861710 -0.00267225
v -0.03447862 -1.08103955 -0.00239513
v -0.04641029 -1.07274401 -0.02030013
v -0.04576597 -1.07122958 -0.01863154
v -0.04488746 -1.07004952 -0.01664624
v -0.04385580 -1.06930351 -0.01452874
v -0.04271193 -1.06901884 -0.01235912
v -0.04150004 -1.06920791 -0.01022173
v -0.04026592 -1.06986022 -0.00819884
v -0.03905693 -1.07095361 -0.00636803
v -0.03792126 -1.07244611 -0.00479837
v -0.03690051 -1.07427931 -0.00355309
v -0.03603505 -1.07638228 -0.00267639
v -0.03535738 -1.07867420 -0.00220509
v -0.03489418 -1.08106935 -0.00215653
v -0.04759431 -1.07309067 -0.01967858
v -0.04725826 -1.07166505 -0.01784834
v -0.04664131 -1.07056284 -0.01572660
v -0.04580467 -1.06987357 -0.01350699
v -0.04478152 -1.06962407 -0.01127334
v -0.04360947 -1.06982398 -0.00911514
v -0.04233484 -1.07046545 -0.00711320
v -0.04100615 -1.07152414 -0.00534613
v -0.03967533 -1.07295942 -0.00387836
v -0.03839236 -1.07471490 -0.00276995
v -0.03720649 -1.07672465 -0.00206210
v -0.03616448 -1.07891142 -0.00178168
v -0.03530606 -1.08118939 -0.00194109
v -0.04872127 -1.07368386 -0.01914630
v -0.04867731 -1.07241297 -0.01717740
v -0.04831005 -1.07144332 -0.01493613
v -0.04765927 -1.07085156 -0.01262912
v -0.04674868 -1.07066274 -0.01034242
v -0.04561628 -1.07088256 -0.00816561
v -0.04430192 -1.07150400 -0.00618244
v -0.04286046 -1.07250273 -0.00446830
v -0.04134319 -1.07383990 -0.00308921
v -0.03981121 -1.07546353 -0.00209821
v -0.03832145 -1.07731259 -0.00153451
v -0.03693178 -1.07931590 -0.00141834
v -0.03569771 -1.08139598 -0.00175580
v -0.04974710 -1.07450283 -0.01872146
v -0.04996930 -1.07344460 -0.01664256
v -0.04982953 -1.07265604 -0.01430797
v -0.04934677 -1.07220030 -0.01193051
v -0.04854017 -1.07209504 -0.00960082
v -0.04744252 -1.07234275 -0.00740960
v -0.04609363 -1.07293630 -0.00544040
v -0.04454730 -1.07385063 -0.00376930
v -0.04286190 -1.07505298 -0.00246016
v -0.04110268 -1.07649565 -0.00156383
v -0.03933631 -1.07812333 -0.00111413
v -0.03763142 -1.07987392 -0.00112843
v -0.03605327 -1.08168077 -0.00160830
v -0.05063304 -1.07551587 -0.01842176
v -0.05108526 -1.07472062 -0.01626523
v -0.05114013 -1.07415652 -0.01386419
v -0.05080417 -1.07386649 -0.01143682
v -0.05008729 -1.07386410 -0.00907712
v -0.04901886 -1.07414675 -0.00687538
v -0.04764012 -1.07470548 -0.00491644
v -0.04600413 -1.07551801 -0.00327607
v -0.04417223 -1.07655334 -0.00201638
v -0.04221714 -1.07777107 -0.00118575
v -0.04021189 -1.07912588 -0.00081737
v -0.03823405 -1.08056509 -0.00092448
v -0.03636108 -1.08203208 -0.00150377
v -0.05134179 -1.07668304 -0.01825835
v -0.05198126 -1.07619071 -0.01605989
v -0.05219398 -1.07588494 -0.01362255
v -0.05197458 -1.07578862 -0.01116856
v -0.05132917 -1.07590306 -0.00879140
v -0.05028446 -1.07622623 -0.00658401
v -0.04888179 -1.07674456 -0.00463066
v -0.04717348 -1.07743919 -0.00300717
v -0.04522470 -1.07828236 -0.00177362
v -0.04311107 -1.07924175 -0.00098029
v -0.04091495 -1.08028245 -0.00065599
v -0.03871841 -1.08136070 -0.00081317
v -0.03660740 -1.08243823 -0.00144729
v -0.05185095 -1.07796097 -0.01823749
v -0.05262457 -1.07780087 -0.01603485
v -0.05295052 -1.07777643 -0.01359208
v -0.05281401 -1.07789052 -0.01113455
v -0.05221886 -1.07813525 -0.00875516
v -0.05119072 -1.07850242 -0.00654754
v -0.04977037 -1.07897723 -0.00459456
v -0.04801069 -1.07954204 -0.00297306
v -0.04597763 -1.08017445 -0.00174281
v -0.04375173 -1.08085179 -0.00095460
v -0.04141746 -1.08154583 -0.00063563
v -0.03906552 -1.08223152 -0.00079835
v -0.03678460 -1.08288252 -0.00144024
f 4 2 1
f 8 6 5
f 13 15 14
f 17 19 18
f 32 30 29
f 36 34 33
f 37 39 38
f 21 23 20
f 25 27 24
f 41 43 42
f 48 46 45
f 52 50 49
f 53 55 54
f 60 58 57
f 29 62 61
f 66 64 63
f 67 6 68
f 72 70 69
f 76 74 73
f 77 79 78
f 81 83 82
f 59 86 85
f 88 90 89
f 96 94 93
f 100 98 97
f 101 103 102
f 106 34 87
f 108 115 107
f 117 36 118
f 124 126 125
f 131 129 128
f 132 134 133
f 142 140 139
f 148 60 147
f 144 127 124
f 149 151 150
f 156 154 153
f 159 158 157
f 116 164 105
f 171 169 168
f 174 173 172
f 179 181 180
f 186 188 187
f 194 196 195
f 199 139 198
f 206 208 207
f 213 211 210
f 202 214 201
f 96 216 54
f 92 43 44
f 97 246 100
f 250 229 228
f 252 58 253
f 258 256 255
f 260 229 259
f 110 112 113
f 114 263 109
f 265 267 266
f 56 270 269
f 274 249 250
f 185 63 64
f 280 278 276
f 285 283 157
f 288 211 212
f 141 92 46
f 289 175 176
f 148 105 106
f 312 170 171
f 238 42 43
f 318 160 317
f 310 308 307
f 241 325 324
f 160 240 317
f 47 307 308
f 108 315 164
f 345 86 119
f 348 350 349
f 356 358 357
f 355 353 352
f 363 32 362
f 149 150 176
f 364 253 365
f 366 368 367
f 183 371 63
f 163 161 160
f 209 101 208
f 378 165 166
f 379 381 380
f 383 3 4
f 284 386 385
f 387 389 388
f 391 229 249
f 73 397 396
f 405 407 406
f 203 411 410
f 414 413 412
f 1 357 4
f 277 131 275
f 254 57 58
f 358 415 351
f 417 386 408
f 401 192 420
f 419 127 143
f 421 182 422
f 103 302 409
f 428 368 174
f 380 359 356
f 62 266 323
f 140 431 430
f 357 351 348
f 356 379 380
f 415 403 434
f 437 436 435
f 438 440 439
f 188 450 449
f 452 454 453
f 265 181 421
f 224 64 225
f 237 213 427
f 275 128 458
f 281 460 459
f 50 79 461
f 73 282 281
f 468 466 465
f 390 352 359
f 482 484 483
f 489 487 486
f 493 495 494
f 472 470 469
f 502 500 499
f 220 222 223
f 512 143 66
f 518 511 80
f 513 230 286
f 205 31 244
f 189 451 188
f 163 532 8
f 533 225 251
f 446 447 412
f 335 540 334
f 544 546 545
f 329 291 292
f 199 262 238
f 385 416 550
f 532 191 247
f 363 118 243
f 236 237 250
f 578 580 579
f 573 571 570
f 561 562 272
f 241 259 240
f 590 592 591
f 545 595 594
f 503 155 504
f 606 624 623
f 478 480 479
f 646 648 647
f 590 689 684
f 564 651 650
f 728 184 727
f 714 716 715
f 692 575 693
f 541 581 578
f 346 248 400
f 161 230 160
f 128 94 95
f 698 704 703
f 574 576 575
f 290 401 328
f 630 725 726
f 733 735 734
f 755 496 493
f 759 481 760
f 757 762 761
f 764 466 467
f 768 9260 9261
f 759 488 489
f 492 475 771
f 474 769 473
f 773 465 772
f 771 486 483
f 484 775 491
f 774 489 486
f 495 764 756
f 495 761 494
f 137 784 136
f 325 797 547
f 165 51 52
f 369 29 370
f 730 568 569
f 90 301 89
f 243 516 242
f 800 806 805
f 817 808 816
f 816 823 822
f 306 447 807
f 815 809 808
f 829 828 825
f 726 501 502
f 274 424 423
f 879 881 880
f 884 879 885
f 219 217 211
f 906 904 897
f 455 205 542
f 898 830 829
f 903 880 881
f 906 897 898
f 377 519 165
f 923 948 946
f 946 951 950
f 8963 739 8961
f 900 886 880
f 225 65 144
f 182 442 422
f 809 947 824
f 954 962 961
f 927 965 966
f 885 880 886
f 925 966 967
f 343 341 340
f 965 971 968
f 968 970 969
f 972 969 973
f 963 981 978
f 336 338 339
f 992 827 828
f 810 996 959
f 1007 1002 1008
f 1012 827 1009
f 1011 1007 1008
f 294 292 291
f 907 920 919
f 1017 1019 1018
f 1020 1022 1021
f 1035 1020 1044
f 1061 1047 1046
f 1063 1046 1062
f 1044 1021 1045
f 1102 1097 1109
f 1116 1118 1117
f 1016 1014 1013
f 881 904 903
f 816 1127 817
f 1094 949 1097
f 514 167 515
f 146 81 82
f 1133 1130 1129
f 1102 1126 822
f 822 1116 816
f 1145 1148 1136
f 1076 1151 1069
f 1148 1086 1087
f 1109 1114 1136
f 1154 1156 1155
f 1153 967 1156
f 8815 463 9166
f 1144 1152 1151
f 1156 1163 1162
f 1164 1169 1165
f 1145 1176 1147
f 1114 1154 1171
f 1183 1164 1177
f 1184 1177 1185
f 1069 1062 1064
f 1023 1194 1022
f 1162 1170 1169
f 1195 1185 1191
f 1183 1176 1155
f 1201 1152 1196
f 1061 1201 1202
f 9277 843 9288
f 1203 1195 1034
f 1202 1184 1195
f 1218 1203 1217
f 1060 1202 1203
f 1225 1217 1219
f 671 694 670
f 1219 1024 1035
f 1217 1034 1024
f 1226 1015 1227
f 1243 1234 1233
f 1231 1229 1228
f 847 1233 843
f 843 1244 878
f 1233 1245 1244
f 1923 233 216
f 2100 499 500
f 9366 2135 9352
f 61 323 505
f 210 217 457
f 1299 1309 1300
f 9315 1231 9314
f 1066 1321 1322
f 1322 1228 1229
f 1060 1321 1047
f 1325 1323 1310
f 1244 1332 1330
f 1290 1242 1288
f 1337 1339 1338
f 1330 1340 1339
f 1341 1245 1294
f 1342 1332 1341
f 1343 1341 1344
f 1344 1294 1293
f 9309 1345 1346
f 1347 1342 1343
f 9308 1295 1345
f 1349 1348 1347
f 9313 1347 9305
f 9305 1343 9309
f 906 829 1353
f 905 1353 1354
f 865 1355 1357
f 1355 829 825
f 1357 825 826
f 1356 1353 1355
f 9286 1338 9285
f 866 1356 865
f 1358 1354 1356
f 9280 1337 9286
f 838 1012 841
f 1363 1338 1339
f 1368 1339 1340
f 1348 1340 1342
f 1371 9276 9281
f 524 526 523
f 528 530 527
f 1372 1369 1371
f 535 537 538
f 1367 1348 1350
f 1370 1359 1369
f 1369 9285 9276
f 1373 903 904
f 555 557 558
f 1374 910 1373
f 1373 905 1375
f 1374 1375 1376
f 1375 1354 1370
f 1378 908 1377
f 376 651 1387
f 1388 973 969
f 586 588 585
f 1390 1388 1391
f 1391 969 970
f 597 599 596
f 600 602 603
f 1392 970 979
f 608 610 607
f 612 523 611
f 614 616 613
f 617 25 24
f 620 622 619
f 1397 1391 1392
f 1398 1392 1399
f 1400 920 1378
f 1402 1165 1169
f 636 638 635
f 930 1402 929
f 641 643 644
f 929 1169 1170
f 1404 1403 1402
f 1411 1365 1406
f 1412 1415 1414
f 652 654 655
f 609 657 658
f 659 661 662
f 558 586 585
f 665 667 664
f 1413 1406 1412
f 1418 9262 9265
f 1417 1371 1416
f 1416 9281 9262
f 1419 1416 1418
f 1386 1374 1420
f 677 679 676
f 1385 1420 1421
f 1420 1376 1422
f 685 687 688
f 1421 1422 1423
f 528 691 658
f 1422 1372 1417
f 1018 747 1425
f 699 701 702
f 1424 579 1017
f 9115 1767 9112
f 700 711 712
f 1093 9206 1571
f 717 530 719
f 721 723 720
f 704 8987 8998
f 19 1426 1430
f 1429 1427 1426
f 1658 8986 8988
f 1439 1434 1438
f 1437 1435 1434
f 1426 1433 1432
f 1442 1432 1440
f 742 744 745
f 1432 1441 1440
f 751 753 750
f 1438 1403 1405
f 1446 1444 1443
f 1447 1446 1443
f 9312 1443 9300
f 1415 1445 1446
f 1414 1446 1448
f 2173 469 470
f 777 779 686
f 780 782 783
f 1676 1806 1675
f 9311 1349 9313
f 789 791 788
f 745 793 742
f 652 795 653
f 1455 1457 1456
f 1454 1350 1452
f 610 802 801
f 9283 698 703
f 1352 1045 1351
f 1015 1459 1460
f 811 813 814
f 2118 9269 2117
f 819 821 818
f 1466 1194 1190
f 1467 1465 1466
f 1182 1468 1467
f 832 833 831
f 835 837 834
f 1467 1190 1182
f 1469 1444 1445
f 840 712 690
f 1453 1469 1454
f 599 845 846
f 1226 9301 9307
f 851 853 850
f 855 856 854
f 858 860 857
f 861 863 864
f 1014 9307 9310
f 867 868 869
f 870 872 873
f 874 876 877
f 1310 1471 1309
f 1476 1427 1475
f 1461 1475 1460
f 887 889 890
f 788 892 891
f 894 896 893
f 1460 1227 1015
f 901 524 612
f 1465 1477 1464
f 1865 8944 1864
f 911 913 914
f 916 918 915
f 1850 8951 1851
f 921 895 894
f 1479 1436 1478
f 926 667 601
f 1481 563 1480
f 269 84 1482
f 931 933 916
f 934 614 869
f 936 688 937
f 938 662 939
f 1484 122 123
f 941 835 834
f 320 509 510
f 1849 8949 1850
f 84 1484 83
f 1487 1488 539
f 1757 8946 8953
f 365 1491 364
f 461 80 511
f 117 362 1496
f 1494 541 1495
f 926 957 958
f 1477 1433 1476
f 1709 1585 1700
f 119 1496 345
f 271 504 156
f 511 189 186
f 345 1492 365
f 255 344 254
f 57 299 132
f 1501 268 1500
f 267 1499 145
f 974 976 977
f 1678 1693 1676
f 9298 1807 9292
f 557 663 558
f 983 984 985
f 1443 9301 9300
f 421 268 265
f 989 991 988
f 1490 418 1504
f 279 309 310
f 997 676 679
f 998 999 875
f 1504 38 1505
f 1506 1507 1486
f 360 1508 1506
f 1506 207 360
f 939 1006 938
f 270 1483 269
f 66 546 512
f 1010 793 935
f 367 437 1509
f 244 363 243
f 1670 8978 1669
f 209 1510 226
f 235 1512 1511
f 1511 234 235
f 388 426 425
f 427 250 237
f 161 521 231
f 100 45 44
f 1025 608 1027
f 1029 1031 1028
f 939 1033 1032
f 41 594 99
f 1036 783 1037
f 702 1038 1039
f 1040 1042 1043
f 362 369 1493
f 187 477 186
f 70 539 198
f 1511 1521 234
f 1049 603 1048
f 613 869 614
f 860 1051 857
f 1005 1053 1006
f 753 1056 1054
f 1057 1059 1055
f 293 1522 292
f 288 1521 1522
f 292 1523 329
f 331 1508 1524
f 306 453 305
f 100 41 99
f 462 78 79
f 330 1524 462
f 635 1068 636
f 1485 1526 1528
f 206 1528 1510
f 1070 1072 831
f 942 1073 1074
f 916 1075 917
f 440 1530 439
f 157 1514 285
f 1529 5 1530
f 371 546 63
f 790 663 791
f 1077 857 1078
f 1403 1435 1165
f 1080 1082 1079
f 531 1529 440
f 21 1084 1085
f 272 1531 561
f 137 396 397
f 690 802 691
f 335 9011 581
f 1090 1029 1091
f 1092 794 1042
f 1533 137 138
f 661 1095 1096
f 69 445 72
f 1099 1101 1098
f 38 1536 1505
f 1104 1106 1103
f 852 1108 853
f 1377 909 1386
f 291 411 294
f 316 516 33
f 539 1533 534
f 1505 316 313
f 1110 1112 1113
f 1539 460 264
f 522 1537 1539
f 834 1120 1119
f 1122 1124 1121
f 612 1041 901
f 935 615 614
f 276 130 131
f 1686 8966 1685
f 193 1541 273
f 231 1540 287
f 556 982 557
f 365 85 345
f 190 318 1541
f 1810 9018 8972
f 9376 8956 9243
f 1132 985 1131
f 208 102 132
f 1134 662 661
f 1491 80 77
f 429 1542 147
f 1137 915 918
f 172 428 174
f 1139 1141 1142
f 549 54 55
f 1517 1518 296
f 976 1146 938
f 834 984 941
f 1543 286 115
f 1544 239 513
f 133 1544 1542
f 506 257 258
f 420 328 401
f 1158 1160 1157
f 587 1103 588
f 1513 1514 151
f 607 1027 608
f 304 1545 303
f 364 77 506
f 69 198 139
f 1006 976 938
f 700 1112 701
f 9329 8969 9239
f 1166 657 656
f 1167 858 1077
f 1300 8968 1299
f 1172 1174 1175
f 218 200 217
f 1179 1181 1178
f 372 97 98
f 89 227 88
f 1186 1188 1189
f 172 1517 1549
f 1482 81 1498
f 1090 1193 1030
f 394 353 1551
f 526 1198 1197
f 811 858 812
f 1199 1026 1025
f 606 697 696
f 1204 1206 743
f 1207 523 526
f 1209 867 613
f 914 685 936
f 1478 1441 1477
f 1029 1161 1091
f 1211 1213 1214
f 9310 1451 9311
f 844 1216 845
f 423 273 274
f 1220 1222 1083
f 22 1224 23
f 882 897 881
f 1519 173 387
f 1189 1232 1178
f 349 550 416
f 1071 1236 1072
f 1237 1239 745
f 1221 1189 1240
f 1510 1512 333
f 939 1241 1005
f 1556 5 67
f 1553 394 1551
f 404 67 347
f 1247 1249 1246
f 142 238 92
f 1251 635 1250
f 850 1253 851
f 1254 1077 1255
f 57 133 429
f 443 552 551
f 1187 1175 1188
f 1256 831 833
f 432 382 383
f 741 747 746
f 434 351 415
f 349 383 348
f 251 1481 1480
f 395 352 353
f 1518 1550 1551
f 1558 378 340
f 109 314 315
f 285 1513 407
f 395 393 392
f 202 410 1558
f 417 405 432
f 1246 1258 1247
f 3 297 2
f 1259 1261 1262
f 403 347 284
f 955 953 952
f 462 51 330
f 1096 687 1263
f 429 60 57
f 896 1265 932
f 1267 1268 1266
f 423 327 420
f 37 180 40
f 20 1187 1186
f 1256 1071 1070
f 155 156 504
f 1188 1269 1232
f 1236 1271 1262
f 1272 535 621
f 565 463 464
f 1273 745 1239
f 876 1255 1274
f 316 164 315
f 437 503 1509
f 194 1495 197
f 1275 864 863
f 624 631 630
f 1277 1137 1278
f 569 567 566
f 1481 125 366
f 324 547 326
f 1279 1107 1280
f 1525 329 1523
f 1281 1137 918
f 171 1553 1552
f 1488 396 1533
f 1557 1562 1559
f 1282 1206 1205
f 1053 1278 1281
f 778 607 1283
f 713 9010 9013
f 251 144 124
f 4 348 383
f 709 707 706
f 728 45 246
f 261 1563 544
f 789 1287 790
f 74 263 282
f 403 385 434
f 1178 1240 1189
f 1223 1289 1224
f 158 150 151
f 1220 1186 1221
f 296 354 433
f 784 1538 1566
f 1181 1291 1222
f 1269 1257 1246
f 1566 438 399
f 136 1566 1564
f 1563 169 1565
f 107 109 108
f 1297 1298 1296
f 1464 1476 1461
f 1520 507 508
f 1301 1303 1304
f 1306 1308 1305
f 175 1532 272
f 1532 200 201
f 1311 1312 1313
f 872 1315 1316
f 1317 1318 1319
f 9288 878 9280
f 1305 864 1276
f 1040 863 1320
f 1564 399 169
f 592 1575 591
f 591 1088 689
f 1581 1583 1582
f 1196 1147 1176
f 710 583 713
f 285 408 386
f 953 961 963
f 1594 1589 1593
f 1585 1587 1586
f 1592 1590 1589
f 9337 944 9351
f 1600 1598 1597
f 1604 1602 1601
f 1399 979 980
f 1589 1596 1595
f 1610 1608 1607
f 298 361 360
f 551 276 277
f 1627 9266 9271
f 859 818 860
f 1078 1328 1329
f 1555 1530 1556
f 572 680 681
f 772 776 774
f 977 918 917
f 404 392 393
f 1054 750 753
f 1644 1643 1642
f 932 1082 933
f 1067 1334 1068
f 1540 264 114
f 597 643 1336
f 471 762 470
f 1642 9283 9294
f 1644 9294 9295
f 923 950 927
f 96 548 95
f 520 522 521
f 445 443 442
f 849 848 842
f 480 755 493
f 1646 481 1639
f 311 1567 170
f 464 8941 8939
f 8941 1361 8939
f 234 236 235
f 190 192 191
f 153 152 149
f 231 286 230
f 1552 1551 1550
f 760 1648 488
f 9284 1649 9282
f 828 826 825
f 52 166 165
f 1663 1661 1660
f 287 115 286
f 668 670 669
f 634 640 639
f 553 559 554
f 118 33 516
f 492 491 490
f 8996 1651 8997
f 582 584 583
f 384 392 415
f 1381 1383 1380
f 1562 435 436
f 952 951 947
f 8973 583 584
f 1660 1667 1666
f 1394 1396 1393
f 1660 1664 1663
f 1671 1669 1668
f 1624 1673 1672
f 1407 1409 1410
f 1677 1675 1674
f 1613 1677 1625
f 1679 1676 1677
f 1626 9263 9266
f 534 198 539
f 176 150 159
f 803 734 800
f 400 191 192
f 65 143 144
f 8970 1656 8984
f 402 157 283
f 629 627 626
f 461 49 50
f 758 495 756
f 796 786 785
f 406 1513 1560
f 342 166 167
f 1694 1658 1695
f 1692 1694 1696
f 9001 1652 8996
f 9373 1703 9375
f 326 302 90
f 9368 1702 1706
f 9371 1698 1701
f 1699 9379 9370
f 1557 1560 1561
f 1127 1117 1128
f 400 289 346
f 1706 1707 1708
f 1707 1599 1600
f 1709 1708 1588
f 1714 1711 1713
f 9371 1709 1700
f 1704 1577 1703
f 1716 1713 1715
f 1559 1549 297
f 1722 1720 1719
f 1335 596 1489
f 410 377 378
f 973 1163 972
f 168 399 398
f 1571 1089 1093
f 1572 682 1571
f 749 647 754
f 1730 1723 1729
f 1594 1729 1592
f 1729 1591 1592
f 1731 1730 1583
f 1384 1377 1379
f 1732 1712 1714
f 1724 1731 1732
f 1712 1731 1580
f 1722 1732 1733
f 1721 1733 1734
f 1734 1716 1717
f 1735 1736 1697
f 1733 1714 1716
f 1663 1741 1668
f 1742 1740 1743
f 1738 1737 1735
f 1665 1666 1740
f 1665 1744 1664
f 1725 1746 1745
f 1591 1745 1590
f 1590 1747 1596
f 1745 1748 1747
f 1659 8982 8986
f 5650 8989 5617
f 1185 1182 1190
f 1664 1749 1741
f 1741 1739 1738
f 1746 1743 1748
f 1726 1742 1746
f 1153 924 925
f 1115 1153 1154
f 1654 9019 1655
f 1896 8993 1686
f 1720 1744 1726
f 1721 1749 1720
f 1750 1701 1698
f 1697 1750 1696
f 1151 1063 1062
f 1751 1670 1671
f 1695 1752 1751
f 961 986 981
f 1770 1768 1767
f 1766 1593 1765
f 1731 1579 1580
f 1579 1774 1578
f 9380 1771 9381
f 1764 9380 9369
f 1777 1775 1774
f 9214 1699 1700
f 1004 1128 1003
f 1774 1771 1772
f 987 1399 980
f 1578 1772 1764
f 1783 1781 1778
f 1597 1770 1767
f 639 9347 9336
f 9380 1769 1770
f 1793 1789 1788
f 9381 1798 1769
f 8952 9225 1806
f 1802 9376 9374
f 1788 1794 1793
f 1793 1795 1776
f 9225 1675 1806
f 1584 1783 1789
f 1771 9372 9381
f 1801 1798 1800
f 1768 1798 1799
f 1775 1797 1771
f 508 515 1520
f 1796 1802 1797
f 1800 9372 9374
f 1794 1804 1795
f 8976 1752 8991
f 485 1807 775
f 9261 1640 768
f 9289 1810 1653
f 485 1640 1808
f 1690 9222 9224
f 487 1648 1811
f 9291 1816 9274
f 9290 1648 9282
f 9291 1811 9290
f 1812 487 1811
f 1641 767 768
f 465 755 776
f 767 9275 9260
f 9274 9278 9299
f 1809 1815 767
f 9289 1651 9292
f 675 8985 8940
f 1814 1822 1821
f 1821 9273 9272
f 1824 1649 1825
f 1827 1850 1805
f 1668 1662 1663
f 1779 1848 1828
f 1790 1805 1794
f 1833 1853 1852
f 8965 693 575
f 1614 1616 1617
f 1852 8942 8945
f 1620 1622 1623
f 1855 1574 1861
f 1847 8945 8957
f 1766 1855 1782
f 1629 1631 1628
f 1633 1634 1632
f 1635 1637 1638
f 1848 1852 1847
f 1855 1863 1862
f 1803 1867 1802
f 1862 1831 1832
f 1782 1862 1781
f 9374 1865 1800
f 1873 1870 1869
f 1874 799 804
f 2045 9349 2044
f 1219 1295 1225
f 1615 1396 1395
f 9336 1877 1876
f 645 9238 9003
f 1345 1035 1346
f 634 9336 9332
f 15 1327 14
f 9362 1878 1893
f 1894 605 1893
f 8950 627 693
f 9004 645 9003
f 340 454 1558
f 1897 195 1898
f 1889 1877 1890
f 1901 129 1900
f 196 754 232
f 1705 9373 9368
f 340 166 343
f 1570 563 561
f 1904 194 1897
f 1781 1832 1780
f 1905 55 1906
f 1000 995 996
f 986 920 987
f 1191 1190 1194
f 2094 2075 2093
f 1920 1919 1915
f 453 1912 1911
f 1915 1918 1916
f 9334 2106 9353
f 1655 8975 1868
f 1916 1926 1925
f 704 9005 703
f 278 1925 1900
f 9009 1818 1820
f 1097 1115 1114
f 1927 727 1923
f 9030 9106 9210
f 1920 307 1929
f 1929 48 728
f 503 1497 1509
f 1902 787 796
f 1816 9272 9278
f 1925 1923 1924
f 1535 1568 1534
f 254 258 255
f 1509 366 367
f 119 35 36
f 219 293 294
f 141 47 431
f 542 244 245
f 1940 430 431
f 1779 1827 1790
f 1701 9367 9371
f 1661 8959 1667
f 270 754 647
f 197 749 196
f 1727 1212 1211
f 53 232 754
f 1465 1479 1478
f 1284 9306 1293
f 1951 412 413
f 168 1554 1553
f 1486 206 207
f 506 78 361
f 994 1007 993
f 951 963 964
f 1013 9313 1351
f 9278 1820 1818
f 1498 1954 1482
f 299 543 132
f 1754 1756 1753
f 1681 1683 1682
f 1696 1695 1697
f 13 738 737
f 473 475 474
f 482 768 1640
f 204 30 205
f 1761 820 819
f 611 1125 612
f 1501 1908 1909
f 1074 711 699
f 1960 82 83
f 120 1960 123
f 35 87 34
f 1773 1025 1031
f 1965 1569 1535
f 494 471 479
f 1966 1969 1968
f 446 1971 1967
f 174 125 126
f 1580 1578 1577
f 1785 1787 1784
f 1972 304 305
f 1254 875 999
f 1973 342 514
f 321 1973 509
f 1910 275 1907
f 509 514 508
f 1486 1527 1485
f 1974 804 1975
f 1977 1974 1978
f 1980 1966 1981
f 379 2 295
f 1718 1710 1701
f 884 992 883
f 1680 1678 1679
f 902 525 524
f 344 256 299
f 135 137 136
f 236 228 333
f 448 1967 1966
f 589 604 584
f 910 908 907
f 1981 1968 1987
f 1982 1987 1979
f 1988 1987 1989
f 1990 1989 1991
f 1991 1993 1992
f 322 320 319
f 992 830 883
f 1144 1086 1143
f 1995 1978 1994
f 1133 1118 1126
f 1997 1994 1996
f 870 1335 1489
f 805 1982 1998
f 727 2000 1999
f 1996 1988 1990
f 1994 1979 1988
f 1829 792 1273
f 1830 941 983
f 798 800 799
f 729 731 730
f 2011 2023 2022
f 1834 846 1159
f 402 284 347
f 2022 2024 2025
f 1838 989 988
f 810 952 809
f 1823 1840 644
f 1430 1432 1431
f 1215 1841 1079
f 149 176 177
f 1316 873 872
f 2112 1384 2106
f 1842 1844 1845
f 1159 845 1160
f 837 1846 1120
f 1971 2030 2027
f 517 370 189
f 858 833 812
f 1471 2027 1888
f 8995 626 627
f 2174 770 490
f 935 1854 1010
f 1613 1611 1618
f 1231 1225 1295
f 1856 891 892
f 1300 748 741
f 1150 1858 1859
f 1643 696 1642
f 1215 1264 1216
f 1320 902 901
f 1956 1944 1960
f 2031 669 1474
f 2034 1310 1299
f 1879 1656 1657
f 40 242 39
f 1992 2039 1456
f 888 957 889
f 1882 1996 1990
f 1078 1255 1077
f 1871 1192 1090
f 294 218 219
f 1323 2026 1471
f 123 83 1484
f 1324 2041 1323
f 384 359 352
f 1324 2038 2036
f 1883 1885 1829
f 287 114 107
f 1096 1134 661
f 915 931 916
f 806 1981 1982
f 8977 584 604
f 1425 2042 1018
f 1018 1948 1017
f 9006 740 8963
f 1948 649 646
f 1881 1990 1991
f 1900 130 278
f 992 994 993
f 923 925 924
f 9330 2047 9328
f 1643 625 606
f 2050 2051 2049
f 2045 1404 2047
f 9328 945 9337
f 1139 1079 1841
f 1037 892 982
f 2055 2057 2056
f 1198 718 717
f 1619 1612 1611
f 2058 1606 2059
f 2059 1607 2058
f 2058 1624 1605
f 71 179 37
f 405 1557 382
f 976 1006 977
f 322 1972 1911
f 2061 2063 2062
f 2066 2067 1825
f 2052 2064 2051
f 1609 2066 1647
f 1515 152 1516
f 1009 993 1007
f 1644 9267 2118
f 279 1916 278
f 1285 9314 1284
f 1647 1825 1649
f 2056 2067 2065
f 319 1953 1952
f 667 1913 1914
f 2070 625 2048
f 2052 2055 2063
f 2038 1655 1458
f 1606 2073 2072
f 1235 1270 1236
f 2072 2075 2074
f 2059 2072 2062
f 2074 2077 2076
f 1601 2078 2073
f 2049 1643 1645
f 1000 1001 994
f 1089 684 689
f 1931 1306 1930
f 1462 1021 1022
f 1932 1934 1935
f 875 1846 998
f 1936 1937 1938
f 44 46 92
f 1534 1956 120
f 1541 317 391
f 2081 2084 2083
f 146 1959 300
f 1360 1942 1361
f 985 1032 1033
f 1995 1892 2043
f 2079 2082 2081
f 2095 2076 2077
f 2081 2078 2079
f 2055 2054 2053
f 501 2095 500
f 2097 2099 2098
f 2098 2094 2083
f 2140 9345 9318
f 2141 9346 9345
f 2051 2048 2049
f 592 2101 1576
f 2071 2076 2096
f 2102 2098 2101
f 593 2102 592
f 1019 746 747
f 1950 12 1327
f 725 2096 501
f 1385 2104 1379
f 1379 2106 1384
f 2107 2100 2097
f 9360 502 9348
f 9348 499 9353
f 940 2109 944
f 928 1170 973
f 9320 684 9351
f 1962 1964 1961
f 9330 573 9349
f 2039 1968 1969
f 1389 2110 2109
f 1398 2113 1397
f 9209 9205 9195
f 9363 2107 2103
f 949 924 1115
f 260 324 326
f 1390 2113 2110
f 2070 2064 2071
f 9319 2103 593
f 2105 1421 2114
f 2114 1423 2115
f 9344 2115 9355
f 9360 2114 9344
f 554 1902 553
f 972 967 966
f 1765 1573 1574
f 1984 1986 1983
f 2053 2069 2057
f 9017 724 714
f 1625 1674 1673
f 9333 2119 2122
f 9355 2123 9356
f 56 1906 55
f 626 9331 629
f 2001 2003 2004
f 9364 2127 9359
f 2006 2008 2009
f 2127 1412 2128
f 2014 2016 2017
f 2018 2020 2021
f 1495 1947 197
f 1379 1386 1385
f 9266 1680 1618
f 2029 1884 2028
f 9354 2120 9339
f 629 9366 9324
f 682 943 1089
f 724 2121 716
f 1757 9273 9297
f 765 9296 9261
f 9303 715 9304
f 706 9322 9324
f 981 987 980
f 1457 1656 1880
f 2017 2032 2033
f 1458 1868 1457
f 1776 1792 1793
f 1959 1946 1958
f 9115 9177 9113
f 9365 2122 9302
f 1093 689 1088
f 966 968 972
f 9304 9333 9365
f 2172 2170 2171
f 670 2137 669
f 9213 1903 233
f 1429 28 1449
f 964 978 971
f 9293 1413 2127
f 1473 669 2137
f 9286 1359 1358
f 2138 1870 2137
f 1872 2137 1870
f 715 9340 9333
f 1881 1992 1880
f 9295 739 740
f 1837 8957 8958
f 253 59 85
f 1808 9292 1807
f 1647 9270 1609
f 9317 671 668
f 2112 9335 2111
f 1405 2044 1438
f 9281 1364 1366
f 273 391 249
f 576 8964 8999
f 9327 668 2031
f 1430 2140 2139
f 2136 9312 28
f 1430 18 19
f 9345 570 695
f 1442 2046 2141
f 1431 2141 2140
f 9321 9302 2136
f 9260 1817 766
f 9318 695 671
f 2142 798 2138
f 571 2142 694
f 9271 1618 1611
f 2143 2025 2142
f 694 2138 670
f 681 2144 572
f 2144 2022 2143
f 328 457 290
f 1572 2011 2144
f 630 9355 624
f 2085 2087 2088
f 2090 2092 2089
f 572 2143 571
f 1875 2153 2149
f 1873 2149 2154
f 2103 2097 2102
f 2157 2155 2156
f 2128 1414 2120
f 9326 589 582
f 9324 628 629
f 2149 2158 2159
f 2159 9357 9342
f 698 9354 705
f 9275 9279 1817
f 2158 9326 9357
f 1438 2046 1439
f 2035 2160 2161
f 2161 9341 9338
f 9323 605 589
f 9325 18 9327
f 370 61 451
f 649 413 648
f 2153 2156 2158
f 1428 1449 1450
f 1490 73 1488
f 9342 710 633
f 2155 9343 9323
f 1456 1880 1992
f 2125 2087 2124
f 2160 9342 9341
f 300 505 323
f 1064 1046 1065
f 2043 1891 2155
f 2129 2004 2003
f 2131 2133 2134
f 9300 1450 1449
f 1998 804 805
f 9331 9316 9366
f 474 490 770
f 1164 1182 1177
f 707 9361 9322
f 708 2162 707
f 2162 9338 9361
f 548 1905 458
f 1145 1114 1171
f 705 1650 704
f 2043 1977 1995
f 737 554 559
f 1034 1191 1023
f 458 1907 275
f 195 232 233
f 2040 1969 1970
f 2145 2147 2148
f 2054 2049 1645
f 9284 1639 9270
f 9 11 10
f 252 506 258
f 472 479 471
f 1865 9243 8947
f 900 910 907
f 1941 2151 1942
f 1921 1927 1919
f 2163 1898 2116
f 271 153 178
f 1904 12 9
f 282 264 460
f 1872 2154 2035
f 1326 1897 2163
f 628 693 627
f 1724 1719 1723
f 1549 436 172
f 1582 1730 1729
f 1921 1929 1928
f 9007 10 11
f 2152 1950 1949
f 475 774 771
f 769 2171 473
f 2171 476 473
f 476 772 475
f 1791 464 1760
f 2166 2168 2169
f 595 372 98
f 483 1641 482
f 762 2173 470
f 771 484 492
f 486 1809 483
f 297 1517 296
f 763 2174 762
f 776 759 489
f 184 2176 2000
f 412 303 414
f 2005 185 224
f 9263 1682 9298
f 2164 756 764
f 1472 2161 2162
f 950 964 965
f 2177 2179 2180
f 227 1510 333
f 764 467 2164
f 2182 2184 2181
f 2186 2018 2185
f 1985 2181 1986
f 214 729 1531
f 1545 1546 1569
f 865 842 866
f 849 1357 1362
f 452 1558 454
f 559 3188 737
f 16 737 3188
f 560 498 374
f 3193 3195 3194
f 3200 3198 3199
f 3211 3213 3212
f 3215 3217 3216
f 2187 2002 2001
f 3233 3235 3234
f 3223 3222 3224
f 3229 3231 3230
f 3245 3247 3246
f 2169 2189 2190
f 2192 2085 2191
f 2193 2195 2196
f 2198 2200 2197
f 1998 1979 1975
f 9116 9120 9123
f 3253 3255 3254
f 2116 1903 1902
f 1859 2009 1150
f 9356 2126 9358
f 1135 1087 1130
f 2201 2015 2014
f 1149 110 1858
f 3261 3263 3262
f 3269 3271 3270
f 3265 3267 3266
f 3229 3284 3283
f 3289 3291 3290
f 3299 3301 3300
f 3307 3264 3308
f 3293 3295 3294
f 3297 3224 3298
f 3319 3291 3320
f 3322 3318 3315
f 3314 3312 3311
f 3285 3287 3286
f 3332 3218 3215
f 3329 3330 3328
f 3324 3227 3298
f 3298 3326 3324
f 2203 2205 2206
f 579 1895 1019
f 1755 2208 1756
f 3337 3339 3338
f 9343 1893 605
f 1211 2150 1727
f 868 2210 2209
f 3347 3349 3348
f 944 930 940
f 2130 2202 2201
f 233 1898 195
f 665 750 666
f 1167 999 618
f 2211 2213 2214
f 2215 2217 2218
f 9319 590 9320
f 2220 220 2219
f 823 948 1094
f 3375 3377 3376
f 3393 3391 3390
f 3353 3357 3356
f 3363 3365 3364
f 3402 3404 3403
f 266 455 265
f 9334 2107 9335
f 2221 8963 8961
f 2223 2225 2226
f 2207 2124 2208
f 3293 3336 3286
f 673 9321 9316
f 817 996 815
f 2227 2146 2145
f 1947 646 749
f 9352 17 9325
f 2229 1638 1381
f 1679 1618 1680
f 1637 2232 2230
f 2233 1617 1616
f 2231 2236 2237
f 3406 3408 3407
f 1381 2238 1382
f 9038 2242 9039
f 3414 3341 3415
f 1630 2233 1631
f 1681 472 469
f 1408 2243 2244
f 3423 3425 3424
f 3433 3263 3307
f 3434 3430 3435
f 3440 3442 3441
f 3444 3446 3445
f 3436 3450 3439
f 3442 3456 3455
f 1637 2238 1638
f 3445 3437 3438
f 3448 3440 3449
f 1409 1634 2245
f 1380 2247 2246
f 1628 2245 1621
f 3463 3465 3464
f 3308 3462 3307
f 2249 1622 1633
f 1632 1408 2244
f 2248 1631 2250
f 3478 3480 3479
f 3509 3511 3510
f 2235 1637 1636
f 3505 3507 3506
f 3457 3199 3198
f 631 2071 725
f 515 52 49
f 782 2251 1251
f 2253 2255 2252
f 397 459 784
f 1456 2040 1455
f 2040 2036 1455
f 3434 3518 3517
f 1401 2111 1398
f 2041 1970 2026
f 3367 3338 3368
f 1535 414 1965
f 1586 2080 2079
f 2256 1132 1886
f 3528 3530 3529
f 3519 3520 3517
f 3537 3506 3538
f 3543 3545 3544
f 1700 9370 9371
f 3486 3550 3549
f 3455 3497 3563
f 3558 3559 3323
f 3456 3500 3497
f 3572 3252 3249
f 3308 3285 3569
f 3316 3574 3573
f 3575 3479 3533
f 3576 3578 3577
f 3580 3582 3581
f 3584 3586 3585
f 3505 3588 3503
f 3589 3591 3590
f 3600 3602 3601
f 3542 3595 3594
f 3604 3592 3589
f 3611 3613 3612
f 3622 3624 3623
f 3618 3620 3619
f 3626 3628 3627
f 3644 3646 3645
f 3634 3636 3635
f 3638 3641 3640
f 9267 1686 9269
f 1263 1886 1096
f 3613 3654 3614
f 598 844 599
f 2257 2259 2260
f 2258 2262 2259
f 2259 2263 2216
f 2260 2216 2215
f 1967 1970 1969
f 2212 1963 2213
f 922 2218 2217
f 1312 1101 2264
f 1307 1286 789
f 1548 1546 1972
f 2266 2268 2265
f 2265 2270 2269
f 2272 2269 2271
f 2273 2265 2272
f 2275 2277 2274
f 2278 2277 2279
f 2284 9069 9091
f 2287 2286 2281
f 2288 2283 2287
f 2290 9091 9072
f 2291 2293 2294
f 2295 2294 2279
f 2296 2291 2295
f 2297 2292 2291
f 2294 2299 2300
f 2279 2300 2278
f 2298 2302 2292
f 2292 2303 2293
f 2293 2304 2299
f 2304 2306 2299
f 2306 2300 2299
f 2308 2310 2307
f 2302 2310 2303
f 2301 2307 2302
f 2312 2307 2311
f 2313 2315 2316
f 2318 2320 2317
f 9200 2322 2323
f 2324 2273 2326
f 2313 2326 2327
f 2328 2313 2316
f 2329 2324 2328
f 2331 2333 2330
f 2330 2267 2266
f 2325 2266 2273
f 2329 2330 2325
f 2333 2335 2267
f 2336 2333 2332
f 2338 2332 2337
f 2331 2337 2332
f 2329 2339 2331
f 2328 2340 2329
f 2316 2341 2328
f 2342 2315 2343
f 2344 2346 2347
f 2341 2347 2340
f 2342 2344 2341
f 2348 2345 2344
f 2350 2352 2353
f 2339 2353 2337
f 2340 2350 2339
f 2347 2351 2350
f 2337 2354 2338
f 2353 2355 2354
f 2356 2276 2357
f 2356 2358 2359
f 2356 2296 2295
f 2279 2356 2295
f 2360 2270 2268
f 2267 2360 2268
f 2362 2364 2365
f 2362 2361 2358
f 2366 2358 2357
f 2366 2363 2362
f 2357 2368 2366
f 2366 2369 2367
f 2276 2370 2368
f 2368 2282 2369
f 2372 2374 2371
f 2375 2377 2007
f 2378 2380 2381
f 2382 2381 2383
f 2384 2378 2382
f 2385 2379 2378
f 2388 2390 2387
f 2387 2392 2391
f 2393 2387 2391
f 2394 2388 2387
f 2186 2402 2400
f 2403 2327 2326
f 2272 2326 2273
f 2271 2403 2272
f 2405 2404 2403
f 2404 2408 2327
f 2409 2411 2412
f 2409 2271 2269
f 2413 2269 2270
f 2413 2410 2409
f 2417 2416 2418
f 2417 2406 2405
f 2412 2405 2271
f 2411 2417 2412
f 2406 2407 2404
f 9013 632 713
f 2420 2397 2421
f 2420 2423 2422
f 2424 2422 2419
f 2424 2398 2420
f 2425 2392 2426
f 2421 2426 2423
f 2397 2425 2421
f 2396 2391 2425
f 2427 2315 2314
f 2427 2408 2428
f 2430 2428 2429
f 2343 2427 2430
f 2432 2430 2431
f 2431 2429 2433
f 2435 2433 2434
f 2436 2431 2435
f 2428 2407 2437
f 2422 2407 2419
f 2438 2422 2423
f 2429 2437 2438
f 2440 2433 2439
f 2441 2433 2429
f 2442 2439 2441
f 2443 2440 2439
f 2445 2444 2443
f 2447 2443 2442
f 2383 2445 2447
f 2381 2446 2445
f 2448 2423 2426
f 2449 2426 2392
f 2441 2449 2442
f 2441 2438 2448
f 2449 2390 2450
f 2450 2389 2451
f 2447 2451 2383
f 2442 2450 2447
f 2451 2453 2452
f 2452 2455 2454
f 2382 2454 2384
f 2383 2452 2382
f 2456 2373 2372
f 2459 2461 2458
f 2463 2465 2462
f 2462 2285 2284
f 2466 2284 2290
f 2467 2462 2466
f 2461 9155 9153
f 2468 2470 2471
f 2472 2471 2473
f 2474 9153 9140
f 2475 2477 2478
f 2458 2453 2479
f 2479 2389 2388
f 2395 2479 2388
f 2480 2458 2479
f 2481 2483 2478
f 2484 2485 221
f 2471 2464 2463
f 2473 2463 2467
f 2487 2466 2486
f 2486 2290 2488
f 2490 2488 2489
f 2491 2486 2490
f 2492 2467 2487
f 2493 2487 2491
f 2494 2492 2493
f 2495 2473 2492
f 9142 2474 9140
f 9143 2496 9142
f 2498 2493 2499
f 2500 2499 2501
f 9152 2498 2500
f 9139 2494 2498
f 2306 2278 2300
f 2305 2504 2306
f 2504 2507 2506
f 2506 2288 2508
f 2274 2508 2275
f 2278 2506 2274
f 9085 2489 2488
f 9072 2488 2290
f 2507 2289 2288
f 2505 2509 2507
f 2508 2287 2511
f 2511 2281 2280
f 2370 2280 2282
f 2275 2511 2370
f 2512 2489 2513
f 2514 2513 2515
f 2517 2514 2516
f 2517 2490 2512
f 2499 2491 2517
f 2499 2516 2501
f 2510 2519 2518
f 2518 2521 2520
f 9068 2520 9073
f 9084 2518 9068
f 2522 2303 2310
f 2523 2310 2309
f 2305 2522 2524
f 2524 2523 2525
f 2519 2525 2521
f 2505 2524 2519
f 2308 2527 2526
f 2526 2529 2528
f 2531 2528 2530
f 2309 2526 2531
f 1214 2151 1211
f 2419 2418 2424
f 2533 2349 2317
f 2534 2317 2320
f 2535 2533 2534
f 2536 2345 2533
f 2537 2346 2536
f 2538 2536 2535
f 2539 2537 2538
f 2540 2351 2537
f 2312 2541 2527
f 2527 2542 2529
f 2543 2434 2544
f 2545 2544 2546
f 2319 2543 2545
f 2318 2435 2543
f 2514 2548 2547
f 2547 2550 2549
f 2552 2549 2551
f 2552 2514 2547
f 2520 2554 2553
f 2553 2556 2555
f 9042 2555 9045
f 9073 2553 9042
f 2523 2531 2557
f 2557 2530 2558
f 2525 2557 2559
f 2559 2558 2560
f 2554 2560 2556
f 2521 2559 2554
f 2561 2007 2006
f 2376 2225 2377
f 2564 2566 2563
f 2563 338 2567
f 2569 2567 2568
f 2570 2563 2569
f 2572 2574 2571
f 2571 2576 2575
f 2544 2575 2546
f 2544 2572 2571
f 2578 2569 2577
f 2579 2569 2568
f 2574 2579 2576
f 2573 2577 2574
f 2581 2583 2580
f 2584 2583 2585
f 9149 2580 2584
f 9128 2580 9127
f 2582 2552 2583
f 2583 2551 2585
f 2500 2589 2588
f 2590 2589 2591
f 9145 2588 2590
f 9147 2500 2588
f 2501 2591 2589
f 2592 2594 2595
f 2386 2503 2502
f 2596 2386 2374
f 2596 2373 2597
f 2599 2597 2598
f 2599 2379 2596
f 2600 2380 2599
f 2600 2598 2601
f 2603 2601 2602
f 2603 2446 2600
f 2604 2602 2605
f 2440 2605 2434
f 2444 2604 2440
f 2606 2581 2607
f 2606 2590 2591
f 2591 2582 2606
f 9128 2456 9141
f 9141 2372 9145
f 2478 2608 2481
f 2609 2611 2199
f 2564 2613 2612
f 2612 2598 2597
f 2457 2597 2373
f 2565 2612 2457
f 2614 2570 2578
f 2615 2578 2573
f 2602 2614 2615
f 2601 2613 2614
f 2572 2605 2616
f 2616 2602 2615
f 2573 2616 2615
f 1459 1045 1021
f 1265 1079 1082
f 1612 1609 1611
f 2067 2069 2068
f 1135 1136 1148
f 1938 2618 2617
f 95 458 128
f 2058 1608 1612
f 1454 1445 1367
f 655 1048 2619
f 722 2621 723
f 3665 3634 3666
f 1131 1033 1134
f 562 366 1497
f 1723 1725 1591
f 1786 1122 1787
f 267 323 266
f 1325 1654 2038
f 1468 1435 1479
f 658 529 528
f 8 247 7
f 382 1559 3
f 3631 3680 3630
f 788 1307 789
f 940 929 928
f 911 2623 912
f 2621 655 654
f 2624 2625 2626
f 998 27 26
f 635 2626 2625
f 2627 644 1840
f 2628 1840 2629
f 1200 2627 2628
f 1199 641 2627
f 1520 49 477
f 1452 1349 1451
f 2630 1859 1858
f 644 1335 1823
f 3683 3699 3698
f 1197 717 2632
f 2632 719 1166
f 2628 1166 1200
f 2629 2632 2628
f 1762 1050 821
f 1823 873 1839
f 2634 794 652
f 1028 1027 1161
f 1042 2635 1043
f 93 1901 1924
f 2036 1458 1455
f 1527 1525 1526
f 877 1274 1277
f 134 797 1544
f 1328 931 1329
f 607 1091 1161
f 1043 2637 2636
f 2636 2639 2638
f 1275 2638 1276
f 1275 1043 2636
f 1272 2626 2640
f 2640 638 637
f 1110 2640 637
f 536 2640 2641
f 1472 1474 1473
f 2042 1951 649
f 3668 3633 3669
f 1058 1105 1059
f 2642 2643 2644
f 1192 2644 1193
f 912 2642 1192
f 9350 8970 9238
f 1049 2620 2621
f 616 1885 613
f 1331 666 750
f 990 1198 525
f 1911 321 322
f 1298 1205 2645
f 76 1504 75
f 1502 421 422
f 610 658 691
f 1146 659 938
f 2646 914 936
f 1280 1238 1279
f 975 2647 2648
f 2647 975 974
f 1453 1452 1451
f 1514 158 151
f 835 1843 1842
f 1271 1173 1289
f 2649 813 2650
f 1893 1826 1894
f 1050 1937 1051
f 2651 814 813
f 1006 1281 977
f 2653 2654 2655
f 1001 1003 1002
f 585 679 558
f 2624 621 620
f 555 2028 556
f 1207 1197 2629
f 1626 478 472
f 3729 3731 3730
f 3746 3748 3747
f 3770 3750 3753
f 426 419 1567
f 1030 1773 1031
f 9350 634 9332
f 534 138 262
f 1125 1042 1041
f 333 88 227
f 569 561 730
f 3691 3693 3692
f 1489 871 870
f 1857 620 891
f 1673 9222 9215
f 622 864 1308
f 2647 974 2657
f 619 891 620
f 261 545 262
f 393 1556 404
f 2658 2647 2657
f 1075 2657 917
f 1081 2658 1075
f 1080 2659 2658
f 2644 1141 2660
f 2660 1140 1336
f 642 1336 643
f 1193 2660 642
f 679 555 558
f 3762 3764 3763
f 1503 1500 1502
f 1318 1101 1100
f 2661 1139 1142
f 2661 2663 2662
f 2662 2659 2661
f 2662 2622 2664
f 2664 911 2646
f 2648 2646 1146
f 2648 2662 2664
f 3586 3779 3777
f 2083 2093 2081
f 1442 1437 1439
f 3732 3733 3731
f 519 330 51
f 1885 1209 613
f 799 805 804
f 1946 1952 1953
f 1302 1253 1252
f 3741 3757 3756
f 3660 3662 3661
f 566 224 533
f 1389 928 1388
f 683 681 680
f 836 1842 2665
f 2665 1845 1303
f 2666 1303 1302
f 24 2665 2666
f 831 2650 832
f 1845 1304 1303
f 2010 2012 2011
f 1051 2667 2668
f 1522 1511 1523
f 531 441 522
f 782 1251 1250
f 1250 2625 2669
f 2669 1857 1856
f 783 1856 1037
f 782 2669 783
f 720 2671 721
f 1055 1930 1056
f 1333 1251 2251
f 619 1308 1307
f 652 2619 2634
f 521 1539 1540
f 1838 537 2672
f 2672 536 2641
f 1113 2641 1110
f 1113 1838 2672
f 1016 1351 1045
f 9349 570 9346
f 226 104 101
f 9008 9279 1818
f 1036 1884 1883
f 2674 1304 2673
f 2673 1844 2675
f 1334 2675 1039
f 1333 2673 1334
f 2676 1039 2675
f 1843 2675 1844
f 942 2676 1843
f 1074 702 2676
f 811 859 858
f 752 1055 753
f 1200 656 1026
f 1120 874 2677
f 2677 877 1052
f 1241 1052 1005
f 1119 2677 1241
f 1560 151 1515
f 1208 611 523
f 215 736 214
f 1460 1462 1461
f 3717 3719 3718
f 1208 1839 873
f 854 1282 1297
f 3682 3696 3681
f 72 182 179
f 544 1565 512
f 217 456 457
f 3673 3781 3780
f 2047 930 945
f 1204 1937 2633
f 913 686 685
f 3705 3707 3706
f 840 1113 1112
f 1531 730 561
f 2678 1283 801
f 601 1914 602
f 1537 459 460
f 1819 8953 8971
f 991 862 538
f 2679 1073 1830
f 3776 3581 3582
f 2680 983 2256
f 779 2256 1263
f 778 2680 779
f 2678 1830 2680
f 180 245 40
f 1886 1131 1134
f 3766 3767 3749
f 1138 1274 1255
f 3777 3585 3586
f 1841 1140 1139
f 75 314 74
f 193 420 192
f 2681 1099 1098
f 3658 3587 3659
f 170 1565 169
f 349 417 432
f 1121 2684 2683
f 547 409 302
f 123 121 120
f 2643 1142 1141
f 1542 513 1543
f 899 907 919
f 1210 676 867
f 791 982 892
f 24 837 836
f 893 932 931
f 1860 863 862
f 535 862 861
f 3640 3683 3638
f 832 813 812
f 2650 813 832
f 1569 1547 1568
f 181 542 180
f 660 937 688
f 2013 568 2012
f 3781 3644 3782
f 887 2631 2630
f 1524 361 78
f 520 162 1529
f 2653 854 2685
f 1238 2655 2686
f 718 527 530
f 1492 518 1491
f 792 615 793
f 599 1835 596
f 290 456 175
f 312 1552 425
f 1248 1179 1249
f 153 177 178
f 1240 1222 1221
f 1257 1235 1071
f 1291 1083 1222
f 1052 1277 1053
f 743 2618 1204
f 444 430 443
f 23 1172 1187
f 2687 1180 1179
f 102 409 134
f 1283 610 801
f 373 650 651
f 1180 1084 1291
f 855 2655 1237
f 1173 1917 1174
f 2689 853 2688
f 2688 1108 1279
f 2686 1279 1238
f 2687 2688 2686
f 2691 1252 2690
f 2690 850 2689
f 1248 2689 2687
f 1248 2691 2690
f 2692 24 2666
f 2691 2666 1302
f 1247 2692 2691
f 1258 617 2692
f 394 1555 393
f 2693 1259 1223
f 1072 1262 1261
f 1257 1168 1258
f 398 1555 1554
f 871 1314 872
f 1178 1249 1179
f 1224 1173 1172
f 1010 2618 742
f 1175 1292 1269
f 2654 2686 2655
f 2694 1216 1264
f 71 1487 70
f 701 1111 1038
f 1072 2649 2650
f 1085 22 21
f 895 1264 896
f 1601 1605 1604
f 1259 1271 1289
f 21 1220 1083
f 988 538 537
f 3533 3535 3532
f 598 1336 1140
f 820 1762 821
f 1050 818 821
f 1298 1761 2652
f 1168 618 617
f 3629 3670 3628
f 858 1256 833
f 39 516 1536
f 2652 819 814
f 313 315 314
f 2026 1971 2027
f 2656 596 1835
f 814 818 811
f 2696 813 2649
f 1260 2649 1261
f 2693 2696 1260
f 2697 2651 2696
f 381 390 380
f 9270 1611 1609
f 1475 1428 1227
f 1292 1917 1235
f 1551 354 1518
f 1526 1523 1511
f 1593 1595 1573
f 1232 1246 1249
f 2695 1223 22
f 2698 1296 2697
f 2698 2693 2695
f 2685 2695 1085
f 2685 1297 2698
f 562 271 272
f 2652 1296 1298
f 1365 1364 1363
f 1958 1953 1957
f 585 2210 997
f 1561 1515 435
f 975 1146 976
f 347 68 346
f 1038 636 1068
f 2700 780 2699
f 2699 1036 1883
f 2701 1883 1829
f 851 2699 2701
f 2674 2251 2702
f 2702 781 2700
f 1253 2700 851
f 1301 2702 1253
f 1519 388 1550
f 1273 1280 2703
f 2703 1107 852
f 2701 852 851
f 1829 2703 2701
f 91 326 90
f 1784 2656 1785
f 2683 2705 2704
f 604 8943 8977
f 1669 8992 1662
f 2062 2060 2059
f 621 861 622
f 2023 732 2024
f 686 1263 687
f 857 2668 1328
f 883 882 879
f 3648 3650 3649
f 637 1111 1110
f 2668 893 1328
f 3692 3711 3691
f 2667 894 2668
f 1039 1068 1334
f 313 1504 1505
f 1911 305 453
f 1936 1964 2212
f 2707 2401 2183
f 2708 2183 2182
f 738 2116 554
f 3785 3709 3786
f 2349 2432 2436
f 2711 2020 2019
f 2400 2019 2186
f 2714 2716 2713
f 2717 2719 2720
f 2721 2723 2724
f 2726 2728 2725
f 2725 2730 2729
f 2731 2729 2709
f 2732 2725 2731
f 2734 2736 2733
f 2738 2740 2737
f 2737 2741 2742
f 2744 2746 2743
f 2745 2748 2747
f 2749 2747 2751
f 2753 2751 2752
f 2250 2246 2248
f 3417 3419 3418
f 2754 1614 2755
f 9050 2755 9061
f 9060 2747 9061
f 1617 2755 1614
f 2242 1620 2757
f 3429 3431 3430
f 2191 2760 2759
f 2761 2760 2762
f 9100 2761 9101
f 9075 2759 9100
f 3209 3354 3355
f 1395 2236 2235
f 1395 1636 1615
f 3741 3790 3740
f 1616 2229 2233
f 3410 3412 3411
f 1617 2763 2756
f 2756 9080 9060
f 2765 2234 1630
f 2766 9080 9074
f 3202 3458 3459
f 1516 435 1515
f 2768 8996 8997
f 1495 578 1424
f 2135 28 17
f 8970 2773 2774
f 1690 9378 9377
f 2778 2780 2777
f 2777 2781 2782
f 2784 2777 2783
f 8999 575 576
f 1494 9 540
f 8973 2015 9010
f 451 505 450
f 2786 2788 2785
f 2779 2785 2780
f 2789 2741 2740
f 2790 2752 2789
f 2792 2794 2791
f 2793 2796 2794
f 2796 2750 2749
f 2794 2749 2753
f 2798 1396 2754
f 9043 2754 9050
f 2798 2800 1393
f 9043 2799 2798
f 2797 2795 2801
f 2791 2753 2790
f 216 232 54
f 9256 2807 9255
f 9257 2804 9255
f 2769 9001 8996
f 183 184 97
f 2811 2775 2776
f 2804 2776 2805
f 2809 2811 2804
f 2812 2813 2814
f 9257 2816 9247
f 9248 2815 9247
f 9250 2820 2821
f 9245 2819 9250
f 2824 2735 2819
f 2823 2824 2819
f 2825 2826 2724
f 9245 2827 9244
f 9248 2826 9244
f 2713 2829 2828
f 2828 2831 2830
f 2822 2828 2830
f 2821 2713 2828
f 2832 2822 2830
f 2833 2830 2831
f 2834 2832 2833
f 2835 2827 2832
f 2837 2839 2836
f 2836 2841 2840
f 2842 2840 2727
f 2843 2836 2842
f 2840 2845 2844
f 2718 2845 2719
f 2730 2844 2718
f 2727 2844 2728
f 2846 2719 2845
f 2846 2841 2847
f 2829 2847 2831
f 2829 2716 2846
f 2847 2839 2848
f 2848 2838 2849
f 2833 2849 2834
f 2831 2848 2833
f 2850 2851 2852
f 2853 2852 2854
f 2783 2782 2855
f 2785 2853 2856
f 2780 2856 2781
f 2857 2855 2782
f 2859 2782 2781
f 2861 2842 2860
f 2860 2727 2726
f 2862 2726 2732
f 2863 2860 2862
f 2861 2858 2857
f 2843 2857 2859
f 2856 2854 2864
f 2781 2864 2859
f 2837 2859 2864
f 2838 2864 2854
f 2852 2834 2849
f 2854 2849 2838
f 2865 2818 2835
f 2851 2835 2834
f 2813 2815 2865
f 2814 2865 2851
f 2866 2814 2850
f 2788 2850 2853
f 2866 2787 2867
f 2812 2867 2775
f 1892 1890 1891
f 2720 2846 2870
f 298 256 257
f 2872 2713 2820
f 9246 2735 2734
f 2729 2874 2873
f 2846 2715 2870
f 2876 2878 2875
f 2733 2878 2734
f 9258 2879 2880
f 9258 2872 9246
f 2882 2884 2881
f 2881 2715 2714
f 2880 2714 2872
f 2879 2881 2880
f 2885 2887 2888
f 2888 2890 2885
f 2885 2892 2891
f 2893 2885 2891
f 1942 2532 2894
f 2895 2720 2870
f 2884 2870 2715
f 2883 2895 2884
f 2896 2892 2895
f 2889 2717 2890
f 2890 2720 2892
f 2897 2891 2896
f 2898 2896 2883
f 2899 2883 2882
f 2900 2882 2879
f 9249 2879 9259
f 2876 2901 2877
f 2901 2904 2903
f 1785 1835 1834
f 2905 2899 2900
f 2907 2897 2898
f 9249 2903 9251
f 632 577 633
f 8976 2867 2787
f 434 550 350
f 2768 9092 9095
f 2910 1623 2249
f 2241 2758 2242
f 9092 2913 9104
f 1623 2757 1620
f 9039 2757 9104
f 2229 1380 2250
f 2765 1629 2914
f 2915 1629 2912
f 9094 2914 2915
f 9093 2765 2914
f 2919 9094 9065
f 2918 2912 2241
f 9066 2241 9038
f 9070 9065 9122
f 8985 2180 8940
f 8965 2188 8950
f 3694 3627 3693
f 9157 714 9303
f 2925 2917 2924
f 2924 2916 2919
f 9062 2919 9070
f 9063 2924 9062
f 2926 2766 2925
f 9110 2925 9063
f 1715 1705 1710
f 785 498 796
f 1387 565 1791
f 374 1899 560
f 9017 2206 9000
f 2929 2886 2893
f 2932 2934 2931
f 1905 1908 1907
f 2930 2936 2937
f 2938 2930 2929
f 1493 517 518
f 1603 1586 1602
f 2939 2929 2908
f 2940 2908 2907
f 9117 1600 9113
f 2886 2937 2887
f 2906 2898 2899
f 2908 2893 2897
f 2942 2933 2941
f 2941 2937 2936
f 8945 2936 8957
f 8942 2941 8945
f 2943 2710 2873
f 2943 2874 2889
f 2945 2889 2888
f 2946 2943 2945
f 2932 2888 2887
f 2931 2945 2932
f 727 1929 728
f 2903 2947 2948
f 545 42 262
f 1480 533 251
f 2907 2949 2940
f 2906 2950 2949
f 1558 215 202
f 9251 2948 9253
f 2054 1644 2118
f 9157 2203 9017
f 1828 1849 1827
f 2953 2955 2952
f 2952 2957 2956
f 2956 2258 2952
f 2953 2258 2257
f 2454 2474 2496
f 9199 2959 9218
f 9199 2131 9189
f 2961 2963 2958
f 2958 2964 2959
f 222 2485 2965
f 2477 2966 2608
f 2631 2006 1859
f 2384 2496 2497
f 2967 2959 2964
f 2968 2970 2969
f 9211 2971 9236
f 9236 2960 9218
f 2972 2033 2032
f 2007 2973 2008
f 9004 2134 2133
f 1836 1832 1831
f 8950 2090 8995
f 955 959 956
f 672 674 673
f 633 713 632
f 2024 733 803
f 2025 803 798
f 425 1550 388
f 2975 888 887
f 1319 1157 2694
f 1212 2977 1213
f 889 2228 2227
f 1978 1975 1979
f 1138 1329 915
f 751 2979 2978
f 1619 1625 1624
f 2252 1728 1727
f 1157 845 1216
f 2706 1938 2617
f 2980 2254 2981
f 2982 887 2630
f 802 711 2679
f 678 2029 2028
f 527 690 528
f 1839 2629 1840
f 2983 602 1914
f 2983 1913 1331
f 2985 1331 1054
f 2986 2983 2985
f 2987 2635 2634
f 2985 2639 2986
f 2990 1318 2989
f 2991 2993 2994
f 2995 2994 2996
f 1106 2991 2995
f 1058 2992 2991
f 1415 1365 1367
f 1317 2217 2997
f 1932 2255 2980
f 926 2999 664
f 3001 2992 3000
f 3000 1057 2978
f 2999 2978 2979
f 2998 3000 2999
f 3002 2209 3003
f 3002 2996 2994
f 2993 3002 2994
f 3001 2998 3002
f 1103 2995 3004
f 3004 2996 3003
f 2209 3004 3003
f 588 3004 2210
f 295 433 381
f 2638 2988 3005
f 3005 1056 1930
f 1305 1930 1306
f 1276 3005 1305
f 1987 1993 1989
f 2633 1761 2645
f 1423 1417 1419
f 9005 739 703
f 2671 2704 2705
f 1473 2035 1472
f 922 2694 895
f 1401 1378 1384
f 556 1884 1037
f 842 9277 9288
f 1854 2617 1010
f 933 1081 1075
f 1440 1436 1437
f 529 719 530
f 1031 1027 1028
f 777 912 1871
f 2645 1204 2633
f 441 1538 1537
f 3771 3773 3772
f 790 587 586
f 2065 1610 1607
f 1860 990 902
f 60 87 59
f 1424 1948 1947
f 332 1507 331
f 261 138 135
f 187 449 507
f 1719 1726 1725
f 1931 1059 3006
f 3006 1105 1104
f 1287 1104 587
f 1286 3006 1287
f 3007 3009 3010
f 3009 653 795
f 618 26 25
f 2029 1210 1209
f 957 600 2228
f 1049 2228 600
f 2631 3011 2561
f 890 2227 3011
f 3011 2145 3012
f 2561 3012 2375
f 1026 609 608
f 2706 1961 1964
f 3013 2485 3014
f 2148 1267 3015
f 3015 1266 1311
f 2997 1101 1317
f 642 1773 1193
f 186 461 511
f 1041 1320 901
f 1121 3017 1122
f 2984 2987 3018
f 3018 2634 2619
f 1048 3018 2619
f 603 2984 3018
f 2679 801 802
f 2062 2074 2061
f 2061 2076 2064
f 414 1545 1965
f 3016 2683 3019
f 3019 2704 2670
f 3020 2670 720
f 3007 3019 3020
f 1871 1091 777
f 3021 1122 3017
f 3022 3017 3010
f 1314 3022 1315
f 1784 3021 1314
f 1316 1763 611
f 3023 3010 3009
f 3023 795 1092
f 1763 1092 1125
f 1315 3023 1763
f 3016 3010 3017
f 752 2978 1057
f 2986 2637 2987
f 3024 653 3008
f 3020 3008 3007
f 720 3024 3020
f 723 654 3024
f 2681 1268 3025
f 2671 1268 721
f 2705 3025 2671
f 1313 3027 1311
f 3026 3029 3027
f 3027 3030 3031
f 1311 3031 3015
f 2012 731 2023
f 917 974 977
f 3742 3744 3743
f 743 856 744
f 1888 2030 1425
f 2682 2684 3032
f 3032 1124 2989
f 1100 2989 1318
f 1099 3032 1100
f 1123 2989 1124
f 3033 1159 1158
f 2990 1158 1319
f 1123 3033 2990
f 1786 1834 3033
f 1054 2988 2985
f 2979 664 2999
f 2623 2663 2643
f 1095 688 687
f 3034 2261 2956
f 3036 2956 2957
f 3037 3034 3036
f 3038 3035 3034
f 3040 3026 1313
f 2263 3041 3040
f 3042 3043 3041
f 3041 3028 3026
f 3044 3043 3039
f 3046 3045 3044
f 3047 3049 3045
f 3043 3049 3028
f 3038 3051 3050
f 3050 3053 3052
f 3052 3044 3050
f 3039 3050 3044
f 3054 3039 3042
f 3042 2262 3054
f 2261 3054 2262
f 2216 2997 2217
f 2212 2667 1936
f 3056 2209 3055
f 934 1961 1854
f 2013 9209 567
f 3058 3060 3061
f 3059 3063 3060
f 3060 2213 1963
f 3061 1963 1962
f 3063 2214 2213
f 3062 3064 3063
f 3065 2260 3064
f 3064 2215 2214
f 3066 3031 3030
f 2608 3067 3066
f 2966 3068 3067
f 3031 3068 3015
f 2455 2461 2474
f 2476 2226 2477
f 8995 2089 8969
f 8970 9221 9238
f 433 355 381
f 2115 1419 2123
f 8953 2922 8971
f 9221 2131 2134
f 3069 2167 2166
f 2971 2928 2960
f 2961 2773 2962
f 3070 2478 2483
f 2610 3071 2954
f 2502 2374 2386
f 3072 2595 3073
f 2964 3052 2967
f 3048 3074 3049
f 2593 3075 3074
f 3075 3029 3074
f 3074 3028 3049
f 3072 3075 2592
f 3076 2482 2481
f 2481 3066 3076
f 3076 3030 3075
f 2967 3053 2970
f 2482 3073 2483
f 479 493 494
f 706 9325 709
f 9005 2221 8961
f 2013 9206 9207
f 8977 2016 8973
f 9006 2222 2974
f 1171 1155 1176
f 3782 3689 3783
f 2586 2565 2587
f 2982 113 2484
f 2562 3077 3068
f 2376 3012 3077
f 3012 2148 3077
f 3077 3015 3068
f 2963 3046 2964
f 3051 2970 3053
f 1683 491 775
f 9302 1447 9312
f 1986 9186 9220
f 3079 2546 2575
f 3081 2575 2576
f 1983 9220 9217
f 3082 2319 2545
f 3080 2545 2546
f 9186 3082 3080
f 9184 2323 3082
f 1309 1888 748
f 3073 2772 2771
f 2760 3084 2762
f 2760 2088 3083
f 3085 3086 3087
f 3089 3090 3088
f 3089 3084 3085
f 3092 3090 3091
f 3093 2744 2743
f 2751 2748 3093
f 3093 2752 2751
f 2742 3093 3094
f 3094 2743 3095
f 3096 3098 3087
f 3099 3087 3086
f 3097 3095 3098
f 3100 2746 3101
f 3101 3102 3100
f 2764 2927 3101
f 2745 3101 2746
f 3102 3091 3100
f 3100 3095 2743
f 2869 9044 9086
f 3102 3104 3092
f 9110 2869 9086
f 2927 3103 3102
f 3098 3091 3090
f 3087 3090 3085
f 2088 3105 3083
f 3083 3086 3084
f 2483 2771 3070
f 2401 2185 2321
f 3099 3105 3106
f 2125 3106 3105
f 3108 2742 3107
f 3107 3094 3097
f 3110 3107 3109
f 3109 3097 3096
f 3111 3096 3099
f 3112 3109 3111
f 3113 2737 3108
f 3115 2722 3114
f 3117 3114 3116
f 3119 3116 3118
f 3118 3120 3121
f 3116 3113 3120
f 3122 3111 3123
f 3122 1755 1754
f 3124 3126 3127
f 3125 3121 3126
f 3128 3118 3125
f 3129 3125 3124
f 2020 3128 3129
f 9305 1346 1352
f 1065 1047 1066
f 1814 9282 1649
f 2021 3129 3130
f 3111 3106 3123
f 3123 2207 1755
f 2377 2224 2973
f 3014 113 112
f 1756 9234 9219
f 3131 2530 2528
f 3133 2528 2529
f 1753 9219 9227
f 3134 3127 3135
f 2327 2314 2313
f 2436 2317 2349
f 2018 9163 9164
f 2534 3137 2535
f 2320 3136 2534
f 2185 9164 9223
f 3138 2542 2539
f 3134 9196 9197
f 9237 3134 9197
f 3140 2539 2538
f 2535 3140 2538
f 9163 3130 9237
f 2558 3132 3141
f 9234 3141 3132
f 2560 3141 3142
f 9212 3142 3141
f 958 2976 2981
f 1933 2980 3143
f 3714 3729 3713
f 2399 2418 2416
f 2348 2343 2432
f 2322 2319 2323
f 2718 2874 2730
f 2709 2873 2710
f 2894 1361 1942
f 3788 3720 3717
f 346 176 347
f 1876 1882 1881
f 2802 9059 9044
f 3104 3088 3092
f 2974 9101 9055
f 3089 2761 2762
f 3088 3145 3089
f 2803 9055 9059
f 9322 692 628
f 2123 1418 2126
f 1365 1368 1367
f 3346 3344 3343
f 1581 1782 1783
f 9013 2129 8964
f 8999 2002 8965
f 3146 2551 3147
f 9203 3147 9202
f 9194 3146 9203
f 3149 2585 3146
f 3196 3197 3195
f 9056 2191 9075
f 3142 2556 2560
f 9229 3150 3142
f 9098 2550 9045
f 3150 2555 2556
f 9230 3151 3150
f 9240 3152 9098
f 3153 2551 2549
f 3152 2549 2550
f 9233 3153 3152
f 9228 3147 3153
f 3148 2206 2205
f 2183 2321 2184
f 2132 2928 2133
f 3299 3321 3319
f 9136 2204 2203
f 9171 2197 9173
f 2594 2773 2951
f 2595 2951 2772
f 1870 799 1869
f 3257 3259 3258
f 9165 2178 9158
f 9158 9188 9242
f 336 9226 9174
f 339 3154 336
f 9241 3149 9194
f 9135 2584 3149
f 2963 3048 3047
f 9174 337 336
f 339 2566 2586
f 3156 2168 2167
f 2610 2167 2611
f 2954 3156 2610
f 3157 2953 2257
f 9159 2169 9161
f 2567 3159 2568
f 337 2567 338
f 9182 2166 9159
f 9216 1983 9217
f 2579 3081 2576
f 2568 3160 2579
f 9161 2190 9216
f 3065 3162 3161
f 3161 1984 2189
f 3157 2189 2168
f 2257 3161 3157
f 734 1922 806
f 3059 2708 3163
f 3163 2182 1985
f 3162 1985 1984
f 3062 3163 3162
f 3203 3205 3204
f 3806 3808 3807
f 2122 1448 1447
f 9269 1685 9264
f 139 444 69
f 1570 566 533
f 2957 3165 3036
f 2955 3164 2957
f 1912 341 1973
f 3130 3124 3134
f 1548 319 1547
f 1949 1327 1887
f 2969 3078 3167
f 3167 3169 3168
f 9176 2017 9172
f 9172 2033 9211
f 3168 3165 3170
f 3170 3164 3171
f 9231 3171 9208
f 9176 3170 9231
f 3171 3166 3172
f 3172 3071 3173
f 9204 3173 9201
f 9208 3172 9204
f 3169 3036 3165
f 2593 2962 2594
f 3173 2609 3174
f 3174 2199 2198
f 9235 2198 9171
f 9201 3174 9235
f 2190 1984 1983
f 2196 2767 3148
f 3326 3328 3327
f 2119 1414 1448
f 1464 1466 1465
f 2199 3069 2200
f 2457 2587 2565
f 2226 2562 2966
f 481 1627 1639
f 333 235 236
f 3078 3037 3169
f 3040 2997 2263
f 3351 3262 3263
f 2219 1933 2220
f 2385 2497 2503
f 221 3175 2484
f 2220 3143 3175
f 3175 2976 2975
f 2484 2975 2982
f 2954 3166 2955
f 2630 110 2982
f 1547 1952 1955
f 2091 2188 2187
f 9185 2178 2177
f 1918 1927 1926
f 9007 111 8955
f 3398 3400 3399
f 955 960 954
f 2037 112 9007
f 3143 2981 2976
f 2218 2214 2215
f 672 9239 8985
f 2152 3014 2037
f 1147 1143 1145
f 2248 1409 2245
f 1615 1635 1616
f 1410 2246 2247
f 3486 3487 3310
f 3468 3502 3501
f 3451 3452 3450
f 3177 1383 1382
f 2238 3176 1382
f 3176 2230 3178
f 1410 3179 1407
f 3179 2243 1407
f 1633 2800 2249
f 3816 3817 3814
f 1621 2758 2912
f 3642 3662 3675
f 3422 3260 3257
f 1622 2245 1634
f 2236 3181 3182
f 3793 3795 3794
f 3493 3495 3494
f 2237 3182 3183
f 3513 3515 3514
f 2250 2233 2229
f 3654 3667 3802
f 2912 1628 1621
f 3819 3821 3820
f 3432 3823 3431
f 135 1564 1563
f 1567 512 1565
f 1085 2653 2685
f 3184 868 3056
f 869 3057 934
f 3389 3387 3386
f 1266 1098 1312
f 1267 722 721
f 937 2646 936
f 2146 722 2147
f 2211 921 2667
f 1957 507 449
f 1313 2264 3040
f 1496 1493 1492
f 2681 2705 2682
f 2887 2933 2932
f 1687 1659 1694
f 145 1498 81
f 1317 1319 2694
f 3831 3830 3834
f 37 418 71
f 1935 3185 2977
f 104 301 103
f 2101 2083 2084
f 543 360 207
f 1934 3186 3185
f 234 212 237
f 9297 1822 1824
f 3825 3827 3826
f 1976 1874 1974
f 223 2219 220
f 9107 9057 9064
f 468 773 2165
f 3673 3659 3672
f 1935 1728 1932
f 3490 3840 3549
f 3362 3848 3847
f 3862 3864 3863
f 3465 3484 3868
f 3893 3525 3874
f 3352 3430 3431
f 3869 3871 3870
f 3529 3567 3564
f 3420 3922 3921
f 3304 3236 3303
f 3929 3931 3930
f 3324 3327 3561
f 3219 3939 3331
f 3220 3937 3219
f 3450 3376 3439
f 3942 3833 3941
f 3215 3454 3945
f 3946 3215 3945
f 3422 3948 3421
f 3950 3198 3196
f 3205 3957 3920
f 3261 3961 3288
f 3852 3964 3963
f 3214 3946 3958
f 3965 3214 3192
f 3797 3799 3798
f 3988 3990 3989
f 3777 3806 3822
f 3855 3447 3444
f 3737 3800 3736
f 3949 3952 3948
f 3651 3783 4000
f 4001 3787 3812
f 4019 4021 4020
f 4027 4029 4028
f 3258 4030 4027
f 4033 4035 4034
f 3424 4047 4046
f 3242 4058 4057
f 3970 3547 3971
f 3829 4057 3825
f 3333 3947 4060
f 4063 4065 4064
f 4073 4075 4074
f 3568 3443 3448
f 3981 3335 4050
f 3540 3862 3539
f 4078 4031 4032
f 3565 4088 3993
f 3442 4089 4082
f 4092 4094 4093
f 4093 4097 4096
f 3619 3623 3624
f 3660 3821 3807
f 3809 3649 3808
f 3610 3655 3613
f 3656 3623 3657
f 3621 3804 3620
f 3503 3481 3504
f 3436 3438 3437
f 3356 3427 3353
f 3628 3669 3633
f 3734 4002 3733
f 3276 3370 3369
f 3763 4107 3762
f 4006 3754 3755
f 3747 3752 3746
f 3863 4110 3992
f 3994 4003 3501
f 3653 3664 3652
f 3296 4115 3295
f 4117 4119 4118
f 3249 3251 3250
f 4127 4129 4128
f 3478 3903 3867
f 3410 3921 3922
f 3977 4038 3976
f 3216 3453 3454
f 3967 3548 3966
f 4140 4032 4039
f 3509 4149 3916
f 4151 3659 3587
f 4153 3656 3671
f 4153 3646 3672
f 4156 3645 4155
f 4139 4078 4140
f 3743 4163 4162
f 3861 3987 4166
f 3468 4067 3467
f 3306 3980 3835
f 4172 4010 4024
f 4169 3836 3835
f 4187 4189 4188
f 4213 4215 4214
f 4220 4222 4221
f 4225 4211 4204
f 4230 4232 4231
f 4240 4242 4241
f 3606 3608 3607
f 4250 4252 4251
f 4258 4260 4259
f 4077 4079 4078
f 4276 4278 4277
f 4308 4263 4309
f 4017 3872 3869
f 3196 3951 3950
f 4316 4270 4271
f 3870 4307 3869
f 4324 4326 4325
f 4333 4247 4244
f 4338 4340 4339
f 4348 4350 4349
f 4283 4289 4286
f 4356 4358 4357
f 4359 4020 4358
f 4362 4196 4197
f 4320 4279 4276
f 4370 4296 4371
f 4377 4303 4249
f 4231 4201 4178
f 4203 4331 4381
f 4037 4039 4038
f 4371 4386 4370
f 4387 4347 4314
f 3309 3294 3310
f 4099 3724 3818
f 4355 3257 4313
f 3630 3693 3627
f 4277 4302 4390
f 4350 4319 4349
f 4353 4351 4348
f 3637 3639 3638
f 4394 3827 3320
f 3311 4399 4398
f 3755 4005 4006
f 4363 4259 4260
f 3454 3919 3920
f 3446 3459 3458
f 4298 4404 4406
f 3749 3769 3766
f 3791 3756 3792
f 3643 3684 3640
f 3845 3399 3400
f 4313 3258 4312
f 4411 4408 4412
f 3843 4423 3842
f 4214 4329 4328
f 4431 4433 4432
f 3918 3798 3799
f 3927 3388 3389
f 4453 3874 3873
f 4138 4457 4456
f 3346 4459 3345
f 4100 4108 4107
f 3974 3976 3975
f 3665 3652 3664
f 3773 3993 3992
f 3945 3920 3957
f 4144 4462 4461
f 4464 4466 4465
f 3268 4479 3267
f 4484 4136 4485
f 3348 4487 3347
f 3313 3912 3913
f 3803 3617 3802
f 4086 3510 4087
f 4034 3305 4033
f 3403 4171 4489
f 4481 4492 4491
f 4177 4179 4178
f 4398 3923 3311
f 4451 4494 4450
f 4501 4076 4502
f 4509 4506 4503
f 3304 4462 4517
f 4485 3312 4484
f 3419 3349 4064
f 4356 4385 4305
f 4026 4358 4020
f 4354 4357 4358
f 3599 4091 4090
f 4341 4254 4274
f 4251 4524 4335
f 3482 3484 3483
f 3843 3544 4085
f 4295 4274 4294
f 4381 4206 4203
f 4204 4531 4225
f 4533 4535 4534
f 4542 4544 4543
f 4546 4548 4547
f 4573 4547 4548
f 4575 4577 4576
f 4221 4580 4220
f 4587 4589 4588
f 4328 4589 4214
f 4187 4563 4332
f 4595 4593 4591
f 4597 4604 4596
f 4609 4611 4610
f 4620 4622 4621
f 4612 4614 4613
f 4636 4600 4637
f 4649 4650 4648
f 4652 4654 4653
f 4662 4664 4663
f 4666 4668 4667
f 4637 4685 4684
f 4627 4700 4626
f 4684 4636 4637
f 4663 4661 4662
f 4699 4697 4696
f 4647 4703 4702
f 4709 4603 4710
f 4724 4726 4725
f 4742 4744 4743
f 3311 3924 3314
f 4698 4758 4679
f 4749 4609 4610
f 4342 4344 4343
f 4797 4799 4798
f 4490 3974 4143
f 4019 4306 3870
f 4512 4514 4513
f 3991 4508 4507
f 4692 4694 4693
f 4680 4818 4810
f 4821 4824 4823
f 4367 4243 4240
f 4833 4831 4830
f 4837 4757 4754
f 4332 4562 4561
f 4683 4819 4682
f 4845 4850 4849
f 4751 4752 4669
f 4854 4695 4692
f 4858 4718 4857
f 4822 4859 4824
f 4674 4647 4675
f 4771 4773 4772
f 4726 4537 4540
f 4714 4719 4715
f 4633 4688 4687
f 4616 4618 4617
f 4686 4842 4841
f 4869 4708 4629
f 3502 3528 3529
f 4777 4737 4745
f 4734 4779 4873
f 4883 4663 4664
f 4375 4274 4275
f 4290 4335 4524
f 4799 4826 4825
f 4816 4812 4810
f 4778 4732 4659
f 4158 4160 4159
f 4195 4197 4196
f 3860 4166 4167
f 3758 3763 3764
f 3694 4157 4156
f 4249 4391 4377
f 3467 3469 3468
f 4209 4211 4210
f 4142 4144 4143
f 3615 3617 3616
f 3479 3536 3535
f 4883 4672 4886
f 4802 4642 4643
f 3698 3638 3683
f 4105 3726 3730
f 4848 4896 4895
f 4878 4744 4837
f 4610 4748 4749
f 4036 4489 4035
f 4355 4314 4347
f 4171 4049 4048
f 3875 3216 3217
f 4868 4863 4864
f 4623 4691 4622
f 3629 4155 4154
f 4654 4898 4683
f 4012 4014 4013
f 4902 4866 4867
f 4768 4908 4906
f 4370 4385 4384
f 4888 4914 4913
f 3546 3917 3916
f 4932 4931 4919
f 3625 4151 4150
f 3804 3670 3657
f 3816 4103 4101
f 4911 4887 4912
f 4928 4927 4929
f 4925 4927 4921
f 3655 3666 3654
f 4932 4910 4911
f 4937 4912 4913
f 4939 4942 4941
f 4228 4530 4381
f 4946 4942 4947
f 4938 4923 4937
f 4942 4937 4947
f 4951 4930 4928
f 4955 4928 4954
f 4748 4615 4749
f 4914 4847 4956
f 4824 4584 4856
f 4940 4941 4943
f 4916 4960 4917
f 4909 4891 4862
f 4971 4968 4949
f 4966 4948 4944
f 4962 4953 4965
f 4940 4924 4939
f 4831 4917 4895
f 4935 4925 4924
f 4275 4261 4258
f 4679 4791 4678
f 4016 4373 4376
f 4668 4766 4795
f 4539 4727 4845
f 4929 4936 4933
f 4607 4882 4881
f 4775 4801 4802
f 4801 4742 4774
f 4732 4611 4733
f 4985 4983 4982
f 4534 4562 4533
f 4847 4645 4848
f 4788 4619 4616
f 4787 4678 4791
f 4657 4605 4597
f 4994 4878 4837
f 5006 5008 5007
f 5001 4973 4988
f 4814 4619 4785
f 5014 4974 5012
f 5003 4972 4973
f 5019 5007 5018
f 5024 5017 5025
f 5036 5035 5032
f 4990 4975 4972
f 5045 5034 5044
f 5048 5034 5035
f 5025 5014 5026
f 5046 5043 5031
f 5051 5055 5054
f 5044 5060 5059
f 5011 5021 5020
f 5013 5068 5012
f 5028 5072 5029
f 5077 5064 5065
f 5065 5079 5077
f 5083 5080 5060
f 5063 5080 5065
f 5054 5071 5078
f 4602 4711 4851
f 5058 5083 5053
f 4982 4792 4793
f 5041 5045 5061
f 3909 3278 3250
f 3471 3473 3472
f 5002 4994 4995
f 5060 5067 5059
f 4892 4862 4891
f 4891 4884 4892
f 4996 5003 5001
f 4997 5005 5000
f 4813 4614 4829
f 4618 4827 4613
f 5089 5093 5092
f 3303 3305 3304
f 5100 5102 5101
f 5107 5109 5108
f 5110 5092 5114
f 4610 4734 4874
f 5112 5100 5084
f 5088 5090 5089
f 5119 5117 5116
f 5092 5096 5089
f 3826 3829 3825
f 5108 5102 5126
f 5100 5087 5084
f 5118 5133 5138
f 3783 3690 3784
f 4444 4446 4445
f 5151 5150 5152
f 4790 4617 4813
f 4332 4190 4187
f 3266 4451 4448
f 3211 3332 3946
f 4741 4760 4652
f 4775 4777 4776
f 4764 4691 4766
f 4489 4048 4490
f 4466 4511 4497
f 4518 3930 4514
f 4786 4791 4807
f 4980 4984 4977
f 5144 5150 5143
f 5159 5148 5158
f 5121 5120 5114
f 5169 5162 5165
f 5016 4979 5017
f 5123 5179 5122
f 5181 5140 5183
f 5175 5184 5141
f 4575 4586 4534
f 4984 4976 4977
f 4596 4598 4597
f 5182 5183 5186
f 4785 4787 4786
f 5137 5122 5179
f 5167 5180 5181
f 4835 4898 4897
f 4687 4726 4633
f 4176 4170 4398
f 4760 4655 4652
f 4681 4649 4646
f 5121 5132 5131
f 5171 5178 5170
f 5174 5191 5176
f 5169 5194 5164
f 4909 5095 4907
f 5105 5112 5113
f 4767 5126 4803
f 5201 5205 5204
f 5219 5217 5216
f 5229 5200 5209
f 5234 5236 5235
f 4069 4071 4070
f 4724 4717 4713
f 5108 4768 5107
f 5103 5126 5102
f 5227 5211 5226
f 5015 4884 4885
f 4997 4892 4884
f 5197 5215 5214
f 5241 5247 5246
f 5013 5019 5018
f 5205 5232 5204
f 4969 4971 4970
f 5239 5249 5248
f 4808 5225 4809
f 5216 5199 5196
f 5253 5242 5254
f 5235 5255 5256
f 5135 5157 5134
f 5264 5267 5266
f 5245 5215 5242
f 5260 5269 5267
f 5264 5274 5265
f 5154 5173 5142
f 5287 5278 5288
f 5256 5300 5257
f 5173 5176 5175
f 4631 4629 4628
f 4781 4783 4782
f 5309 5311 5310
f 5155 5144 5145
f 4826 4827 4825
f 5291 5308 5293
f 5310 5281 5286
f 5311 5308 5288
f 4036 4176 4175
f 4641 4704 4702
f 5220 4804 5223
f 4770 5207 4905
f 5188 5175 5176
f 5180 5129 5140
f 4626 5314 5313
f 4731 5315 5317
f 5222 5210 5221
f 4728 5316 5315
f 5230 5216 5196
f 5297 5240 5241
f 5204 5208 5201
f 5318 4864 5319
f 5273 5287 5289
f 5221 5219 5230
f 4700 5321 5314
f 5313 5328 5329
f 5157 5154 5142
f 5275 5263 5265
f 5324 5318 5325
f 5323 5331 5328
f 5343 5345 5344
f 5306 5286 5282
f 5278 5311 5288
f 4882 5320 5316
f 5109 5114 5120
f 5123 5130 5129
f 5299 5284 5298
f 5240 5199 5241
f 5229 5197 5214
f 5305 5292 5293
f 5233 5225 5243
f 5192 5194 5193
f 5104 4670 4746
f 5146 5160 5145
f 5337 5347 5338
f 5347 5341 5332
f 5353 5335 5352
f 5349 5354 5352
f 5355 5357 5354
f 5358 5360 5359
f 5355 5348 5360
f 5342 5365 5364
f 5345 5362 5344
f 5332 5367 5331
f 5372 5315 5316
f 5370 5366 5369
f 5361 5354 5357
f 5364 5368 5367
f 5369 5362 5370
f 5316 5330 5372
f 5373 5371 5372
f 5341 5364 5332
f 5374 5359 5373
f 5329 5375 5330
f 5377 5379 5378
f 5377 5331 5367
f 5380 5367 5368
f 5363 5370 5362
f 5357 5374 5381
f 5381 5361 5357
f 4814 4825 4827
f 4825 4816 4799
f 4806 4747 4805
f 5119 5131 5118
f 4696 4893 5387
f 4696 5390 4699
f 5213 5388 5387
f 5393 5388 5394
f 5380 5384 5379
f 5213 4893 5212
f 4813 4908 4790
f 5390 4693 4694
f 5294 5287 5295
f 5184 5186 5183
f 5285 5253 5254
f 4769 4790 4908
f 5327 5359 5360
f 4598 4690 4656
f 4608 4733 4611
f 4627 4609 4839
f 4596 4851 4711
f 4900 4706 4707
f 4668 5395 4667
f 4863 4639 4601
f 5392 4666 4667
f 4872 4651 4807
f 4807 4758 4872
f 5348 5325 5326
f 5176 5190 5188
f 5046 5022 5023
f 4853 4869 4870
f 5346 5363 5362
f 4709 4620 4599
f 4672 4904 4886
f 4680 4651 4649
f 4841 4688 4686
f 4823 4818 4821
f 4729 4602 4851
f 4881 4851 4604
f 5360 5326 5327
f 4852 4707 4869
f 4890 4669 4666
f 5392 5389 5393
f 5189 5186 5187
f 4881 4605 4607
f 5343 5369 5366
f 4607 4625 4882
f 5056 5052 5057
f 4850 4798 4894
f 3260 5398 3259
f 4855 4899 4871
f 5339 5366 5342
f 4789 4808 4677
f 5400 3948 3952
f 3872 4046 3871
f 4018 3424 3872
f 4025 4172 4024
f 4011 4024 4010
f 4065 3900 3901
f 3413 4013 3412
f 5056 5069 5070
f 5055 5070 5071
f 4062 5399 4061
f 5269 5294 5268
f 4685 4903 4846
f 5254 5240 5296
f 4606 4658 4733
f 4729 4882 4728
f 4030 4043 4029
f 4664 4753 4883
f 3575 3904 3903
f 3413 3922 3426
f 4949 4955 4934
f 4947 4913 4914
f 4849 4894 4856
f 4143 3975 4142
f 4912 4932 4911
f 3774 3995 3994
f 3956 3342 4168
f 4871 4758 4759
f 4270 4272 4271
f 4039 5400 4140
f 3555 5402 3554
f 5403 3906 3907
f 3908 3823 3907
f 4124 5408 5407
f 3901 4046 4047
f 4120 5410 5409
f 4124 4125 4123
f 5420 5404 5421
f 5424 5425 3557
f 3400 5428 3845
f 5432 5435 3226
f 4941 4945 4944
f 4935 4949 4934
f 3895 3897 3896
f 5426 4121 5418
f 5430 3906 5420
f 4045 5398 4062
f 5395 5392 4667
f 4846 4701 4840
f 4880 4710 4879
f 4624 4608 4609
f 4656 4662 4661
f 5305 5309 5304
f 5220 5222 5221
f 4230 4327 4324
f 5030 5028 5027
f 5213 5211 5210
f 5440 3269 5441
f 4396 3980 5444
f 5447 3244 3241
f 3328 5451 5396
f 4208 4248 4207
f 4599 4621 4598
f 4528 4391 4208
f 4529 4199 4207
f 4526 4339 4528
f 4256 5452 4532
f 4532 4241 4242
f 3834 5446 3831
f 5443 5444 4050
f 4530 4334 4206
f 4754 4904 4837
f 4229 4381 4331
f 4205 4383 4531
f 4892 4987 4861
f 4039 3976 4038
f 4738 4796 4741
f 4833 4897 4832
f 4232 4200 4201
f 4194 4241 4193
f 4889 4750 4748
f 4194 4365 4368
f 4531 4195 4238
f 5043 5062 5031
f 4182 4561 4180
f 5446 3241 3831
f 5237 5248 5236
f 4206 4382 4205
f 5210 5218 5219
f 3426 3417 3425
f 4216 4192 4215
f 4219 4184 4185
f 4180 4380 4179
f 4327 4591 4326
f 4223 4231 4222
f 4215 4360 4329
f 4186 4218 4185
f 4190 4209 4189
f 4223 4595 4327
f 4326 4328 4329
f 4366 4568 4186
f 4570 4549 4569
f 4579 4548 4570
f 4563 4533 4562
f 4583 4220 4580
f 4586 4561 4562
f 4239 4363 4243
f 4572 4567 4564
f 4536 4585 4535
f 4538 4566 4541
f 4536 5453 4538
f 3573 3983 3316
f 5427 3552 3556
f 4553 4588 4552
f 4593 4555 4592
f 4368 4183 4227
f 4361 4235 4236
f 4233 4527 4232
f 4233 4324 4237
f 4212 4330 4331
f 4237 4325 4236
f 4193 5452 4361
f 4983 4885 4792
f 5002 4986 4993
f 5074 5076 5075
f 4698 5391 4759
f 5391 5390 4694
f 4871 4650 4872
f 4546 4543 4544
f 4553 4901 4574
f 4552 4555 4556
f 5223 4805 5394
f 5386 5383 5363
f 5317 5371 5327
f 3240 4429 3377
f 5384 5381 5379
f 3938 3218 3937
f 3942 5455 5454
f 5361 5386 5356
f 4542 4541 4545
f 3910 5420 3428
f 3939 4060 3940
f 3851 5351 5454
f 3838 3556 3837
f 4547 4857 4546
f 5442 4050 3335
f 3385 5428 5429
f 4257 4235 4256
f 5312 4893 4809
f 4212 4204 4211
f 3854 5461 4392
f 4226 4210 4211
f 4202 4178 4201
f 3316 3897 3315
f 5464 4432 4433
f 5465 3883 4432
f 4472 4449 4450
f 4501 4450 4494
f 4074 4080 4077
f 5473 5401 4173
f 4173 5475 5473
f 3432 3520 5413
f 3462 5504 3461
f 4075 4494 4080
f 5482 3387 3392
f 5468 5470 5469
f 3427 5422 3523
f 4498 4487 3386
f 5403 5414 4128
f 3382 5522 3873
f 3492 5511 3491
f 3429 3517 3520
f 3873 5524 4453
f 5480 3350 3347
f 3477 5505 3462
f 4507 5544 4475
f 4396 5551 4051
f 3374 5553 3373
f 3373 5554 3390
f 5479 4063 3350
f 3390 5555 3393
f 5531 5566 5565
f 3368 5567 3367
f 5556 5560 5559
f 3393 5557 5556
f 4433 5463 5464
f 5464 5458 5456
f 4435 4439 3380
f 4055 3277 3274
f 3273 3911 3370
f 3395 3358 3394
f 5486 4071 5484
f 5526 4453 5524
f 5525 5569 5566
f 5568 3527 5567
f 3527 3847 3366
f 3365 3849 5462
f 5462 3850 5459
f 4435 5571 4430
f 3378 3943 3944
f 5573 5577 5574
f 4438 3943 3379
f 5477 5579 5476
f 5582 5580 5579
f 5583 5581 5584
f 5586 5588 5587
f 4074 5586 4073
f 5583 5474 5473
f 4507 5590 3991
f 5573 4522 4520
f 3989 5596 3988
f 5594 3407 5593
f 4436 5572 5571
f 5591 3991 5590
f 4507 4476 5589
f 3990 5587 5588
f 5578 3406 5577
f 5595 5584 5581
f 5484 3358 5486
f 4441 5467 3882
f 5472 4077 4139
f 5522 5570 5524
f 5486 3353 3524
f 5481 3386 3387
f 3475 5492 3518
f 5476 3899 5477
f 5540 5606 5603
f 5542 5603 5607
f 5608 5542 5607
f 5608 5545 5544
f 5607 5609 5545
f 5599 5548 5612
f 5598 5543 5608
f 5595 5593 5596
f 5588 3989 3990
f 5626 3266 5627
f 5627 4448 5628
f 5469 4469 5468
f 4515 5625 4491
f 4503 4474 4509
f 4481 5627 4480
f 4500 5469 5470
f 3414 5466 5465
f 5594 5581 5582
f 3376 4430 5571
f 3444 3941 3855
f 5572 3444 3445
f 4273 4287 4272
f 4345 4357 4344
f 4386 4305 4385
f 4517 4463 5625
f 4352 4319 4379
f 4352 4251 4336
f 4268 4390 4388
f 4264 4320 4323
f 4346 4282 4283
f 4337 4343 4344
f 4289 4245 4288
f 4303 4287 4288
f 4343 4291 4342
f 4284 4244 4289
f 4375 4291 4294
f 4379 4271 4272
f 4337 4348 4336
f 4524 4295 4290
f 4364 4197 4279
f 4285 4390 4302
f 5206 5208 5207
f 4297 4371 4296
f 4346 4286 4273
f 4285 4333 4284
f 3571 4395 5460
f 5341 5339 5342
f 5346 5334 5335
f 5269 5273 5289
f 4510 5609 5610
f 4509 5545 5609
f 4445 5611 5546
f 5566 5568 3368
f 5349 5338 5348
f 5489 3401 3398
f 5565 3368 3338
f 5496 5417 5630
f 5523 3383 5634
f 5325 5347 5324
f 5523 5599 5522
f 5429 3401 5633
f 3887 5631 5630
f 5634 5600 5523
f 5276 5279 5277
f 5298 5257 5300
f 5087 5085 5084
f 3361 5612 5548
f 5041 5066 5040
f 5487 3383 3384
f 5101 5130 5100
f 5299 5300 5303
f 5333 5335 5334
f 5302 5304 5303
f 5234 5216 5217
f 5301 5255 5258
f 4868 5322 4867
f 5281 5277 5279
f 5323 5322 5324
f 5298 5296 5297
f 4885 4750 4792
f 5231 5196 5197
f 4625 5313 5320
f 5111 5085 5098
f 5600 5549 5548
f 5531 5563 5527
f 5165 5182 5189
f 5283 5285 5284
f 4269 4277 4268
f 5610 5603 5606
f 5127 5091 5128
f 4907 5125 4906
f 5277 5272 5262
f 5596 5592 5598
f 5212 5226 5211
f 5273 5262 5272
f 5302 5258 5292
f 5635 5645 5640
f 4250 4379 4378
f 4485 3405 3402
f 4354 4023 4351
f 4265 4304 4386
f 4388 4282 4387
f 4345 4384 4385
f 4362 4297 4259
f 4836 4612 4828
f 4360 4236 4325
f 4369 4237 4234
f 5647 3986 3573
f 5650 3192 3189
f 5337 5336 5333
f 4467 4477 4466
f 4253 4340 4252
f 4429 5457 4428
f 3997 3915 3540
f 5535 3839 3982
f 5538 4460 4456
f 3439 5571 3438
f 5570 5526 5524
f 3438 5572 3445
f 4440 3879 3876
f 3440 4407 3449
f 3886 5695 5694
f 5534 5396 5451
f 5685 3471 5684
f 4278 4301 4302
f 5628 4449 5469
f 3579 3538 3578
f 4480 5628 4500
f 4402 5517 5518
f 4279 4198 4278
f 3603 3532 3602
f 3580 4088 4090
f 4095 3531 4094
f 5248 5251 5250
f 3778 3999 3776
f 4617 4613 4614
f 4375 4372 4519
f 3411 4136 3410
f 5094 5111 5097
f 3602 3535 3605
f 4023 4350 4351
f 4349 4336 4348
f 3605 3536 3592
f 4469 4471 4470
f 4094 3593 4097
f 4248 4245 4246
f 3519 5518 5517
f 5254 5284 5285
f 4852 4795 4766
f 4265 5629 4264
f 5632 5503 5631
f 3604 3612 3601
f 5549 5502 3360
f 3653 3607 3661
f 4780 4873 4779
f 4988 4979 4976
f 4491 5626 4481
f 4837 4995 4994
f 4615 4765 4749
f 5468 4470 4504
f 3514 3467 3513
f 5491 4409 5679
f 4093 3619 4092
f 4364 5629 4297
f 3488 5509 3487
f 5606 5611 5610
f 4210 4189 4209
f 4600 4602 4601
f 5242 5198 5240
f 5073 5075 5072
f 5651 3940 4060
f 3996 3775 3998
f 5200 5202 5201
f 5525 5527 5526
f 3364 4434 3363
f 3775 3542 3581
f 3941 5485 3855
f 3731 4105 3730
f 4997 4999 4998
f 4508 5608 5544
f 4101 3818 3816
f 3728 4103 3727
f 4591 4592 4328
f 4539 4538 4537
f 4550 4552 4551
f 4541 4567 4545
f 4389 4570 4568
f 4582 4580 4576
f 4976 4978 4977
f 4705 4707 4706
f 4797 4843 4844
f 3713 3730 3726
f 4675 4702 4704
f 4977 4981 4980
f 4810 4817 4816
f 4786 4812 4785
f 4715 4628 4714
f 4978 5021 4981
f 5010 5006 4991
f 3722 4162 4161
f 4558 4560 4559
f 4568 4569 4218
f 4584 4535 4585
f 4641 4715 4716
f 5026 5012 5068
f 4776 4745 4742
f 4714 4712 4713
f 4982 5001 4985
f 4576 4560 4582
f 4564 4566 4565
f 5069 5018 5029
f 5057 5048 5047
f 4810 4811 4680
f 3710 3786 3709
f 4991 4999 5010
f 5011 5010 5004
f 5008 5022 5027
f 5066 5063 5040
f 5047 5024 5025
f 5050 5051 5053
f 5023 5016 5024
f 5045 5059 5061
f 5047 5026 5057
f 3711 3724 3721
f 5048 5037 5047
f 5042 5063 5062
f 5058 5051 5054
f 5036 5046 5037
f 3715 3700 3714
f 5235 5257 5246
f 3732 3704 3702
f 5030 5062 5064
f 5020 5023 5022
f 5263 5261 5260
f 5049 5044 5034
f 5236 5250 5255
f 5031 5027 5022
f 5043 5039 5042
f 5320 5329 5330
f 5049 5052 5051
f 5326 5317 5327
f 3264 3288 3285
f 5264 5263 5260
f 4998 4992 4987
f 5009 5020 5008
f 5036 5039 5038
f 5032 5034 5033
f 4355 3949 3422
f 4269 4374 4323
f 4253 4378 4303
f 4525 4252 4340
f 3960 4111 3866
f 4372 4258 4296
f 5681 5673 5675
f 4378 4272 4287
f 4270 4346 4273
f 3244 5644 5643
f 4899 4648 4650
f 3734 3702 3810
f 4138 3343 4137
f 4192 4361 4360
f 3813 3812 3810
f 3817 3696 3814
f 5668 5682 5674
f 5690 5687 5684
f 5499 5700 5517
f 3999 3820 3577
f 3745 4102 4106
f 5684 3472 5690
f 5702 3860 5703
f 5712 5693 5670
f 3249 4393 3572
f 5695 5715 5694
f 5694 5716 5696
f 5719 5601 5602
f 4918 4950 4952
f 4774 4743 4773
f 3844 5605 3735
f 5505 4411 5504
f 3583 3585 3582
f 3710 4157 4160
f 5513 4417 5508
f 5704 4146 5709
f 4141 4062 4049
f 5669 5688 4410
f 3898 5653 5450
f 5718 3972 5719
f 5684 5686 5685
f 3917 5717 3512
f 3463 5662 5660
f 5492 5680 5491
f 4931 4950 4919
f 5665 3441 5663
f 3788 3740 3790
f 3501 3529 3994
f 3569 3477 3308
f 5516 5727 5515
f 3564 3566 3565
f 3892 5406 3889
f 3962 5407 3961
f 4126 4123 4125
f 4116 3287 5411
f 3892 5630 5417
f 3824 5413 5414
f 4408 5680 4412
f 3969 3978 5402
f 4408 3449 4407
f 4414 3449 4413
f 3962 3262 4125
f 4425 5616 4321
f 4418 5727 4419
f 5716 5575 5696
f 5719 5717 5718
f 5698 5692 5697
f 3880 4166 3987
f 5652 5520 5619
f 5621 4167 4166
f 5679 4410 5688
f 3210 3355 5618
f 5622 5451 5657
f 5416 5497 5624
f 5729 5731 5730
f 5733 3761 3758
f 5735 5737 5736
f 5750 5751 5734
f 5744 5740 5741
f 5744 3753 5746
f 5753 5730 5731
f 5757 5736 5737
f 5731 5765 5753
f 5774 5776 5775
f 5790 5792 5791
f 5796 5787 5797
f 5817 5819 5818
f 5828 5830 5829
f 3725 3751 3747
f 4874 4873 4875
f 4700 4903 4902
f 4740 4876 4739
f 3199 3201 3200
f 4100 4099 4101
f 3749 4108 3748
f 3695 3712 3692
f 3378 3380 3379
f 5504 4412 5507
f 4405 5518 5699
f 5838 5835 5836
f 4705 4712 4708
f 5832 5828 5833
f 5697 5678 5698
f 3791 4005 3790
f 5848 5794 5850
f 3714 3701 3704
f 3995 4042 3890
f 3329 3224 3222
f 4005 3705 4004
f 4551 4763 4550
f 5855 5808 5856
f 5851 5792 5852
f 5803 5858 5847
f 5844 5840 5845
f 5762 5743 5740
f 5808 5806 5807
f 4012 3426 3423
f 5558 3467 4067
f 4550 4720 4901
f 4950 4953 4952
f 3885 5694 5696
f 5705 4081 4082
f 5508 4415 5505
f 3745 3760 3744
f 5507 5680 5506
f 3592 3588 3591
f 3895 5658 5653
f 5613 5501 5549
f 3834 4393 4055
f 5527 4455 5526
f 5775 5809 5774
f 5766 5813 5810
f 5858 5812 5859
f 5855 5811 5858
f 5863 5819 5862
f 5826 5863 5829
f 5862 5833 5828
f 5870 5837 5845
f 5782 5831 5832
f 5868 5836 5873
f 5778 5843 5844
f 5866 5845 5840
f 5785 5867 5784
f 5790 5789 5793
f 5796 5794 5795
f 5821 5819 5820
f 5657 5620 5622
f 5793 5852 5792
f 5855 5801 5798
f 5853 5786 5796
f 5804 5802 5803
f 5827 5864 5822
f 5767 5821 5813
f 5854 5776 5777
f 5860 5818 5861
f 5782 5825 5785
f 5781 5844 5834
f 5810 5815 5816
f 5867 5830 5784
f 5809 5798 5799
f 5828 5863 5862
f 5865 5838 5868
f 5801 5802 5800
f 4086 3795 4149
f 5779 5842 5843
f 5827 5829 5830
f 5839 5869 5835
f 5814 5855 5856
f 5711 3859 5702
f 4958 4917 4960
f 5861 5821 5768
f 5863 5812 5820
f 5865 5823 5824
f 5873 5837 5871
f 5872 5842 5780
f 4089 3563 5704
f 3812 3785 3811
f 5770 5787 5788
f 5789 5847 5846
f 5793 5846 5849
f 4145 4146 3498
f 5848 5790 5791
f 3953 4009 3952
f 5748 5874 5747
f 4624 4626 4625
f 4665 4752 4664
f 4775 4779 4778
f 4746 4671 4747
f 4637 4601 4639
f 4828 4613 4827
f 4704 4762 4675
f 4843 4727 4687
f 4543 4725 4542
f 4731 4863 4730
f 4723 4558 4722
f 4842 4840 4838
f 4717 4857 4718
f 4865 4867 4866
f 5841 5866 5840
f 4725 4540 4542
f 4798 4816 4817
f 4632 4634 4633
f 4720 4715 4719
f 4642 4644 4643
f 3754 5874 5876
f 4860 4644 4847
f 4674 4722 4721
f 4808 4676 4677
f 4721 4822 4821
f 5876 5877 5746
f 4836 4840 4839
f 4658 4660 4659
f 4826 4800 4838
f 4877 4743 4744
f 4948 4971 4943
f 4875 4876 4889
f 4954 4934 4955
f 5773 5788 5790
f 5825 5833 5824
f 5834 5836 5835
f 5834 5845 5837
f 3359 3361 3360
f 5732 3756 3757
f 3394 3396 3395
f 3766 5741 5742
f 5774 5799 5777
f 5805 5857 5802
f 5813 5820 5812
f 3969 3964 3968
f 5667 5674 5666
f 5729 3792 3756
f 3770 5741 3769
f 4741 4739 4738
f 4689 4660 4661
f 5772 5787 5771
f 5735 3758 3764
f 5850 5773 5848
f 5617 3965 5650
f 5799 5854 5777
f 5875 5764 5879
f 5840 5842 5841
f 5861 5769 5860
f 5807 5853 5851
f 5869 5834 5835
f 3765 5739 5738
f 5882 5761 5759
f 5881 5887 5889
f 5895 5898 5897
f 5907 5906 5908
f 5909 5908 5910
f 4234 4526 4369
f 3912 3389 3914
f 5934 8730 8729
f 8730 5930 5931
f 4920 4922 4921
f 8845 8853 8851
f 4141 3404 4174
f 3733 3706 3731
f 8849 8848 8850
f 4234 4236 4235
f 8863 5919 8862
f 3733 4004 3705
f 5908 8859 8867
f 8865 8871 8870
f 8859 8863 8864
f 5927 5925 5928
f 5911 5904 5912
f 8878 8866 8879
f 5635 5637 5636
f 5745 5746 5877
f 3552 3554 3553
f 8857 8890 8875
f 5924 8860 5923
f 3553 3556 3552
f 5919 8861 8862
f 8869 8870 8891
f 8873 8878 8876
f 8856 8875 8874
f 8862 5889 5887
f 8846 8844 8843
f 8864 8866 8865
f 8729 8883 8884
f 8848 8887 8886
f 8878 5888 8893
f 8896 8855 8897
f 8853 8896 5885
f 8841 5882 5883
f 3489 3491 3490
f 8867 8864 8868
f 5910 8867 8898
f 5914 8898 8899
f 5916 8899 8900
f 5889 8860 5890
f 8876 8893 8894
f 5918 8900 8901
f 4424 5726 4423
f 8904 8900 8899
f 8909 8904 8905
f 8908 8903 8904
f 8869 8905 8868
f 3632 3667 3635
f 3687 3689 3688
f 3636 3681 3631
f 3664 3639 3665
f 4304 4306 4305
f 8909 8891 8910
f 3681 3695 3680
f 3758 3760 3759
f 3684 3700 3683
f 3721 3723 3722
f 3941 3943 3942
f 3738 3740 3739
f 3687 3709 3690
f 3238 3938 3220
f 4249 4288 4245
f 4499 3344 4464
f 4240 4368 4367
f 3453 3951 3919
f 4401 3547 3967
f 3950 3451 3436
f 3702 3701 3703
f 3725 3727 3726
f 3194 3208 3193
f 4034 4461 4462
f 3914 3913 3912
f 3483 3533 3482
f 3191 3957 3206
f 4292 3970 4293
f 3909 3428 3356
f 3959 3866 3867
f 4017 4309 4016
f 4316 4008 3953
f 4448 4450 4449
f 4414 4417 4416
f 3435 3351 3433
f 4413 4415 4414
f 3899 3901 3900
f 3780 3648 3809
f 3474 3886 3885
f 3958 3192 3214
f 3221 3935 4427
f 3905 3907 3906
f 3913 4486 3313
f 4420 4421 4085
f 3881 3883 3882
f 4004 3790 4005
f 4271 4318 4316
f 4259 4296 4258
f 3501 4066 3468
f 5897 5900 5899
f 5901 5904 5903
f 8854 8856 8855
f 3789 3786 3720
f 3651 3781 3782
f 5924 5901 5925
f 8870 8873 8872
f 8876 8874 8873
f 5912 5918 5911
f 3805 3799 3737
f 3369 3395 3396
f 3923 3925 3924
f 3916 3512 3509
f 3641 3801 3642
f 4276 4323 4320
f 4181 4331 4330
f 4428 3377 4429
f 3495 4321 4322
f 4436 3380 3381
f 4430 4437 4435
f 3945 3958 3946
f 4065 4047 3418
f 4495 3408 4496
f 8913 8915 8914
f 8911 8917 8916
f 8889 8923 8890
f 8919 8931 8921
f 8884 8918 8885
f 8922 8931 8925
f 5852 5909 5851
f 5866 5915 5917
f 8926 8914 8915
f 8914 8883 8913
f 8886 8921 8888
f 5846 5894 5891
f 5873 5900 5868
f 8893 5764 5754
f 8894 5754 5753
f 5890 5927 8936
f 5885 5755 5758
f 5871 5902 5873
f 5763 5883 5762
f 5880 8936 5763
f 4175 4398 4399
f 4274 4255 4275
f 8883 5931 8882
f 8868 8898 8867
f 3289 3247 3292
f 3858 5485 5921
f 8850 8886 8888
f 4116 5409 4115
f 3889 4127 5415
f 3678 8938 8937
f 8857 8888 8889
f 3979 3294 3295
f 4126 3431 3823
f 3651 3679 3650
f 3460 5921 3354
f 4084 3310 3487
f 8905 8899 8898
f 3561 5397 5656
f 3213 5528 5519
f 4191 4193 4192
f 5449 5532 5533
f 4142 4031 4479
f 4060 5652 5651
f 4480 4482 4481
f 5519 3212 3213
f 5657 3330 3940
f 4473 4475 4474
f 3514 5668 5667
f 5663 5669 5665
f 8881 5926 8880
f 5734 5749 5750
f 4788 4677 4678
f 3997 3538 3506
f 3551 3310 3294
f 3577 3998 3999
f 4893 4676 4809
f 4753 4671 4672
f 8729 8885 8843
f 3813 9021 8937
f 8938 3813 8937
f 8882 5929 8881
f 4098 3820 3821
f 3399 5416 3398
f 5494 5503 4403
f 5880 5878 5881
f 4986 4861 4987
f 4999 5004 5010
f 4985 4988 4976
f 5816 5766 5810
f 4372 4384 4519
f 5688 5692 5679
f 8903 8901 8900
f 8879 5887 5888
f 8902 8880 8901
f 5919 5895 5920
f 4519 4342 4291
f 8847 8854 8853
f 5925 5903 5926
f 4021 4523 4025
f 5678 5676 4406
f 4424 4085 4421
f 5701 3577 3820
f 5928 5926 5929
f 5000 4980 5004
f 9022 3545 4113
f 9024 5409 5410
f 4008 4010 4009
f 3931 4516 4513
f 3822 3807 3821
f 8851 8844 8845
f 5728 5509 5721
f 9025 4115 5409
f 5209 5201 5208
f 4820 4653 4682
f 3988 5598 4508
f 3370 3357 3395
f 5639 5641 5640
f 5592 4477 5543
f 3378 5572 3381
f 5625 3265 5626
f 5594 5577 3406
f 3302 5645 3301
f 3274 3278 3273
f 5207 5233 5243
f 5071 5072 5075
f 4815 4785 4812
f 4796 4643 4760
f 3243 5643 5648
f 5301 5303 5300
f 5431 5655 5654
f 5251 5244 5252
f 3353 3523 3524
f 4174 3405 3411
f 3546 4113 3545
f 4002 3788 4004
f 4196 4238 4195
f 3232 5647 3231
f 4373 4266 4310
f 4867 5321 4902
f 5648 4058 3243
f 4455 3893 4453
f 5593 4511 5592
f 5275 5252 5253
f 5252 5274 5251
f 4092 3624 3597
f 3723 3743 3722
f 4780 4802 4796
f 4059 3560 5425
f 4317 4347 4270
f 5188 5192 5187
f 5570 5612 5569
f 3385 5633 3384
f 3526 5569 5612
f 3576 3608 3590
f 3581 3594 3580
f 5239 5238 5232
f 5081 5083 5082
f 4369 4528 4527
f 4325 4329 4360
f 3569 3286 3336
f 9022 4112 5709
f 3661 3801 3653
f 5074 5030 5064
f 5064 5063 5065
f 3563 3498 4146
f 3961 4119 5411
f 4854 4870 4735
f 5018 5028 5029
f 5007 5027 5028
f 5040 5039 5041
f 3240 3875 3239
f 5070 5029 5072
f 3504 3866 4111
f 3537 3591 3588
f 5033 5039 5032
f 4710 4635 4879
f 5017 4989 5014
f 5024 5046 5023
f 4991 5019 4990
f 4587 4574 4573
f 4996 4793 4878
f 5066 5059 5067
f 5221 5231 5220
f 5068 5057 5026
f 3675 3643 3642
f 3663 3675 3662
f 4722 4559 4822
f 3579 3590 3591
f 3686 3677 3678
f 4422 3499 4419
f 5142 5138 5133
f 5078 5075 5076
f 3609 3590 3608
f 3288 5411 3287
f 5424 5410 3246
f 5152 5156 5172
f 3960 5709 4112
f 4946 4957 4958
f 3867 5705 3959
f 9026 4113 5710
f 5192 5189 5187
f 5161 5194 5171
f 3637 3682 3636
f 4392 3847 3848
f 3796 4149 3795
f 4104 3727 4103
f 3594 3993 4088
f 3796 4134 5710
f 3687 4156 4157
f 3760 4164 4165
f 4464 3345 4467
f 3485 3868 3484
f 3846 5423 4130
f 3409 4496 3408
f 3767 3765 3762
f 3711 4159 4160
f 3797 4087 3510
f 4072 5562 5560
f 4502 5590 5589
f 5408 9027 4118
f 5683 5714 5682
f 5702 4110 5711
f 5623 4148 4167
f 5428 3525 3522
f 3668 3802 3667
f 4000 8938 3679
f 4221 4179 4380
f 4267 4388 4315
f 3721 4161 4159
f 3903 5706 5705
f 3583 4090 4091
f 3894 3524 3525
f 4635 4636 4634
f 4173 4009 4010
f 4890 5393 5394
f 5290 5293 5292
f 5339 5337 5333
f 5458 4438 4439
f 3251 5430 3910
f 3252 5419 3251
f 3428 5421 3427
f 3571 5418 3252
f 4583 4554 4593
f 4239 4224 4238
f 3322 5450 5449
f 5309 5306 5304
f 4109 3748 4108
f 5707 3794 3795
f 5139 5183 5140
f 5271 5290 5259
f 5280 5282 5279
f 5110 5125 5115
f 5319 4731 5317
f 5334 5339 5333
f 5423 3523 5422
f 5376 5378 5375
f 4721 4646 4674
f 3719 4159 4161
f 4853 4692 4795
f 5373 5330 5375
f 4428 5456 4437
f 5376 5328 5331
f 3337 4434 4431
f 4692 5395 4795
f 5475 4523 5476
f 5478 4068 4522
f 5421 4129 5422
f 5374 5375 5378
f 5283 5306 5282
f 5246 5234 5235
f 5154 5150 5153
f 4458 5561 4457
f 5163 5158 5168
f 5381 5378 5379
f 3397 5484 5483
f 4457 5563 5537
f 5147 5150 5149
f 4474 5544 5545
f 5325 5319 5326
f 5223 5388 5222
f 5517 3521 3519
f 4499 3347 4487
f 5404 4128 4129
f 3476 5506 3475
f 4084 5515 4083
f 3900 5477 3899
f 5536 5547 5546
f 5491 5493 5492
f 5474 4139 5401
f 4063 4522 4068
f 4459 5541 5540
f 5548 3360 3361
f 5444 5550 4396
f 3888 5415 5412
f 5546 3339 4445
f 5536 5538 5537
f 3570 5508 3477
f 4471 5589 4476
f 4280 3359 5933
f 5499 4403 5503
f 5189 5169 5165
f 5543 4478 5542
f 4051 5552 3374
f 3461 5507 3476
f 4629 4870 4869
f 5106 4909 4862
f 5286 5279 5282
f 5462 3364 3365
f 3491 5514 3840
f 5224 5231 5229
f 4478 5540 5542
f 4099 3742 3723
f 4803 4805 4804
f 4130 5422 4129
f 4470 4476 4473
f 4924 4921 4922
f 4920 4927 4926
f 4993 4987 4992
f 4887 4913 4912
f 3894 4070 4071
f 5472 5585 5586
f 3508 4134 3507
f 3603 4096 4097
f 3772 3992 4110
f 5712 5671 5672
f 3739 4162 4163
f 5683 3515 5715
f 5480 4495 5479
f 5698 5493 5498
f 3578 3996 3998
f 3645 4154 4155
f 5660 3466 3463
f 4135 5710 4134
f 5587 4073 5586
f 5687 5693 5686
f 3584 4091 4150
f 5585 5584 5588
f 4128 5415 4127
f 4257 4338 4526
f 4222 4178 4179
f 4366 4191 4216
f 5098 5091 5088
f 5761 5737 5760
f 5760 5738 5739
f 8852 5934 8844
f 8874 8855 8856
f 8895 8855 8877
f 5884 8842 8852
f 4557 4582 4560
f 8890 8917 8892
f 8918 8930 8920
f 8924 8915 8916
f 4182 4330 4190
f 3864 5711 4110
f 3574 3230 3231
f 3342 3415 3341
f 3488 3549 3840
f 4317 3953 3949
f 3672 4152 4153
f 5708 3865 5707
f 9021 3685 3686
f 3621 3616 3617
f 5728 4419 5727
f 4311 4028 4310
f 4131 3543 3841
f 4426 3842 4423
f 4518 4168 4427
f 5457 5464 5456
f 5425 3558 3837
f 5458 4437 5456
f 3416 5465 5457
f 5638 5437 5637
f 3985 5636 5637
f 5646 5636 5647
f 9023 3554 5402
f 5722 5514 5726
f 3256 3934 3255
f 4164 5734 5751
f 8885 8920 8887
f 3282 3929 3281
f 3292 3320 3291
f 3232 3300 3301
f 3303 3271 3334
f 3562 5432 3325
f 3392 3388 3391
f 3854 5350 3851
f 5463 5459 5458
f 5935 3885 5576
f 3879 3954 3878
f 3928 3391 3388
f 4137 4458 4138
f 5454 3850 3851
f 3548 3549 3550
f 4443 5470 4442
f 4452 4506 4447
f 4468 3415 3879
f 4443 3876 4483
f 3234 4515 4516
f 5434 3896 5433
f 5448 5441 5644
f 5447 5443 5442
f 4442 5471 5467
f 5550 3275 5551
f 5578 4520 3409
f 3464 5666 3463
f 4701 4839 4840
f 3259 4041 4030
f 4015 3423 4018
f 3558 3982 3839
f 4856 4823 4824
f 4741 4653 4740
f 3759 4106 3763
f 3560 3290 3559
f 9024 3557 3553
f 5438 3280 5439
f 3321 3290 3291
f 5557 4072 5560
f 5553 3396 5554
f 4045 4174 4044
f 4539 4849 4585
f 3536 3503 3588
f 5478 5574 5477
f 3800 3510 3511
f 4755 4886 4754
f 5561 5527 5563
f 5752 5732 5751
f 5752 5756 5765
f 3518 5493 5521
f 3767 4107 4108
f 3534 4097 3593
f 4395 3826 3827
f 3926 3371 3925
f 4446 5610 5611
f 4050 3980 3981
f 8887 8843 8885
f 5649 5640 5645
f 4643 4761 4760
f 3709 3784 3690
f 4778 4660 4777
f 5649 4054 5648
f 5646 3301 5645
f 3250 3910 3909
f 5884 5757 5761
f 5655 5936 5937
f 4224 4226 4225
f 4043 3412 4013
f 4286 4288 4287
f 4267 4310 4266
f 4493 4080 4494
f 3325 3226 3227
f 3925 3372 3928
f 4312 4314 4313
f 3996 3540 3541
f 8908 8912 8907
f 4023 4025 4024
f 3995 3891 3994
f 5482 5559 4137
f 4486 3921 4484
f 4300 4302 4301
f 5438 5644 5441
f 3233 3282 3270
f 3225 3227 3226
f 5446 5445 5443
f 5554 3397 5555
f 4834 4830 4772
f 4064 3350 4063
f 3596 3598 3597
f 5639 5648 5643
f 5434 5654 5658
f 4895 4830 4831
f 3674 3676 3675
f 3551 3978 3550
f 3835 3305 3306
f 3813 3702 3703
f 3691 4160 4157
f 4109 4101 4103
f 4565 4188 4564
f 3490 3547 3489
f 3672 3647 3673
f 8906 8912 8913
f 3810 3811 3734
f 4051 4397 4396
f 3566 4090 4088
f 5580 5476 5579
f 4456 5537 5538
f 5539 5546 5611
f 8844 8729 8843
f 8872 8874 8875
f 4383 4198 4195
f 4931 4927 4930
f 5529 5397 5396
f 5314 5323 5328
f 5347 5323 5324
f 4711 4599 4596
f 5387 5389 4696
f 5259 5292 5258
f 5195 4803 5126
f 5195 4746 4806
f 4639 4866 4685
f 4821 4681 4721
f 3421 5399 3260
f 4730 4601 4602
f 4807 4811 4786
f 4040 3421 3948
f 4844 4800 4797
f 3936 3929 3930
f 4894 4817 4823
f 5365 5383 5368
f 4657 4661 4658
f 5224 4770 4804
f 5368 5382 5380
f 5336 5352 5335
f 5353 5386 5363
f 4070 4454 4069
f 5396 3327 3328
f 5225 5312 4809
f 5384 5386 5385
f 5391 4695 4759
f 4735 4870 4630
f 4407 4409 4408
f 4623 4880 4706
f 5356 5352 5354
f 4578 4859 4577
f 3239 3217 3938
f 3937 3333 3939
f 4578 4534 4535
f 5467 4505 4452
f 4836 4826 4838
f 4422 5721 4421
f 3392 5556 5482
f 5564 5565 5547
f 3807 3663 3660
f 5922 4392 4281
f 3680 3692 3693
f 3630 3632 3631
f 4416 5725 4418
f 4033 3836 4176
f 3238 4168 3342
f 3466 3483 3484
f 3678 3650 3679
f 3677 3649 3650
f 3340 4431 3884
f 3562 5656 5655
f 5658 5938 5939
f 3642 3640 3641
f 3306 3334 3981
f 3256 3280 3281
f 8910 8892 8917
f 5868 5898 5859
f 8924 8922 8925
f 8935 8925 8931
f 8882 8913 8883
f 8925 8926 8924
f 8840 8936 5927
f 5852 5905 5907
f 5136 5124 5137
f 4243 4260 4242
f 5238 5228 5232
f 5642 5643 5644
f 3924 3928 3927
f 5412 5700 3888
f 3750 3751 3707
f 3746 3770 3769
f 3859 3861 3860
f 3972 3493 3494
f 5923 8861 5920
f 4945 4958 4959
f 3296 3286 3287
f 3824 3907 3823
f 3671 4154 4153
f 4137 5481 5482
f 3614 3802 3617
f 3283 3559 3290
f 4936 4934 4933
f 5511 5726 5514
f 4170 3926 3923
f 3572 3830 3826
f 3459 3858 3460
f 3496 4425 3495
f 3457 3436 3437
f 3984 3986 3985
f 3914 3386 4487
f 5512 5723 5511
f 4500 4483 4480
f 4501 4471 4472
f 4503 4505 4504
f 4143 4461 4490
f 3331 3222 3219
f 4016 4018 4017
f 3998 3776 3999
f 4114 5710 4113
f 4405 4406 4404
f 5602 5720 5719
f 4767 4804 4770
f 4929 4954 4928
f 4410 5665 5669
f 3888 5632 3887
f 4048 3977 3974
f 3947 3212 5652
f 5676 3472 3473
f 5782 5784 5783
f 4315 4311 4267
f 5699 5521 5493
f 5864 5825 5822
f 5826 5822 5823
f 5775 5805 5806
f 3236 3270 3271
f 5823 5859 5826
f 4957 4895 4917
f 8868 8865 8869
f 4281 3848 4280
f 4940 4971 4949
f 4013 4029 4043
f 3685 3701 3684
f 4339 4377 4391
f 8891 8872 8892
f 3753 3755 3754
f 4427 3220 3221
f 3809 3779 3780
f 3568 4418 3500
f 3880 3918 3805
f 3543 3842 3841
f 4646 4648 4647
f 4656 4597 4598
f 4781 4820 4784
f 4972 4974 4973
f 5101 5109 5120
f 5095 5115 5125
f 5090 5132 5093
f 5131 5134 5133
f 5134 5127 5135
f 5117 5140 5129
f 3539 3863 3595
f 4006 3792 4007
f 5128 5099 5124
f 5097 5089 5096
f 5274 5271 5259
f 4571 4569 4549
f 4225 4238 4224
f 5156 5170 5172
f 4538 4540 4537
f 4622 4665 4662
f 4981 5004 4980
f 5012 4975 5013
f 5148 5149 5157
f 5157 5133 5134
f 5161 5145 5160
f 4261 4242 4260
f 5294 5291 5268
f 4255 4532 4261
f 5274 5250 5251
f 4246 4207 4248
f 3314 3927 3912
f 4670 4672 4671
f 4995 4673 4986
f 4638 4603 4600
f 4341 4525 4340
f 5163 5165 5162
f 4834 4784 4819
f 4784 4682 4819
f 4844 4687 4688
f 5280 5275 5285
f 4217 4564 4188
f 4554 4556 4555
f 4551 4556 4594
f 4549 4544 4571
f 5141 5173 5175
f 4653 4683 4682
f 4973 4989 4988
f 4984 5015 4983
f 5177 5170 5178
f 5166 5181 5182
f 5141 5139 5138
f 5178 5151 5177
f 5244 5203 5245
f 5252 5245 5253
f 4479 4079 4493
f 4402 4404 4403
f 3500 4419 3499
f 5856 5909 5913
f 4488 3348 3349
f 8851 5885 5886
f 3607 5701 4098
f 3508 3503 3504
f 5847 5896 5894
f 4374 4309 4263
f 3380 4438 3379
f 9025 3553 3554
f 5718 4131 3973
f 3300 3283 3321
f 5551 3276 5552
f 5552 3369 5553
f 5555 5483 5557
f 5859 5896 5858
f 4133 3794 3915
f 3606 3652 3610
f 4900 4766 4691
f 4616 4789 4788
f 3738 4164 3757
f 4774 4642 4801
f 4399 3402 4175
f 5853 5795 5851
f 3936 4427 3935
f 3418 4064 4065
f 5510 3840 5514
f 3270 3279 3269
f 3274 4056 4055
f 4359 4305 4306
f 4135 3504 4111
f 3610 3609 3606
f 3837 3557 5425
f 5940 4401 5941
f 5853 5803 5847
f 5725 5515 5727
f 3246 4117 3245
f 5713 5672 5681
f 4918 4916 4915
f 4148 3771 5703
f 5106 5113 5111
f 4147 5709 4146
f 5152 5177 5151
f 9026 4111 4112
f 5104 5103 5112
f 3531 3485 3593
f 3713 3715 3714
f 3699 3815 3697
f 4467 4459 4478
f 4703 4736 4640
f 5405 3846 5406
f 3555 3963 3964
f 4120 5411 4119
f 4217 4185 4218
f 3279 5441 3269
f 4944 4959 4966
f 4353 4344 4357
f 3815 3716 4104
f 3374 4052 4051
f 4491 4516 4515
f 5865 5833 5866
f 5819 5856 5862
f 5807 5856 5808
f 3933 3281 3929
f 3208 3920 3919
f 8907 8902 8903
f 5288 5295 5287
f 3728 3747 3748
f 3309 4083 3336
f 5119 5101 5120
f 3811 3789 4002
f 3595 3992 3993
f 4106 4100 4107
f 5696 5576 3885
f 3708 3750 3707
f 3744 4165 4163
f 5905 5892 5906
f 3403 4175 3402
f 4133 3506 3507
f 4147 3544 3545
f 3561 3325 3324
f 3237 3239 3238
f 4877 4793 4794
f 3241 3243 3242
f 3597 3625 3596
f 3279 3281 3280
f 3371 3373 3372
f 3599 3567 3598
f 3975 4032 4031
f 3277 3250 3278
f 3774 3565 3773
f 3658 3780 3779
f 4961 4963 4960
f 3600 3616 4096
f 4228 4202 4199
f 4011 4318 4350
f 4307 4262 4308
f 4838 4841 4842
f 4782 4773 4743
f 4914 4946 4947
f 4839 4765 4836
f 4771 4645 4642
f 4962 4964 4963
f 4966 4963 4964
f 3601 3615 3600
f 5878 5879 5881
f 5890 5881 5889
f 3720 4158 3719
f 4755 4689 4663
f 3740 3718 3739
f 5695 5686 5714
f 5740 5742 5741
f 5733 5736 5749
f 5755 5750 5749
f 5745 5762 5740
f 5798 5800 5799
f 4706 4879 4705
f 5651 5619 5620
f 5850 5797 5772
f 5804 5806 5805
f 4087 5707 4086
f 5915 5914 5916
f 5703 4167 4148
f 5893 5896 5895
f 5892 5919 8858
f 5706 5664 4081
f 5786 5788 5787
f 3973 3841 3493
f 4831 4915 4916
f 5906 8858 8859
f 4965 4969 4964
f 4684 4846 4842
f 3589 3611 3604
f 3596 4150 4091
f 5877 5763 5745
f 4121 4123 4122
f 3469 3868 3502
f 3204 3208 3207
f 3716 3726 3727
f 5460 5426 3571
f 3465 3470 3464
f 5738 3764 3765
f 4887 4655 4888
f 4203 4205 4204
f 3959 4082 4089
f 5758 5886 5885
f 5781 5872 5780
f 4675 4723 4674
f 3757 5751 5732
f 3334 3272 3335
f 8880 5903 5911
f 5615 3473 5614
f 5759 5760 5743
f 8845 8848 8847
f 5778 5780 5779
f 8857 8849 8850
f 4132 3798 3859
f 5839 5841 5842
f 560 3187 559
f 5747 4007 3792
f 5928 8840 5927
f 5766 5768 5767
f 4848 4956 4847
f 4953 4967 4965
f 4832 4910 4915
f 5879 5888 5887
f 3598 3530 4095
f 5747 5730 5748
f 5754 5748 5730
f 5810 5812 5811
f 5758 5749 5736
f 4315 4387 4314
f 5917 5916 5918
f 5913 5910 5914
f 5930 8841 8840
f 4951 4968 4953
f 3209 3201 3202
f 4059 3246 3247
f 8731 8842 8841
f 3776 3585 3778
f 5770 5772 5771
f 5891 5893 5892
f 9028 5641 5439
f 5814 5816 5815
f 5662 5673 5661
f 3522 3524 3523
f 5630 5942 5496
f 5791 5795 5794
f 5746 3754 5876
f 5928 5931 5930
f 5743 5739 5742
f 5876 5875 5878
f 3678 9021 3686
f 4200 4207 4199
f 4114 3916 4149
f 3601 3605 3604
f 3818 3712 3817
f 3315 3317 3316
f 5899 5902 5901
f 8840 5883 8936
f 5562 5559 5560
f 4416 3448 4414
f 3189 3191 3190
f 4751 4747 4671
f 4181 4180 4177
f 3832 5454 5351
f 3362 3526 3361
f 5678 5699 5698
f 3497 3499 3498
f 448 807 447
f 647 122 270
f 5690 5677 5697
f 4183 4185 4184
f 1833 1780 1832
f 5920 5897 5923
f 510 508 507
f 4401 5944 5941
f 5656 5530 5936
f 3970 5940 4293
f 5653 5939 5946
f 5450 5946 5532
f 3384 5945 5487
f 4403 4299 5494
f 5944 3968 5949
f 3963 5951 3852
f 5614 3474 5935
f 5427 3857 5951
f 3210 1887 3201
f 1887 3200 3201
f 15 3197 3200
f 16 3195 3197
f 3195 3187 3194
f 3194 1899 3207
f 3207 375 3204
f 387 126 127
f 3189 1760 5650
f 9029 757 758
f 763 2172 2175
f 9035 9032 9033
f 9033 9031 9030
f 9046 9048 9047
f 8751 9054 8752
f 9078 9077 9079
f 9083 9051 9053
f 9088 9047 9048
f 9099 9040 9097
f 9102 9036 9099
f 9105 9032 9103
f 9105 9106 9031
f 1801 9108 9107
f 9103 9034 9102
f 9096 9047 9089
f 1767 9111 9112
f 1597 9113 1600
f 1708 9117 9116
f 9123 9119 9118
f 9118 9125 9124
f 1588 9116 1587
f 2080 9118 2082
f 2082 9124 2084
f 9126 9087 9083
f 9129 9088 9087
f 5512 5943 5947
f 5634 5488 5948
f 5724 5947 5616
f 9134 9097 9133
f 9144 9102 9138
f 9133 9096 9132
f 786 9144 785
f 9146 9103 9144
f 785 9138 497
f 497 9134 650
f 650 9133 564
f 9148 9133 9132
f 8756 9057 8753
f 9154 9130 9129
f 9151 9131 9130
f 9097 9090 9096
f 1799 9111 1768
f 5949 3964 3853
f 9160 8809 8811
f 8813 9160 8811
f 9166 564 9148
f 9067 9054 9052
f 9162 9148 9150
f 9087 9048 9051
f 9081 9079 9082
f 9049 9051 9048
f 9082 9167 9081
f 9079 9049 9046
f 9169 9175 9170
f 9167 9112 9081
f 9168 9177 9167
f 9120 9113 9177
f 9120 9169 9119
f 9119 9170 9125
f 9179 9125 9170
f 9180 9124 9125
f 9178 9170 9175
f 1576 2084 9124
f 9179 9183 9181
f 3203 1387 3190
f 3190 1791 3189
f 5618 1949 3210
f 317 259 391
f 2000 9105 9146
f 9053 9052 9054
f 9041 9036 9037
f 9029 756 2170
f 9037 9034 9035
f 9130 9089 9088
f 3204 376 3203
f 1801 9109 1799
f 9181 9180 9179
f 1575 9190 1088
f 9187 1576 9180
f 1776 1796 1775
f 1293 1290 1284
f 1326 1327 12
f 1294 1234 1290
f 878 1330 1337
f 5633 5490 5945
f 5933 3360 5502
f 5613 5948 5500
f 5604 3844 5720
f 3972 5950 5601
f 3494 4322 5950
f 4406 5615 4298
f 3492 4292 5943
f 5631 5495 5942
f 497 374 498
f 122 413 121
f 5624 3398 5416
f 9151 9156 9160
f 9058 8752 9054
f 9160 9150 9151
f 8815 9162 8813
f 9156 8794 8809
f 439 399 438
f 1512 1526 1511
f 1668 1738 1671
f 839 1362 838
f 1362 826 1012
f 3425 3418 4047
f 4905 5243 4808
f 4621 4662 4690
f 5582 5574 5577
f 4754 4756 4755
f 3902 4021 4022
f 9295 1896 9267
f 2053 2118 2117
f 9340 2120 2119
f 696 9268 9283
f 4922 4939 4924
f 4365 4186 4183
f 5105 4862 4670
f 5228 5226 5225
f 4781 4877 4794
f 5218 5238 5217
f 4990 4992 4991
f 4335 4336 4251
f 4993 4972 5002
f 4794 4792 4750
f 5886 8852 8851
f 5405 5417 5416
f 4669 4764 4668
f 4676 4698 4679
f 1826 639 640
f 9192 9181 9183
f 5232 5233 5204
f 5418 4122 5419
f 956 886 960
f 5720 3512 5717
f 4728 4730 4729
f 8879 8863 8862
f 1980 1922 807
f 4969 4966 4964
f 33 105 164
f 9028 3254 5437
f 3837 3839 3838
f 4382 4301 4383
f 3908 4122 4123
f 4290 4294 4291
f 4400 4055 4056
f 3219 3221 3220
f 8894 8877 8876
f 4640 4735 4630
f 4389 4216 4213
f 3267 4493 4451
f 3268 4463 4144
f 5097 5098 5088
f 5094 5096 5095
f 5654 5937 5938
f 4089 3960 3959
f 5159 5162 5160
f 5202 5249 5205
f 5412 5414 5413
f 5715 3516 5716
f 5723 4423 5726
f 4263 4323 4374
f 3994 3564 3774
f 1343 9308 9309
f 3470 5667 3464
f 5659 5671 5706
f 3319 4053 3299
f 9359 2128 9354
f 1766 1582 1594
f 14 2163 738
f 595 99 594
f 5703 3772 5702
f 5206 5229 5209
f 3437 3458 3457
f 5516 3487 5509
f 5122 5087 5123
f 3223 3934 3935
f 3979 5402 3978
f 3828 3320 3827
f 5663 4081 5664
f 4035 4490 4461
f 4426 5724 4425
f 3881 4447 4444
f 5407 4118 4119
f 5691 5689 5687
f 5661 5672 5671
f 5911 8901 8880
f 3902 3871 4046
f 5541 5539 5606
f 4069 5561 5562
f 3248 3292 3247
f 1346 1044 1352
f 748 1425 747
f 3297 3255 3934
f 5445 4056 5550
f 5783 5830 5831
f 4310 4376 4373
f 5857 5800 5802
f 3882 4452 3881
f 3193 3919 3951
f 3190 3206 3203
f 4266 4268 4267
f 4488 3420 4486
f 3331 3940 3330
f 4282 4284 4283
f 4606 4607 4605
f 4628 4708 4712
f 4659 4733 4658
f 4615 4829 4614
f 4718 4713 4717
f 5722 4421 5721
f 3307 3461 3433
f 4686 4634 4636
f 3966 3550 3978
f 4738 4875 4873
f 3416 3237 3341
f 4527 4208 4200
f 5093 5114 5092
f 5124 5086 5122
f 5117 5138 5139
f 4631 4640 4630
f 5166 5168 5167
f 5185 5187 5186
f 5194 5191 5171
f 3245 4118 9027
f 5214 5203 5200
f 3230 3318 3284
f 5237 5217 5238
f 5250 5258 5255
f 5113 5084 5085
f 5270 5269 5268
f 4906 5107 4768
f 5271 5267 5270
f 5276 5262 5263
f 5153 5174 5173
f 5290 5268 5291
f 5306 5303 5304
f 5147 5146 5143
f 4585 4856 4584
f 3226 5436 3225
f 4473 4504 4470
f 5765 8897 8895
f 4529 4247 4530
f 8923 8916 8917
f 5713 5682 5714
f 3315 3898 3322
f 5564 5537 5563
f 4468 4441 5466
f 3738 4163 4165
f 4577 4559 4560
f 5567 3366 3363
f 3587 4150 4151
f 5471 4504 4505
f 5860 5816 5817
f 3516 5558 5932
f 5436 5637 5437
f 5050 5083 5060
f 5547 3338 3339
f 9023 3295 4115
f 5708 4132 5711
f 4104 3814 3815
f 3718 4161 4162
f 5498 5679 5692
f 3884 4432 3883
f 3955 3877 3878
f 4049 4061 3977
f 8892 8875 8890
f 4572 4218 4569
f 4440 4442 4441
f 4497 3407 3408
f 4632 4633 4724
f 8906 8881 8902
f 5664 5670 5663
f 3751 3706 3707
f 3511 3736 3800
f 5129 5116 5117
f 5086 5098 5085
f 5135 5128 5136
f 5143 5145 5144
f 5168 5136 5137
f 5297 5246 5257
f 5164 5160 5162
f 5155 5171 5170
f 5137 5167 5168
f 5293 5307 5305
f 5513 4083 5515
f 4053 3825 4057
f 3228 3298 3227
f 3631 3635 3636
f 5689 5670 5693
f 5759 5883 5882
f 3793 3507 4134
f 4906 4891 4907
f 4719 4901 4720
f 3597 4095 4092
f 3352 4125 3262
f 9064 9058 9067
f 9076 9067 9077
f 9083 8794 9126
f 9131 9096 9089
f 9138 9099 9134
f 9154 9126 9156
f 9077 9052 9049
f 9053 8766 9083
f 9191 9187 9181
f 9082 9046 9193
f 9193 9168 9082
f 1284 1288 1285
f 9150 9132 9131
f 3841 3496 3493
f 3570 3336 4083
f 4027 4312 3258
f 4889 4781 4794
f 4041 4044 4043
f 4885 4813 4829
f 5419 3905 5430
f 4367 4227 4224
f 1778 1780 1779
f 1792 1584 1789
f 4308 3869 4307
f 4594 4762 4551
f 4767 4769 4768
f 5461 3366 3847
f 4763 4716 4720
f 4919 4915 4910
f 4300 4334 4333
f 5196 5198 5197
f 5158 5135 5136
f 5431 5433 5432
f 4545 4571 4544
f 4557 4594 4556
f 695 571 694
f 4156 3626 3694
f 4861 4670 4862
f 5681 5674 5682
f 5473 5580 5583
f 3622 4152 4151
f 5647 3574 3231
f 3674 3808 3649
f 4420 3498 3499
f 5675 5666 5674
f 3253 5439 3280
f 5870 5917 5912
f 8887 8919 8886
f 5862 5913 5915
f 3534 3485 3482
f 3313 4484 3312
f 9090 9046 9047
f 4871 4695 4855
f 3778 3822 3819
f 4889 4874 4875
f 4000 3784 4001
f 4897 4911 4910
f 3856 3838 3839
f 4772 4896 4771
f 4015 4376 4014
f 3433 3476 3435
f 4053 3302 3299
f 3367 3363 4434
f 3242 3831 3241
f 3441 4082 4081
f 4735 4855 4854
f 4756 4737 4689
f 3382 3384 3383
f 3698 3697 3682
f 4676 4678 4677
f 4948 4941 4944
f 4890 4805 4747
f 4757 4745 4737
f 4581 4380 4586
f 5716 5932 5597
f 4923 4926 4932
f 5077 5081 5076
f 5078 5058 5054
f 4009 5400 3952
f 5081 5078 5076
f 3930 4513 4514
f 4014 4028 4029
f 4025 4020 4021
f 3618 4096 3616
f 4581 4576 4580
f 4219 4188 4189
f 5440 3335 3272
f 5449 3323 3322
f 4229 4177 4202
f 4590 4214 4589
f 4227 4184 4226
f 4574 4858 4547
f 4565 5453 4563
f 4592 4588 4589
f 4590 4573 4579
f 3517 5521 3519
f 3845 3522 5423
f 4444 3884 3881
f 3982 5533 5535
f 4465 4497 4495
f 4520 4521 4496
f 4076 5591 5590
f 3635 3666 3634
f 3343 4498 5481
f 4022 3870 3871
f 3661 4098 3660
f 5691 5697 5692
f 3768 5742 5739
f 4514 3956 4518
f 3697 3814 3696
f 4394 5460 4395
f 4054 4057 4058
f 3284 3323 3559
f 4052 4169 4397
f 4447 4510 4446
f 4456 3346 4138
f 4483 3877 4482
f 4482 4512 4492
f 4492 4513 4516
f 5642 5439 5641
f 5448 5442 5440
f 5466 3882 3883
f 3340 4445 3339
f 8908 8910 8911
f 4397 3835 3980
f 5413 3521 5412
f 3234 3932 3233
f 5753 8895 8894
f 8896 5756 5755
f 8921 8889 8888
f 8915 8911 8916
f 3933 3935 3934
f 3620 3657 3623
f 3966 3968 3967
f 4905 4769 4770
f 3225 5437 3254
f 5433 3984 5435
f 5714 5693 5713
f 5435 3985 5436
f 3954 3955 3878
f 4713 4632 4724
f 4879 4632 4705
f 3983 3896 3897
f 9027 3248 3245
f 5871 5912 5904
f 5849 5891 5905
f 4702 4640 4641
f 4213 4579 4389
f 3644 3688 3689
f 9193 9040 9041
f 8920 8935 8919
f 5406 4130 4127
f 4140 5401 4139
f 5659 3904 5660
f 4772 4783 4834
f 4244 4246 4245
f 4061 4037 4038
f 3669 3803 3668
f 3459 3209 3202
f 4072 5484 4071
f 4835 4834 4819
f 5660 5661 5659
f 4262 4264 4263
f 3633 3627 3628
f 3685 3676 3686
f 4517 3235 3304
f 4145 4085 3544
f 5455 5459 3850
f 5638 5640 5641
f 3228 3254 3255
f 4044 3411 3412
f 3614 3612 3613
f 3273 3275 3274
f 4952 4961 4918
f 4959 4960 4963
f 4888 4761 4860
f 4254 4256 4255
f 4199 4201 4200
f 4499 4465 5480
f 5479 4496 4521
f 5952 5954 5955
f 5956 5958 5959
f 5959 5960 5961
f 5962 5964 5965
f 5966 5968 5969
f 5967 5971 5968
f 5963 5961 5960
f 5972 5964 5973
f 5974 5976 5977
f 5978 5980 5981
f 5982 5984 5985
f 5986 5985 5984
f 5988 5990 5991
f 5992 5994 5995
f 5996 5998 5999
f 6000 6002 6003
f 6004 6006 6007
f 6008 6010 6011
f 6012 6014 6015
f 6016 6018 6019
f 6020 6022 6023
f 6024 6026 6027
f 6028 6030 6031
f 6032 6034 6035
f 6036 6038 6039
f 6040 6013 6012
f 6042 6044 6045
f 5992 6047 5993
f 6048 6050 6051
f 6052 6054 6055
f 6056 6058 6059
f 6060 5987 5986
f 6062 6064 6065
f 6066 6068 6069
f 6070 6027 6026
f 6072 6057 6056
f 6075 6077 6074
f 6078 6080 6081
f 6082 6054 6084
f 6085 6081 6086
f 6087 5990 6088
f 6061 6089 5987
f 6089 6091 6092
f 6092 6093 6094
f 6095 5981 6096
f 6062 6084 6063
f 6097 6035 6034
f 6056 6099 6072
f 6100 6102 6103
f 6001 6104 6105
f 6107 6109 6106
f 6110 6112 6113
f 6114 6025 6115
f 6116 6118 6119
f 6120 6122 6123
f 6124 6126 6127
f 6128 6101 6100
f 6039 6131 6036
f 6132 6134 6135
f 6136 6138 6003
f 6139 6141 6142
f 6143 6145 6146
f 6148 6150 6147
f 6152 6154 6151
f 6155 6157 6158
f 6159 6161 6162
f 6163 6165 6166
f 6167 6169 6170
f 6171 6173 6174
f 6175 6104 6177
f 6178 6180 6181
f 6023 6183 6020
f 6184 6186 6187
f 6117 6188 6189
f 6190 6192 6193
f 6194 6026 6114
f 6195 6191 6190
f 6197 6199 6200
f 6201 6203 6204
f 6205 6207 6208
f 6209 6201 6204
f 6197 6211 6212
f 6212 6213 6214
f 5979 6214 6213
f 6203 6217 6204
f 6206 6198 6207
f 6218 5962 6219
f 5965 6219 5962
f 5972 3354 6221
f 6070 6222 6223
f 6224 6226 6227
f 6228 6230 6231
f 6232 6234 6235
f 6196 6236 6237
f 6071 6223 6238
f 6239 6241 6242
f 6243 6245 6246
f 6247 6248 6249
f 6250 6252 6253
f 6254 6256 6257
f 6258 6260 6261
f 6229 6263 6230
f 6264 6242 6241
f 6266 6268 6269
f 6270 6272 6273
f 6274 6276 6277
f 6195 6279 6236
f 6280 6281 6282
f 6283 6285 6286
f 6123 6287 6288
f 6289 6291 6292
f 6293 6243 6295
f 6240 6297 6241
f 6298 6267 6266
f 6300 6302 6303
f 6304 6306 6307
f 6251 6308 6309
f 6247 6311 6312
f 6313 6315 6316
f 6314 6317 6318
f 6319 6320 6321
f 6322 6088 6323
f 6216 6258 6217
f 6325 6327 6328
f 6217 6261 6329
f 6330 6238 6331
f 6071 6048 6027
f 6015 6333 6012
f 6079 6335 6080
f 6336 6240 6239
f 6294 6296 6240
f 6337 6339 6340
f 6341 6343 6344
f 6345 6347 6348
f 6266 6349 6298
f 6350 6352 6353
f 6295 6246 6354
f 6303 6356 6300
f 6357 6359 6360
f 6361 6363 6364
f 6365 6353 6366
f 6367 6369 6370
f 6371 6370 6372
f 6372 6374 6371
f 6375 6373 6376
f 6376 6378 6375
f 6379 6381 6382
f 6383 6385 6386
f 6387 6389 6390
f 6391 6393 6394
f 6395 6397 6398
f 6398 6400 6395
f 6399 6402 6400
f 6403 6401 6404
f 6405 6407 6408
f 6409 6411 6412
f 6367 6413 6414
f 6374 6415 6416
f 6417 6384 6383
f 6419 6348 6347
f 6421 6423 6424
f 6425 6400 6402
f 6426 6395 6400
f 6393 6428 6429
f 6429 6394 6393
f 6390 6431 6432
f 6433 6408 6407
f 6435 6437 6438
f 6439 6411 6438
f 6392 6441 6442
f 6397 6442 6443
f 6401 6444 6445
f 6446 6437 6404
f 6448 6450 6451
f 6452 6454 6455
f 6442 6456 6457
f 6443 6457 6458
f 6444 6460 6461
f 6445 6461 6462
f 6463 6462 6465
f 6446 6462 6464
f 6466 6468 6469
f 6448 6470 6471
f 6453 6472 6473
f 6474 6476 6477
f 6478 6480 6481
f 6482 6484 6485
f 6486 6488 6489
f 6490 6492 6493
f 6493 6494 6495
f 6496 6498 6499
f 6500 6502 6503
f 6504 6506 6507
f 6508 6509 6510
f 6511 6513 6508
f 6499 6515 6496
f 6516 6518 6519
f 6520 6522 6523
f 6524 6525 6526
f 6507 6527 6504
f 6504 6528 6510
f 6528 6508 6510
f 6529 6531 6532
f 6342 6534 6343
f 6535 6346 6536
f 6347 6537 6419
f 6434 6539 6408
f 6539 6405 6408
f 6541 6451 6450
f 6543 6470 6545
f 6546 6481 6547
f 6499 6548 6549
f 6549 6514 6499
f 6551 6553 6554
f 6555 6557 6558
f 6403 6423 6559
f 6426 6413 6416
f 6415 6428 6427
f 6430 6561 6562
f 6434 6420 6419
f 6563 6565 6566
f 6404 6445 6446
f 6459 6399 6398
f 6455 6388 6387
f 6405 6449 6406
f 6540 6450 6405
f 6567 6568 6569
f 6570 6463 6567
f 6475 6490 6465
f 6458 6571 6572
f 6573 6574 6575
f 6576 6578 6579
f 6193 6580 6581
f 6582 6584 6585
f 6583 6586 6587
f 6588 6587 6586
f 6590 6068 6591
f 6592 6594 6319
f 6251 6595 6252
f 6304 6597 6598
f 6272 6599 6273
f 3737 6558 6557
f 6600 6160 6601
f 6123 6603 6120
f 6604 6606 6607
f 6608 6208 6609
f 5972 6220 5965
f 6610 6612 6556
f 6613 6615 6616
f 6242 6618 6239
f 6226 6245 6227
f 6620 6622 6623
f 6624 6146 6625
f 6626 6211 6136
f 6627 6629 6630
f 6631 6633 6634
f 6235 6636 6232
f 6637 6639 6640
f 6641 6286 6642
f 6643 6645 6646
f 6647 6649 6650
f 6244 6294 6336
f 6336 6652 6244
f 6194 6237 6222
f 6196 6114 6191
f 6115 6191 6114
f 6653 6655 6656
f 6657 6189 6658
f 6117 6659 6118
f 6130 6156 6131
f 6133 6151 6134
f 6661 6662 6660
f 6663 6616 6552
f 6664 6273 6665
f 6418 6432 6431
f 6290 6328 6291
f 6666 6556 6612
f 6557 3805 3737
f 5971 6668 5968
f 6181 6670 6178
f 6671 6673 6674
f 6676 6672 6675
f 6675 6149 6676
f 6067 5999 5998
f 6677 6679 6680
f 6681 6683 6684
f 6087 6090 6089
f 5983 6685 6686
f 5982 6687 6685
f 6094 6688 6687
f 6211 6137 6136
f 6689 6691 6692
f 6690 3833 3832
f 6001 6686 6002
f 5978 6215 5979
f 6694 5978 6095
f 5974 6095 6695
f 6183 6696 6697
f 6698 5961 6218
f 5959 6699 5956
f 6697 6700 6701
f 6702 6703 6704
f 5968 6705 5969
f 6706 5955 5954
f 6707 6617 6708
f 6024 6709 6710
f 6402 6559 6425
f 3852 6712 3853
f 3856 6593 3857
f 5977 6694 5974
f 6713 5977 5976
f 6714 6716 6717
f 6718 6308 6250
f 6720 6254 6721
f 6722 6724 6725
f 6312 6726 6727
f 6069 6728 6729
f 6319 6730 6086
f 6731 6644 6732
f 6732 6734 6731
f 6046 6320 6047
f 3880 6666 6735
f 6736 6738 6739
f 6531 6741 6326
f 6300 6614 6613
f 6742 6325 6290
f 6743 3891 3890
f 6744 6301 6745
f 6746 6534 6533
f 6536 6579 6535
f 6535 6563 6537
f 6566 6537 6563
f 6538 6409 6539
f 6412 6539 6409
f 6412 6541 6540
f 6748 6542 6541
f 6749 6545 6542
f 6568 6547 6543
f 6751 6548 6546
f 6753 6550 6549
f 6755 6757 6758
f 6759 6761 6762
f 6763 6765 6762
f 6764 6623 6765
f 6766 6768 6769
f 6770 6772 6773
f 6774 6776 6777
f 6021 6777 6022
f 6723 6779 6724
f 6780 6782 6783
f 6784 6786 6787
f 6788 6790 6791
f 6185 6793 6186
f 6794 6725 6795
f 6729 6098 6097
f 6135 6798 6132
f 6799 6065 6800
f 6037 6802 6038
f 6005 6588 6586
f 6005 6804 6006
f 6052 6010 6805
f 6586 6803 6005
f 6092 5987 6089
f 6094 5985 6092
f 6096 6695 6095
f 6082 6799 6585
f 6657 6041 6659
f 6013 6658 6014
f 6795 6807 6808
f 6809 6811 6812
f 6813 6815 6816
f 6817 6819 6820
f 6821 6823 6824
f 6329 6204 6217
f 6202 6826 6203
f 6072 6827 6828
f 6598 6305 6304
f 6301 6613 6663
f 6830 6271 6270
f 6822 6778 6823
f 6326 6832 6327
f 6203 6833 6216
f 6027 6051 6024
f 6360 6835 6357
f 6836 6838 6839
f 6837 6841 6838
f 6362 6366 6363
f 6380 6384 6381
f 6421 6578 6842
f 6566 6410 6409
f 6394 6388 6391
f 6414 6368 6367
f 6371 6416 6413
f 6561 6378 6382
f 6382 6562 6561
f 6381 6418 6562
f 6389 6430 6431
f 6391 6454 6441
f 6441 6453 6456
f 6456 6473 6574
f 6495 6750 6568
f 6843 6485 6484
f 6844 6843 6846
f 6573 6847 6848
f 6849 6487 6486
f 6513 6752 6469
f 6517 6850 6503
f 6521 6851 6850
f 6844 6852 6853
f 6505 6510 6509
f 6753 6512 6754
f 6516 6521 6517
f 6614 6854 6615
f 6742 4003 3891
f 6708 6855 6856
f 6307 6857 6858
f 6307 6665 6304
f 6414 6425 6559
f 6416 6427 6426
f 6562 6431 6430
f 6419 6538 6434
f 6358 6839 6359
f 6059 6859 6860
f 6861 6863 6864
f 6865 6867 6868
f 6115 6869 6870
f 6871 6873 6874
f 6721 6596 6875
f 6876 6556 6555
f 6877 6552 6551
f 6551 6268 6877
f 6879 6265 6269
f 6239 6651 6336
f 6230 6619 6226
f 6171 6669 6880
f 6106 6882 6881
f 6883 6822 6821
f 6759 6187 6174
f 6725 6785 6807
f 6885 6808 6791
f 6886 6888 6031
f 6701 6756 6755
f 6884 6779 6822
f 6715 6309 6308
f 6889 6890 6891
f 6743 4042 6892
f 6270 6893 6830
f 6386 6895 6383
f 6895 6420 6896
f 6897 6417 6896
f 6897 6407 6898
f 6390 6899 6387
f 6900 6406 6449
f 6455 6901 6452
f 6902 6904 6471
f 6482 6905 6483
f 6501 6907 6502
f 6496 6908 6909
f 6532 6326 6325
f 6532 6743 6529
f 6612 6735 6666
f 6611 6910 6612
f 6626 5979 6213
f 6704 6105 6702
f 6913 6591 6914
f 6915 6795 6885
f 6229 4067 4066
f 6263 6289 6619
f 6745 6663 6877
f 6916 6757 6917
f 6885 6165 6915
f 6920 6783 6919
f 6921 6923 6924
f 6925 6924 6926
f 6927 6929 6930
f 6931 6933 6934
f 6935 6937 6938
f 6939 6941 6942
f 6943 6945 6946
f 6947 6949 6950
f 6944 6951 6952
f 6953 6955 6956
f 6957 6959 6960
f 6961 6929 6963
f 6964 6966 6967
f 6968 6970 6971
f 6969 6955 6970
f 6972 6946 6973
f 6974 6976 6977
f 6978 6980 6981
f 6940 6982 6983
f 6984 6986 6987
f 6988 6990 6991
f 6992 6989 6993
f 6994 6996 6997
f 6998 7000 7001
f 7002 7004 7005
f 7006 7008 7009
f 7010 7012 7013
f 7014 7016 7017
f 7018 6999 6998
f 7020 7022 7023
f 7024 7026 7027
f 7028 7030 7031
f 7032 7034 7035
f 7003 7036 7037
f 7038 7040 7027
f 6993 7030 7041
f 7042 7044 7045
f 7046 7007 7006
f 7011 7048 7049
f 7050 7052 7053
f 7054 7014 7055
f 7015 7056 7057
f 6621 7045 7044
f 7049 6775 6774
f 7051 6021 6020
f 7055 6701 7054
f 7054 6755 7056
f 6764 7047 7046
f 7020 7059 7013
f 7060 7062 7063
f 6958 7065 6959
f 6925 7067 6973
f 7068 6934 6926
f 7069 6991 7070
f 7071 7072 7073
f 7074 7076 7077
f 7078 7080 7081
f 7014 7082 7083
f 7084 7086 7087
f 7025 7031 7026
f 7085 7072 7088
f 7089 7087 7090
f 7055 7083 7091
f 7090 6770 6773
f 7092 7094 7095
f 7091 6697 7055
f 6770 7086 6758
f 7095 6767 6766
f 7096 6980 7097
f 7098 6940 7099
f 7058 7023 7100
f 7101 6930 7102
f 6974 7063 6967
f 7103 6971 7104
f 7105 6981 6977
f 7106 7036 7108
f 7109 7010 7110
f 7111 7018 7034
f 7098 7037 7100
f 7048 7112 6775
f 7113 7041 6997
f 6994 7115 7088
f 6965 6923 6966
f 6975 6945 6976
f 7061 7065 7062
f 6954 6933 6963
f 6763 7109 7047
f 7046 6620 6764
f 6947 7067 6956
f 6758 7056 6755
f 7118 7039 7038
f 7038 7070 7118
f 7106 7121 7122
f 7123 7053 7052
f 7123 7083 7082
f 7045 7006 7042
f 7107 7122 7009
f 7091 7052 7051
f 7091 6020 6183
f 6936 7097 6937
f 7125 6960 7102
f 6774 7050 7049
f 7119 6942 7039
f 7019 7005 6999
f 7011 7124 7012
f 7021 7040 7022
f 7114 7016 7115
f 7053 7049 7050
f 7086 7057 7056
f 6993 7127 6992
f 7075 7113 7076
f 4281 6603 7128
f 6012 7129 6040
f 7130 6584 7131
f 6797 7133 6798
f 6074 7135 6075
f 6789 6173 6790
f 6760 6776 6761
f 7136 6801 6589
f 6914 6674 6913
f 7007 7059 7008
f 7099 7003 7098
f 6984 7104 6938
f 7110 7047 7109
f 6333 6587 7129
f 5956 6667 5971
f 5957 5971 5970
f 7137 6308 6719
f 4292 6718 6250
f 6693 6668 6215
f 6215 6667 6214
f 6214 6699 6212
f 6698 6212 6699
f 6219 6198 6218
f 6207 6220 6208
f 6220 6609 6208
f 6262 4066 4003
f 7138 7140 7141
f 4298 7140 4299
f 7143 7145 7146
f 7147 7144 7149
f 7149 7151 7147
f 7150 7153 7151
f 6329 7154 7152
f 6261 7155 7154
f 7156 7157 7158
f 6598 7159 7160
f 6257 7161 7162
f 6256 4321 7161
f 6693 6706 6705
f 5954 6705 6706
f 5953 5969 5954
f 7163 5983 6912
f 7164 6138 7166
f 7167 7169 7170
f 6141 7172 6142
f 7166 7173 7164
f 6141 7174 7175
f 7176 7178 7179
f 7180 7182 7183
f 7184 7186 7187
f 6631 7183 7188
f 6218 6197 6698
f 6625 7189 6624
f 6814 7190 7191
f 6882 7193 7194
f 7195 6109 6108
f 6888 7198 7199
f 7200 7202 7203
f 7176 6630 7204
f 6029 7187 6030
f 7205 7207 7208
f 7209 7211 7212
f 7203 7213 7214
f 6886 6778 6723
f 6031 7215 6886
f 7216 7218 7219
f 7220 6880 6669
f 6076 7220 7222
f 6074 6672 6671
f 6147 6662 7223
f 7223 6111 6110
f 6810 6113 6112
f 6920 6914 6591
f 6077 6675 6672
f 6660 6076 6661
f 7222 6669 6181
f 7224 6181 6180
f 6660 6150 6675
f 7225 6794 6915
f 6783 7225 6164
f 6781 6068 6067
f 7217 7228 7218
f 6031 7199 6028
f 6887 6723 6722
f 6164 6915 6165
f 6780 6591 6068
f 7134 6671 6914
f 7229 6824 6823
f 7187 7230 7229
f 7226 6722 6794
f 7231 6169 7233
f 7201 7233 7202
f 6107 7235 7200
f 7215 6823 6778
f 6030 7229 7215
f 7236 7219 7179
f 7237 6820 6819
f 7237 7207 7238
f 7239 7241 7242
f 6739 7244 6736
f 7245 7242 7246
f 7233 6168 7247
f 7247 7202 7233
f 7195 7203 7214
f 7248 7250 6703
f 7227 7252 7228
f 7253 5998 7251
f 6067 7198 6781
f 6781 7197 6782
f 5984 6683 5986
f 7254 6678 6684
f 6679 7252 5997
f 6887 7197 6888
f 6782 7226 7225
f 7135 6163 7221
f 7221 6075 7135
f 6661 7222 7224
f 7224 6111 6661
f 6180 6112 7224
f 6179 6810 6180
f 6811 6793 6649
f 6650 6622 6769
f 6766 7044 7095
f 7095 7043 7092
f 7092 7121 7081
f 7078 7255 7033
f 7256 7257 7258
f 6768 7259 6647
f 6773 7094 7090
f 7090 7093 7089
f 7089 7080 7073
f 7071 7032 7260
f 7077 6998 7074
f 6995 7260 6996
f 7077 7261 7035
f 7035 7018 7077
f 7108 7111 7255
f 6978 7262 7001
f 7105 7264 7262
f 7263 6952 7264
f 6990 6951 7265
f 6972 7266 7265
f 7117 6950 7266
f 6948 7267 6949
f 6969 6982 7267
f 7103 6987 6983
f 7005 6986 7268
f 6999 7268 7000
f 7269 7271 7272
f 7274 7275 7273
f 7274 7276 7277
f 7278 7280 7281
f 7282 7284 7285
f 7286 7288 7289
f 7290 7292 7293
f 7294 7296 7293
f 7068 7298 7299
f 7300 7302 7303
f 7304 7305 7306
f 7307 7305 7308
f 7309 7283 7310
f 7311 7313 7314
f 7125 7306 7315
f 7285 7280 7282
f 7277 7303 7302
f 6965 7316 7317
f 7318 7316 7319
f 7320 7271 7314
f 7312 7296 7313
f 7270 7298 7322
f 7311 7322 7317
f 6961 7300 7308
f 7323 7325 7326
f 7327 7328 7329
f 7064 7325 7328
f 7287 7292 7288
f 6931 7299 7301
f 7331 7329 7319
f 7332 7334 7335
f 7336 7338 7339
f 7340 7333 7332
f 7342 7343 7344
f 7345 7347 7344
f 7348 7350 7351
f 7352 7354 7355
f 7356 7358 7359
f 7360 7362 7363
f 7365 7367 7364
f 7368 7370 7371
f 7372 7336 7374
f 7373 7337 7336
f 7367 7376 7377
f 7378 7380 7381
f 7382 7384 7385
f 7386 7385 7384
f 7388 7390 7391
f 7392 7333 7393
f 7394 7396 7397
f 7398 7400 7401
f 7402 7404 7405
f 7406 7408 7409
f 7410 7383 7382
f 7412 7414 7415
f 7385 7417 7382
f 7389 7419 7390
f 7373 7421 7375
f 7420 7372 7422
f 7369 7424 7370
f 7399 7397 7425
f 7393 7341 7342
f 7398 7357 7426
f 7358 7401 7427
f 7428 7430 7431
f 7433 7435 7432
f 7363 7436 7437
f 7383 7439 7384
f 7411 7438 7383
f 7441 7443 7444
f 7445 7339 7447
f 7374 7339 7446
f 7444 7364 7448
f 7448 7450 7449
f 7364 7451 7450
f 7451 7377 7452
f 7449 7454 7453
f 7455 7450 7451
f 7456 7451 7452
f 7410 7458 7459
f 7460 7462 7369
f 7423 7462 7463
f 7464 7466 7467
f 7468 7347 7470
f 7376 7471 7472
f 7425 7396 7473
f 7475 7477 7474
f 7478 7480 7481
f 7482 7407 7406
f 7484 7351 7486
f 7487 7488 7489
f 7490 7492 7493
f 7412 7434 7433
f 7494 7434 7415
f 7496 7391 7497
f 7440 7498 7499
f 7401 7488 7500
f 7485 7345 7501
f 7500 7427 7401
f 7395 7469 7468
f 7503 7505 7506
f 7507 7509 7510
f 7511 7513 7514
f 7511 7515 7516
f 7517 7519 7520
f 7521 7523 7355
f 7352 7525 7526
f 7415 7527 7494
f 7528 7530 7486
f 7404 7502 7500
f 7477 7496 7532
f 7512 7481 7513
f 7405 7500 7488
f 7533 7535 7536
f 7378 7510 7537
f 7532 7379 7538
f 7539 7541 7542
f 7524 7355 7523
f 7351 7501 7348
f 7414 7523 7527
f 7522 7527 7523
f 7544 7412 7545
f 7546 7547 7548
f 7526 7353 7352
f 7550 7355 7354
f 7521 7551 7548
f 7552 7548 7551
f 7546 7553 7554
f 7522 7548 7547
f 7418 7520 7555
f 7416 7554 7417
f 7457 7558 7458
f 7557 7560 7558
f 7535 7561 7562
f 7562 7563 7564
f 7564 7349 7348
f 7351 7565 7486
f 7567 7569 7566
f 7570 7520 7519
f 7419 7555 7571
f 7572 7348 7501
f 7389 7556 7418
f 7573 7493 7480
f 7552 7534 7553
f 7562 7536 7535
f 7572 7576 7574
f 7422 7578 7420
f 7423 7580 7424
f 7579 7463 7581
f 7578 7576 7582
f 7583 7381 7380
f 7586 7581 7585
f 7533 7579 7586
f 7447 7338 7587
f 7588 7531 7589
f 7590 7431 7591
f 7321 7592 7585
f 7275 7463 7273
f 7461 7276 7462
f 7279 7461 7453
f 7453 7593 7279
f 7594 7454 7455
f 7330 7498 7459
f 7459 7294 7330
f 7558 7595 7295
f 7560 7320 7595
f 7275 7585 7581
f 7462 7273 7463
f 7596 7380 7497
f 7597 7406 7409
f 7467 7599 7600
f 7601 7603 7604
f 7605 7444 7443
f 7365 7606 7366
f 7607 7494 7608
f 7513 7473 7396
f 7396 7514 7513
f 7514 7468 7515
f 7470 7515 7468
f 7610 7609 7470
f 7612 7476 7475
f 7613 7529 7614
f 7442 7615 7616
f 7343 7617 7618
f 7574 7577 7536
f 7619 7399 7491
f 7518 7509 7519
f 7491 7425 7492
f 7549 7621 7565
f 7491 7622 7619
f 7377 7440 7452
f 7379 7497 7380
f 7453 7460 7449
f 7411 7459 7498
f 7623 7391 7390
f 7625 7610 7484
f 7487 7483 7626
f 7619 7408 7489
f 7627 7620 7549
f 7538 7378 7537
f 7389 7477 7476
f 7629 7412 7433
f 7489 7407 7487
f 7628 7598 7597
f 7413 7524 7414
f 7592 7559 7630
f 7584 7632 7381
f 7569 7633 7571
f 7570 7566 7569
f 7631 7566 7632
f 7508 7519 7509
f 7614 7480 7613
f 7346 7470 7347
f 7572 7562 7564
f 7571 7634 7419
f 7346 7484 7610
f 7607 7431 7495
f 7585 7630 7586
f 7624 7497 7391
f 7635 7384 7439
f 7636 7502 7588
f 7323 7310 7289
f 7420 7582 7421
f 7637 7455 7456
f 7287 7499 7498
f 7458 7295 7294
f 7439 7472 7635
f 7599 7604 7600
f 7359 7427 7636
f 7436 7639 7437
f 7490 7640 7622
f 7481 7493 7473
f 7641 7505 7525
f 7642 7627 7644
f 7492 7473 7493
f 7517 7625 7530
f 7625 7486 7530
f 7634 7390 7419
f 7474 7532 7516
f 7448 7441 7444
f 7368 7449 7460
f 7615 7368 7371
f 7638 7602 7639
f 7575 7501 7345
f 7571 7570 7569
f 7400 7489 7488
f 7508 7632 7566
f 7503 7540 7539
f 6957 7315 7326
f 7376 7438 7377
f 7507 7381 7632
f 7499 7452 7440
f 7286 7456 7499
f 7504 7644 7505
f 7368 7460 7369
f 7645 7627 7643
f 7647 7633 7646
f 7647 7623 7634
f 7649 7623 7648
f 7650 7624 7649
f 7646 7568 7651
f 7651 7567 7652
f 7653 7567 7631
f 7651 7655 7646
f 7656 7658 7659
f 7660 7657 7661
f 7663 7656 7662
f 7664 7663 7666
f 7667 7663 7662
f 7667 7668 7655
f 7663 7661 7657
f 7670 7672 7669
f 7661 7671 7660
f 7659 7662 7656
f 7648 7668 7659
f 7648 7673 7649
f 7659 7674 7673
f 7658 7675 7674
f 7668 7646 7655
f 7660 7676 7675
f 7675 7678 7674
f 7677 7676 7679
f 7677 7681 7678
f 7682 7678 7681
f 7677 7684 7680
f 7673 7678 7683
f 7683 7649 7673
f 7685 7671 7670
f 7667 7686 7666
f 7666 7687 7664
f 7654 7686 7655
f 7689 7686 7688
f 7664 7691 7690
f 7650 7583 7596
f 7693 7631 7584
f 7584 7692 7693
f 7693 7682 7694
f 7694 7681 7695
f 7694 7653 7693
f 7650 7682 7692
f 7696 7652 7653
f 7654 7652 7697
f 7688 7697 7698
f 7699 7697 7696
f 7700 7698 7699
f 7695 7696 7694
f 7699 7702 7700
f 7689 7698 7701
f 7689 7703 7704
f 7705 7707 7703
f 7701 7705 7703
f 7704 7707 7685
f 7685 7691 7704
f 7687 7704 7691
f 7680 7695 7681
f 7684 7702 7680
f 7702 7705 7700
f 7684 7707 7706
f 7676 7707 7679
f 7665 7672 7661
f 7670 7690 7691
f 7665 7690 7669
f 7611 7474 7609
f 7510 7479 7478
f 7511 7537 7512
f 7516 7538 7511
f 7517 7613 7518
f 7537 7478 7512
f 7611 7612 7475
f 7613 7479 7518
f 7556 7517 7520
f 7516 7609 7474
f 7708 7710 7711
f 7712 7714 7715
f 7713 7717 7714
f 7719 7721 7718
f 7722 7597 7409
f 7724 7715 7725
f 7726 7728 7729
f 7731 7573 7730
f 7730 7614 7732
f 7733 7735 7736
f 7721 7724 7737
f 7731 7409 7640
f 7708 7729 7738
f 7737 7709 7739
f 7716 7736 7740
f 7742 7744 7745
f 7740 7735 7746
f 7717 7740 7747
f 7716 7720 7741
f 7748 7711 7710
f 7750 7710 7725
f 7720 7751 7741
f 7734 7728 7735
f 7709 7725 7710
f 7752 7715 7714
f 7739 7708 7738
f 7720 7712 7721
f 7749 7755 7711
f 7745 7756 7747
f 7746 7742 7745
f 7743 7755 7754
f 7727 7735 7728
f 7747 7757 7717
f 7753 7725 7715
f 7751 7620 7733
f 7757 7714 7717
f 7718 7737 7732
f 7747 7746 7745
f 7727 7755 7742
f 7726 7711 7755
f 7759 7756 7758
f 7759 7752 7757
f 7760 7753 7752
f 7761 7750 7753
f 7758 7744 7763
f 7763 7743 7764
f 7754 7764 7743
f 7763 7767 7758
f 7768 7770 7771
f 7772 7771 7773
f 7775 7772 7774
f 7776 7775 7778
f 7779 7775 7774
f 7775 7769 7768
f 7770 7781 7780
f 7782 7772 7773
f 7760 7782 7773
f 7760 7783 7761
f 7773 7784 7783
f 7770 7784 7771
f 7779 7782 7767
f 7782 7758 7767
f 7785 7780 7786
f 7785 7788 7784
f 7787 7786 7789
f 7787 7791 7788
f 7792 7788 7791
f 7787 7794 7790
f 7793 7784 7788
f 7762 7783 7793
f 7796 7780 7795
f 7795 7781 7797
f 7779 7798 7778
f 7799 7778 7798
f 7766 7798 7767
f 7800 7799 7798
f 7802 7799 7803
f 7795 7802 7803
f 7762 7748 7750
f 7805 7754 7749
f 7749 7804 7805
f 7805 7792 7806
f 7806 7791 7807
f 7806 7765 7805
f 7793 7804 7762
f 7808 7764 7765
f 7766 7764 7809
f 7766 7810 7800
f 7811 7809 7808
f 7812 7810 7811
f 7807 7808 7806
f 7811 7814 7812
f 7813 7800 7810
f 7801 7815 7816
f 7817 7819 7815
f 7813 7817 7815
f 7816 7819 7796
f 7796 7803 7816
f 7799 7816 7803
f 7790 7807 7791
f 7794 7814 7790
f 7814 7817 7812
f 7794 7819 7818
f 7786 7819 7789
f 7777 7781 7769
f 7777 7802 7797
f 7528 7718 7529
f 7729 7723 7722
f 7738 7730 7739
f 7732 7739 7730
f 7733 7628 7734
f 7722 7738 7729
f 7621 7719 7528
f 7628 7723 7734
f 7733 7741 7751
f 7732 7529 7718
f 7486 7621 7528
f 7549 7350 7353
f 7353 7349 7354
f 7354 7563 7550
f 7821 7823 7820
f 7824 7826 7827
f 7825 7829 7826
f 7830 7832 7833
f 7834 7827 7835
f 7836 7838 7839
f 7840 7406 7841
f 7841 7598 7842
f 7843 7845 7846
f 7833 7834 7847
f 7848 7836 7839
f 7847 7821 7849
f 7828 7846 7850
f 7853 7855 7852
f 7850 7845 7856
f 7829 7850 7857
f 7828 7832 7851
f 7858 7823 7822
f 7860 7822 7835
f 7831 7851 7832
f 7844 7838 7845
f 7834 7822 7821
f 7863 7827 7826
f 7849 7820 7848
f 7825 7833 7832
f 7859 7866 7823
f 7855 7867 7857
f 7837 7855 7856
f 7865 7852 7866
f 7837 7845 7838
f 7857 7868 7829
f 7864 7835 7827
f 7843 7642 7504
f 7868 7826 7829
f 7830 7847 7842
f 7857 7856 7855
f 7837 7866 7852
f 7836 7823 7866
f 7870 7867 7869
f 7870 7863 7868
f 7871 7864 7863
f 7872 7860 7864
f 7869 7854 7874
f 7874 7853 7875
f 7876 7853 7865
f 7874 7878 7869
f 7879 7881 7882
f 7883 7882 7884
f 7886 7883 7885
f 7887 7886 7889
f 7890 7886 7885
f 7886 7880 7879
f 7891 7880 7892
f 7884 7885 7883
f 7871 7893 7884
f 7871 7894 7872
f 7884 7895 7894
f 7882 7896 7895
f 7890 7893 7878
f 7893 7869 7878
f 7881 7897 7896
f 7898 7895 7896
f 7900 7896 7897
f 7901 7899 7898
f 7904 7902 7903
f 7898 7905 7901
f 7894 7899 7904
f 7904 7872 7894
f 7907 7891 7906
f 7906 7892 7908
f 7890 7909 7889
f 7910 7889 7909
f 7877 7909 7878
f 7912 7909 7911
f 7887 7914 7913
f 7906 7913 7914
f 7873 7858 7860
f 7916 7865 7859
f 7859 7915 7916
f 7916 7903 7917
f 7917 7902 7918
f 7917 7876 7916
f 7873 7903 7915
f 7919 7875 7876
f 7877 7875 7920
f 7911 7920 7921
f 7922 7920 7919
f 7923 7921 7922
f 7918 7919 7917
f 7922 7925 7923
f 7924 7911 7921
f 7912 7926 7927
f 7928 7930 7926
f 7924 7928 7926
f 7927 7930 7907
f 7907 7914 7927
f 7910 7927 7914
f 7901 7918 7902
f 7905 7925 7901
f 7925 7928 7923
f 7905 7930 7929
f 7897 7930 7900
f 7888 7892 7880
f 7888 7913 7908
f 7645 7831 7830
f 7839 7862 7931
f 7841 7848 7840
f 7842 7849 7841
f 7504 7844 7843
f 7839 7840 7848
f 7643 7861 7831
f 7503 7862 7844
f 7846 7861 7843
f 7842 7645 7830
f 7932 7934 7935
f 7936 7938 7939
f 7937 7941 7938
f 7942 7944 7945
f 7947 7949 7946
f 7950 7939 7951
f 7953 7955 7952
f 7956 7958 7959
f 7956 7540 7960
f 7962 7964 7961
f 7936 7965 7945
f 7946 7958 7957
f 7966 7952 7955
f 7965 7933 7967
f 7968 7969 7964
f 7970 7972 7973
f 7974 7964 7963
f 7941 7968 7975
f 7940 7944 7969
f 7976 7935 7934
f 7978 7934 7951
f 7943 7969 7944
f 7947 7963 7962
f 7933 7951 7934
f 7980 7939 7938
f 7967 7932 7966
f 7937 7945 7944
f 7977 7983 7935
f 7973 7984 7975
f 7953 7973 7974
f 7982 7970 7983
f 7974 7954 7953
f 7975 7985 7941
f 7981 7951 7939
f 7961 7544 7545
f 7985 7938 7941
f 7942 7965 7960
f 7975 7974 7973
f 7952 7970 7953
f 7952 7935 7983
f 7987 7984 7986
f 7987 7980 7985
f 7988 7981 7980
f 7989 7978 7981
f 7986 7972 7991
f 7991 7971 7992
f 7993 7971 7982
f 7986 7994 7995
f 7997 7999 7996
f 8000 7999 8001
f 8003 8000 8002
f 8005 8006 8004
f 8007 8003 8002
f 7996 8005 7997
f 7998 8009 8008
f 8010 8000 8001
f 7988 8010 8001
f 7988 8011 7989
f 8011 7999 8012
f 7998 8012 7999
f 8007 8010 7995
f 8010 7986 7995
f 8013 8008 8014
f 8015 8012 8013
f 8017 8013 8014
f 8018 8016 8015
f 8021 8019 8020
f 8015 8022 8018
f 8011 8016 8021
f 8021 7989 8011
f 8023 8014 8008
f 8023 8009 8025
f 8007 8026 8006
f 8026 8004 8006
f 8028 7995 7994
f 8029 8026 8028
f 8030 8027 8031
f 8023 8030 8031
f 7990 7976 7978
f 8033 7982 7977
f 7976 8033 7977
f 8034 8032 8020
f 8035 8020 8019
f 8034 7993 8033
f 7990 8020 8032
f 8036 7992 7993
f 7991 8037 7994
f 7994 8038 8028
f 8039 8037 8036
f 8040 8038 8039
f 8035 8036 8034
f 8039 8042 8040
f 8041 8028 8038
f 8029 8043 8044
f 8045 8047 8043
f 8041 8045 8043
f 8044 8047 8024
f 8024 8031 8044
f 8027 8044 8031
f 8042 8019 8018
f 8022 8042 8018
f 8042 8045 8040
f 8017 8046 8022
f 8014 8047 8017
f 8005 8009 7997
f 8005 8030 8025
f 7506 7943 7942
f 7954 7946 7955
f 7967 7957 7956
f 7960 7967 7956
f 7948 7962 8048
f 7955 7957 7966
f 7641 7979 7943
f 7969 7961 7964
f 7960 7506 7942
f 7362 8050 7436
f 8052 7464 8051
f 8051 7467 8053
f 8054 7600 7604
f 8056 7618 8052
f 7436 8057 7638
f 8049 7361 8056
f 8057 7603 7638
f 8055 7467 7600
f 8058 7604 7603
f 8059 8058 8057
f 8060 8054 8058
f 8061 8055 8054
f 8062 8053 8055
f 8059 8050 8064
f 8064 8049 8065
f 8056 8065 8049
f 8059 8067 8068
f 8069 8071 8072
f 8073 8072 8074
f 8075 8073 8076
f 8077 8075 8076
f 8075 8070 8069
f 8079 8081 8070
f 8082 8070 8081
f 8083 8073 8074
f 8061 8083 8074
f 8061 8084 8062
f 8074 8085 8084
f 8072 8086 8085
f 8077 8083 8068
f 8083 8059 8068
f 8071 8087 8086
f 8088 8085 8086
f 8090 8086 8087
f 8091 8089 8088
f 8094 8092 8093
f 8088 8095 8091
f 8084 8089 8094
f 8094 8062 8084
f 8097 8082 8096
f 8096 8081 8080
f 8077 8098 8078
f 8099 8078 8098
f 8101 8068 8067
f 8102 8098 8101
f 8100 8104 8103
f 8096 8103 8104
f 8075 8100 8079
f 8079 8103 8080
f 8105 8053 8063
f 8066 8052 8106
f 8051 8106 8052
f 8107 8105 8093
f 8108 8093 8092
f 8107 8066 8106
f 8063 8093 8105
f 8109 8065 8066
f 8064 8110 8067
f 8067 8111 8101
f 8112 8110 8109
f 8113 8111 8112
f 8108 8109 8107
f 8112 8115 8113
f 8114 8101 8111
f 8102 8116 8117
f 8118 8120 8116
f 8114 8118 8116
f 8117 8120 8097
f 8097 8104 8117
f 8099 8117 8104
f 8091 8108 8092
f 8095 8115 8091
f 8115 8118 8113
f 8095 8120 8119
f 8087 8120 8090
f 7550 7561 7551
f 7552 7561 7535
f 7931 7539 7542
f 7640 7408 7622
f 7549 7644 7627
f 7525 7544 7641
f 7931 7482 7840
f 7483 7542 7541
f 7626 7405 7487
f 7629 7432 8121
f 7629 7949 7948
f 8122 7949 8121
f 8123 8121 7432
f 8124 7432 7435
f 7434 8125 7435
f 8125 8124 7435
f 8124 7429 8126
f 8123 8126 8127
f 8122 8127 8128
f 7541 7959 8128
f 7404 8129 7531
f 8125 7431 7430
f 7526 7505 7644
f 7626 7541 8128
f 7959 8122 8128
f 7961 8048 7962
f 7629 8048 7545
f 8127 7626 8128
f 7402 8126 7403
f 8129 8126 7429
f 7428 8129 7429
f 7589 7428 7590
f 7471 7366 7606
f 7334 7426 7357
f 7335 7357 7356
f 7616 7446 7445
f 7392 7398 7426
f 7393 7397 7392
f 7342 7394 7393
f 7344 7469 7342
f 7343 7361 7360
f 7360 7344 7343
f 7363 7345 7360
f 7437 7575 7363
f 7582 7437 7639
f 7421 7639 7602
f 7375 7602 7601
f 7599 7375 7601
f 7465 7618 7617
f 7332 7587 7340
f 7447 7335 7445
f 7445 7356 7616
f 7359 7616 7356
f 7636 7442 7359
f 7588 7443 7636
f 7589 7605 7588
f 7590 7606 7589
f 7471 7591 7472
f 7446 7371 7374
f 7371 7372 7374
f 7422 7370 7424
f 7577 7424 7580
f 7536 7580 7533
f 7591 7635 7472
f 7607 7386 7635
f 7543 7494 7527
f 7547 7543 7522
f 7608 7387 7386
f 7387 7416 7385
f 7457 7382 7417
f 7557 7417 7554
f 7559 7554 7553
f 7630 7553 7534
f 7534 7586 7630
f 7466 7337 7599
f 7465 7338 7466
f 7617 7587 7465
f 7341 7617 7343
f 8130 6090 8131
f 6023 8132 8133
f 6182 8133 6784
f 6623 6792 6185
f 6787 6182 6784
f 8134 6696 6787
f 6917 6756 8135
f 6762 7112 6763
f 6762 6184 6759
f 6765 6185 6184
f 6650 6768 6647
f 6772 6916 7259
f 6777 6789 6788
f 6022 6788 8132
f 6756 8134 8135
f 6758 6771 6770
f 6761 6775 7112
f 6769 6621 6766
f 6772 6767 6773
f 6174 6760 6759
f 6187 6178 6670
f 6811 6648 6812
f 6786 6724 6779
f 6791 6918 6885
f 6186 6179 6178
f 6808 8133 8132
f 6884 8135 8134
f 6174 6670 6171
f 6807 6784 8133
f 6791 8132 6788
f 6786 8134 6787
f 6790 6172 6918
f 6649 6792 6650
f 6316 8136 6717
f 8137 6654 8138
f 8139 6601 6160
f 6656 6580 6870
f 6868 8142 6865
f 6316 6711 6313
f 6864 8144 6861
f 6864 8145 6860
f 6868 6869 6710
f 6656 6866 6653
f 8146 8148 8149
f 8139 8151 6640
f 8152 6866 6865
f 8154 8138 6654
f 6874 8156 8157
f 8158 8159 6805
f 8160 6865 8142
f 8161 6313 6711
f 6161 8162 8163
f 8164 6654 6653
f 8153 6653 6866
f 8165 8167 8168
f 8166 8169 8167
f 5989 8170 8169
f 5988 8171 8170
f 8172 6043 6042
f 8174 6032 6035
f 8174 6098 8176
f 8176 6796 8177
f 8177 8178 8179
f 7132 6728 7133
f 6589 8180 7136
f 8180 6004 8181
f 8181 6007 8182
f 6334 6731 6734
f 6079 6645 6731
f 6078 6646 6645
f 6085 8184 6646
f 6091 8185 6093
f 6086 8183 6085
f 6950 7118 7070
f 6952 6992 7127
f 6983 6968 7103
f 6987 7004 7099
f 7001 6979 6978
f 7001 7074 6998
f 7262 7075 7074
f 7264 7127 7075
f 7265 6943 6972
f 7265 6991 6990
f 7266 7070 6991
f 6949 7119 7118
f 7267 6939 7119
f 6983 7099 6940
f 7268 6985 8186
f 7000 8186 6979
f 6938 6985 6984
f 6946 6922 6921
f 6956 6948 6947
f 6971 6928 6927
f 6970 6954 6928
f 6973 6921 6925
f 6977 7263 7105
f 6981 7061 7060
f 6973 7117 6972
f 7097 6979 8186
f 7104 6927 7101
f 6977 7060 6974
f 6976 6944 7263
f 6956 7066 6953
f 6937 8186 6985
f 6938 7101 6935
f 6924 7116 7297
f 6926 7297 7068
f 6930 6962 7304
f 6934 6953 7066
f 6960 6936 6935
f 6963 6928 6954
f 6967 6975 6974
f 7063 7327 7331
f 6959 7096 6936
f 6926 7066 6925
f 7102 7304 7125
f 6967 7331 6964
f 6966 6922 6975
f 7062 7064 7327
f 6963 6932 6961
f 7102 6935 7101
f 7299 7269 8187
f 7301 6932 6931
f 7306 7285 7284
f 7308 6962 6961
f 7315 7284 7309
f 7317 7312 7311
f 7319 6964 7331
f 7322 7297 7116
f 7317 7116 6965
f 7308 7303 7307
f 7326 6958 6957
f 7329 7291 7290
f 7328 7324 7291
f 7301 8187 7302
f 7319 7290 7318
f 7326 7309 7323
f 7272 7321 7275
f 7272 8187 7269
f 7274 7302 8187
f 7281 7307 7303
f 7283 7593 7594
f 7289 7324 7323
f 7293 7330 7294
f 7293 7318 7290
f 7310 7594 7637
f 7314 7595 7320
f 7282 7279 7593
f 7278 7277 7276
f 7314 7270 7311
f 7313 7295 7595
f 7288 7291 7324
f 7289 7637 7286
f 6003 6626 6136
f 6003 7165 6000
f 6690 8189 6691
f 6686 5981 5980
f 6685 6096 5981
f 6687 6806 6096
f 6002 5980 6626
f 6606 5351 5350
f 7164 8190 8191
f 8192 7174 8193
f 6015 8153 8152
f 6189 8155 8154
f 8157 6284 6283
f 6332 8152 8160
f 6593 6317 8161
f 6658 8154 8164
f 6014 8164 8153
f 6332 7131 6333
f 6805 6321 6052
f 6146 8162 6625
f 6607 8195 6604
f 8196 6125 8197
f 8198 7168 8199
f 8199 6633 8200
f 7177 8201 7178
f 8202 8204 8205
f 7208 7185 7205
f 7237 7186 7208
f 6819 7230 7237
f 6818 6824 6819
f 8206 6821 6818
f 8207 8135 8208
f 6917 8209 6916
f 8209 7259 6916
f 8210 6647 7259
f 6812 8212 7258
f 6809 7258 7257
f 6809 8213 6113
f 6113 8214 6110
f 7235 6110 8214
f 7223 7234 6147
f 6147 8215 6148
f 6148 8216 6153
f 8218 6158 8217
f 8219 6116 6119
f 6284 6116 6285
f 6188 8156 8155
f 8155 6873 8138
f 8138 6872 8137
f 8137 8148 6581
f 6193 6281 6190
f 6190 6278 6195
f 8220 8222 8223
f 8224 7139 7138
f 6223 8226 8227
f 6237 8228 8229
f 6238 8227 8230
f 6249 8231 8232
f 6253 8233 8234
f 6236 8221 8228
f 6331 8230 8235
f 6252 8236 8233
f 6222 8229 8226
f 6828 8237 8238
f 6280 8240 8241
f 8208 6883 8206
f 6648 8211 8212
f 6143 8242 8243
f 6624 8244 8242
f 8245 8247 8248
f 8249 8251 8252
f 7195 8254 7196
f 7214 8253 7195
f 8256 7214 7213
f 7243 8257 7244
f 7210 8257 7211
f 8259 6102 8260
f 8261 6121 8262
f 8178 8263 8179
f 7132 8264 8263
f 6797 8265 8264
f 6135 8266 8265
f 6134 8267 8266
f 6151 8268 8267
f 6154 8270 8268
f 8269 8272 8270
f 7194 8273 8274
f 7193 8275 8273
f 8249 8260 8276
f 8248 8278 8245
f 6129 8279 8280
f 7169 8197 6125
f 8198 8192 8197
f 7171 7175 7173
f 6589 7129 6587
f 6801 6040 7129
f 6037 6041 6040
f 6036 6659 6041
f 6131 6118 6659
f 6156 6119 6118
f 8218 6119 6155
f 8219 6815 6642
f 7191 6641 6814
f 8246 7189 7191
f 8245 8281 8282
f 8280 6288 6287
f 6125 7170 7169
f 6288 6602 6123
f 6126 6604 8195
f 8196 6605 6604
f 7174 6691 8189
f 6691 6139 6692
f 7171 8283 7172
f 7172 8284 6142
f 6139 8284 6692
f 8285 8287 8288
f 8211 8289 8286
f 8290 8292 8289
f 8293 8291 8290
f 8293 8208 8295
f 8296 8298 8295
f 6818 8296 8206
f 8285 7258 8212
f 7243 7212 7211
f 7243 8300 8299
f 8301 6739 6738
f 8302 7213 7247
f 8303 7247 6168
f 8304 6168 6167
f 6738 8297 8301
f 8288 6167 6170
f 8304 8291 8305
f 8305 8294 6737
f 6737 8306 8305
f 6736 8307 8306
f 8243 8308 8309
f 8242 8282 8308
f 8247 7191 7190
f 7196 8251 7192
f 8253 8311 8254
f 8255 8310 8253
f 8313 8255 8256
f 7244 8313 8307
f 8313 8258 8312
f 8312 8314 8310
f 8315 8310 8314
f 8311 8316 8252
f 8282 8317 8308
f 8308 8261 8309
f 8309 8262 8318
f 8248 8275 8276
f 8282 8246 8245
f 8307 8256 8302
f 8306 8302 8303
f 8305 8303 8304
f 8298 6737 8294
f 8287 8304 6167
f 7253 7199 7198
f 8319 6028 7199
f 8320 6029 6028
f 8321 7184 6029
f 8322 7185 7184
f 8203 7205 7185
f 8202 7206 7205
f 7239 7210 7209
f 7251 8319 7253
f 7227 8320 8319
f 7217 8321 8320
f 7216 8322 8321
f 7236 8203 8322
f 6175 8200 7204
f 7165 8191 6177
f 6137 7166 6138
f 6200 8283 6137
f 6199 8284 8283
f 8284 6205 6692
f 6205 6689 6692
f 6689 5485 3833
f 7009 8323 7107
f 7013 7021 7020
f 7017 7029 7028
f 7013 7110 7010
f 7073 7084 7089
f 7081 7093 7092
f 7082 7028 7025
f 7088 6995 6994
f 7088 7057 7085
f 7122 7043 7042
f 7124 7024 7126
f 7082 7024 7123
f 7009 7042 7006
f 7012 7126 7021
f 7115 7015 7057
f 7008 7058 8323
f 7081 7120 7078
f 7073 7079 7071
f 6997 7076 7113
f 7023 6942 6941
f 7027 7069 7038
f 7031 6989 6988
f 7079 7033 7032
f 7037 7107 8323
f 7027 7126 7024
f 7041 7029 7114
f 7026 6988 7069
f 7100 6941 7098
f 7108 7002 7019
f 7100 8323 7058
f 6997 7114 6994
f 7022 7039 6942
f 7111 7033 7255
f 7035 7260 7032
f 7261 6996 7260
f 7108 7120 7106
f 7245 8258 7210
f 7246 8314 7245
f 7181 8316 7182
f 8277 6129 8278
f 8278 8280 8281
f 6287 8281 8280
f 6122 8317 6287
f 5487 6144 5488
f 5489 6162 5490
f 6637 8325 8326
f 8326 8225 8224
f 5494 8225 5495
f 6160 8150 8139
f 5496 8151 5497
f 8163 6162 6161
f 6146 8327 8163
f 8243 6144 6143
f 8328 8309 8318
f 8318 5501 5500
f 8262 5502 5501
f 8329 8331 8332
f 8333 8335 8336
f 8338 6007 8337
f 8329 8339 8340
f 8341 6734 8330
f 6006 8337 6007
f 8342 6804 6800
f 6065 8339 8343
f 5995 8341 8340
f 6918 6166 6165
f 7221 6166 6880
f 6172 6880 6166
f 8344 5955 6713
f 5519 5975 5520
f 6806 8346 6695
f 6646 8347 6643
f 8165 8349 6323
f 6322 8131 6090
f 8345 6688 8351
f 6695 5975 5974
f 5976 5528 6713
f 5529 8131 5530
f 6643 8352 8168
f 8183 5532 8184
f 5534 8130 5529
f 6730 5533 8183
f 8351 6093 8185
f 5535 6594 3856
f 8353 6652 6651
f 8354 8355 8356
f 8357 6825 6202
f 8359 6202 6201
f 6224 8356 8360
f 6275 8362 6276
f 6201 7143 8359
f 7146 8359 7143
f 8357 8363 8364
f 8355 8366 8367
f 8361 8368 8362
f 8356 8367 8369
f 8370 8372 7142
f 8220 7145 8374
f 6275 6228 6231
f 5558 6228 6274
f 8375 8367 8366
f 8362 8376 8377
f 8378 8380 8381
f 8363 8382 8383
f 8384 8381 8385
f 8382 8386 8385
f 8383 8364 8363
f 6226 6231 6230
f 6231 8361 6275
f 6636 8389 8379
f 6635 8388 6636
f 8390 5576 5575
f 8379 6232 6636
f 8378 6233 6232
f 8384 8371 6233
f 8372 8393 7141
f 7138 8239 8224
f 8224 8394 8326
f 8146 8394 6282
f 6638 8326 8394
f 6340 6299 6298
f 6747 6577 6576
f 6344 6346 6345
f 6342 6355 6303
f 6353 6349 6297
f 6337 6369 8395
f 6360 6328 6327
f 6358 6386 6385
f 6364 6293 6295
f 6362 6376 6373
f 6366 6297 6296
f 6350 6372 6370
f 6533 6303 6302
f 6534 6346 6343
f 6744 6533 6302
f 6536 6747 6576
f 6357 6894 6386
f 6341 6832 6355
f 6839 6292 6291
f 6837 6380 6379
f 6838 6354 6292
f 6361 6377 6376
f 6363 6296 6293
f 6365 6373 6372
f 6359 6291 6328
f 6836 6385 6380
f 6481 6902 6544
f 6484 6501 6500
f 6477 6487 6474
f 6849 6492 6491
f 6494 6467 6466
f 6547 6544 6543
f 6750 6546 6547
f 6494 6751 6750
f 6843 6500 6846
f 6845 6575 6843
f 6489 6847 6853
f 6474 6491 6490
f 6483 6906 6501
f 6493 6465 6490
f 6471 6544 6902
f 6472 6485 6473
f 6476 6461 6460
f 6470 6542 6545
f 6570 6569 6749
f 6495 6463 6493
f 6475 6462 6461
f 6572 6477 6476
f 6574 6457 6456
f 6569 6543 6545
f 6575 6473 6485
f 6471 6901 6448
f 6469 6508 6513
f 6498 6479 6478
f 6503 6518 6517
f 6489 6505 6486
f 6467 6509 6468
f 6546 6498 6478
f 6549 6752 6753
f 6752 6466 6469
f 6503 6846 6500
f 6850 6844 6846
f 6507 6852 6525
f 6486 6509 6849
f 6502 6909 6518
f 6858 6664 6307
f 8396 6611 6610
f 6833 6324 6216
f 8399 6825 8400
f 6831 8401 8402
f 6707 6826 8399
f 8398 6890 6324
f 6858 8404 6554
f 8405 6610 6876
f 6830 6553 8401
f 8397 6911 6611
f 8400 8358 8365
f 8358 8364 8406
f 8406 8387 8407
f 8389 8380 8379
f 8389 8409 8377
f 8388 8410 8409
f 5575 8410 8390
f 6665 8411 6875
f 8412 6720 6721
f 8413 5601 6720
f 8411 8413 8412
f 6262 6290 6263
f 5602 8414 5604
f 6599 3735 5605
f 7141 7142 8372
f 8393 8241 8240
f 8227 7147 7151
f 8229 8374 7148
f 8230 7151 7153
f 8232 8415 8416
f 8234 8417 8418
f 8221 8374 8228
f 8235 7153 8419
f 8233 8420 8417
f 8226 7148 7147
f 8238 8421 8422
f 7141 8240 7138
f 6581 6655 8137
f 6640 8140 8139
f 6710 8141 6868
f 6717 6712 6316
f 6860 8143 6864
f 6870 6867 6656
f 6717 6726 6714
f 6870 6192 6115
f 6860 6050 6059
f 6710 6025 6024
f 6639 6871 8140
f 6640 8324 6637
f 6581 8147 6193
f 5615 6234 8370
f 7144 8374 7145
f 7144 6210 7149
f 7150 6210 6209
f 7152 6209 6329
f 7152 8419 7153
f 7154 8421 8419
f 7158 8415 8422
f 7160 8420 8416
f 7162 8418 8417
f 7161 5616 8418
f 8370 6233 8371
f 8373 7146 7145
f 8392 8386 8223
f 8391 8372 8371
f 5617 6713 5528
f 5973 3355 5972
f 8345 5619 8346
f 3880 6910 5621
f 8351 5620 8345
f 8346 5520 5975
f 5621 6911 5623
f 5622 8185 5534
f 8150 5497 8151
f 8423 8425 8426
f 8427 6519 8428
f 8429 8431 8432
f 6523 8433 6526
f 8434 8436 8437
f 8438 8434 8439
f 8438 6511 6528
f 8441 8424 8423
f 8427 8430 8429
f 8444 8445 8446
f 8447 8424 8448
f 8449 8444 8450
f 8451 8430 8452
f 8453 8454 8455
f 8456 8437 8453
f 8439 8456 8457
f 8448 8442 8458
f 8452 8443 8449
f 8425 8459 8446
f 8460 8462 8463
f 8464 8466 8467
f 8468 8470 8471
f 8472 8474 8475
f 8476 8478 8479
f 8480 8482 8483
f 8484 8486 8487
f 8485 8489 8486
f 8490 8481 8480
f 8492 8494 8495
f 8495 8496 8497
f 8498 8500 8501
f 8502 8500 8503
f 8504 8506 8507
f 8508 8510 8511
f 8513 8511 8512
f 8507 8514 8515
f 8516 8518 8519
f 8520 8516 8521
f 8522 8524 8525
f 8526 8522 8525
f 8528 8530 8531
f 8532 8529 8533
f 8534 8536 8537
f 8538 8534 8537
f 8464 8481 8465
f 8483 8541 8480
f 8542 8484 8467
f 8487 8540 8483
f 8488 8542 8544
f 8545 8486 8489
f 8481 8466 8465
f 8547 8489 8490
f 8548 8493 8471
f 8549 8502 8492
f 8551 8494 8548
f 8497 8552 8495
f 8469 8499 8470
f 8547 8497 8498
f 8469 8503 8500
f 8501 8550 8545
f 8460 8507 8461
f 8552 8506 8505
f 8554 8510 8463
f 8549 8505 8509
f 8554 8512 8511
f 8513 8550 8508
f 8461 8515 8462
f 8557 8513 8514
f 8558 8519 8479
f 8559 8527 8518
f 8521 8558 8561
f 8553 8517 8520
f 8477 8524 8478
f 8520 8557 8553
f 8476 8525 8477
f 8527 8556 8522
f 8563 8528 8475
f 8564 8531 8565
f 8533 8563 8566
f 8562 8530 8532
f 8473 8536 8474
f 8559 8532 8535
f 8472 8537 8473
f 8560 8539 8564
f 8463 8555 8554
f 8544 8467 8466
f 8470 8548 8471
f 8475 8566 8563
f 8479 8561 8558
f 8484 8483 8482
f 8490 8488 8491
f 8503 8492 8502
f 8498 8496 8499
f 8504 8509 8505
f 8515 8513 8512
f 8519 8527 8526
f 8521 8523 8520
f 8528 8539 8538
f 8533 8535 8532
f 8467 8482 8464
f 8487 8546 8543
f 8544 8491 8488
f 8480 8547 8490
f 8493 8468 8471
f 8495 8549 8492
f 8551 8499 8496
f 8501 8547 8498
f 8460 8510 8504
f 8508 8549 8509
f 8555 8515 8512
f 8506 8557 8514
f 8519 8476 8479
f 8517 8559 8518
f 8561 8524 8521
f 8522 8557 8523
f 8475 8538 8472
f 8567 8531 8530
f 8566 8536 8533
f 8560 8535 8534
f 8442 8568 8569
f 6512 8568 6754
f 8570 8571 8572
f 8426 6514 8423
f 8428 8443 8427
f 6522 8432 6523
f 8437 8433 8454
f 6524 8435 6527
f 6528 8435 8438
f 8423 6550 8441
f 8429 6516 8427
f 6515 8445 6908
f 8441 6754 8568
f 8570 8569 8568
f 8440 6512 6511
f 8569 8458 8442
f 8574 8572 8571
f 8572 8573 8569
f 8453 8577 8456
f 8576 8455 8578
f 8452 8580 8451
f 8573 8582 8458
f 8575 8581 8573
f 8584 8575 8574
f 8571 8457 8574
f 8439 8440 8438
f 8585 8587 8588
f 8587 8590 8588
f 8589 8592 8590
f 8591 8594 8592
f 8593 8596 8594
f 8595 8598 8596
f 8599 8586 8585
f 8601 8600 8599
f 8603 8602 8601
f 8605 8598 8597
f 8607 8604 8603
f 8609 8608 8607
f 8611 8610 8609
f 8606 8612 8611
f 8613 8589 8587
f 8614 8591 8589
f 8615 8593 8591
f 8616 8595 8593
f 8617 8597 8595
f 8619 8617 8616
f 8620 8618 8617
f 8620 8623 8621
f 8624 8626 8627
f 8626 8622 8627
f 8620 8628 8622
f 8622 8629 8627
f 8627 8630 8624
f 8632 8634 8631
f 8636 8633 8635
f 8637 8636 8635
f 8639 8632 8640
f 8633 8641 8635
f 8635 8642 8637
f 8642 8644 8637
f 8645 8637 8644
f 8586 8613 8587
f 8600 8646 8586
f 8616 8648 8619
f 8615 8649 8648
f 8613 8649 8614
f 8651 8613 8646
f 8647 8651 8646
f 8652 8654 8651
f 8602 8647 8600
f 8655 8652 8647
f 8656 8653 8652
f 8653 8659 8654
f 8658 8661 8659
f 8644 8663 8645
f 8664 8662 8665
f 8661 8666 8659
f 8666 8654 8659
f 8667 8651 8654
f 8668 8597 8618
f 8669 8618 8621
f 8670 8621 8623
f 8671 8623 8626
f 8671 8625 8672
f 8625 8673 8672
f 8636 8675 8634
f 8638 8674 8636
f 8645 8676 8638
f 8645 8678 8677
f 8679 8660 8658
f 8657 8658 8653
f 8583 8648 8649
f 8650 8583 8649
f 8667 8581 8650
f 8666 8582 8667
f 8664 8681 8666
f 8682 8665 8683
f 8684 8643 8642
f 8684 8641 8579
f 8639 8579 8641
f 8580 8640 8578
f 8629 8576 8630
f 8604 8655 8602
f 8608 8686 8604
f 8610 8687 8608
f 8612 8688 8610
f 8605 8689 8612
f 8690 8668 8669
f 8691 8689 8690
f 8692 8688 8691
f 8693 8687 8692
f 8656 8686 8693
f 8694 8669 8670
f 8695 8690 8694
f 8696 8691 8695
f 8697 8692 8696
f 8657 8693 8697
f 8697 8679 8657
f 8696 8698 8697
f 8696 8700 8699
f 8694 8700 8695
f 8670 8701 8694
f 8702 8671 8672
f 8701 8703 8700
f 8703 8699 8700
f 8699 8705 8698
f 8698 8680 8679
f 8672 8706 8702
f 8675 8707 8708
f 8674 8709 8707
f 8709 8677 8710
f 8677 8711 8710
f 8712 8710 8711
f 8702 8714 8703
f 8713 8714 8715
f 8707 8716 8717
f 8717 8713 8715
f 8710 8716 8709
f 8708 8717 8715
f 8546 8599 8543
f 8546 8603 8601
f 8550 8603 8545
f 8556 8607 8550
f 8560 8609 8556
f 8564 8611 8560
f 8565 8606 8564
f 8565 8596 8598
f 8567 8594 8596
f 8562 8592 8594
f 8553 8590 8592
f 8590 8541 8588
f 8540 8588 8541
f 8543 8585 8540
f 8684 8450 8685
f 8579 8449 8684
f 8682 8448 8681
f 8447 8683 8459
f 8681 8458 8582
f 8628 8619 8718
f 8584 8619 8648
f 8628 8577 8629
f 8457 8577 8718
f 8574 8718 8584
f 7134 6919 7135
f 6164 6919 6783
f 5485 6609 5921
f 3832 8188 6690
f 5921 6221 3354
f 5922 7128 6607
f 6439 8720 6440
f 8720 6570 6749
f 6570 8721 6464
f 6439 8721 8719
f 6727 6057 6312
f 6312 6073 6247
f 6828 6073 6072
f 6877 6267 6745
f 6745 6299 6744
f 6891 6305 6889
f 6338 6746 6339
f 6438 6410 6435
f 6412 6440 6748
f 6564 6424 6565
f 6842 6577 8395
f 6889 6829 7156
f 6579 6564 6563
f 6435 6565 6424
f 8722 6306 6891
f 8723 6058 6727
f 6269 6878 6879
f 7160 6829 6598
f 8724 8143 8725
f 8238 6248 6828
f 6339 6744 6299
f 8395 6338 6337
f 6879 8404 8726
f 8422 8231 8238
f 8725 6859 8723
f 8416 7157 7160
f 6059 6049 6056
f 6330 6049 6048
f 7156 6259 6889
f 6269 6264 6266
f 6297 6264 6241
f 6340 6351 6337
f 6368 8395 6369
f 6422 6559 6423
f 6436 6404 6437
f 6447 6438 6437
f 6424 6436 6435
f 6331 6099 6330
f 6422 6842 6368
f 8722 6856 8726
f 8141 6862 8142
f 6265 6617 6242
f 6324 6259 6258
f 7158 6260 7156
f 6709 6863 8141
f 8235 6827 6331
f 6298 6352 6340
f 6370 6351 6350
f 6891 8403 8722
f 8419 8237 8235
f 6051 8145 6709
f 8422 7155 7158
f 8721 6446 6464
f 6748 8720 6749
f 8727 6011 8194
f 8158 8144 8724
f 6009 6861 8144
f 6008 6862 6861
f 8142 8727 8160
f 6554 6893 6858
f 6833 6708 8398
f 6708 8403 8398
f 5623 6892 4042
f 8406 8365 8358
f 8407 8366 8406
f 8377 8408 8389
f 8397 6530 6529
f 6651 8400 8353
f 8402 6616 6615
f 6618 8399 6651
f 6554 6878 6551
f 8396 6854 6530
f 8401 6552 6616
f 6892 6529 6743
f 8353 8365 8355
f 8377 6276 8362
f 8409 6277 6276
f 8410 5932 6277
f 8726 6857 8722
f 8726 6855 6879
f 7234 6106 8215
f 8279 6127 6288
f 8354 6227 6652
f 6246 6619 6289
f 8239 6282 8394
f 8162 6286 6625
f 6292 6246 6289
f 6382 6377 6379
f 6392 6396 6393
f 6396 6427 6428
f 6398 6443 6459
f 6459 6458 6460
f 6525 6523 6526
f 6558 6271 6555
f 6429 6560 6561
f 6460 6572 6476
f 6272 3736 3735
f 7128 6602 8195
f 6227 6244 6652
f 7180 6634 6103
f 6642 6285 8219
f 6356 6740 6614
f 6816 8218 8217
f 6820 8301 6817
f 6355 6741 6356
f 6344 6834 6341
f 6364 6840 6361
f 6375 6560 6415
f 6848 6488 6477
f 6853 6506 6489
f 6530 6740 6531
f 8140 6874 6601
f 6555 6831 6876
f 8215 6881 8216
f 6348 6894 6345
f 6383 6896 6417
f 6433 6896 6420
f 6432 6898 6390
f 6406 6898 6407
f 6900 6387 6899
f 6900 6448 6901
f 6472 6903 6482
f 6480 6903 6902
f 6497 6906 6479
f 6908 6518 6909
f 4280 6120 6603
f 6100 7170 6128
f 6632 7188 8201
f 7235 7201 7200
f 7206 7212 7207
f 8213 7232 7231
f 8214 7231 7201
f 6108 7200 7203
f 7238 8300 6820
f 7207 8299 7238
f 8205 7240 8202
f 6170 7232 7256
f 6638 8149 6639
f 6601 8157 6600
f 6600 6283 8162
f 8392 8222 8393
f 6278 8241 6279
f 6816 8274 6813
f 6642 6814 6641
f 6128 6124 8279
f 8195 6127 6126
f 8212 8286 8285
f 8292 8286 8289
f 8290 8210 8209
f 8207 8290 8209
f 8294 8295 8298
f 8206 8295 8208
f 6817 8297 8296
f 8288 7256 8285
f 7209 7240 7239
f 6225 8360 8361
f 8369 8360 8356
f 8375 8368 8369
f 8381 8387 8383
f 8385 8383 8382
f 8385 8391 8384
f 8147 6282 6281
f 6345 6835 6344
f 6327 6834 6360
f 6295 6841 6364
f 6379 6840 6837
f 6853 6845 6844
f 6479 6905 6480
f 6848 6571 6573
f 6452 6904 6472
f 6525 6851 6520
f 6496 6907 6497
f 8402 6876 6831
f 8408 8387 8380
f 6279 8222 8221
f 6872 8149 8148
f 8223 8373 8220
f 6526 8436 6524
f 8446 8426 8425
f 8455 8431 8451
f 8446 8450 8444
f 8454 8432 8431
f 6908 8428 6519
f 8578 8451 8580
f 8632 8625 8624
f 8640 8624 8630
f 8660 8662 8661
f 8662 8643 8665
f 8675 8631 8634
f 8680 8663 8660
f 8683 8643 8685
f 8578 8630 8576
f 8673 8708 8706
f 8678 8705 8711
f 8711 8704 8712
f 8706 8715 8714
f 8703 8712 8704
f 8459 8685 8450
f 8407 8376 8375
f 6615 8405 8402
f 5993 6335 5994
f 6060 6018 5991
f 5993 6081 6080
f 6105 6176 6702
f 6177 6000 7165
f 6309 6310 6251
f 8725 6314 8724
f 8724 6318 8158
f 6321 6053 6052
f 6249 6310 6247
f 6596 6257 6597
f 8188 6605 8189
f 5986 6682 6060
f 6714 6311 6309
f 6047 6086 6081
f 6875 6304 6665
f 6001 6912 5983
f 7162 6597 6257
f 7254 6912 6704
f 6684 7163 7254
f 8723 6315 8725
f 6592 6318 6317
f 8332 8171 8728
f 6607 5350 5922
f 8191 8198 8199
f 8197 8193 8196
f 8159 6319 6321
f 8232 6595 6249
f 8192 7173 7175
f 8189 8193 7174
f 6177 8199 6175
f 6733 8330 6734
f 8340 8330 8329
f 8341 6335 6334
f 8412 6875 8411
f 8414 6273 6599
f 8416 8236 8232
f 6727 8136 8723
f 8417 7159 7162
f 6277 5558 6274
f 5935 6635 6235
f 5991 6061 6060
f 6019 6682 6681
f 5999 6033 5996
f 6045 6677 6680
f 6055 6083 7130
f 5995 6063 5992
f 6084 6053 6046
f 6088 5989 8166
f 6063 6046 5992
f 6066 6034 5999
f 6103 7181 7180
f 6673 6133 6132
f 6149 6153 6152
f 6323 8166 8165
f 6585 6083 6082
f 6630 6702 6176
f 6634 7168 7167
f 6676 6152 6133
f 6703 6628 7248
f 6796 6728 8178
f 6069 6097 6066
f 6132 6674 6673
f 6803 6800 6804
f 6011 6055 7130
f 6799 6582 6585
f 7194 6881 6882
f 7131 6583 6333
f 6798 6913 6674
f 7179 8204 7236
f 7183 7246 7242
f 7188 7242 7241
f 6109 7192 6882
f 7204 6176 6175
f 7219 6628 6627
f 7218 7248 6628
f 7179 6627 7176
f 7250 6704 6703
f 7228 7249 7248
f 6678 7249 6679
f 5997 7251 5998
f 8168 6644 6643
f 8167 6732 6644
f 8169 6733 6732
f 8170 8331 6733
f 8336 8173 8172
f 8182 8175 8174
f 8182 8176 8181
f 8181 8177 8180
f 8180 8179 7136
f 7133 6590 6913
f 7130 8194 6011
f 8200 6632 7177
f 7178 8205 8204
f 8269 6153 8216
f 8254 8252 8251
f 8260 6101 8277
f 8179 6802 7136
f 8263 6038 6802
f 8264 6039 6038
f 8265 6130 6039
f 8266 6157 6130
f 8267 6158 6157
f 8268 8217 6158
f 8270 6816 8217
f 6813 8273 7190
f 8273 8247 7190
f 8276 8277 8248
f 7192 8250 7193
f 8252 8259 8249
f 8276 8250 8249
f 7204 7177 7176
f 7182 8315 7246
f 8343 8334 8333
f 8333 8342 8343
f 8343 6800 6065
f 8340 6064 5995
f 6323 8350 6322
f 8168 8348 8165
f 8349 5936 8350
f 8352 5938 8348
f 6103 7167 6100
f 8271 8216 6881
f 8201 7241 8205
f 8274 8271 7194
f 5991 6017 5988
f 8728 6017 6016
f 5997 6680 6679
f 5996 6045 6680
f 6033 6042 6045
f 6042 8175 8172
f 8172 8338 8336
f 8336 8337 8333
f 6684 6677 6681
f 6681 6044 6019
f 6019 6043 6016
f 6016 8173 8728
f 8728 8335 8332
f 8332 8334 8329
f 8194 8160 8727
f 6805 6009 8158
f 5940 7137 6719
f 8324 5942 8325
f 8325 5495 8225
f 6253 4292 6250
f 7137 5944 6715
f 8348 5937 8349
f 8350 5530 8131
f 5624 6159 5489
f 6718 5940 6719
f 8327 5490 6162
f 8347 5939 8352
f 5933 6121 6120
f 8184 5946 8347
f 7142 5615 8370
f 6145 5945 8327
f 8234 5943 6253
f 8328 5488 6144
f 8318 5948 8328
f 7139 4299 7140
f 8418 5947 8234
f 5604 6599 5605
f 5949 6712 6716
f 5944 6716 6715
f 6720 5950 6255
f 6255 4322 6256
f 5614 6235 6234
f 6711 5951 8161
f 8161 3857 6593
f 5973 2965 3013
f 2965 5963 222
f 222 5960 223
f 223 5958 3186
f 5958 3185 3186
f 5957 2977 3185
f 5970 1213 2977
f 5967 1214 1213
f 2532 5966 5953
f 2894 5953 5952
f 2871 5952 8344
f 5510 5721 5509
f 5822 5824 5823
f 3511 3844 3735
f 3887 3889 3888
f 3876 3878 3877
f 3356 3911 3909
f 3372 3390 3391
f 3849 3851 3850
f 3481 3867 3866
f 3873 3385 3382
f 3875 3450 3452
f 3915 3865 3862
f 3657 3671 3656
f 5618 3013 2152
f 1997 1889 1892
f 1237 744 855
f 1535 120 121
f 1531 201 214
f 1119 1032 984
f 946 824 947
f 163 5 162
f 9041 9175 9193
f 1155 1162 1164
f 427 327 424
f 553 796 498
f 8732 2231 2237
f 8732 2230 2232
f 2237 3180 8732
f 8734 8736 8733
f 8735 8738 8736
f 8737 8740 8738
f 8739 8742 8740
f 8743 8745 8746
f 8746 8747 8748
f 8749 8748 8747
f 8751 8750 8749
f 8754 8756 8753
f 8757 8755 8754
f 8759 8758 8757
f 8761 8760 8759
f 8763 8762 8761
f 8766 8749 8765
f 8765 8747 8767
f 8767 8745 8768
f 8768 8744 8769
f 8744 8771 8769
f 8770 8772 8771
f 8741 8773 8772
f 8739 8774 8773
f 8737 8775 8774
f 8735 8776 8775
f 8776 8777 3184
f 2904 8779 2947
f 8780 2904 2902
f 8781 2902 2876
f 2875 8781 2876
f 8783 2733 2736
f 2825 8786 2824
f 8788 8790 8787
f 8792 8787 8791
f 2724 8785 2825
f 8787 3115 3117
f 8791 3117 3119
f 8794 8765 8793
f 8793 8767 8795
f 8795 8768 8796
f 8796 8769 8797
f 8797 8771 8798
f 8771 8799 8798
f 8772 8800 8799
f 8773 8801 8800
f 8774 8802 8801
f 8775 8803 8802
f 8776 3056 8803
f 8802 2253 2252
f 8801 2252 1727
f 8800 1727 2150
f 8799 2150 1941
f 8804 8799 1941
f 8805 8798 8804
f 8806 8797 8805
f 8807 8796 8806
f 8793 8807 8808
f 8794 8808 8809
f 8810 8809 8808
f 8808 8806 8810
f 8810 8805 8812
f 8813 8810 8812
f 8812 8804 8814
f 8815 8812 8814
f 8814 1941 1360
f 8755 8752 8756
f 8758 8750 8755
f 8760 8748 8758
f 8762 8746 8760
f 8816 8764 8763
f 8818 8820 8817
f 8816 8782 8784
f 8821 8817 8816
f 8789 8783 8786
f 8818 8789 8788
f 8819 8788 8792
f 8822 8819 8823
f 8823 8792 8824
f 8824 8791 2712
f 2712 3119 3128
f 8826 8823 8825
f 8825 8824 8827
f 8827 2712 2711
f 8828 2711 2400
f 8829 8827 8828
f 8830 8825 8829
f 8743 8764 8831
f 8817 8831 8764
f 8770 8743 8831
f 8741 8831 8742
f 8820 8742 8831
f 8740 8822 8826
f 8738 8826 8830
f 8736 8830 8832
f 8833 2400 2402
f 8834 8828 8833
f 8832 8829 8834
f 8835 2402 2707
f 3058 2707 2708
f 3061 8835 3058
f 8836 8833 8835
f 8733 8832 8837
f 8837 8834 8836
f 8777 8733 8838
f 8838 8837 1962
f 8837 3061 1962
f 1961 8838 1962
f 3057 8777 8838
f 8779 8753 8839
f 8778 8754 8779
f 8780 8757 8778
f 8781 8759 8780
f 8782 8761 8781
f 8821 8784 8783
f 8785 8789 8786
f 2723 8790 8785
f 2875 8784 8782
f 2736 8786 8783
f 2947 8839 8944
f 8815 1360 8941
f 1900 1924 1901
f 1736 1718 1750
f 1955 1943 1956
f 1671 1735 1751
f 1696 1698 1692
f 1800 1864 1801
f 2063 2056 2060
f 1737 1717 1736
f 1751 1697 1695
f 943 9351 684
f 9108 8753 9057
f 1577 1764 1703
f 9369 1599 9375
f 1945 82 1944
f 68 7 248
f 147 1543 148
f 1109 1133 1102
f 1503 1907 1908
f 1499 1909 1498
f 452 735 215
f 1824 9287 9297
f 1825 2068 1824
f 1463 1022 1194
f 841 1009 1011
f 1568 1955 1534
f 1926 1927 1923
f 1910 1502 1939
f 1939 422 442
f 309 1940 308
f 1804 1866 1803
f 269 1954 56
f 2065 2060 2056
f 9264 1758 9287
f 280 552 1940
f 1875 1869 1874
f 1739 1734 1737
f 5923 5899 5924
f 1778 1790 1788
f 310 1915 279
f 1909 1906 1954
f 1789 1778 1788
f 978 980 979
f 1584 1731 1583
f 425 311 312
f 148 115 116
f 2044 9346 2046
f 277 1939 551
f 1943 1945 1944
f 1461 1463 1464
f 2253 3056 3055
f 2981 8927 958
f 2209 8927 3055
f 2254 3055 8927
f 2998 958 8927
f 2826 2721 2724
f 8928 2721 2817
f 2816 8928 2817
f 2334 2296 2335
f 2298 2334 2336
f 2301 2336 2338
f 2311 2338 2354
f 2312 2354 2355
f 2359 2361 2360
f 2335 2359 2360
f 2414 2365 2364
f 2413 2361 2365
f 2355 2540 2541
f 2541 2539 2542
f 2722 2739 2738
f 3114 2738 3113
f 3110 3121 3120
f 3108 3120 3113
f 3122 3127 3126
f 3112 3126 3121
f 3127 1753 3135
f 3139 2529 2542
f 9196 3133 3139
f 8928 2740 2739
f 8929 2789 8928
f 228 91 88
f 245 243 242
f 248 247 191
f 2 296 295
f 145 300 267
f 327 210 328
f 329 331 330
f 250 228 236
f 239 240 230
f 373 375 374
f 178 176 175
f 1218 1228 1321
f 9314 1295 9306
f 808 824 823
f 9310 1013 1014
f 9265 1411 1413
f 2154 2159 2160
f 9297 1758 1757
f 306 1922 452
f 2157 1976 1977
f 708 2031 1474
f 1450 1227 1428
f 1672 1605 1624
f 1813 1821 1816
f 1717 1715 1718
f 176 402 347
f 1710 9368 9367
f 1712 1577 1711
f 1705 1711 1704
f 3435 3475 3434
f 971 979 970
f 822 1094 1102
f 2909 2793 2792
f 2810 2795 2793
f 2799 2249 2800
f 9114 2910 2799
f 2769 2801 2795
f 3177 3178 3179
f 3178 3180 3179
f 3181 1393 2800
f 3181 1632 3182
f 3182 2244 3183
f 3183 2243 3180
f 8932 2790 8929
f 2808 8929 2816
f 2239 9016 2240
f 1149 9015 9014
f 1150 9011 9015
f 2202 9010 2015
f 2921 9009 2923
f 9012 2133 2928
f 1777 1759 1792
f 1201 1183 1184
f 9005 2195 2194
f 8997 2770 2768
f 9379 1687 1692
f 1516 154 503
f 8993 2974 2803
f 8994 2779 2778
f 2771 9019 8990
f 3070 8990 9002
f 8991 2775 2867
f 1376 1370 1372
f 2767 9000 2206
f 2195 8987 2767
f 2775 8986 2776
f 8344 8989 2871
f 9256 8983 2806
f 2776 8982 2805
f 2240 8979 2920
f 2920 9121 9071
f 8992 2786 2779
f 1805 1851 1804
f 8978 2787 2786
f 2951 8984 8975
f 2772 8975 9019
f 2973 8974 8980
f 2224 8981 8974
f 1957 320 510
f 306 304 303
f 2770 8972 2913
f 2913 9018 2239
f 2923 8971 2922
f 308 431 47
f 207 132 543
f 1879 1881 1880
f 9185 8969 2089
f 2475 9002 8968
f 2476 8968 8967
f 2223 8967 8981
f 8966 2803 2802
f 2037 11 1950
f 1959 450 505
f 2003 8964 2129
f 9 334 540
f 2009 8962 9011
f 2008 8980 8962
f 9329 673 9331
f 8959 2778 2784
f 2935 8957 2936
f 111 9014 8955
f 3238 3341 3237
f 8954 2935 2938
f 683 9337 943
f 8952 2810 2909
f 736 732 729
f 1795 1803 1796
f 8949 2938 2939
f 8951 2939 2940
f 2950 8948 2949
f 2940 8948 8951
f 9253 8956 2950
f 2868 8946 2869
f 2869 8966 2802
f 1024 1023 1020
f 8944 2948 2947
f 551 442 443
f 2972 9012 2928
f 2032 8943 2972
f 216 1924 1923
f 3532 3482 3533
f 203 201 200
f 3539 3541 3540
f 1828 1847 1837
f 1958 449 450
f 272 178 175
f 2871 8939 1361
f 9071 9008 2921
f 2801 9095 9114
f 2005 9106 2176
f 960 899 962
f 9109 9064 9076
f 9232 9098 3151
f 3151 9045 2555
f 2193 9075 2194
f 9059 3145 3144
f 9055 2761 3145
f 9044 3144 3104
f 2926 9086 3103
f 9086 3104 3103
f 9207 9198 9205
f 566 9210 2005
f 8839 1864 8944
f 1602 2079 2078
f 2868 9063 2922
f 2922 9062 2923
f 2923 9070 2921
f 9122 2918 9066
f 9071 9066 2920
f 2921 9122 9071
f 2920 9038 2240
f 9065 2915 2918
f 2917 9074 9093
f 2916 9093 9094
f 2239 9104 2913
f 2911 9104 2757
f 9095 2911 2910
f 2797 9114 9043
f 2797 9050 2750
f 9074 2763 2765
f 9060 2764 2745
f 2194 9100 2221
f 2221 9101 2222
f 2756 9061 2755
f 2750 9061 2747
f 9121 1817 9279
f 9215 1691 1699
f 2515 9042 2548
f 2548 9045 2550
f 2513 9084 9068
f 2513 9073 2515
f 2509 9072 2289
f 2510 9085 2509
f 2289 9091 2283
f 2283 9069 2286
f 2240 9039 2239
f 9111 9076 9078
f 716 9339 9340
f 727 9213 1923
f 2165 2170 2164
f 9112 9078 9081
f 9195 9030 9209
f 2175 769 770
f 2100 2095 2099
f 9210 9209 9030
f 640 9012 1826
f 1653 8997 1651
f 1895 8974 746
f 746 8981 741
f 1653 8972 9020
f 9214 1604 1672
f 2093 2073 2078
f 959 995 884
f 962 919 986
f 1400 1398 1399
f 1000 1127 1004
f 956 884 885
f 1662 8994 1661
f 2034 8990 1654
f 9378 8983 9254
f 8979 766 1817
f 9016 765 766
f 334 9015 335
f 1868 8984 1656
f 1684 1652 1678
f 1682 775 1807
f 1585 9214 1700
f 9215 1672 1673
f 2173 490 491
f 1658 8991 1752
f 9000 1650 724
f 1571 2010 1572
f 1587 9123 2080
f 2099 2077 2094
f 787 1999 786
f 2000 786 1999
f 3155 9149 9135
f 9165 9135 9241
f 2180 9137 9136
f 8940 9136 9157
f 1684 9292 1651
f 1760 8939 8989
f 2607 9145 2590
f 2581 9141 2607
f 2371 9152 9147
f 2371 9145 2372
f 2587 9127 2586
f 2586 9149 339
f 2497 9139 2503
f 2502 9139 9152
f 2494 9142 2495
f 9142 2472 2495
f 9140 2468 2472
f 9153 2469 2468
f 726 9344 630
f 581 8962 580
f 10 9014 334
f 1837 8954 1849
f 741 8967 1300
f 1299 9002 2034
f 1851 8948 1866
f 8971 1820 1819
f 580 8980 1895
f 1758 8966 8946
f 1693 8952 1806
f 8948 1867 1866
f 1894 9012 8943
f 2126 9265 9293
f 9358 9293 9364
f 2113 9319 2110
f 2179 9241 9137
f 624 9356 623
f 2192 9240 9232
f 2177 9239 9185
f 1364 9285 1338
f 9310 1470 1453
f 3135 9227 9196
f 2069 9287 2068
f 1351 9305 1352
f 2108 9353 499
f 2089 9188 9185
f 9280 1358 866
f 2001 9235 2187
f 2187 9171 2091
f 2130 9204 2004
f 2004 9201 2001
f 2014 9231 2201
f 2201 9208 2130
f 3167 9211 2969
f 3168 9172 3167
f 3159 9216 3160
f 3160 9217 3081
f 9182 3158 337
f 3158 9161 3159
f 2200 9182 9174
f 9137 9194 2204
f 9174 2197 2200
f 9242 2092 9173
f 9226 9173 2197
f 3154 9242 9226
f 3155 9158 3154
f 2091 9173 2092
f 2196 9202 9228
f 2193 9228 9233
f 9056 9233 9240
f 2086 9232 9230
f 2087 9230 9229
f 2204 9203 2205
f 2205 9202 3148
f 9361 574 692
f 2124 9229 9212
f 2208 9212 9234
f 9163 3140 3137
f 9237 3138 3140
f 9197 3139 3138
f 9223 3136 2322
f 9164 3137 3136
f 9227 3131 3133
f 9219 3132 3131
f 1813 9290 1814
f 1293 9308 1344
f 2184 9200 9184
f 2181 9184 9186
f 9217 3079 3081
f 9220 3080 3079
f 709 9327 2031
f 2774 9189 9221
f 9238 2134 9003
f 9261 766 765
f 2968 9218 2959
f 2969 9236 2968
f 2958 9189 2961
f 2132 9218 2960
f 2321 9223 9200
f 9312 1449 28
f 9357 582 710
f 9338 577 574
f 9299 1818 9279
f 705 9339 2121
f 9268 9359 698
f 2111 9363 2113
f 9262 1366 1411
f 1812 9274 1815
f 675 9304 674
f 8940 9303 675
f 2110 9320 2109
f 2104 9353 2106
f 2109 9351 944
f 9294 703 739
f 1680 9298 1684
f 1639 9271 9270
f 623 9358 697
f 2139 9318 9317
f 1808 9296 9289
f 9272 1819 1820
f 9324 9352 706
f 1646 9282 1648
f 9341 633 577
f 2139 9327 18
f 2156 9323 9326
f 674 9365 9321
f 2117 9264 2069
f 1815 9299 9275
f 9307 1444 1470
f 697 9364 9268
f 866 9288 9280
f 9316 2136 2135
f 9037 9178 9041
f 9035 9183 9037
f 9205 9190 9191
f 9192 9033 9195
f 1088 9198 1093
f 9191 9195 9205
f 2791 8933 2792
f 8932 2807 8933
f 2792 8934 2909
f 8933 2806 8934
f 8952 8934 8960
f 8960 2806 8983
f 2948 9243 9253
f 2105 9348 2104
f 8982 9256 2805
f 680 9328 683
f 1891 9362 9343
f 2905 9253 2950
f 2900 9251 2905
f 2901 9259 2877
f 2734 9258 9246
f 2877 9258 2878
f 2820 9246 2872
f 2818 9244 2827
f 2823 9244 2826
f 2822 9250 2821
f 2819 9252 9250
f 2817 9247 2816
f 2809 9247 2815
f 2808 9255 2807
f 2805 9255 2804
f 1702 9375 1599
f 9374 1797 1802
f 9367 1706 1709
f 9370 1692 1698
f 1657 9332 1879
f 1890 9347 9362
f 9224 1674 1675
f 1689 9224 9225
f 9378 8982 1688
f 8960 1689 9225
f 9369 1703 1764
f 1598 9380 1770
f 9332 1876 1879
f 1691 9377 9379
f 9377 1688 1687
f 1117 1118 9382
f 1066 1322 9382
f 1243 847 9382
f 9277 848 9382
f 1128 1117 9382
f 1129 1130 9382
f 841 1011 9382
f 1230 9315 9382
f 1242 1243 9382
f 1322 1229 9382
f 1064 1065 9382
f 1003 1128 9382
f 1229 1230 9382
f 9315 1285 9382
f 1285 1288 9382
f 848 839 9382
f 847 9277 9382
f 1118 1129 9382
f 1065 1066 9382
f 1087 1086 9382
f 1008 1002 9382
f 1011 1008 9382
f 1002 1003 9382
f 1076 1069 9382
f 838 841 9382
f 839 838 9382
f 1288 1242 9382
f 1130 1087 9382
f 1086 1076 9382
f 1069 1064 9382
f 2410 2414 9383
f 2411 2410 9383
f 9069 2285 9383
f 2394 2393 9383
f 2393 2396 9383
f 2281 2286 9383
f 2282 2280 9383
f 2398 2399 9383
f 2465 2464 9383
f 2396 2397 9383
f 2470 2469 9383
f 2399 2416 9383
f 2480 2395 9383
f 2459 2480 9383
f 2369 2282 9383
f 2460 2459 9383
f 2415 2411 9383
f 2416 2415 9383
f 2364 2363 9383
f 2286 9069 9383
f 2464 2470 9383
f 2469 9155 9383
f 2285 2465 9383
f 2414 2364 9383
f 2395 2394 9383
f 2363 2367 9383
f 2397 2398 9383
f 2280 2281 9383
f 9155 2460 9383
f 2367 2369 9383
f 9386 9389 9390
f 9386 9391 9387
f 9384 9389 9385
f 9390 9395 9391
f 9389 9392 9393
f 9389 9394 9390
f 9394 9399 9395
f 9393 9396 9397
f 9394 9397 9398
f 9399 9402 9403
f 9396 9401 9397
f 9397 9402 9398
f 9402 9407 9403
f 9401 9404 9405
f 9402 9405 9406
f 9407 9410 9411
f 9405 9408 9409
f 9405 9410 9406
f 9411 9414 9415
f 9409 9412 9413
f 9410 9413 9414
f 9414 9419 9415
f 9412 9417 9413
f 9413 9418 9414
f 9418 9423 9419
f 9417 9420 9421
f 9418 9421 9422
f 9422 9427 9423
f 9420 9425 9421
f 9421 9426 9422
f 9426 9431 9427
f 9425 9428 9429
f 9426 9429 9430
f 9431 9434 9435
f 9428 9433 9429
f 9429 9434 9430
f 9434 9439 9435
f 9433 9436 9437
f 9434 9437 9438
f 9439 9442 9443
f 9436 9441 9437
f 9437 9442 9438
f 9443 9446 9447
f 9441 9444 9445
f 9442 9445 9446
f 9447 9450 9451
f 9444 9449 9445
f 9445 9450 9446
f 9450 9455 9451
f 9449 9452 9453
f 9450 9453 9454
f 9454 9459 9455
f 9452 9457 9453
f 9453 9458 9454
f 9458 9463 9459
f 9457 9460 9461
f 9458 9461 9462
f 9463 9466 9467
f 9460 9465 9461
f 9461 9466 9462
f 9466 9471 9467
f 9465 9468 9469
f 9466 9469 9470
f 9471 9474 9475
f 9468 9473 9469
f 9469 9474 9470
f 9475 9478 9479
f 9473 9476 9477
f 9474 9477 9478
f 9479 9482 9483
f 9476 9481 9477
f 9477 9482 9478
f 9483 9486 9487
f 9481 9484 9485
f 9482 9485 9486
f 9486 9491 9487
f 9484 9489 9485
f 9485 9490 9486
f 9490 9495 9491
f 9489 9492 9493
f 9490 9493 9494
f 9495 9498 9499
f 9492 9497 9493
f 9493 9498 9494
f 9498 9503 9499
f 9497 9500 9501
f 9498 9501 9502
f 9503 9507 9508
f 9500 9506 9501
f 9501 9507 9502
f 9508 9511 9512
f 9505 9510 9506
f 9507 9510 9511
f 9384 9504 9388
f 9388 9504 9392
f 9392 9504 9396
f 9396 9504 9400
f 9400 9504 9404
f 9404 9504 9408
f 9408 9504 9412
f 9412 9504 9416
f 9416 9504 9420
f 9420 9504 9424
f 9424 9504 9428
f 9428 9504 9432
f 9432 9504 9436
f 9436 9504 9440
f 9440 9504 9444
f 9444 9504 9448
f 9448 9504 9452
f 9452 9504 9456
f 9456 9504 9460
f 9460 9504 9464
f 9464 9504 9468
f 9468 9504 9472
f 9472 9504 9476
f 9476 9504 9480
f 9480 9504 9484
f 9484 9504 9488
f 9488 9504 9492
f 9492 9504 9496
f 9496 9504 9500
f 9500 9504 9505
f 9505 9504 9509
f 9512 9386 9387
f 9510 9384 9385
f 9510 9386 9511
f 9509 9504 9384
f 9521 9533 9534
f 9518 9532 9519
f 9517 9529 9530
f 9515 9527 9528
f 9523 9537 9524
f 9521 9535 9522
f 9519 9533 9520
f 9518 9530 9531
f 9515 9529 9516
f 9513 9527 9514
f 9524 9538 9525
f 9523 9535 9536
f 9528 9542 9529
f 9526 9540 9527
f 9538 9550 9551
f 9535 9549 9536
f 9534 9546 9547
f 9531 9545 9532
f 9530 9542 9543
f 9528 9540 9541
f 9537 9549 9550
f 9534 9548 9535
f 9532 9546 9533
f 9531 9543 9544
f 9541 9555 9542
f 9540 9552 9553
f 9550 9564 9551
f 9548 9562 9549
f 9547 9559 9560
f 9544 9558 9545
f 9542 9556 9543
f 9541 9553 9554
f 9549 9563 9550
f 9547 9561 9548
f 9546 9558 9559
f 9544 9556 9557
f 9555 9567 9568
f 9552 9566 9553
f 9564 9576 9577
f 9562 9574 9575
f 9559 9573 9560
f 9557 9571 9558
f 9555 9569 9556
f 9553 9567 9554
f 9562 9576 9563
f 9561 9573 9574
f 9559 9571 9572
f 9557 9569 9570
f 9567 9581 9568
f 9566 9578 9579
f 9576 9590 9577
f 9575 9587 9588
f 9572 9586 9573
f 9571 9583 9584
f 9569 9581 9582
f 9566 9580 9567
f 9576 9588 9589
f 9574 9586 9587
f 9571 9585 9572
f 9569 9583 9570
f 9581 9593 9594
f 9578 9592 9579
f 9590 9602 9603
f 9588 9600 9601
f 9585 9599 9586
f 9583 9597 9584
f 9582 9594 9595
f 9579 9593 9580
f 9589 9601 9602
f 9587 9599 9600
f 9584 9598 9585
f 9583 9595 9596
f 9594 9606 9607
f 9592 9604 9605
f 9602 9616 9603
f 9601 9613 9614
f 9598 9612 9599
f 9596 9610 9597
f 9594 9608 9595
f 9592 9606 9593
f 9601 9615 9602
f 9600 9612 9613
f 9598 9610 9611
f 9596 9608 9609
f 9607 9619 9620
f 9605 9617 9618
f 9615 9629 9616
f 9613 9627 9614
f 9611 9625 9612
f 9610 9622 9623
f 9607 9621 9608
f 9605 9619 9606
f 9615 9627 9628
f 9613 9625 9626
f 9611 9623 9624
f 9608 9622 9609
f 9619 9633 9620
f 9617 9631 9618
f 9628 9642 9629
f 9627 9639 9640
f 9625 9637 9638
f 9622 9636 9623
f 9621 9633 9634
f 9619 9631 9632
f 9627 9641 9628
f 9625 9639 9626
f 9623 9637 9624
f 9622 9634 9635
f 9632 9646 9633
f 9630 9644 9631
f 9642 9654 9655
f 9639 9653 9640
f 9638 9650 9651
f 9635 9649 9636
f 9634 9646 9647
f 9632 9644 9645
f 9641 9653 9654
f 9638 9652 9639
f 9636 9650 9637
f 9635 9647 9648
f 9645 9659 9646
f 9644 9656 9657
f 9654 9668 9655
f 9652 9666 9653
f 9651 9663 9664
f 9648 9662 9649
f 9646 9660 9647
f 9645 9657 9658
f 9653 9667 9654
f 9651 9665 9652
f 9650 9662 9663
f 9648 9660 9661
f 9659 9671 9672
f 9656 9670 9657
f 9668 9680 9681
f 9665 9679 9666
f 9663 9677 9664
f 9661 9675 9662
f 9659 9673 9660
f 9657 9671 9658
f 9666 9680 9667
f 9665 9677 9678
f 9663 9675 9676
f 9661 9673 9674
f 9671 9685 9672
f 9670 9682 9683
f 9680 9694 9681
f 9678 9692 9679
f 9677 9689 9690
f 9675 9687 9688
f 9673 9685 9686
f 9670 9684 9671
f 9680 9692 9693
f 9678 9690 9691
f 9675 9689 9676
f 9673 9687 9674
f 9685 9697 9698
f 9682 9696 9683
f 9694 9706 9707
f 9692 9704 9705
f 9689 9703 9690
f 9687 9701 9688
f 9686 9698 9699
f 9683 9697 9684
f 9693 9705 9706
f 9691 9703 9704
f 9688 9702 9689
f 9687 9699 9700
f 9698 9710 9711
f 9696 9708 9709
f 9706 9720 9707
f 9705 9717 9718
f 9702 9716 9703
f 9700 9714 9701
f 9698 9712 9699
f 9696 9710 9697
f 9705 9719 9706
f 9704 9716 9717
f 9702 9714 9715
f 9700 9712 9713
f 9711 9723 9724
f 9709 9721 9722
f 9719 9733 9720
f 9717 9731 9718
f 9715 9729 9716
f 9714 9726 9727
f 9711 9725 9712
f 9709 9723 9710
f 9718 9732 9719
f 9717 9729 9730
f 9715 9727 9728
f 9712 9726 9713
f 9723 9737 9724
f 9721 9735 9722
f 9733 9745 9746
f 9731 9743 9744
f 9729 9741 9742
f 9726 9740 9727
f 9725 9737 9738
f 9723 9735 9736
f 9732 9744 9745
f 9729 9743 9730
f 9727 9741 9728
f 9726 9738 9739
f 9736 9750 9737
f 9734 9748 9735
f 9746 9758 9759
f 9743 9757 9744
f 9742 9754 9755
f 9739 9753 9740
f 9738 9750 9751
f 9736 9748 9749
f 9745 9757 9758
f 9742 9756 9743
f 9740 9754 9741
f 9739 9751 9752
f 9749 9763 9750
f 9748 9760 9761
f 9758 9772 9759
f 9756 9770 9757
f 9755 9767 9768
f 9752 9766 9753
f 9750 9764 9751
f 9749 9761 9762
f 9757 9771 9758
f 9756 9768 9769
f 9754 9766 9767
f 9752 9764 9765
f 9762 9776 9763
f 9760 9774 9761
f 9772 9784 9785
f 9770 9782 9783
f 9768 9780 9781
f 9765 9779 9766
f 9763 9777 9764
f 9762 9774 9775
f 9770 9784 9771
f 9768 9782 9769
f 9767 9779 9780
f 9764 9778 9765
f 9775 9789 9776
f 9774 9786 9787
f 9784 9798 9785
f 9782 9796 9783
f 9781 9793 9794
f 9779 9791 9792
f 9777 9789 9790
f 9774 9788 9775
f 9784 9796 9797
f 9782 9794 9795
f 9779 9793 9780
f 9777 9791 9778
f 9789 9802 9803
f 9786 9801 9787
f 9798 9811 9812
f 9796 9809 9810
f 9793 9808 9794
f 9792 9805 9806
f 9790 9803 9804
f 9787 9802 9788
f 9797 9810 9811
f 9795 9808 9809
f 9792 9807 9793
f 9790 9805 9791
f 9803 9815 9816
f 9801 9813 9814
f 9811 9825 9812
f 9810 9822 9823
f 9807 9821 9808
f 9806 9818 9819
f 9803 9817 9804
f 9801 9815 9802
f 9810 9824 9811
f 9809 9821 9822
f 9807 9819 9820
f 9804 9818 9805
f 9816 9828 9829
f 9814 9826 9827
f 9825 9837 9838
f 9822 9836 9823
f 9820 9834 9821
f 9819 9831 9832
f 9816 9830 9817
f 9814 9828 9815
f 9824 9836 9837
f 9822 9834 9835
f 9820 9832 9833
f 9817 9831 9818
f 9828 9842 9829
f 9826 9840 9827
f 9837 9851 9838
f 9836 9848 9849
f 9834 9846 9847
f 9831 9845 9832
f 9830 9842 9843
f 9828 9840 9841
f 9836 9850 9837
f 9834 9848 9835
f 9832 9846 9833
f 9831 9843 9844
f 9841 9855 9842
f 9839 9853 9840
f 9851 9863 9864
f 9848 9862 9849
f 9847 9859 9860
f 9845 9857 9858
f 9843 9855 9856
f 9841 9853 9854
f 9850 9862 9863
f 9847 9861 9848
f 9845 9859 9846
f 9843 9857 9844
f 9854 9868 9855
f 9853 9865 9866
f 9863 9877 9864
f 9861 9875 9862
f 9860 9872 9873
f 9858 9870 9871
f 9855 9869 9856
f 9854 9866 9867
f 9862 9876 9863
f 9860 9874 9861
f 9859 9871 9872
f 9856 9870 9857
f 9868 9880 9881
f 9865 9879 9866
f 9877 9889 9890
f 9875 9887 9888
f 9873 9885 9886
f 9870 9884 9871
f 9868 9882 9869
f 9867 9879 9880
f 9875 9889 9876
f 9873 9887 9874
f 9872 9884 9885
f 9870 9882 9883
f 9880 9894 9881
f 9878 9892 9879
f 9889 9903 9890
f 9887 9901 9888
f 9886 9898 9899
f 9884 9896 9897
f 9882 9894 9895
f 9879 9893 9880
f 9889 9901 9902
f 9887 9899 9900
f 9884 9898 9885
f 9882 9896 9883
f 9894 9906 9907
f 9891 9905 9892
f 9903 9915 9916
f 9901 9913 9914
f 9898 9912 9899
f 9896 9910 9897
f 9895 9907 9908
f 9892 9906 9893
f 9902 9914 9915
f 9899 9913 9900
f 9897 9911 9898
f 9896 9908 9909
f 9907 9919 9920
f 9905 9917 9918
f 9915 9929 9916
f 9914 9926 9927
f 9911 9925 9912
f 9909 9923 9910
f 9907 9921 9908
f 9905 9919 9906
f 9914 9928 9915
f 9913 9925 9926
f 9911 9923 9924
f 9909 9921 9922
f 9799 9525 9538
f 9799 9538 9551
f 9799 9551 9564
f 9799 9564 9577
f 9799 9577 9590
f 9799 9590 9603
f 9799 9603 9616
f 9799 9616 9629
f 9799 9629 9642
f 9799 9642 9655
f 9799 9655 9668
f 9799 9668 9681
f 9799 9681 9694
f 9799 9694 9707
f 9799 9707 9720
f 9799 9720 9733
f 9799 9733 9746
f 9799 9746 9759
f 9799 9759 9772
f 9799 9772 9785
f 9799 9785 9798
f 9799 9798 9812
f 9799 9812 9825
f 9799 9825 9838
f 9799 9838 9851
f 9799 9851 9864
f 9799 9864 9877
f 9799 9877 9890
f 9799 9890 9903
f 9799 9903 9916
f 9799 9916 9929
f 9920 9515 9516
f 9918 9513 9514
f 9929 9524 9525
f 9926 9523 9927
f 9924 9521 9925
f 9923 9518 9519
f 9920 9517 9921
f 9918 9515 9919
f 9799 9929 9525
f 9928 9523 9524
f 9926 9521 9522
f 9924 9519 9520
f 9921 9518 9922
f 9387 9917 9512
f 9917 9508 9512
f 9904 9503 9508
f 9891 9499 9503
f 9499 9865 9495
f 9495 9852 9491
f 9491 9839 9487
f 9839 9483 9487
f 9483 9813 9479
f 9813 9475 9479
f 9800 9471 9475
f 9786 9467 9471
f 9467 9760 9463
f 9463 9747 9459
f 9459 9734 9455
f 9734 9451 9455
f 9451 9708 9447
f 9708 9443 9447
f 9695 9439 9443
f 9682 9435 9439
f 9435 9656 9431
f 9431 9643 9427
f 9427 9630 9423
f 9630 9419 9423
f 9419 9604 9415
f 9604 9411 9415
f 9591 9407 9411
f 9578 9403 9407
f 9403 9552 9399
f 9399 9539 9395
f 9395 9526 9391
f 9526 9387 9391
f 9932 9935 9936
f 9932 9937 9933
f 9931 9934 9935
f 9936 9941 9937
f 9934 9939 9935
f 9935 9940 9936
f 9940 9945 9941
f 9939 9942 9943
f 9940 9943 9944
f 9945 9948 9949
f 9942 9947 9943
f 9943 9948 9944
f 9948 9953 9949
f 9947 9950 9951
f 9948 9951 9952
f 9953 9956 9957
f 9950 9955 9951
f 9951 9956 9952
f 9957 9960 9961
f 9955 9958 9959
f 9956 9959 9960
f 9961 9964 9965
f 9958 9963 9959
f 9959 9964 9960
f 9965 9968 9969
f 9963 9966 9967
f 9964 9967 9968
f 9968 9973 9969
f 9966 9971 9967
f 9967 9972 9968
f 9972 9977 9973
f 9970 9975 9971
f 9972 9975 9976
f 9977 9980 9981
f 9974 9979 9975
f 9975 9980 9976
f 9980 9985 9981
f 9979 9982 9983
f 9980 9983 9984
f 9985 9988 9989
f 9982 9987 9983
f 9983 9988 9984
f 9989 9992 9993
f 9986 9991 9987
f 9988 9991 9992
f 9993 9996 9997
f 9991 9994 9995
f 9991 9996 9992
f 9996 10001 9997
f 9994 9999 9995
f 9996 9999 10000
f 10000 10005 10001
f 9999 10002 10003
f 9999 10004 10000
f 10004 10009 10005
f 10003 10006 10007
f 10004 10007 10008
f 10009 10012 10013
f 10006 10011 10007
f 10007 10012 10008
f 10012 10017 10013
f 10011 10014 10015
f 10012 10015 10016
f 10017 10020 10021
f 10014 10019 10015
f 10015 10020 10016
f 10021 10024 10025
f 10019 10022 10023
f 10020 10023 10024
f 10024 10029 10025
f 10022 10027 10023
f 10023 10028 10024
f 10028 10033 10029
f 10027 10030 10031
f 10028 10031 10032
f 10032 10037 10033
f 10030 10035 10031
f 10031 10036 10032
f 10036 10041 10037
f 10035 10038 10039
f 10036 10039 10040
f 10041 10044 10045
f 10038 10043 10039
f 10039 10044 10040
f 10044 10049 10045
f 10043 10046 10047
f 10044 10047 10048
f 10049 10053 10054
f 10046 10052 10047
f 10047 10053 10048
f 10054 10057 10058
f 10052 10055 10056
f 10053 10056 10057
f 9930 10050 9934
f 9934 10050 9938
f 9938 10050 9942
f 9942 10050 9946
f 9946 10050 9950
f 9950 10050 9954
f 9954 10050 9958
f 9958 10050 9962
f 9962 10050 9966
f 9966 10050 9970
f 9970 10050 9974
f 9974 10050 9978
f 9978 10050 9982
f 9982 10050 9986
f 9986 10050 9990
f 9990 10050 9994
f 9994 10050 9998
f 9998 10050 10002
f 10002 10050 10006
f 10006 10050 10010
f 10010 10050 10014
f 10014 10050 10018
f 10018 10050 10022
f 10022 10050 10026
f 10026 10050 10030
f 10030 10050 10034
f 10034 10050 10038
f 10038 10050 10042
f 10042 10050 10046
f 10046 10050 10051
f 10051 10050 10055
f 10058 9932 9933
f 10055 9931 10056
f 10056 9932 10057
f 10055 10050 9930
f 10067 10079 10080
f 10064 10078 10065
f 10063 10075 10076
f 10061 10073 10074
f 10070 10082 10083
f 10067 10081 10068
f 10065 10079 10066
f 10064 10076 10077
f 10061 10075 10062
f 10059 10073 10060
f 10071 10083 10084
f 10069 10081 10082
f 10074 10088 10075
f 10072 10086 10073
f 10084 10096 10097
f 10081 10095 10082
f 10080 10092 10093
f 10078 10090 10091
f 10076 10088 10089
f 10074 10086 10087
f 10083 10095 10096
f 10080 10094 10081
f 10078 10092 10079
f 10076 10090 10077
f 10087 10101 10088
f 10086 10098 10099
f 10096 10110 10097
f 10094 10108 10095
f 10093 10105 10106
f 10091 10103 10104
f 10088 10102 10089
f 10087 10099 10100
f 10095 10109 10096
f 10094 10106 10107
f 10092 10104 10105
f 10089 10103 10090
f 10100 10114 10101
f 10098 10112 10099
f 10110 10122 10123
f 10108 10120 10121
f 10105 10119 10106
f 10103 10117 10104
f 10101 10115 10102
f 10100 10112 10113
f 10108 10122 10109
f 10106 10120 10107
f 10105 10117 10118
f 10103 10115 10116
f 10113 10127 10114
f 10112 10124 10125
f 10122 10136 10123
f 10120 10134 10121
f 10119 10131 10132
f 10117 10129 10130
f 10115 10127 10128
f 10113 10125 10126
f 10122 10134 10135
f 10119 10133 10120
f 10117 10131 10118
f 10115 10129 10116
f 10127 10139 10140
f 10124 10138 10125
f 10136 10148 10149
f 10134 10146 10147
f 10131 10145 10132
f 10130 10142 10143
f 10128 10140 10141
f 10125 10139 10126
f 10135 10147 10148
f 10133 10145 10146
f 10130 10144 10131
f 10128 10142 10129
f 10140 10152 10153
f 10138 10150 10151
f 10148 10162 10149
f 10147 10159 10160
f 10144 10158 10145
f 10143 10155 10156
f 10140 10154 10141
f 10138 10152 10139
f 10147 10161 10148
f 10146 10158 10159
f 10144 10156 10157
f 10141 10155 10142
f 10153 10165 10166
f 10151 10163 10164
f 10162 10174 10175
f 10159 10173 10160
f 10157 10171 10158
f 10156 10168 10169
f 10153 10167 10154
f 10151 10165 10152
f 10161 10173 10174
f 10159 10171 10172
f 10157 10169 10170
f 10154 10168 10155
f 10165 10179 10166
f 10163 10177 10164
f 10175 10187 10188
f 10173 10185 10186
f 10171 10183 10184
f 10168 10182 10169
f 10167 10179 10180
f 10165 10177 10178
f 10173 10187 10174
f 10171 10185 10172
f 10169 10183 10170
f 10168 10180 10181
f 10178 10192 10179
f 10176 10190 10177
f 10188 10200 10201
f 10185 10199 10186
f 10184 10196 10197
f 10182 10194 10195
f 10180 10192 10193
f 10178 10190 10191
f 10187 10199 10200
f 10184 10198 10185
f 10182 10196 10183
f 10180 10194 10181
f 10191 10205 10192
f 10190 10202 10203
f 10200 10214 10201
f 10198 10212 10199
f 10197 10209 10210
f 10195 10207 10208
f 10192 10206 10193
f 10191 10203 10204
f 10199 10213 10200
f 10197 10211 10198
f 10196 10208 10209
f 10193 10207 10194
f 10205 10217 10218
f 10202 10216 10203
f 10214 10226 10227
f 10211 10225 10212
f 10210 10222 10223
f 10207 10221 10208
f 10205 10219 10206
f 10204 10216 10217
f 10212 10226 10213
f 10210 10224 10211
f 10209 10221 10222
f 10207 10219 10220
f 10217 10231 10218
f 10216 10228 10229
f 10226 10240 10227
f 10224 10238 10225
f 10223 10235 10236
f 10221 10233 10234
f 10219 10231 10232
f 10217 10229 10230
f 10226 10238 10239
f 10223 10237 10224
f 10221 10235 10222
f 10219 10233 10220
f 10231 10243 10244
f 10228 10242 10229
f 10240 10252 10253
f 10238 10250 10251
f 10235 10249 10236
f 10234 10246 10247
f 10232 10244 10245
f 10229 10243 10230
f 10239 10251 10252
f 10237 10249 10250
f 10234 10248 10235
f 10232 10246 10233
f 10244 10256 10257
f 10242 10254 10255
f 10252 10266 10253
f 10251 10263 10264
f 10248 10262 10249
f 10247 10259 10260
f 10244 10258 10245
f 10242 10256 10243
f 10251 10265 10252
f 10250 10262 10263
f 10248 10260 10261
f 10245 10259 10246
f 10257 10269 10270
f 10255 10267 10268
f 10266 10278 10279
f 10263 10277 10264
f 10261 10275 10262
f 10260 10272 10273
f 10257 10271 10258
f 10255 10269 10256
f 10265 10277 10278
f 10263 10275 10276
f 10261 10273 10274
f 10258 10272 10259
f 10269 10283 10270
f 10267 10281 10268
f 10278 10292 10279
f 10277 10289 10290
f 10275 10287 10288
f 10272 10286 10273
f 10271 10283 10284
f 10269 10281 10282
f 10277 10291 10278
f 10275 10289 10276
f 10273 10287 10274
f 10272 10284 10285
f 10282 10296 10283
f 10280 10294 10281
f 10292 10304 10305
f 10289 10303 10290
f 10288 10300 10301
f 10286 10298 10299
f 10284 10296 10297
f 10282 10294 10295
f 10291 10303 10304
f 10288 10302 10289
f 10286 10300 10287
f 10284 10298 10285
f 10295 10309 10296
f 10294 10306 10307
f 10304 10318 10305
f 10302 10316 10303
f 10301 10313 10314
f 10299 10311 10312
f 10296 10310 10297
f 10295 10307 10308
f 10303 10317 10304
f 10301 10315 10302
f 10300 10312 10313
f 10297 10311 10298
f 10309 10321 10322
f 10307 10319 10320
f 10318 10330 10331
f 10316 10328 10329
f 10314 10326 10327
f 10311 10325 10312
f 10309 10323 10310
f 10308 10320 10321
f 10316 10330 10317
f 10314 10328 10315
f 10313 10325 10326
f 10311 10323 10324
f 10321 10335 10322
f 10320 10332 10333
f 10330 10344 10331
f 10329 10341 10342
f 10326 10340 10327
f 10325 10337 10338
f 10323 10335 10336
f 10320 10334 10321
f 10330 10342 10343
f 10328 10340 10341
f 10325 10339 10326
f 10323 10337 10324
f 10335 10348 10349
f 10332 10347 10333
f 10344 10357 10358
f 10342 10355 10356
f 10339 10354 10340
f 10337 10352 10338
f 10336 10349 10350
f 10333 10348 10334
f 10343 10356 10357
f 10341 10354 10355
f 10338 10353 10339
f 10337 10350 10351
f 10349 10361 10362
f 10347 10359 10360
f 10357 10371 10358
f 10356 10368 10369
f 10353 10367 10354
f 10351 10365 10352
f 10349 10363 10350
f 10347 10361 10348
f 10356 10370 10357
f 10355 10367 10368
f 10353 10365 10366
f 10351 10363 10364
f 10362 10374 10375
f 10360 10372 10373
f 10371 10383 10384
f 10368 10382 10369
f 10366 10380 10367
f 10365 10377 10378
f 10362 10376 10363
f 10360 10374 10361
f 10370 10382 10383
f 10368 10380 10381
f 10366 10378 10379
f 10363 10377 10364
f 10374 10388 10375
f 10372 10386 10373
f 10383 10397 10384
f 10382 10394 10395
f 10380 10392 10393
f 10377 10391 10378
f 10376 10388 10389
f 10374 10386 10387
f 10382 10396 10383
f 10380 10394 10381
f 10378 10392 10379
f 10377 10389 10390
f 10387 10401 10388
f 10385 10399 10386
f 10397 10409 10410
f 10394 10408 10395
f 10393 10405 10406
f 10390 10404 10391
f 10389 10401 10402
f 10387 10399 10400
f 10396 10408 10409
f 10393 10407 10394
f 10391 10405 10392
f 10390 10402 10403
f 10400 10414 10401
f 10399 10411 10412
f 10409 10423 10410
f 10407 10421 10408
f 10406 10418 10419
f 10403 10417 10404
f 10401 10415 10402
f 10400 10412 10413
f 10408 10422 10409
f 10406 10420 10407
f 10405 10417 10418
f 10403 10415 10416
f 10414 10426 10427
f 10411 10425 10412
f 10423 10435 10436
f 10420 10434 10421
f 10418 10432 10419
f 10416 10430 10417
f 10414 10428 10415
f 10412 10426 10413
f 10421 10435 10422
f 10419 10433 10420
f 10418 10430 10431
f 10416 10428 10429
f 10427 10439 10440
f 10425 10437 10438
f 10435 10449 10436
f 10433 10447 10434
f 10431 10445 10432
f 10430 10442 10443
f 10428 10440 10441
f 10425 10439 10426
f 10435 10447 10448
f 10433 10445 10446
f 10430 10444 10431
f 10428 10442 10429
f 10440 10452 10453
f 10437 10451 10438
f 10449 10461 10462
f 10447 10459 10460
f 10444 10458 10445
f 10443 10455 10456
f 10441 10453 10454
f 10438 10452 10439
f 10448 10460 10461
f 10446 10458 10459
f 10443 10457 10444
f 10441 10455 10442
f 10453 10465 10466
f 10451 10463 10464
f 10461 10475 10462
f 10460 10472 10473
f 10457 10471 10458
f 10456 10468 10469
f 10453 10467 10454
f 10451 10465 10452
f 10460 10474 10461
f 10459 10471 10472
f 10457 10469 10470
f 10454 10468 10455
f 10345 10071 10084
f 10345 10084 10097
f 10345 10097 10110
f 10345 10110 10123
f 10345 10123 10136
f 10345 10136 10149
f 10345 10149 10162
f 10345 10162 10175
f 10345 10175 10188
f 10345 10188 10201
f 10345 10201 10214
f 10345 10214 10227
f 10345 10227 10240
f 10345 10240 10253
f 10345 10253 10266
f 10345 10266 10279
f 10345 10279 10292
f 10345 10292 10305
f 10345 10305 10318
f 10345 10318 10331
f 10345 10331 10344
f 10345 10344 10358
f 10345 10358 10371
f 10345 10371 10384
f 10345 10384 10397
f 10345 10397 10410
f 10345 10410 10423
f 10345 10423 10436
f 10345 10436 10449
f 10345 10449 10462
f 10345 10462 10475
f 10466 10061 10062
f 10464 10059 10060
f 10474 10071 10475
f 10472 10069 10473
f 10470 10067 10471
f 10469 10064 10065
f 10466 10063 10467
f 10464 10061 10465
f 10345 10475 10071
f 10473 10070 10474
f 10472 10067 10068
f 10470 10065 10066
f 10467 10064 10468
f 9933 10463 10058
f 10463 10054 10058
f 10450 10049 10054
f 10437 10045 10049
f 10045 10411 10041
f 10041 10398 10037
f 10037 10385 10033
f 10385 10029 10033
f 10029 10359 10025
f 10359 10021 10025
f 10346 10017 10021
f 10332 10013 10017
f 10013 10306 10009
f 10009 10293 10005
f 10005 10280 10001
f 10280 9997 10001
f 9997 10254 9993
f 10254 9989 9993
f 10241 9985 9989
f 10228 9981 9985
f 9981 10202 9977
f 9977 10189 9973
f 9973 10176 9969
f 10176 9965 9969
f 9965 10150 9961
f 10150 9957 9961
f 10137 9953 9957
f 10124 9949 9953
f 9949 10098 9945
f 9945 10085 9941
f 9941 10072 9937
f 10072 9933 9937
f 4 3 2
f 8 7 6
f 13 16 15
f 17 28 19
f 32 31 30
f 36 35 34
f 37 40 39
f 21 22 23
f 25 26 27
f 41 44 43
f 48 47 46
f 52 51 50
f 53 56 55
f 60 59 58
f 29 30 62
f 66 65 64
f 67 5 6
f 72 71 70
f 76 75 74
f 77 80 79
f 81 84 83
f 59 87 86
f 88 91 90
f 96 95 94
f 100 99 98
f 101 104 103
f 106 105 34
f 108 116 115
f 117 119 36
f 124 127 126
f 131 130 129
f 132 102 134
f 142 141 140
f 148 106 60
f 144 143 127
f 149 152 151
f 156 155 154
f 159 150 158
f 116 108 164
f 171 170 169
f 174 126 173
f 179 182 181
f 186 189 188
f 194 197 196
f 199 142 139
f 206 209 208
f 213 212 211
f 202 215 214
f 96 93 216
f 92 238 43
f 97 184 246
f 250 249 229
f 252 254 58
f 258 257 256
f 260 91 229
f 110 111 112
f 114 264 263
f 265 268 267
f 56 53 270
f 274 273 249
f 185 183 63
f 280 279 278
f 285 284 283
f 288 219 211
f 141 142 92
f 289 290 175
f 148 116 105
f 312 311 170
f 238 262 42
f 318 163 160
f 310 309 308
f 241 239 325
f 160 230 240
f 47 48 307
f 108 109 315
f 345 85 86
f 348 351 350
f 356 359 358
f 355 354 353
f 363 31 32
f 364 252 253
f 366 125 368
f 183 372 371
f 163 162 161
f 209 226 101
f 378 377 165
f 379 295 381
f 383 382 3
f 284 285 386
f 387 127 389
f 391 259 229
f 73 281 397
f 405 408 407
f 203 218 411
f 414 121 413
f 1 356 357
f 277 276 131
f 254 344 57
f 358 384 415
f 417 416 386
f 401 400 192
f 419 389 127
f 421 181 182
f 103 301 302
f 428 367 368
f 380 390 359
f 62 204 266
f 140 141 431
f 357 358 351
f 356 1 379
f 415 392 403
f 437 428 436
f 438 441 440
f 188 451 450
f 265 455 181
f 224 185 64
f 237 212 213
f 275 131 128
f 281 282 460
f 50 462 79
f 73 74 282
f 468 467 466
f 390 355 352
f 482 485 484
f 489 488 487
f 493 496 495
f 472 471 470
f 502 501 500
f 220 221 222
f 512 419 143
f 518 517 511
f 513 239 230
f 205 30 31
f 189 370 451
f 163 318 532
f 533 224 225
f 446 448 447
f 335 541 540
f 544 512 546
f 329 519 291
f 199 534 262
f 385 386 416
f 532 190 191
f 363 117 118
f 578 581 580
f 573 572 571
f 561 563 562
f 241 260 259
f 590 593 592
f 545 546 595
f 503 154 155
f 606 625 624
f 478 481 480
f 646 649 648
f 590 591 689
f 564 565 651
f 728 246 184
f 714 724 716
f 692 574 575
f 541 335 581
f 346 68 248
f 161 231 230
f 128 129 94
f 698 705 704
f 574 577 576
f 290 289 401
f 630 631 725
f 733 736 735
f 755 466 496
f 759 480 481
f 757 763 762
f 764 496 466
f 768 767 9260
f 759 760 488
f 492 474 475
f 474 770 769
f 773 468 465
f 771 774 486
f 484 485 775
f 774 776 489
f 495 496 764
f 495 757 761
f 137 397 784
f 325 239 797
f 165 519 51
f 369 32 29
f 730 731 568
f 90 302 301
f 243 118 516
f 800 734 806
f 817 815 808
f 816 808 823
f 306 303 447
f 815 810 809
f 829 830 828
f 726 725 501
f 274 427 424
f 879 882 881
f 884 883 879
f 219 218 217
f 906 905 904
f 455 204 205
f 898 882 830
f 903 900 880
f 377 291 519
f 923 949 948
f 946 947 951
f 8963 740 739
f 900 899 886
f 225 64 65
f 182 445 442
f 809 952 947
f 954 960 962
f 927 950 965
f 885 879 880
f 925 927 966
f 343 342 341
f 965 964 971
f 968 971 970
f 972 968 969
f 963 961 981
f 336 337 338
f 992 993 827
f 810 815 996
f 1007 1001 1002
f 1012 826 827
f 1011 1009 1007
f 294 293 292
f 907 908 920
f 1017 579 1019
f 1020 1023 1022
f 1035 1024 1020
f 1061 1060 1047
f 1063 1061 1046
f 1044 1020 1021
f 1102 1094 1097
f 1116 1126 1118
f 1016 1015 1014
f 881 897 904
f 816 1116 1127
f 1094 948 949
f 514 342 167
f 146 145 81
f 1133 1135 1130
f 1102 1133 1126
f 822 1126 1116
f 1145 1143 1148
f 1076 1144 1151
f 1148 1143 1086
f 1109 1097 1114
f 1154 1153 1156
f 1153 925 967
f 8815 8941 463
f 1144 1147 1152
f 1156 967 1163
f 1164 1162 1169
f 1145 1171 1176
f 1114 1115 1154
f 1183 1155 1164
f 1184 1183 1177
f 1069 1151 1062
f 1023 1191 1194
f 1162 1163 1170
f 1195 1184 1185
f 1183 1196 1176
f 1201 1063 1152
f 1061 1063 1201
f 9277 847 843
f 1203 1202 1195
f 1202 1201 1184
f 1218 1060 1203
f 1060 1061 1202
f 1225 1218 1217
f 671 695 694
f 1219 1217 1024
f 1217 1203 1034
f 1226 1014 1015
f 1243 1242 1234
f 1231 1230 1229
f 847 1243 1233
f 843 1233 1244
f 1233 1234 1245
f 1923 9213 233
f 2100 2108 499
f 9366 9316 2135
f 61 62 323
f 210 211 217
f 1299 1310 1309
f 9315 1230 1231
f 1066 1047 1321
f 1322 1321 1228
f 1060 1218 1321
f 1325 1324 1323
f 1244 1245 1332
f 1290 1234 1242
f 1337 1330 1339
f 1330 1332 1340
f 1341 1332 1245
f 1342 1340 1332
f 1343 1342 1341
f 1344 1341 1294
f 9309 9308 1345
f 1347 1348 1342
f 9308 9306 1295
f 1349 1350 1348
f 9313 1349 1347
f 9305 1347 1343
f 906 898 829
f 905 906 1353
f 865 1356 1355
f 1355 1353 829
f 1357 1355 825
f 1356 1354 1353
f 9286 1337 1338
f 866 1358 1356
f 1358 1359 1354
f 9280 878 1337
f 838 1362 1012
f 1363 1364 1338
f 1368 1363 1339
f 1348 1368 1340
f 1371 1369 9276
f 524 525 526
f 528 529 530
f 1372 1370 1369
f 535 536 537
f 1367 1368 1348
f 1370 1354 1359
f 1369 1359 9285
f 1373 910 903
f 555 556 557
f 1374 909 910
f 1373 904 905
f 1374 1373 1375
f 1375 905 1354
f 1378 920 908
f 376 373 651
f 1388 928 973
f 586 587 588
f 1390 1389 1388
f 1391 1388 969
f 597 598 599
f 600 601 602
f 1392 1391 970
f 608 609 610
f 612 524 523
f 614 615 616
f 617 618 25
f 620 621 622
f 1397 1390 1391
f 1398 1397 1392
f 1400 987 920
f 1402 1403 1165
f 636 637 638
f 930 1404 1402
f 641 642 643
f 929 1402 1169
f 1404 1405 1403
f 1411 1366 1365
f 1412 1406 1415
f 652 653 654
f 609 656 657
f 659 660 661
f 558 663 586
f 665 666 667
f 1413 1411 1406
f 1418 1416 9262
f 1417 1372 1371
f 1416 1371 9281
f 1419 1417 1416
f 1386 909 1374
f 677 678 679
f 1385 1386 1420
f 1420 1374 1376
f 685 686 687
f 1421 1420 1422
f 528 690 691
f 1422 1376 1372
f 1018 1019 747
f 699 700 701
f 1424 578 579
f 9115 1597 1767
f 700 699 711
f 1093 9198 9206
f 717 718 530
f 721 722 723
f 704 1650 8987
f 19 1429 1426
f 1429 1428 1427
f 1658 1659 8986
f 1439 1437 1434
f 1437 1436 1435
f 1426 1427 1433
f 1442 1431 1432
f 742 743 744
f 1432 1433 1441
f 751 752 753
f 1438 1434 1403
f 1446 1445 1444
f 1447 1448 1446
f 9312 1447 1443
f 1415 1367 1445
f 1414 1415 1446
f 2173 1683 469
f 777 778 779
f 780 781 782
f 1676 1693 1806
f 9311 1451 1349
f 789 790 791
f 745 792 793
f 652 794 795
f 1455 1458 1457
f 1454 1367 1350
f 610 691 802
f 9283 9268 698
f 1352 1044 1045
f 1015 1016 1459
f 811 812 813
f 2118 9267 9269
f 819 820 821
f 1466 1463 1194
f 1467 1468 1465
f 1182 1165 1468
f 832 812 833
f 835 836 837
f 1467 1466 1190
f 1469 1470 1444
f 840 700 712
f 1453 1470 1469
f 599 844 845
f 1226 1450 9301
f 851 852 853
f 855 744 856
f 858 859 860
f 861 862 863
f 1014 1226 9307
f 867 676 868
f 870 871 872
f 874 875 876
f 1310 1323 1471
f 1476 1433 1427
f 1461 1476 1475
f 887 888 889
f 788 791 892
f 894 895 896
f 1460 1475 1227
f 901 902 524
f 1465 1478 1477
f 1865 8947 8944
f 911 912 913
f 916 917 918
f 1850 8949 8951
f 921 922 895
f 1479 1435 1436
f 926 664 667
f 1481 562 563
f 269 1483 84
f 931 932 933
f 934 935 614
f 936 685 688
f 938 659 662
f 1484 270 122
f 941 942 835
f 320 321 509
f 1849 8954 8949
f 84 1483 1484
f 1487 1490 1488
f 1757 1758 8946
f 365 1492 1491
f 461 79 80
f 117 363 362
f 1494 540 541
f 926 601 957
f 1477 1441 1433
f 1709 1588 1585
f 119 117 1496
f 271 1497 504
f 511 517 189
f 345 1496 1492
f 57 344 299
f 1501 1499 268
f 267 268 1499
f 974 975 976
f 1678 1652 1693
f 9298 1682 1807
f 557 982 663
f 983 941 984
f 1443 1444 9301
f 421 1500 268
f 989 990 991
f 1490 1487 418
f 279 280 309
f 997 868 676
f 998 26 999
f 1504 418 38
f 1506 1508 1507
f 360 361 1508
f 1506 1486 207
f 939 1005 1006
f 270 1484 1483
f 66 63 546
f 1010 742 793
f 367 428 437
f 244 31 363
f 1670 8976 8978
f 209 206 1510
f 388 389 426
f 427 274 250
f 161 520 521
f 100 246 45
f 1025 1026 608
f 1029 1030 1031
f 939 662 1033
f 41 42 594
f 1036 780 783
f 702 701 1038
f 1040 1041 1042
f 362 32 369
f 187 1520 477
f 70 1487 539
f 1049 600 603
f 613 867 869
f 860 1050 1051
f 1005 1052 1053
f 753 1055 1056
f 1057 1058 1059
f 293 288 1522
f 288 212 1521
f 292 1522 1523
f 331 1507 1508
f 306 452 453
f 100 44 41
f 462 1524 78
f 330 331 1524
f 635 1067 1068
f 1485 1527 1526
f 206 1485 1528
f 1070 1071 1072
f 942 941 1073
f 916 933 1075
f 440 1529 1530
f 157 158 1514
f 1529 162 5
f 371 595 546
f 790 586 663
f 1077 858 857
f 1403 1434 1435
f 1080 1081 1082
f 531 520 1529
f 21 1083 1084
f 272 1532 1531
f 690 712 802
f 335 9015 9011
f 1090 1030 1029
f 1092 795 794
f 1533 396 137
f 661 660 1095
f 69 444 445
f 1099 1100 1101
f 38 39 1536
f 1104 1105 1106
f 852 1107 1108
f 1377 908 909
f 291 377 411
f 316 1536 516
f 539 1488 1533
f 1505 1536 316
f 1110 1111 1112
f 1539 1537 460
f 522 441 1537
f 834 837 1120
f 1122 1123 1124
f 612 1125 1041
f 935 793 615
f 276 278 130
f 1686 8993 8966
f 193 190 1541
f 231 521 1540
f 556 1037 982
f 365 253 85
f 190 532 318
f 1810 765 9018
f 9376 1867 8956
f 1132 983 985
f 208 101 102
f 1134 1033 662
f 1491 518 80
f 429 133 1542
f 1137 1138 915
f 172 436 428
f 1139 1140 1141
f 549 96 54
f 1517 1519 1518
f 834 1119 984
f 1543 513 286
f 1544 797 239
f 133 134 1544
f 506 361 257
f 420 327 328
f 1158 1159 1160
f 587 1104 1103
f 607 1161 1027
f 304 1546 1545
f 364 1491 77
f 69 70 198
f 700 840 1112
f 9329 626 8969
f 1166 719 657
f 1167 1168 858
f 1300 8967 8968
f 1172 1173 1174
f 218 203 200
f 1179 1180 1181
f 372 183 97
f 89 104 227
f 1186 1187 1188
f 172 173 1517
f 1482 84 81
f 1090 1192 1193
f 394 395 353
f 526 525 1198
f 1199 1200 1026
f 606 623 697
f 1204 1205 1206
f 1207 1208 523
f 1209 1210 867
f 914 913 685
f 1478 1436 1441
f 1029 1028 1161
f 1211 1212 1213
f 9310 1453 1451
f 844 1215 1216
f 423 193 273
f 1220 1221 1222
f 22 1223 1224
f 882 898 897
f 1519 1517 173
f 1189 1188 1232
f 349 350 550
f 1071 1235 1236
f 1237 1238 1239
f 1221 1186 1189
f 1510 1528 1512
f 939 1032 1241
f 1556 1530 5
f 1553 1554 394
f 404 1556 67
f 1247 1248 1249
f 142 199 238
f 1251 1067 635
f 850 1252 1253
f 1254 1167 1077
f 57 132 133
f 443 430 552
f 1187 1172 1175
f 1256 1070 831
f 432 405 382
f 741 748 747
f 434 350 351
f 349 432 383
f 251 124 1481
f 395 384 352
f 1518 1519 1550
f 1558 410 378
f 109 263 314
f 285 1514 1513
f 395 394 393
f 202 203 410
f 417 408 405
f 1246 1257 1258
f 3 1559 297
f 1259 1260 1261
f 403 404 347
f 955 954 953
f 462 50 51
f 1096 1095 687
f 429 147 60
f 896 1264 1265
f 1267 721 1268
f 423 424 327
f 37 179 180
f 20 23 1187
f 1256 1168 1071
f 1188 1175 1269
f 1236 1270 1271
f 1272 536 535
f 565 564 463
f 1273 792 745
f 876 1254 1255
f 316 33 164
f 437 1516 503
f 194 1494 1495
f 1275 1276 864
f 624 625 631
f 1277 1274 1137
f 569 568 567
f 1481 124 125
f 324 325 547
f 1279 1108 1107
f 1525 332 329
f 1281 1278 1137
f 171 168 1553
f 1488 73 396
f 1557 1561 1562
f 1282 856 1206
f 1053 1277 1278
f 778 777 607
f 713 583 9010
f 251 225 144
f 4 357 348
f 709 708 707
f 728 48 45
f 261 135 1563
f 789 1286 1287
f 74 314 263
f 403 284 385
f 1178 1181 1240
f 1223 1259 1289
f 1220 20 1186
f 296 1518 354
f 784 459 1538
f 1181 1180 1291
f 1269 1292 1257
f 1566 1538 438
f 136 784 1566
f 1563 1564 169
f 107 114 109
f 1297 1282 1298
f 1464 1477 1476
f 1520 187 507
f 1301 1302 1303
f 1306 1307 1308
f 175 456 1532
f 1532 456 200
f 1311 1266 1312
f 872 1314 1315
f 9288 843 878
f 1305 1308 864
f 1040 1275 863
f 1564 1566 399
f 592 1576 1575
f 591 1575 1088
f 1581 1584 1583
f 1196 1152 1147
f 710 582 583
f 285 407 408
f 953 954 961
f 1594 1592 1589
f 1585 1588 1587
f 1592 1591 1590
f 9337 945 944
f 1600 1599 1598
f 1604 1603 1602
f 1399 1392 979
f 1589 1590 1596
f 1610 1609 1608
f 298 257 361
f 551 552 276
f 1627 1626 9266
f 859 811 818
f 1078 857 1328
f 1555 439 1530
f 572 573 680
f 772 465 776
f 977 1281 918
f 404 403 392
f 1054 1331 750
f 1644 1645 1643
f 932 1265 1082
f 1067 1333 1334
f 1540 1539 264
f 597 1335 643
f 471 761 762
f 1642 696 9283
f 1644 1642 9294
f 923 946 950
f 96 549 548
f 520 531 522
f 445 444 443
f 849 839 848
f 480 759 755
f 1646 760 481
f 311 426 1567
f 464 463 8941
f 8941 1360 1361
f 234 237 236
f 190 193 192
f 153 154 152
f 231 287 286
f 1552 1553 1551
f 760 1646 1648
f 9284 1647 1649
f 828 827 826
f 52 167 166
f 1663 1662 1661
f 287 107 115
f 668 671 670
f 634 645 640
f 553 560 559
f 118 36 33
f 492 484 491
f 8996 1652 1651
f 582 589 584
f 384 395 392
f 1381 1382 1383
f 1562 1561 435
f 952 953 951
f 8973 9010 583
f 1660 1661 1667
f 1394 1395 1396
f 1660 1665 1664
f 1671 1670 1669
f 1624 1625 1673
f 1407 1408 1409
f 1677 1676 1675
f 1613 1679 1677
f 1679 1678 1676
f 1626 1681 9263
f 534 199 198
f 803 733 734
f 400 248 191
f 65 66 143
f 8970 1657 1656
f 402 159 157
f 629 628 627
f 461 477 49
f 758 757 495
f 796 787 786
f 406 407 1513
f 342 343 166
f 1694 1659 1658
f 1692 1687 1694
f 9001 1693 1652
f 9373 1704 1703
f 326 547 302
f 9368 9373 1702
f 9371 9370 1698
f 1699 1691 9379
f 1557 406 1560
f 1127 1116 1117
f 400 401 289
f 1706 1702 1707
f 1707 1702 1599
f 1709 1706 1708
f 1714 1712 1711
f 9371 9367 1709
f 1704 1711 1577
f 1716 1714 1713
f 1559 1562 1549
f 1722 1721 1720
f 1335 597 596
f 410 411 377
f 973 1170 1163
f 168 169 399
f 1571 682 1089
f 1572 681 682
f 749 646 647
f 1730 1724 1723
f 1594 1582 1729
f 1729 1723 1591
f 1384 1378 1377
f 1732 1731 1712
f 1724 1730 1731
f 1722 1724 1732
f 1721 1722 1733
f 1734 1733 1716
f 1735 1737 1736
f 1733 1732 1714
f 1663 1664 1741
f 1742 1665 1740
f 1738 1739 1737
f 1665 1660 1666
f 1665 1742 1744
f 1725 1726 1746
f 1591 1725 1745
f 1590 1745 1747
f 1745 1746 1748
f 1659 1688 8982
f 5650 1760 8989
f 1185 1177 1182
f 1664 1744 1749
f 1741 1749 1739
f 1746 1742 1743
f 1726 1744 1742
f 1115 924 1153
f 1654 8990 9019
f 1896 9006 8993
f 1720 1749 1744
f 1721 1739 1749
f 1750 1718 1701
f 1697 1736 1750
f 1151 1152 1063
f 1751 1752 1670
f 1695 1658 1752
f 961 962 986
f 1770 1769 1768
f 1766 1594 1593
f 1731 1759 1579
f 1579 1777 1774
f 9380 1772 1771
f 1764 1772 9380
f 1777 1776 1775
f 9214 9215 1699
f 1004 1127 1128
f 1774 1775 1771
f 987 1400 1399
f 1578 1774 1772
f 1783 1782 1781
f 1597 1598 1770
f 639 1878 9347
f 9380 9381 1769
f 1793 1792 1789
f 9381 9372 1798
f 8952 8960 9225
f 1802 1867 9376
f 1788 1790 1794
f 1793 1794 1795
f 9225 9224 1675
f 1584 1581 1783
f 1771 1797 9372
f 1801 1799 1798
f 1768 1769 1798
f 1775 1796 1797
f 508 514 515
f 1796 1803 1802
f 1800 1798 9372
f 1794 1805 1804
f 8976 1670 1752
f 485 1808 1807
f 9261 9296 1640
f 9289 9296 1810
f 485 482 1640
f 1690 1691 9222
f 487 488 1648
f 9291 1813 1816
f 9290 1811 1648
f 9291 1812 1811
f 1812 1809 487
f 1641 1809 767
f 465 466 755
f 767 1815 9275
f 9274 1816 9278
f 1809 1812 1815
f 9289 1653 1651
f 675 672 8985
f 1814 1649 1822
f 1821 1822 9273
f 1824 1822 1649
f 1827 1849 1850
f 1668 1669 1662
f 1779 1780 1848
f 1790 1827 1805
f 1833 1836 1853
f 8965 8950 693
f 1614 1615 1616
f 1852 1853 8942
f 1620 1621 1622
f 1855 1765 1574
f 1847 1852 8945
f 1766 1765 1855
f 1629 1630 1631
f 1633 1622 1634
f 1635 1636 1637
f 1848 1833 1852
f 1855 1861 1863
f 1803 1866 1867
f 1862 1863 1831
f 1782 1855 1862
f 9374 9376 1865
f 1873 1872 1870
f 1874 1869 799
f 2045 9330 9349
f 1219 1345 1295
f 1615 1614 1396
f 9336 9347 1877
f 645 9350 9238
f 1345 1219 1035
f 634 639 9336
f 15 1887 1327
f 9362 9347 1878
f 1894 604 605
f 8950 8995 627
f 9004 640 645
f 340 341 454
f 1897 194 195
f 1889 1882 1877
f 1901 94 129
f 196 749 754
f 1705 1704 9373
f 340 378 166
f 1570 1480 563
f 1904 1494 194
f 1781 1862 1832
f 1905 549 55
f 1000 994 995
f 986 919 920
f 1191 1185 1190
f 2094 2077 2075
f 1920 1921 1919
f 453 454 1912
f 1915 1919 1918
f 9334 2112 2106
f 1655 9019 8975
f 1916 1918 1926
f 704 8998 9005
f 278 1916 1925
f 9009 9008 1818
f 1097 949 1115
f 1927 1928 727
f 9030 9031 9106
f 1920 310 307
f 1929 307 48
f 503 504 1497
f 1902 1903 787
f 1816 1821 9272
f 1925 1926 1923
f 1535 1569 1568
f 254 252 258
f 1509 1497 366
f 119 86 35
f 219 288 293
f 141 46 47
f 542 205 244
f 1940 552 430
f 1779 1828 1827
f 1701 1710 9367
f 1661 8994 8959
f 270 53 754
f 197 1947 749
f 1727 1728 1212
f 53 54 232
f 1465 1468 1479
f 1284 9314 9306
f 1951 446 412
f 168 398 1554
f 1486 1485 206
f 506 77 78
f 994 1001 1007
f 951 953 963
f 1013 9311 9313
f 9278 9272 1820
f 1498 1909 1954
f 299 298 543
f 1754 1755 1756
f 1681 469 1683
f 1696 1694 1695
f 13 14 738
f 473 476 475
f 482 1641 768
f 204 62 30
f 1761 1762 820
f 611 1763 1125
f 1501 1503 1908
f 1074 1073 711
f 1960 1944 82
f 120 1956 1960
f 35 86 87
f 1773 1199 1025
f 1965 1545 1569
f 494 761 471
f 1966 1967 1969
f 446 1951 1971
f 174 368 125
f 1580 1579 1578
f 1785 1786 1787
f 1972 1546 304
f 1254 876 875
f 1973 341 342
f 321 1912 1973
f 1910 277 275
f 509 1973 514
f 1486 1507 1527
f 1974 1874 804
f 1977 1976 1974
f 1980 448 1966
f 379 1 2
f 1718 1715 1710
f 884 995 992
f 1680 1684 1678
f 902 990 525
f 344 255 256
f 135 138 137
f 448 446 1967
f 589 605 604
f 910 909 908
f 1981 1966 1968
f 1982 1981 1987
f 1988 1979 1987
f 1990 1988 1989
f 1991 1989 1993
f 322 321 320
f 992 828 830
f 1144 1076 1086
f 1995 1977 1978
f 1133 1129 1118
f 1997 1995 1994
f 870 1823 1335
f 805 806 1982
f 727 184 2000
f 1996 1994 1988
f 1994 1978 1979
f 1829 616 792
f 1830 1073 941
f 798 803 800
f 729 732 731
f 2011 2012 2023
f 1834 1835 846
f 402 283 284
f 2022 2023 2024
f 1838 718 989
f 810 955 952
f 1823 1839 1840
f 1430 1426 1432
f 1215 844 1841
f 1316 1208 873
f 2112 1401 1384
f 1842 1843 1844
f 1159 846 845
f 837 27 1846
f 1971 1951 2030
f 517 369 370
f 1471 2026 2027
f 8995 8969 626
f 2174 2175 770
f 935 934 1854
f 1613 1619 1611
f 1231 1228 1225
f 1856 1857 891
f 1300 1309 748
f 1150 1149 1858
f 1643 606 696
f 1215 1265 1264
f 1320 1860 902
f 1956 1943 1944
f 2031 668 669
f 2034 1325 1310
f 1879 1880 1656
f 40 245 242
f 1992 1993 2039
f 888 958 957
f 1882 1889 1996
f 1078 1138 1255
f 1871 912 1192
f 294 411 218
f 1323 2041 2026
f 123 1960 83
f 1324 2036 2041
f 384 358 359
f 1324 1325 2038
f 1883 1884 1885
f 287 1540 114
f 1096 1886 1134
f 915 1329 931
f 806 1980 1981
f 8977 8973 584
f 1425 2030 2042
f 1018 2042 1948
f 9006 1896 740
f 1948 2042 649
f 1881 1882 1990
f 1900 129 130
f 992 995 994
f 923 927 925
f 9330 2045 2047
f 1643 2048 625
f 2050 2052 2051
f 2045 1405 1404
f 9328 2047 945
f 1139 1080 1079
f 1037 1856 892
f 2055 2053 2057
f 1198 989 718
f 1619 2058 1612
f 2058 1605 1606
f 2059 2060 1607
f 2058 1619 1624
f 71 72 179
f 405 406 1557
f 322 1548 1972
f 2061 2052 2063
f 2066 2065 2067
f 2052 2061 2064
f 1609 1610 2066
f 1515 151 152
f 1009 827 993
f 1644 9295 9267
f 279 1915 1916
f 1285 9315 9314
f 1647 2066 1825
f 2056 2057 2067
f 319 320 1953
f 667 666 1913
f 2070 631 625
f 2052 2050 2055
f 2038 1654 1655
f 1606 1601 2073
f 1235 1917 1270
f 2072 2073 2075
f 2059 1606 2072
f 2074 2075 2077
f 1601 1602 2078
f 2049 2048 1643
f 1000 1004 1001
f 1089 943 684
f 1931 1286 1306
f 1462 1459 1021
f 1932 1933 1934
f 875 874 1846
f 1936 1051 1937
f 44 45 46
f 1534 1955 1956
f 1541 318 317
f 2081 2082 2084
f 146 1945 1959
f 1360 1941 1942
f 985 984 1032
f 1995 1997 1892
f 2079 2080 2082
f 2095 2096 2076
f 2081 2093 2078
f 2055 2050 2054
f 501 2096 2095
f 2097 2100 2099
f 2098 2099 2094
f 2140 2141 9345
f 2141 2046 9346
f 2051 2070 2048
f 592 2102 2101
f 2071 2064 2076
f 2102 2097 2098
f 593 2103 2102
f 1019 1895 746
f 1950 11 12
f 725 2071 2096
f 1385 2105 2104
f 1379 2104 2106
f 2107 2108 2100
f 9360 726 502
f 9348 502 499
f 940 1389 2109
f 928 929 1170
f 9320 590 684
f 1962 1963 1964
f 9330 680 573
f 2039 1993 1968
f 1389 1390 2110
f 1398 2111 2113
f 9209 9207 9205
f 9363 9335 2107
f 949 923 924
f 260 241 324
f 1390 1397 2113
f 2070 2051 2064
f 9319 9363 2103
f 2105 1385 1421
f 2114 1421 1423
f 9344 2114 2115
f 9360 2105 2114
f 554 2116 1902
f 972 1163 967
f 1765 1593 1573
f 1984 1985 1986
f 2053 2117 2069
f 9017 9000 724
f 1625 1677 1674
f 9333 9340 2119
f 9355 2115 2123
f 56 1954 1906
f 626 9329 9331
f 2001 2002 2003
f 9364 9293 2127
f 2006 2007 2008
f 2127 1413 1412
f 2014 2015 2016
f 2018 2019 2020
f 1495 1424 1947
f 1379 1377 1386
f 9266 9263 1680
f 2029 1885 1884
f 9354 2128 2120
f 629 9331 9366
f 682 683 943
f 724 1650 2121
f 1757 1819 9273
f 765 1810 9296
f 9303 714 715
f 706 707 9322
f 981 986 987
f 1457 1868 1656
f 2017 2016 2032
f 1458 1655 1868
f 1776 1777 1792
f 1959 1945 1946
f 9115 9167 9177
f 9365 9333 2122
f 1093 1089 689
f 966 965 968
f 9304 715 9333
f 2172 9029 2170
f 670 2138 2137
f 9213 787 1903
f 1429 19 28
f 964 963 978
f 9293 9265 1413
f 1473 1474 669
f 9286 9285 1359
f 2138 798 1870
f 1872 1473 2137
f 715 716 9340
f 1881 1991 1992
f 9295 9294 739
f 1837 1847 8957
f 253 58 59
f 1808 9289 9292
f 1647 9284 9270
f 9317 9318 671
f 2112 9334 9335
f 1405 2045 2044
f 9281 9276 1364
f 273 1541 391
f 576 632 8964
f 9327 9317 668
f 1430 1431 2140
f 2136 9302 9312
f 1430 2139 18
f 9345 9346 570
f 1442 1439 2046
f 1431 1442 2141
f 9321 9365 9302
f 9260 9275 1817
f 9318 9345 695
f 2142 2025 798
f 571 2143 2142
f 9271 9266 1618
f 2143 2022 2025
f 694 2142 2138
f 681 1572 2144
f 2144 2011 2022
f 328 210 457
f 1572 2010 2011
f 630 9344 9355
f 2085 2086 2087
f 2090 2091 2092
f 572 2144 2143
f 1875 1976 2153
f 1873 1875 2149
f 2103 2107 2097
f 2157 2043 2155
f 2128 1412 1414
f 9326 9323 589
f 9324 9322 628
f 2149 2153 2158
f 2159 2158 9357
f 698 9359 9354
f 9275 9299 9279
f 2158 2156 9326
f 1438 2044 2046
f 2035 2154 2160
f 2161 2160 9341
f 9323 9343 605
f 9325 17 18
f 370 29 61
f 649 1951 413
f 2153 2157 2156
f 1428 1429 1449
f 1490 76 73
f 9342 9357 710
f 2155 1891 9343
f 1456 1457 1880
f 2125 2088 2087
f 2160 2159 9342
f 300 1959 505
f 1064 1062 1046
f 2043 1892 1891
f 2129 2130 2004
f 2131 2132 2133
f 9300 9301 1450
f 1998 1975 804
f 9331 673 9316
f 474 492 490
f 1164 1165 1182
f 707 2162 9361
f 708 1472 2162
f 2162 2161 9338
f 548 549 1905
f 1145 1136 1114
f 705 2121 1650
f 2043 2157 1977
f 737 738 554
f 1034 1195 1191
f 458 1905 1907
f 195 196 232
f 2040 2039 1969
f 2145 2146 2147
f 2054 2050 2049
f 9284 1646 1639
f 9 12 11
f 252 364 506
f 472 478 479
f 1865 9376 9243
f 900 903 910
f 1941 2150 2151
f 1921 1928 1927
f 2163 1897 1898
f 271 156 153
f 1904 1326 12
f 282 263 264
f 1872 1873 2154
f 1326 1904 1897
f 628 692 693
f 1724 1722 1719
f 1549 1562 436
f 1582 1583 1730
f 1921 1920 1929
f 9007 8955 10
f 2152 2037 1950
f 475 772 774
f 769 2172 2171
f 2171 2165 476
f 476 773 772
f 1791 565 464
f 2166 2167 2168
f 595 371 372
f 483 1809 1641
f 762 2174 2173
f 771 483 484
f 486 487 1809
f 297 1549 1517
f 763 2175 2174
f 776 755 759
f 184 185 2176
f 412 447 303
f 2005 2176 185
f 9263 1681 1682
f 2164 2170 756
f 1472 2035 2161
f 950 951 964
f 2177 2178 2179
f 227 226 1510
f 2182 2183 2184
f 2186 2019 2018
f 1985 2182 2181
f 214 736 729
f 865 849 842
f 849 865 1357
f 559 3187 3188
f 16 13 737
f 560 553 498
f 3193 3196 3195
f 3200 3197 3198
f 3211 3214 3213
f 3215 3218 3217
f 2187 2188 2002
f 3233 3236 3235
f 3223 3221 3222
f 3229 3232 3231
f 3245 3248 3247
f 2169 2168 2189
f 2192 2086 2085
f 2193 2194 2195
f 2198 2199 2200
f 1998 1982 1979
f 9116 9117 9120
f 3253 3256 3255
f 2116 1898 1903
f 1859 2006 2009
f 9356 2123 2126
f 1135 1148 1087
f 2201 2202 2015
f 1149 111 110
f 3261 3264 3263
f 3269 3272 3271
f 3265 3268 3267
f 3229 3230 3284
f 3289 3292 3291
f 3299 3302 3301
f 3307 3263 3264
f 3293 3296 3295
f 3297 3223 3224
f 3319 3321 3291
f 3322 3323 3318
f 3314 3313 3312
f 3285 3288 3287
f 3332 3333 3218
f 3329 3331 3330
f 3324 3325 3227
f 3298 3224 3326
f 2203 2204 2205
f 579 580 1895
f 1755 2207 2208
f 3337 3340 3339
f 9343 9362 1893
f 1211 2151 2150
f 868 997 2210
f 3347 3350 3349
f 944 945 930
f 2130 2129 2202
f 233 1903 1898
f 665 751 750
f 1167 1254 999
f 2211 2212 2213
f 2215 2216 2217
f 9319 593 590
f 2220 221 220
f 823 824 948
f 3375 3240 3377
f 3393 3392 3391
f 3353 3358 3357
f 3363 3366 3365
f 3402 3405 3404
f 266 204 455
f 9334 2108 2107
f 2221 2222 8963
f 2223 2224 2225
f 2207 2125 2124
f 3293 3309 3336
f 673 674 9321
f 817 1000 996
f 2227 2228 2146
f 1947 1948 646
f 9352 2135 17
f 2229 1635 1638
f 1679 1613 1618
f 1637 2231 2232
f 2233 2234 1617
f 2231 2235 2236
f 3406 3409 3408
f 1381 1638 2238
f 9038 2241 2242
f 3414 3416 3341
f 1630 2234 2233
f 1681 1626 472
f 1408 1407 2243
f 3423 3426 3425
f 3433 3351 3263
f 3434 3429 3430
f 3440 3443 3442
f 3444 3447 3446
f 3436 3451 3450
f 3442 3443 3456
f 1637 2230 2238
f 3445 3446 3437
f 3448 3443 3440
f 1409 1408 1634
f 1380 1383 2247
f 1628 2248 2245
f 3463 3466 3465
f 3308 3477 3462
f 2249 1623 1622
f 1632 1634 1408
f 2248 1628 1631
f 3478 3481 3480
f 3509 3512 3511
f 2235 2231 1637
f 3505 3508 3507
f 3457 3458 3199
f 631 2070 2071
f 515 167 52
f 782 781 2251
f 2253 2254 2255
f 397 281 459
f 1456 2039 2040
f 2040 2041 2036
f 3434 3475 3518
f 1401 2112 2111
f 2041 2040 1970
f 3367 3337 3338
f 1535 121 414
f 1586 1587 2080
f 2256 983 1132
f 3528 3531 3530
f 3519 3521 3520
f 3537 3505 3506
f 3543 3546 3545
f 1700 1699 9370
f 3486 3551 3550
f 3455 3456 3497
f 3558 3560 3559
f 3456 3568 3500
f 3572 3571 3252
f 3308 3264 3285
f 3316 3317 3574
f 3575 3478 3479
f 3576 3579 3578
f 3580 3583 3582
f 3584 3587 3586
f 3505 3537 3588
f 3589 3592 3591
f 3600 3603 3602
f 3542 3539 3595
f 3604 3605 3592
f 3611 3610 3613
f 3622 3625 3624
f 3618 3621 3620
f 3626 3629 3628
f 3644 3647 3646
f 3634 3637 3636
f 3638 3639 3641
f 9267 1896 1686
f 1263 2256 1886
f 3613 3655 3654
f 598 1841 844
f 2257 2258 2259
f 2258 2261 2262
f 2259 2262 2263
f 2260 2259 2216
f 1967 1971 1970
f 2212 1964 1963
f 922 921 2218
f 1312 1098 1101
f 1307 1306 1286
f 1548 1569 1546
f 2266 2267 2268
f 2265 2268 2270
f 2272 2265 2269
f 2273 2266 2265
f 2275 2276 2277
f 2278 2274 2277
f 2284 2285 9069
f 2287 2283 2286
f 2288 2289 2283
f 2290 2284 9091
f 2291 2292 2293
f 2295 2291 2294
f 2296 2297 2291
f 2297 2298 2292
f 2294 2293 2299
f 2279 2294 2300
f 2298 2301 2302
f 2292 2302 2303
f 2293 2303 2304
f 2304 2305 2306
f 2308 2309 2310
f 2302 2307 2310
f 2301 2311 2307
f 2312 2308 2307
f 2313 2314 2315
f 2318 2319 2320
f 9200 9223 2322
f 2324 2325 2273
f 2313 2324 2326
f 2328 2324 2313
f 2329 2325 2324
f 2331 2332 2333
f 2330 2333 2267
f 2325 2330 2266
f 2329 2331 2330
f 2333 2334 2335
f 2336 2334 2333
f 2338 2336 2332
f 2331 2339 2337
f 2329 2340 2339
f 2328 2341 2340
f 2316 2342 2341
f 2342 2316 2315
f 2344 2345 2346
f 2341 2344 2347
f 2342 2348 2344
f 2348 2349 2345
f 2350 2351 2352
f 2339 2350 2353
f 2340 2347 2350
f 2347 2346 2351
f 2337 2353 2354
f 2353 2352 2355
f 2356 2277 2276
f 2356 2357 2358
f 2356 2359 2296
f 2279 2277 2356
f 2360 2361 2270
f 2267 2335 2360
f 2362 2363 2364
f 2362 2365 2361
f 2366 2362 2358
f 2366 2367 2363
f 2357 2276 2368
f 2366 2368 2369
f 2276 2275 2370
f 2368 2370 2282
f 2372 2373 2374
f 2375 2376 2377
f 2378 2379 2380
f 2382 2378 2381
f 2384 2385 2378
f 2385 2386 2379
f 2388 2389 2390
f 2387 2390 2392
f 2393 2394 2387
f 2394 2395 2388
f 2186 2401 2402
f 2403 2404 2327
f 2272 2403 2326
f 2271 2405 2403
f 2405 2406 2404
f 2404 2407 2408
f 2409 2410 2411
f 2409 2412 2271
f 2413 2409 2269
f 2413 2414 2410
f 2417 2415 2416
f 2417 2418 2406
f 2412 2417 2405
f 2411 2415 2417
f 2406 2419 2407
f 9013 8964 632
f 2420 2398 2397
f 2420 2421 2423
f 2424 2420 2422
f 2424 2399 2398
f 2425 2391 2392
f 2421 2425 2426
f 2397 2396 2425
f 2396 2393 2391
f 2427 2314 2408
f 2430 2427 2428
f 2343 2315 2427
f 2432 2343 2430
f 2431 2430 2429
f 2435 2431 2433
f 2436 2432 2431
f 2428 2408 2407
f 2422 2437 2407
f 2438 2437 2422
f 2429 2428 2437
f 2440 2434 2433
f 2441 2439 2433
f 2442 2443 2439
f 2443 2444 2440
f 2445 2446 2444
f 2447 2445 2443
f 2383 2381 2445
f 2381 2380 2446
f 2448 2438 2423
f 2449 2448 2426
f 2441 2448 2449
f 2441 2429 2438
f 2449 2392 2390
f 2450 2390 2389
f 2447 2450 2451
f 2442 2449 2450
f 2451 2389 2453
f 2452 2453 2455
f 2382 2452 2454
f 2383 2451 2452
f 2456 2457 2373
f 2459 2460 2461
f 2463 2464 2465
f 2462 2465 2285
f 2466 2462 2284
f 2467 2463 2462
f 2461 2460 9155
f 2468 2469 2470
f 2472 2468 2471
f 2474 2461 9153
f 2475 2476 2477
f 2458 2455 2453
f 2479 2453 2389
f 2395 2480 2479
f 2480 2459 2458
f 2481 2482 2483
f 2484 113 2485
f 2471 2470 2464
f 2473 2471 2463
f 2487 2467 2466
f 2486 2466 2290
f 2490 2486 2488
f 2491 2487 2486
f 2492 2473 2467
f 2493 2492 2487
f 2494 2495 2492
f 2495 2472 2473
f 9142 2496 2474
f 9143 2497 2496
f 2498 2494 2493
f 2500 2498 2499
f 9152 9139 2498
f 9139 9143 2494
f 2306 2504 2278
f 2305 2505 2504
f 2504 2505 2507
f 2506 2507 2288
f 2274 2506 2508
f 2278 2504 2506
f 9085 9084 2489
f 9072 9085 2488
f 2507 2509 2289
f 2505 2510 2509
f 2508 2288 2287
f 2511 2287 2281
f 2370 2511 2280
f 2275 2508 2511
f 2512 2490 2489
f 2514 2512 2513
f 2517 2512 2514
f 2517 2491 2490
f 2499 2493 2491
f 2499 2517 2516
f 2510 2505 2519
f 2518 2519 2521
f 9068 2518 2520
f 9084 2510 2518
f 2522 2304 2303
f 2523 2522 2310
f 2305 2304 2522
f 2524 2522 2523
f 2519 2524 2525
f 2505 2305 2524
f 2308 2312 2527
f 2526 2527 2529
f 2531 2526 2528
f 2309 2308 2526
f 1214 2532 2151
f 2419 2406 2418
f 2533 2345 2349
f 2534 2533 2317
f 2535 2536 2533
f 2536 2346 2345
f 2537 2351 2346
f 2538 2537 2536
f 2539 2540 2537
f 2540 2352 2351
f 2312 2355 2541
f 2527 2541 2542
f 2543 2435 2434
f 2545 2543 2544
f 2319 2318 2543
f 2318 2436 2435
f 2514 2515 2548
f 2547 2548 2550
f 2552 2547 2549
f 2552 2516 2514
f 2520 2521 2554
f 2553 2554 2556
f 9042 2553 2555
f 9073 2520 2553
f 2523 2309 2531
f 2557 2531 2530
f 2525 2523 2557
f 2559 2557 2558
f 2554 2559 2560
f 2521 2525 2559
f 2561 2375 2007
f 2376 2562 2225
f 2564 2565 2566
f 2563 2566 338
f 2569 2563 2567
f 2570 2564 2563
f 2572 2573 2574
f 2571 2574 2576
f 2544 2571 2575
f 2544 2434 2572
f 2578 2570 2569
f 2579 2577 2569
f 2574 2577 2579
f 2573 2578 2577
f 2581 2582 2583
f 2584 2580 2583
f 9149 9127 2580
f 9128 2581 2580
f 2582 2516 2552
f 2583 2552 2551
f 2500 2501 2589
f 2590 2588 2589
f 9145 9147 2588
f 9147 9152 2500
f 2501 2516 2591
f 2592 2593 2594
f 2386 2385 2503
f 2596 2379 2386
f 2596 2374 2373
f 2599 2596 2597
f 2599 2380 2379
f 2600 2446 2380
f 2600 2599 2598
f 2603 2600 2601
f 2603 2444 2446
f 2604 2603 2602
f 2440 2604 2605
f 2444 2603 2604
f 2606 2582 2581
f 2606 2607 2590
f 2591 2516 2582
f 9128 2587 2456
f 9141 2456 2372
f 2478 2477 2608
f 2609 2610 2611
f 2564 2570 2613
f 2612 2613 2598
f 2457 2612 2597
f 2565 2564 2612
f 2614 2613 2570
f 2615 2614 2578
f 2602 2601 2614
f 2601 2598 2613
f 2572 2434 2605
f 2616 2605 2602
f 2573 2572 2616
f 1459 1016 1045
f 1265 1215 1079
f 1612 1608 1609
f 2067 2057 2069
f 1135 1109 1136
f 1938 1937 2618
f 95 548 458
f 2058 1607 1608
f 1454 1469 1445
f 655 2620 1048
f 722 1049 2621
f 3665 3639 3634
f 1131 985 1033
f 562 1481 366
f 1723 1719 1725
f 1786 1123 1122
f 267 300 323
f 1325 2034 1654
f 1468 1165 1435
f 658 657 529
f 8 532 247
f 382 1557 1559
f 3631 3681 3680
f 788 619 1307
f 940 930 929
f 911 2622 2623
f 2621 2620 655
f 2624 1857 2625
f 998 1846 27
f 635 638 2626
f 2627 641 644
f 2628 2627 1840
f 1200 1199 2627
f 1199 1773 641
f 1520 515 49
f 1452 1350 1349
f 2630 2631 1859
f 644 643 1335
f 3683 3700 3699
f 1197 1198 717
f 2632 717 719
f 2628 2632 1166
f 2629 1197 2632
f 1762 2633 1050
f 1823 870 873
f 2634 2635 794
f 1042 794 2635
f 93 94 1901
f 2036 2038 1458
f 1527 332 1525
f 877 876 1274
f 134 409 797
f 1328 893 931
f 607 777 1091
f 1043 2635 2637
f 2636 2637 2639
f 1275 2636 2638
f 1275 1040 1043
f 1272 2624 2626
f 2640 2626 638
f 1110 2641 2640
f 536 1272 2640
f 1472 708 1474
f 2042 2030 1951
f 3668 3632 3633
f 1058 1106 1105
f 2642 2623 2643
f 1192 2642 2644
f 912 2623 2642
f 9350 1657 8970
f 1049 1048 2620
f 616 1829 1885
f 1331 1913 666
f 990 989 1198
f 1911 1912 321
f 1298 1282 1205
f 76 1490 1504
f 1502 1500 421
f 610 609 658
f 1146 937 659
f 2646 911 914
f 1280 1239 1238
f 1453 1454 1452
f 835 942 1843
f 1271 1270 1173
f 1893 1878 1826
f 1050 2633 1937
f 2651 2652 814
f 1006 1053 1281
f 2653 1084 2654
f 1001 1004 1003
f 585 997 679
f 2624 1272 621
f 555 678 2028
f 1207 526 1197
f 1626 1627 478
f 3729 3732 3731
f 3746 3749 3748
f 3770 3752 3750
f 426 389 419
f 1030 1193 1773
f 9350 645 634
f 534 1533 138
f 1125 1092 1042
f 333 228 88
f 569 1570 561
f 3691 3694 3693
f 1489 2656 871
f 1857 2624 620
f 1673 1674 9222
f 622 861 864
f 619 788 891
f 261 544 545
f 393 1555 1556
f 2658 2659 2647
f 1075 2658 2657
f 1081 1080 2658
f 1080 1139 2659
f 2644 2643 1141
f 2660 1141 1140
f 642 2660 1336
f 1193 2644 2660
f 679 678 555
f 3762 3765 3764
f 1503 1501 1500
f 1318 1317 1101
f 2661 2659 1139
f 2661 1142 2663
f 2662 2647 2659
f 2662 2663 2622
f 2664 2622 911
f 2648 2664 2646
f 2648 2647 2662
f 3586 3658 3779
f 2083 2094 2093
f 1442 1440 1437
f 3732 3734 3733
f 519 329 330
f 1885 2029 1209
f 799 800 805
f 1946 1943 1952
f 1302 1301 1253
f 3741 3738 3757
f 3660 3663 3662
f 566 2005 224
f 1389 940 928
f 683 682 681
f 836 835 1842
f 2665 1842 1845
f 2666 2665 1303
f 24 836 2665
f 831 1072 2650
f 1845 1844 1304
f 2010 2013 2012
f 1051 1936 2667
f 1522 1521 1511
f 531 440 441
f 1250 635 2625
f 2669 2625 1857
f 783 2669 1856
f 782 1250 2669
f 720 2670 2671
f 1055 1931 1930
f 1333 1067 1251
f 619 622 1308
f 652 655 2619
f 521 522 1539
f 1838 988 537
f 2672 537 536
f 1113 2672 2641
f 1113 527 1838
f 1016 1013 1351
f 9349 573 570
f 226 227 104
f 9008 9121 9279
f 1036 1037 1884
f 2674 1301 1304
f 2673 1304 1844
f 1334 2673 2675
f 1333 2674 2673
f 2676 702 1039
f 1843 2676 2675
f 942 1074 2676
f 1074 699 702
f 752 1057 1055
f 1200 1166 656
f 1120 1846 874
f 2677 874 877
f 1241 2677 1052
f 1119 1120 2677
f 1560 1513 151
f 1208 1316 611
f 215 735 736
f 1460 1459 1462
f 3717 3720 3719
f 1208 1207 1839
f 854 856 1282
f 3682 3697 3696
f 72 445 182
f 544 1563 1565
f 217 200 456
f 3673 3647 3781
f 2047 1404 930
f 1204 2618 1937
f 913 777 686
f 3705 3708 3707
f 840 527 1113
f 1531 729 730
f 2678 778 1283
f 601 667 1914
f 1537 1538 459
f 1819 1757 8953
f 991 1860 862
f 2679 711 1073
f 3776 3775 3581
f 2680 1830 983
f 779 2680 2256
f 778 2678 2680
f 2678 2679 1830
f 180 542 245
f 1886 1132 1131
f 3766 3768 3767
f 1138 1137 1274
f 3777 3778 3585
f 1841 598 1140
f 75 313 314
f 193 423 420
f 2681 2682 1099
f 3658 3586 3587
f 170 1567 1565
f 349 416 417
f 1121 1124 2684
f 547 797 409
f 123 122 121
f 2643 2663 1142
f 1542 1544 513
f 899 900 907
f 1210 677 676
f 791 663 982
f 24 27 837
f 893 896 932
f 1860 1320 863
f 535 538 862
f 3640 3684 3683
f 1569 1548 1547
f 181 455 542
f 660 659 937
f 2013 567 568
f 3781 3647 3644
f 887 890 2631
f 1524 1508 361
f 520 161 162
f 2653 855 854
f 1238 1237 2655
f 718 1838 527
f 1492 1493 518
f 792 616 615
f 599 846 1835
f 290 457 456
f 312 171 1552
f 1248 2687 1179
f 153 149 177
f 1240 1181 1222
f 1257 1292 1235
f 1291 1084 1083
f 1052 877 1277
f 743 742 2618
f 444 140 430
f 23 1224 1172
f 2687 2654 1180
f 102 103 409
f 1283 607 610
f 373 497 650
f 1180 2654 1084
f 855 2653 2655
f 1173 1270 1917
f 2689 850 853
f 2688 853 1108
f 2686 2688 1279
f 2687 2689 2688
f 2691 1302 1252
f 2690 1252 850
f 1248 2690 2689
f 1248 1247 2691
f 2692 617 24
f 2691 2692 2666
f 1247 1258 2692
f 1258 1168 617
f 394 1554 1555
f 2693 1260 1259
f 1072 1236 1262
f 1257 1071 1168
f 398 439 1555
f 871 1784 1314
f 1178 1232 1249
f 1224 1289 1173
f 1010 2617 2618
f 1175 1174 1292
f 2654 2687 2686
f 2694 1157 1216
f 71 418 1487
f 701 1112 1111
f 1072 1261 2649
f 1085 2695 22
f 895 2694 1264
f 1601 1606 1605
f 1259 1262 1271
f 21 20 1220
f 988 991 538
f 3533 3479 3535
f 598 597 1336
f 1050 860 818
f 1298 2645 1761
f 1168 1167 618
f 3629 3671 3670
f 858 1168 1256
f 39 242 516
f 2652 1761 819
f 313 316 315
f 2026 1970 1971
f 2656 1489 596
f 814 819 818
f 2696 2651 813
f 1260 2696 2649
f 2693 2697 2696
f 2697 1296 2651
f 381 355 390
f 9270 9271 1611
f 1475 1427 1428
f 1292 1174 1917
f 1551 353 354
f 1526 1525 1523
f 1593 1589 1595
f 1232 1269 1246
f 2695 2693 1223
f 2698 1297 1296
f 2698 2697 2693
f 2685 2698 2695
f 2685 854 1297
f 562 1497 271
f 2652 2651 1296
f 1365 1366 1364
f 1958 1946 1953
f 585 588 2210
f 1561 1560 1515
f 975 2648 1146
f 347 67 68
f 1038 1111 636
f 2700 781 780
f 2699 780 1036
f 2701 2699 1883
f 851 2700 2699
f 2674 1333 2251
f 2702 2251 781
f 1253 2702 2700
f 1301 2674 2702
f 1519 387 388
f 1273 1239 1280
f 2703 1280 1107
f 2701 2703 852
f 1829 1273 2703
f 91 260 326
f 1784 871 2656
f 2683 2684 2705
f 604 1894 8943
f 1669 8978 8992
f 2062 2063 2060
f 621 535 861
f 2023 731 732
f 686 779 1263
f 857 1051 2668
f 883 830 882
f 3648 3651 3650
f 637 636 1111
f 2668 894 893
f 3692 3712 3711
f 2667 921 894
f 1039 1038 1068
f 313 75 1504
f 1911 1972 305
f 1936 2706 1964
f 2707 2402 2401
f 2708 2707 2183
f 738 2163 2116
f 3785 3787 3709
f 2349 2348 2432
f 2711 2712 2020
f 2400 2711 2019
f 2714 2715 2716
f 2717 2718 2719
f 2721 2722 2723
f 2726 2727 2728
f 2725 2728 2730
f 2731 2725 2729
f 2732 2726 2725
f 2734 2735 2736
f 2738 2739 2740
f 2737 2740 2741
f 2744 2745 2746
f 2745 2744 2748
f 2749 2750 2747
f 2753 2749 2751
f 2250 1380 2246
f 3417 3420 3419
f 2754 1396 1614
f 9050 2754 2755
f 9060 2745 2747
f 1617 2756 2755
f 2242 2758 1620
f 3429 3432 3431
f 2191 2085 2760
f 2761 2759 2760
f 9100 2759 2761
f 9075 2191 2759
f 3209 3460 3354
f 1395 1394 2236
f 1395 2235 1636
f 3741 3791 3790
f 1616 1635 2229
f 3410 3413 3412
f 1617 2234 2763
f 2756 2763 9080
f 2765 2763 2234
f 2766 2764 9080
f 3202 3199 3458
f 1516 437 435
f 2768 2769 8996
f 1495 541 578
f 2135 2136 28
f 8970 8984 2773
f 1690 1689 9378
f 2778 2779 2780
f 2777 2780 2781
f 2784 2778 2777
f 8999 8965 575
f 1494 1904 9
f 8973 2016 2015
f 451 61 505
f 2786 2787 2788
f 2779 2786 2785
f 2789 2752 2741
f 2790 2753 2752
f 2792 2793 2794
f 2793 2795 2796
f 2796 2797 2750
f 2794 2796 2749
f 2798 1393 1396
f 9043 2798 2754
f 2798 2799 2800
f 9043 9114 2799
f 2797 2796 2795
f 2791 2794 2753
f 216 233 232
f 9256 2806 2807
f 9257 2809 2804
f 2769 2810 9001
f 183 185 184
f 2811 2812 2775
f 2804 2811 2776
f 2809 2813 2811
f 2812 2811 2813
f 9257 2808 2816
f 9248 2818 2815
f 9250 9252 2820
f 9245 2823 2819
f 2824 2736 2735
f 2823 2825 2824
f 2825 2823 2826
f 9245 2822 2827
f 9248 2817 2826
f 2713 2716 2829
f 2828 2829 2831
f 2822 2821 2828
f 2821 2820 2713
f 2832 2827 2822
f 2833 2832 2830
f 2834 2835 2832
f 2835 2818 2827
f 2837 2838 2839
f 2836 2839 2841
f 2842 2836 2840
f 2843 2837 2836
f 2840 2841 2845
f 2718 2844 2845
f 2730 2728 2844
f 2727 2840 2844
f 2846 2845 2841
f 2829 2846 2847
f 2847 2841 2839
f 2848 2839 2838
f 2833 2848 2849
f 2831 2847 2848
f 2850 2814 2851
f 2853 2850 2852
f 2783 2777 2782
f 2785 2788 2853
f 2780 2785 2856
f 2857 2858 2855
f 2859 2857 2782
f 2861 2843 2842
f 2860 2842 2727
f 2862 2860 2726
f 2863 2861 2860
f 2861 2863 2858
f 2843 2861 2857
f 2856 2853 2854
f 2781 2856 2864
f 2837 2843 2859
f 2838 2837 2864
f 2852 2851 2834
f 2854 2852 2849
f 2865 2815 2818
f 2851 2865 2835
f 2813 2809 2815
f 2814 2813 2865
f 2866 2812 2814
f 2788 2866 2850
f 2866 2788 2787
f 2812 2866 2867
f 1892 1889 1890
f 2720 2719 2846
f 298 299 256
f 2872 2714 2713
f 9246 9252 2735
f 2729 2730 2874
f 2846 2716 2715
f 2876 2877 2878
f 2733 2875 2878
f 9258 9259 2879
f 9258 2880 2872
f 2882 2883 2884
f 2881 2884 2715
f 2880 2881 2714
f 2879 2882 2881
f 2885 2886 2887
f 2888 2889 2890
f 2885 2890 2892
f 2893 2886 2885
f 1942 2151 2532
f 2895 2892 2720
f 2884 2895 2870
f 2883 2896 2895
f 2896 2891 2892
f 2889 2874 2717
f 2890 2717 2720
f 2897 2893 2891
f 2898 2897 2896
f 2899 2898 2883
f 2900 2899 2882
f 9249 2900 2879
f 2876 2902 2901
f 2901 2902 2904
f 1785 2656 1835
f 2905 2906 2899
f 2907 2908 2897
f 9249 2901 2903
f 632 576 577
f 8976 8991 2867
f 434 385 550
f 2768 2770 9092
f 2910 2911 1623
f 2241 2912 2758
f 9092 2770 2913
f 1623 2911 2757
f 9039 2242 2757
f 2229 1381 1380
f 2765 1630 1629
f 2915 2914 1629
f 9094 9093 2914
f 9093 9074 2765
f 2919 2916 9094
f 2918 2915 2912
f 9066 2918 2241
f 9070 2919 9065
f 8985 2177 2180
f 8965 2002 2188
f 3694 3626 3627
f 9157 9017 714
f 2925 2766 2917
f 2924 2917 2916
f 9062 2924 2919
f 9063 2925 2924
f 2926 2927 2766
f 9110 2926 2925
f 1715 1713 1705
f 785 497 498
f 1387 651 565
f 374 375 1899
f 9017 2203 2206
f 2929 2930 2886
f 2932 2933 2934
f 1905 1906 1908
f 2930 2935 2936
f 2938 2935 2930
f 1493 369 517
f 1603 1585 1586
f 2939 2938 2929
f 2940 2939 2908
f 9117 1707 1600
f 2886 2930 2937
f 2906 2907 2898
f 2908 2929 2893
f 2942 2934 2933
f 2941 2933 2937
f 8945 2941 2936
f 8942 2942 2941
f 2943 2944 2710
f 2943 2873 2874
f 2945 2943 2889
f 2946 2944 2943
f 2932 2945 2888
f 2931 2946 2945
f 727 1928 1929
f 2903 2904 2947
f 545 594 42
f 1480 1570 533
f 2907 2906 2949
f 2906 2905 2950
f 1558 452 215
f 9251 2903 2948
f 2054 1645 1644
f 9157 9136 2203
f 1828 1837 1849
f 2953 2954 2955
f 2952 2955 2957
f 2956 2261 2258
f 2953 2952 2258
f 2454 2455 2474
f 9199 2958 2959
f 9199 2132 2131
f 2961 2962 2963
f 2958 2963 2964
f 222 221 2485
f 2477 2226 2966
f 2631 2561 2006
f 2384 2454 2496
f 2967 2968 2959
f 2968 2967 2970
f 9211 2033 2971
f 9236 2971 2960
f 2972 2971 2033
f 2007 2377 2973
f 9004 9003 2134
f 1836 1833 1832
f 8950 2188 2090
f 955 810 959
f 672 675 674
f 633 710 713
f 2024 732 733
f 2025 2024 803
f 425 1552 1550
f 2975 2976 888
f 1319 1158 1157
f 1212 1935 2977
f 889 957 2228
f 1978 1974 1975
f 1138 1078 1329
f 751 665 2979
f 1619 1613 1625
f 2252 2255 1728
f 1157 1160 845
f 2706 1936 1938
f 2980 2255 2254
f 2982 2975 887
f 802 712 711
f 678 677 2029
f 527 840 690
f 1839 1207 2629
f 2983 2984 602
f 2983 1914 1913
f 2985 2983 1331
f 2986 2984 2983
f 2987 2637 2635
f 2985 2988 2639
f 2990 1319 1318
f 2991 2992 2993
f 2995 2991 2994
f 1106 1058 2991
f 1058 1057 2992
f 1415 1406 1365
f 1317 922 2217
f 1932 1728 2255
f 926 2998 2999
f 3001 2993 2992
f 3000 2992 1057
f 2999 3000 2978
f 2998 3001 3000
f 3002 2998 2209
f 3002 3003 2996
f 2993 3001 3002
f 1103 1106 2995
f 3004 2995 2996
f 2209 2210 3004
f 588 1103 3004
f 295 296 433
f 2638 2639 2988
f 3005 2988 1056
f 1305 3005 1930
f 1276 2638 3005
f 1987 1968 1993
f 2633 1762 1761
f 1423 1422 1417
f 9005 8961 739
f 2671 2670 2704
f 1473 1872 2035
f 922 1317 2694
f 1401 1400 1378
f 556 2028 1884
f 842 848 9277
f 1854 2706 2617
f 933 1082 1081
f 1440 1441 1436
f 529 657 719
f 1031 1025 1027
f 777 913 912
f 2645 1205 1204
f 441 438 1538
f 3771 3774 3773
f 790 1287 587
f 2065 2066 1610
f 1860 991 990
f 60 106 87
f 1424 1017 1948
f 332 1527 1507
f 261 262 138
f 187 188 449
f 1719 1720 1726
f 1931 1055 1059
f 3006 1059 1105
f 1287 3006 1104
f 1286 1931 3006
f 3007 3008 3009
f 3009 3008 653
f 618 999 26
f 2029 677 1210
f 957 601 600
f 1049 2146 2228
f 2631 890 3011
f 890 889 2227
f 3011 2227 2145
f 2561 3011 3012
f 1026 656 609
f 2706 1854 1961
f 3013 2965 2485
f 2148 2147 1267
f 3015 1267 1266
f 2997 2264 1101
f 642 641 1773
f 186 477 461
f 1041 1040 1320
f 1121 3016 3017
f 2984 2986 2987
f 3018 2987 2634
f 1048 603 3018
f 603 602 2984
f 2679 2678 801
f 2062 2072 2074
f 2061 2074 2076
f 414 303 1545
f 3016 1121 2683
f 3019 2683 2704
f 3020 3019 2670
f 3007 3016 3019
f 1871 1090 1091
f 3021 1787 1122
f 3022 3021 3017
f 1314 3021 3022
f 1784 1787 3021
f 1316 1315 1763
f 3023 3022 3010
f 3023 3009 795
f 1763 3023 1092
f 1315 3022 3023
f 3016 3007 3010
f 752 751 2978
f 2986 2639 2637
f 3024 654 653
f 3020 3024 3008
f 720 723 3024
f 723 2621 654
f 2681 1098 1268
f 2671 3025 1268
f 2705 2681 3025
f 1313 3026 3027
f 3026 3028 3029
f 3027 3029 3030
f 1311 3027 3031
f 2012 568 731
f 917 2657 974
f 3742 3745 3744
f 743 1206 856
f 1888 2027 2030
f 2682 2705 2684
f 3032 2684 1124
f 1100 3032 2989
f 1099 2682 3032
f 1123 2990 2989
f 3033 1834 1159
f 2990 3033 1158
f 1123 1786 3033
f 1786 1785 1834
f 1054 1056 2988
f 2979 665 664
f 2623 2622 2663
f 1095 660 688
f 3034 3035 2261
f 3036 3034 2956
f 3037 3038 3034
f 3038 3039 3035
f 3040 3041 3026
f 2263 3042 3041
f 3042 3039 3043
f 3041 3043 3028
f 3044 3045 3043
f 3046 3047 3045
f 3047 3048 3049
f 3043 3045 3049
f 3038 3037 3051
f 3050 3051 3053
f 3052 3046 3044
f 3039 3038 3050
f 3054 3035 3039
f 3042 2263 2262
f 2261 3035 3054
f 2216 2263 2997
f 2212 2211 2667
f 3056 868 2209
f 934 3057 1961
f 2013 9207 9209
f 3058 3059 3060
f 3059 3062 3063
f 3060 3063 2213
f 3061 3060 1963
f 3063 3064 2214
f 3062 3065 3064
f 3065 2257 2260
f 3064 2260 2215
f 3066 3067 3031
f 2608 2966 3067
f 2966 2562 3068
f 3031 3067 3068
f 2455 2458 2461
f 2476 2223 2226
f 8995 2090 2089
f 8970 2774 9221
f 433 354 355
f 2115 1423 1419
f 8953 2868 2922
f 9221 9189 2131
f 3069 2611 2167
f 2971 2972 2928
f 2961 2774 2773
f 3070 2475 2478
f 2610 2609 3071
f 2502 2371 2374
f 3072 2592 2595
f 2964 3046 3052
f 3048 2593 3074
f 2593 2592 3075
f 3075 3030 3029
f 3074 3029 3028
f 3072 3076 3075
f 3076 3072 2482
f 2481 2608 3066
f 3076 3066 3030
f 2967 3052 3053
f 2482 3072 3073
f 479 480 493
f 706 9352 9325
f 9005 2194 2221
f 2013 2010 9206
f 8977 2032 2016
f 9006 8963 2222
f 1171 1154 1155
f 3782 3644 3689
f 2586 2566 2565
f 2982 110 113
f 2562 2376 3077
f 2376 2375 3012
f 3012 2145 2148
f 3077 2148 3015
f 2963 3047 3046
f 3051 3078 2970
f 1683 2173 491
f 9302 2122 1447
f 1986 2181 9186
f 3079 3080 2546
f 3081 3079 2575
f 1983 1986 9220
f 3082 2323 2319
f 3080 3082 2545
f 9186 9184 3082
f 9184 9200 2323
f 1309 1471 1888
f 3073 2595 2772
f 2760 3083 3084
f 2760 2085 2088
f 3085 3084 3086
f 3089 3085 3090
f 3089 2762 3084
f 3092 3088 3090
f 3093 2748 2744
f 2751 2747 2748
f 3093 2741 2752
f 2742 2741 3093
f 3094 3093 2743
f 3096 3097 3098
f 3099 3096 3087
f 3097 3094 3095
f 3100 2743 2746
f 3101 2927 3102
f 2764 2766 2927
f 2745 2764 3101
f 3102 3092 3091
f 3100 3091 3095
f 2869 2802 9044
f 3102 3103 3104
f 9110 2868 2869
f 2927 2926 3103
f 3098 3095 3091
f 3087 3098 3090
f 2088 2125 3105
f 3083 3105 3086
f 2483 3073 2771
f 2401 2186 2185
f 3099 3086 3105
f 2125 2207 3106
f 3108 2737 2742
f 3107 2742 3094
f 3110 3108 3107
f 3109 3107 3097
f 3111 3109 3096
f 3112 3110 3109
f 3113 2738 2737
f 3115 2723 2722
f 3117 3115 3114
f 3119 3117 3116
f 3118 3116 3120
f 3116 3114 3113
f 3122 3112 3111
f 3122 3123 1755
f 3124 3125 3126
f 3125 3118 3121
f 3128 3119 3118
f 3129 3128 3125
f 2020 2712 3128
f 9305 9309 1346
f 1065 1046 1047
f 1814 9290 9282
f 2021 2020 3129
f 3111 3099 3106
f 3123 3106 2207
f 2377 2225 2224
f 3014 2485 113
f 1756 2208 9234
f 3131 3132 2530
f 3133 3131 2528
f 1753 1756 9219
f 3134 3124 3127
f 2327 2408 2314
f 2436 2318 2317
f 2018 2021 9163
f 2534 3136 3137
f 2320 2322 3136
f 2185 2018 9164
f 3138 3139 2542
f 3134 3135 9196
f 9237 3130 3134
f 3140 3138 2539
f 2535 3137 3140
f 9163 2021 3130
f 2558 2530 3132
f 9234 9212 3141
f 2560 2558 3141
f 9212 9229 3142
f 958 888 2976
f 1933 1932 2980
f 3714 3704 3729
f 2399 2424 2418
f 2348 2342 2343
f 2322 2320 2319
f 2718 2717 2874
f 2709 2729 2873
f 2894 2871 1361
f 3788 3789 3720
f 346 289 176
f 1876 1877 1882
f 2802 2803 9059
f 3104 3144 3088
f 2974 2222 9101
f 3089 3145 2761
f 3088 3144 3145
f 2803 2974 9055
f 9322 9361 692
f 2123 1419 1418
f 1365 1363 1368
f 3346 3345 3344
f 1581 1766 1782
f 9013 2202 2129
f 8999 2003 2002
f 3146 2585 2551
f 9203 3146 3147
f 9194 3149 3146
f 3149 2584 2585
f 3196 3198 3197
f 9056 2192 2191
f 3142 3150 2556
f 9229 9230 3150
f 9098 3152 2550
f 3150 3151 2555
f 9230 9232 3151
f 9240 9233 3152
f 3153 3147 2551
f 3152 3153 2549
f 9233 9228 3153
f 9228 9202 3147
f 3148 2767 2206
f 2183 2401 2321
f 2132 2960 2928
f 3299 3300 3321
f 9136 9137 2204
f 9171 2198 2197
f 2594 2962 2773
f 2595 2594 2951
f 1870 798 799
f 3257 3260 3259
f 9165 2179 2178
f 9158 2178 9188
f 336 3154 9226
f 339 3155 3154
f 9241 9135 3149
f 9135 9149 2584
f 2963 2962 3048
f 9174 9182 337
f 339 338 2566
f 3156 3157 2168
f 2610 3156 2167
f 2954 2953 3156
f 3157 3156 2953
f 9159 2166 2169
f 2567 3158 3159
f 337 3158 2567
f 9182 3069 2166
f 9216 2190 1983
f 2579 3160 3081
f 2568 3159 3160
f 9161 2169 2190
f 3065 3062 3162
f 3161 3162 1984
f 3157 3161 2189
f 2257 3065 3161
f 734 735 1922
f 3059 3058 2708
f 3163 2708 2182
f 3162 3163 1985
f 3062 3059 3163
f 3203 3206 3205
f 3806 3809 3808
f 2122 2119 1448
f 9269 1686 1685
f 139 140 444
f 1570 569 566
f 2957 3164 3165
f 2955 3166 3164
f 1912 454 341
f 3130 3129 3124
f 1548 322 319
f 1949 1950 1327
f 2969 2970 3078
f 3167 3078 3169
f 9176 2014 2017
f 9172 2017 2033
f 3168 3169 3165
f 3170 3165 3164
f 9231 3170 3171
f 9176 3168 3170
f 3171 3164 3166
f 3172 3166 3071
f 9204 3172 3173
f 9208 3171 3172
f 3169 3037 3036
f 2593 3048 2962
f 3173 3071 2609
f 3174 2609 2199
f 9235 3174 2198
f 9201 3173 3174
f 2190 2189 1984
f 2196 2195 2767
f 3326 3329 3328
f 2119 2120 1414
f 1464 1463 1466
f 2199 2611 3069
f 2457 2456 2587
f 2226 2225 2562
f 481 478 1627
f 333 1512 235
f 3078 3051 3037
f 3040 2264 2997
f 3351 3352 3262
f 2219 1934 1933
f 2385 2384 2497
f 221 2220 3175
f 2220 1933 3143
f 3175 3143 2976
f 2484 3175 2975
f 2954 3071 3166
f 2630 1858 110
f 1547 319 1952
f 2091 2090 2188
f 9185 9188 2178
f 1918 1919 1927
f 9007 112 111
f 3398 3401 3400
f 955 956 960
f 2037 3014 112
f 3143 2980 2981
f 2218 2211 2214
f 672 9329 9239
f 2152 3013 3014
f 1147 1144 1143
f 2248 2246 1409
f 1615 1636 1635
f 1410 1409 2246
f 3486 3488 3487
f 3468 3469 3502
f 3451 3453 3452
f 1382 3176 3177
f 3177 1410 2247
f 2247 1383 3177
f 3176 2238 2230
f 1410 3177 3179
f 3179 3180 2243
f 1633 3181 2800
f 3816 3818 3817
f 1621 1620 2758
f 3642 3801 3662
f 3422 3421 3260
f 1622 1621 2245
f 2236 1394 3181
f 3793 3796 3795
f 3493 3496 3495
f 2237 2236 3182
f 3513 3516 3515
f 2250 1631 2233
f 3654 3666 3667
f 2912 1629 1628
f 3819 3822 3821
f 3432 3824 3823
f 135 136 1564
f 1567 419 512
f 1085 1084 2653
f 3184 869 868
f 869 3184 3057
f 3389 3388 3387
f 1266 1268 1098
f 1267 2147 722
f 937 1146 2646
f 2146 1049 722
f 2211 2218 921
f 1957 510 507
f 1313 1312 2264
f 1496 362 1493
f 2887 2937 2933
f 1687 1688 1659
f 145 1499 1498
f 3831 3829 3830
f 37 38 418
f 1935 1934 3185
f 104 89 301
f 2101 2098 2083
f 543 298 360
f 1934 2219 3186
f 234 1521 212
f 9297 9273 1822
f 3825 3828 3827
f 1976 1875 1874
f 223 3186 2219
f 9107 9108 9057
f 2165 2164 467
f 467 468 2165
f 773 476 2165
f 3673 3658 3659
f 1935 1212 1728
f 3490 3491 3840
f 3362 3359 3848
f 3862 3865 3864
f 3465 3466 3484
f 3893 3894 3525
f 3352 3351 3430
f 3869 3872 3871
f 3529 3530 3567
f 3420 3417 3922
f 3304 3235 3236
f 3929 3932 3931
f 3324 3326 3327
f 3219 3937 3939
f 3220 3938 3937
f 3450 3375 3376
f 3942 3832 3833
f 3215 3216 3454
f 3946 3332 3215
f 3422 3949 3948
f 3950 3457 3198
f 3205 3206 3957
f 3261 3962 3961
f 3852 3853 3964
f 3214 3211 3946
f 3965 3213 3214
f 3797 3800 3799
f 3988 3991 3990
f 3777 3779 3806
f 3855 3858 3447
f 3737 3799 3800
f 3949 3953 3952
f 3651 3782 3783
f 4001 3784 3787
f 4019 4022 4021
f 4027 4030 4029
f 3258 3259 4030
f 4033 4036 4035
f 3424 3425 4047
f 3242 3243 4058
f 3970 3489 3547
f 3829 3242 4057
f 3333 3332 3947
f 4063 4068 4065
f 4073 4076 4075
f 3568 3456 3443
f 3981 3334 3335
f 3540 3915 3862
f 4078 4079 4031
f 3565 3566 4088
f 3442 3455 4089
f 4092 4095 4094
f 4093 4094 4097
f 3619 3620 3623
f 3660 4098 3821
f 3809 3648 3649
f 3610 3652 3655
f 3656 3622 3623
f 3621 3803 3804
f 3503 3480 3481
f 3436 3439 3438
f 3356 3428 3427
f 3628 3670 3669
f 3734 3811 4002
f 3276 3273 3370
f 3763 4106 4107
f 4006 4007 3754
f 3747 3751 3752
f 3863 3864 4110
f 3994 3891 4003
f 3653 3801 3664
f 3296 4116 4115
f 4117 4120 4119
f 3249 3252 3251
f 4127 4130 4129
f 3478 3575 3903
f 3410 4136 3921
f 3977 4061 4038
f 3216 3452 3453
f 3967 3547 3548
f 4140 4078 4032
f 3509 4086 4149
f 4151 4152 3659
f 4153 4152 3656
f 4153 4154 3646
f 4156 3688 3645
f 4139 4077 4078
f 3743 3744 4163
f 3861 3918 3987
f 3468 4066 4067
f 3306 3981 3980
f 4172 4173 4010
f 4169 4170 3836
f 4187 4190 4189
f 4213 4216 4215
f 4220 4223 4222
f 4225 4226 4211
f 4230 4233 4232
f 4240 4243 4242
f 3606 3609 3608
f 4250 4253 4252
f 4258 4261 4260
f 4077 4080 4079
f 4276 4279 4278
f 4308 4262 4263
f 4017 4018 3872
f 3196 3193 3951
f 4316 4317 4270
f 3870 4306 4307
f 4324 4327 4326
f 4333 4334 4247
f 4338 4341 4340
f 4348 4351 4350
f 4283 4284 4289
f 4356 4359 4358
f 4359 4019 4020
f 4362 4363 4196
f 4320 4364 4279
f 4370 4372 4296
f 4377 4253 4303
f 4231 4232 4201
f 4203 4212 4331
f 4037 4040 4039
f 4371 4265 4386
f 4387 4346 4347
f 3309 3293 3294
f 4099 3723 3724
f 4355 3422 3257
f 3630 3680 3693
f 4277 4278 4302
f 4350 4318 4319
f 4353 4354 4351
f 3637 3634 3639
f 4394 4395 3827
f 3311 3312 4399
f 3755 3708 4005
f 4363 4362 4259
f 3454 3453 3919
f 3446 3447 3459
f 4298 4299 4404
f 3749 3746 3769
f 3791 3741 3756
f 3643 3685 3684
f 3845 3846 3399
f 4313 3257 3258
f 4411 4413 4408
f 3843 4424 4423
f 4214 4215 4329
f 4431 4434 4433
f 3918 3861 3798
f 3927 3928 3388
f 4453 3893 3874
f 4138 4458 4457
f 3346 4460 4459
f 4100 4109 4108
f 3974 3977 3976
f 3665 3655 3652
f 3773 3565 3993
f 3945 3454 3920
f 4144 4463 4462
f 4464 4467 4466
f 3268 4142 4479
f 4484 3921 4136
f 3348 3914 4487
f 3313 3314 3912
f 3803 3621 3617
f 4086 3509 3510
f 4034 3304 3305
f 3403 3404 4171
f 4481 4482 4492
f 4177 4180 4179
f 4398 4170 3923
f 4451 4493 4494
f 4501 4075 4076
f 4509 4510 4506
f 3304 4034 4462
f 4485 4399 3312
f 3419 4488 3349
f 4356 4345 4385
f 4026 4354 4358
f 4354 4353 4357
f 3599 3596 4091
f 4341 4338 4254
f 4251 4252 4524
f 3482 3485 3484
f 3843 3543 3544
f 4295 4341 4274
f 4381 4530 4206
f 4204 4205 4531
f 4533 4536 4535
f 4542 4545 4544
f 4546 4549 4548
f 4573 4574 4547
f 4575 4578 4577
f 4221 4581 4580
f 4587 4590 4589
f 4328 4592 4589
f 4187 4565 4563
f 4595 4583 4593
f 4597 4605 4604
f 4609 4608 4611
f 4620 4623 4622
f 4612 4615 4614
f 4636 4638 4600
f 4649 4651 4650
f 4652 4655 4654
f 4662 4665 4664
f 4666 4669 4668
f 4637 4639 4685
f 4627 4701 4700
f 4684 4686 4636
f 4663 4689 4661
f 4699 4698 4697
f 4647 4648 4703
f 4709 4711 4603
f 4724 4633 4726
f 4742 4745 4744
f 3311 3923 3924
f 4698 4759 4758
f 4749 4765 4609
f 4342 4345 4344
f 4797 4800 4799
f 4490 4048 3974
f 4019 4359 4306
f 4512 3955 4514
f 3991 3988 4508
f 4692 4695 4694
f 4680 4681 4818
f 4821 4822 4824
f 4367 4239 4243
f 4833 4832 4831
f 4837 4744 4757
f 4332 4563 4562
f 4683 4835 4819
f 4845 4843 4850
f 4751 4753 4752
f 4854 4855 4695
f 4858 4719 4718
f 4822 4559 4859
f 4674 4646 4647
f 4771 4774 4773
f 4726 4727 4537
f 4714 4718 4719
f 4633 4634 4688
f 4616 4619 4618
f 4686 4684 4842
f 4869 4707 4708
f 3502 3868 3528
f 4777 4660 4737
f 4734 4732 4779
f 4883 4755 4663
f 4375 4294 4274
f 4290 4343 4335
f 4816 4815 4812
f 4778 4779 4732
f 4158 3710 4160
f 4195 4198 4197
f 3860 3861 4166
f 3758 3759 3763
f 3694 3691 4157
f 4249 4248 4391
f 3467 3470 3469
f 4209 4212 4211
f 4142 3268 4144
f 3615 3614 3617
f 3479 3480 3536
f 4883 4753 4672
f 4802 4801 4642
f 3698 3637 3638
f 4105 3725 3726
f 4848 4645 4896
f 4878 4877 4744
f 4610 4874 4748
f 4036 3403 4489
f 4355 4313 4314
f 4171 4141 4049
f 3875 3452 3216
f 4868 4865 4863
f 4623 4900 4691
f 3629 3626 4155
f 4654 4887 4898
f 4012 4015 4014
f 4902 4903 4866
f 4768 4769 4908
f 4370 4386 4385
f 4888 4860 4914
f 3546 3543 3917
f 4932 4926 4931
f 3625 3622 4151
f 3804 3669 3670
f 3816 4104 4103
f 4911 4898 4887
f 4928 4930 4927
f 4925 4929 4927
f 3655 3665 3666
f 4932 4919 4910
f 4937 4923 4912
f 4939 4938 4942
f 4228 4529 4530
f 4946 4945 4942
f 4938 4922 4923
f 4942 4938 4937
f 4951 4950 4930
f 4955 4951 4928
f 4748 4750 4615
f 4914 4860 4847
f 4824 4859 4584
f 4940 4939 4941
f 4916 4961 4960
f 4909 4907 4891
f 4971 4967 4968
f 4966 4970 4948
f 4962 4952 4953
f 4940 4935 4924
f 4831 4916 4917
f 4935 4936 4925
f 4275 4255 4261
f 4679 4758 4791
f 4016 4309 4373
f 4668 4764 4766
f 4539 4537 4727
f 4929 4925 4936
f 4775 4776 4801
f 4801 4776 4742
f 4732 4734 4611
f 4985 4984 4983
f 4534 4586 4562
f 4847 4644 4645
f 4788 4787 4619
f 4787 4788 4678
f 4657 4606 4605
f 4994 4996 4878
f 5006 5009 5008
f 5001 5003 4973
f 4814 4618 4619
f 5014 4989 4974
f 5003 5002 4972
f 5019 5006 5007
f 5024 5016 5017
f 5036 5037 5035
f 4990 5019 4975
f 5045 5033 5034
f 5048 5049 5034
f 5025 5017 5014
f 5046 5038 5043
f 5051 5052 5055
f 5044 5050 5060
f 5011 4981 5021
f 5013 5069 5068
f 5028 5073 5072
f 5077 5074 5064
f 5065 5080 5079
f 5083 5079 5080
f 5063 5067 5080
f 5054 5055 5071
f 4602 4603 4711
f 5058 5082 5083
f 4982 4983 4792
f 5041 5033 5045
f 3909 3911 3278
f 3471 3474 3473
f 5002 5003 4994
f 5060 5080 5067
f 4892 4861 4862
f 4891 4813 4884
f 4996 4994 5003
f 4997 5015 5005
f 4813 4617 4614
f 4618 4814 4827
f 5089 5090 5093
f 3303 3306 3305
f 5100 5103 5102
f 5107 5110 5109
f 5110 5115 5092
f 4610 4611 4734
f 5112 5103 5100
f 5088 5091 5090
f 5119 5118 5117
f 5092 5115 5096
f 3826 3830 3829
f 5108 5109 5102
f 5100 5130 5087
f 5118 5131 5133
f 3783 3689 3690
f 4444 4447 4446
f 5151 5153 5150
f 4790 4616 4617
f 4332 4182 4190
f 3266 3267 4451
f 3211 3947 3332
f 4741 4796 4760
f 4775 4778 4777
f 4764 4665 4691
f 4489 4171 4048
f 4466 4477 4511
f 4518 3936 3930
f 4786 4787 4791
f 4980 5005 4984
f 5144 5152 5150
f 5159 5146 5148
f 5121 5119 5120
f 5169 5164 5162
f 5016 4978 4979
f 5123 5180 5179
f 5181 5180 5140
f 5175 5185 5184
f 4575 4581 4586
f 4984 4985 4976
f 4596 4599 4598
f 5182 5181 5183
f 4785 4619 4787
f 5137 5124 5122
f 5167 5179 5180
f 4835 4683 4898
f 4687 4727 4726
f 4176 3836 4170
f 4760 4761 4655
f 4681 4680 4649
f 5121 5093 5132
f 5171 5191 5178
f 5174 5178 5191
f 5169 5193 5194
f 4909 5094 5095
f 5105 5104 5112
f 4767 5108 5126
f 5201 5202 5205
f 5219 5218 5217
f 5229 5214 5200
f 5234 5237 5236
f 4069 4072 4071
f 4724 4725 4717
f 5108 4767 4768
f 5103 5195 5126
f 5227 5218 5211
f 5015 4997 4884
f 4997 4998 4892
f 5197 5198 5215
f 5241 5199 5247
f 5013 4975 5019
f 5205 5239 5232
f 4969 4967 4971
f 5239 5205 5249
f 4808 5243 5225
f 5216 5247 5199
f 5253 5245 5242
f 5235 5236 5255
f 5135 5148 5157
f 5264 5260 5267
f 5245 5203 5215
f 5260 5261 5269
f 5264 5266 5274
f 5154 5153 5173
f 5287 5272 5278
f 5256 5301 5300
f 5173 5174 5176
f 4631 4630 4629
f 4781 4784 4783
f 5309 5307 5311
f 5155 5156 5144
f 4826 4828 4827
f 5291 5295 5308
f 5310 5311 5281
f 5311 5307 5308
f 4036 4033 4176
f 4641 4716 4704
f 5220 5224 4804
f 4770 5206 5207
f 5188 5185 5175
f 5180 5123 5129
f 4626 4700 5314
f 4731 4728 5315
f 5222 5213 5210
f 4728 4882 5316
f 5230 5219 5216
f 5297 5296 5240
f 5204 5233 5208
f 5318 4868 4864
f 5273 5272 5287
f 5221 5210 5219
f 4700 4902 5321
f 5313 5314 5328
f 5157 5149 5154
f 5275 5276 5263
f 5324 5322 5318
f 5323 5332 5331
f 5343 5334 5345
f 5306 5310 5286
f 5278 5281 5311
f 4882 4625 5320
f 5109 5110 5114
f 5123 5087 5130
f 5299 5283 5284
f 5240 5198 5199
f 5229 5231 5197
f 5305 5302 5292
f 5233 5228 5225
f 5192 5190 5194
f 5104 5105 4670
f 5146 5159 5160
f 5337 5340 5347
f 5347 5340 5341
f 5353 5346 5335
f 5349 5355 5354
f 5355 5358 5357
f 5358 5355 5360
f 5355 5349 5348
f 5342 5366 5365
f 5345 5346 5362
f 5332 5364 5367
f 5372 5371 5315
f 5370 5365 5366
f 5361 5356 5354
f 5364 5365 5368
f 5369 5344 5362
f 5316 5320 5330
f 5373 5359 5371
f 5341 5342 5364
f 5374 5358 5359
f 5329 5376 5375
f 5377 5380 5379
f 5377 5376 5331
f 5380 5377 5367
f 5363 5383 5370
f 5357 5358 5374
f 5381 5385 5361
f 4814 4815 4825
f 4825 4815 4816
f 4806 4746 4747
f 5119 5121 5131
f 4696 4697 4893
f 4696 5389 5390
f 5213 5222 5388
f 5393 5389 5388
f 5380 5382 5384
f 5213 5387 4893
f 4813 4891 4908
f 5390 5392 4693
f 5294 5289 5287
f 5184 5185 5186
f 5285 5275 5253
f 4769 4789 4790
f 5327 5371 5359
f 4598 4621 4690
f 4608 4606 4733
f 4627 4624 4609
f 4596 4604 4851
f 4900 4623 4706
f 4668 4795 5395
f 4863 4865 4639
f 5392 5393 4666
f 4872 4650 4651
f 4807 4791 4758
f 5348 5338 5325
f 5176 5191 5190
f 5046 5031 5022
f 4853 4852 4869
f 5346 5353 5363
f 4709 4880 4620
f 4672 4673 4904
f 4680 4811 4651
f 4841 4844 4688
f 4823 4817 4818
f 4729 4730 4602
f 4881 4729 4851
f 5360 5348 5326
f 4852 4900 4707
f 4890 4751 4669
f 5392 5390 5389
f 5189 5182 5186
f 4881 4604 4605
f 5343 5344 5369
f 4607 4624 4625
f 5056 5055 5052
f 4850 4797 4798
f 3260 5399 5398
f 4855 4736 4899
f 5339 5343 5366
f 4789 4905 4808
f 5400 4040 3948
f 3872 3424 4046
f 4018 3423 3424
f 4025 4523 4172
f 4011 4023 4024
f 4065 4068 3900
f 3413 4012 4013
f 5056 5068 5069
f 5055 5056 5070
f 4062 5398 5399
f 5269 5289 5294
f 4685 4866 4903
f 5254 5242 5240
f 4606 4657 4658
f 4729 4881 4882
f 4030 4041 4043
f 4664 4752 4753
f 3575 3483 3904
f 3413 3410 3922
f 4949 4968 4955
f 4947 4937 4913
f 4849 4850 4894
f 4143 3974 3975
f 4912 4923 4932
f 3774 3771 3995
f 3956 3954 3342
f 4871 4872 4758
f 4270 4273 4272
f 4039 4040 5400
f 3555 3969 5402
f 5403 5404 3906
f 3908 4126 3823
f 4124 4121 5408
f 3901 3902 4046
f 4120 4117 5410
f 4124 3962 4125
f 5420 3906 5404
f 5424 4059 5425
f 3400 5429 5428
f 5432 5433 5435
f 4941 4942 4945
f 4935 4940 4949
f 3895 3898 3897
f 5426 5408 4121
f 5430 3905 3906
f 4045 4041 5398
f 5395 4693 5392
f 4846 4903 4701
f 4880 4709 4710
f 4624 4607 4608
f 4656 4690 4662
f 5305 5307 5309
f 5220 5223 5222
f 4230 4223 4327
f 5030 5073 5028
f 5213 5212 5211
f 5440 3272 3269
f 4396 4397 3980
f 5447 5448 3244
f 3328 3330 5451
f 4208 4391 4248
f 4599 4620 4621
f 4528 4339 4391
f 4529 4228 4199
f 4526 4338 4339
f 4256 4235 5452
f 4532 5452 4241
f 3834 4400 5446
f 5443 5445 5444
f 4530 4247 4334
f 4754 4886 4904
f 4229 4228 4381
f 4205 4382 4383
f 4892 4998 4987
f 4039 4032 3976
f 4738 4780 4796
f 4833 4835 4897
f 4232 4527 4200
f 4194 4240 4241
f 4889 4794 4750
f 4194 4191 4365
f 4531 4383 4195
f 5043 5042 5062
f 4182 4332 4561
f 5446 5447 3241
f 5237 5239 5248
f 4206 4334 4382
f 5210 5211 5218
f 3426 3922 3417
f 4216 4191 4192
f 4219 4210 4184
f 4180 4561 4380
f 4327 4595 4591
f 4223 4230 4231
f 4215 4192 4360
f 4186 4568 4218
f 4190 4330 4209
f 4223 4220 4595
f 4326 4591 4328
f 4366 4389 4568
f 4570 4548 4549
f 4579 4573 4548
f 4563 5453 4533
f 4583 4595 4220
f 4586 4380 4561
f 4239 4196 4363
f 4572 4571 4567
f 4536 4539 4585
f 4538 5453 4566
f 4536 4533 5453
f 3573 3986 3983
f 5427 3963 3552
f 4553 4587 4588
f 4593 4554 4555
f 4368 4365 4183
f 4361 5452 4235
f 4233 4369 4527
f 4233 4230 4324
f 4212 4209 4330
f 4237 4324 4325
f 4193 4241 5452
f 4983 5015 4885
f 5002 4995 4986
f 5074 5077 5076
f 4698 4699 5391
f 5391 4699 5390
f 4871 4899 4650
f 4546 4857 4543
f 4553 4550 4901
f 4552 4588 4555
f 5223 4804 4805
f 5386 5382 5383
f 5317 5315 5371
f 3240 3237 4429
f 5384 5385 5381
f 3938 3217 3218
f 3942 3943 5455
f 5361 5385 5386
f 4542 4540 4541
f 3910 5430 5420
f 3939 3333 4060
f 3851 5350 5351
f 3838 5427 3556
f 4547 4858 4857
f 5442 5443 4050
f 3385 3874 5428
f 4257 4234 4235
f 5312 5212 4893
f 4212 4203 4204
f 3854 3849 5461
f 4226 4184 4210
f 4202 4177 4178
f 3316 3983 3897
f 5464 5465 4432
f 5465 5466 3883
f 4472 4469 4449
f 4501 4472 4450
f 4074 4075 4080
f 5473 5474 5401
f 4173 4172 5475
f 3432 3429 3520
f 3462 5505 5504
f 4075 4501 4494
f 5482 5481 3387
f 5468 5471 5470
f 3427 5421 5422
f 4498 4499 4487
f 5403 3824 5414
f 3382 5523 5522
f 3492 5512 5511
f 3429 3434 3517
f 3873 5522 5524
f 5480 5479 3350
f 3477 5508 5505
f 4507 4508 5544
f 4396 5550 5551
f 3374 5552 5553
f 3373 5553 5554
f 5479 4521 4063
f 3390 5554 5555
f 5531 5525 5566
f 3368 5568 5567
f 5556 5557 5560
f 3393 5555 5557
f 4433 3364 5463
f 5464 5463 5458
f 4435 4437 4439
f 4055 4393 3277
f 3273 3278 3911
f 3395 3357 3358
f 5486 3894 4071
f 5526 4455 4453
f 5525 5570 5569
f 5568 3526 3527
f 3527 3362 3847
f 3365 5461 3849
f 5462 3849 3850
f 4435 4436 5571
f 3378 3379 3943
f 5573 5578 5577
f 4438 5455 3943
f 5477 5574 5579
f 5582 5581 5580
f 5583 5580 5581
f 5586 5585 5588
f 4074 5472 5586
f 5583 5585 5474
f 4507 5589 5590
f 5573 5478 4522
f 3989 5595 5596
f 5594 3406 3407
f 4436 3381 5572
f 5591 3990 3991
f 4507 4475 4476
f 3990 5591 5587
f 5578 3409 3406
f 5595 3989 5584
f 5484 3394 3358
f 4441 4442 5467
f 5472 4074 4077
f 5522 5599 5570
f 5486 3358 3353
f 5481 4498 3386
f 3475 5506 5492
f 5476 4523 3899
f 5540 5541 5606
f 5542 5540 5603
f 5608 5543 5542
f 5608 5607 5545
f 5607 5603 5609
f 5599 5600 5548
f 5598 5592 5543
f 5595 5594 5593
f 5588 5584 3989
f 5626 3265 3266
f 5627 3266 4448
f 5469 4449 4469
f 4515 4517 5625
f 4503 4473 4474
f 4481 5626 5627
f 4500 5628 5469
f 3414 4468 5466
f 5594 5595 5581
f 3376 3377 4430
f 3444 3944 3941
f 5572 3944 3444
f 4273 4286 4287
f 4345 4356 4357
f 4386 4304 4305
f 4517 4462 4463
f 4352 4349 4319
f 4352 4250 4251
f 4268 4277 4390
f 4264 5629 4320
f 4346 4387 4282
f 4337 4335 4343
f 4289 4244 4245
f 4303 4378 4287
f 4343 4290 4291
f 4284 4333 4244
f 4375 4519 4291
f 4379 4319 4271
f 4337 4353 4348
f 4524 4525 4295
f 4364 4362 4197
f 4285 4282 4390
f 5206 5209 5208
f 4297 5629 4371
f 4346 4283 4286
f 4285 4300 4333
f 3571 3572 4395
f 5341 5340 5339
f 5346 5345 5334
f 5269 5261 5273
f 4510 4509 5609
f 4509 4474 5545
f 4445 4446 5611
f 5566 5569 5568
f 5349 5336 5338
f 5489 5490 3401
f 5565 5566 3368
f 5496 5497 5417
f 5523 3382 3383
f 5325 5338 5347
f 5523 5600 5599
f 5429 3400 3401
f 3887 5632 5631
f 5634 5613 5600
f 5276 5280 5279
f 5298 5297 5257
f 5087 5086 5085
f 3361 3526 5612
f 5041 5061 5066
f 5487 5488 3383
f 5101 5116 5130
f 5299 5298 5300
f 5333 5336 5335
f 5302 5305 5304
f 5234 5247 5216
f 5301 5256 5255
f 4868 5318 5322
f 5281 5278 5277
f 5323 5321 5322
f 5298 5284 5296
f 4885 4829 4750
f 5231 5230 5196
f 4625 4626 5313
f 5111 5113 5085
f 5600 5613 5549
f 5531 5564 5563
f 5165 5166 5182
f 5283 5280 5285
f 4269 4276 4277
f 5610 5609 5603
f 5127 5090 5091
f 4907 5095 5125
f 5277 5278 5272
f 5596 5593 5592
f 5212 5312 5226
f 5273 5261 5262
f 5302 5301 5258
f 5635 5646 5645
f 4250 4352 4379
f 4485 4136 3405
f 4354 4026 4023
f 4265 4262 4304
f 4388 4390 4282
f 4345 4342 4384
f 4362 4364 4297
f 4836 4765 4612
f 4360 4361 4236
f 4369 4233 4237
f 5647 5636 3986
f 5650 3965 3192
f 5337 5338 5336
f 4467 4478 4477
f 4253 4377 4340
f 4429 3416 5457
f 3997 4133 3915
f 5535 3856 3839
f 5538 5541 4460
f 3439 3376 5571
f 5570 5525 5526
f 3438 5571 5572
f 4440 4468 3879
f 3440 5665 4407
f 3886 5685 5695
f 5534 5529 5396
f 5685 3886 3471
f 4278 4198 4301
f 5628 4448 4449
f 3579 3537 3538
f 4480 5627 5628
f 4402 5499 5517
f 4279 4197 4198
f 3603 3534 3532
f 3580 3594 4088
f 4095 3530 3531
f 5248 5249 5251
f 3778 3819 3999
f 4617 4618 4613
f 4375 4275 4372
f 3411 3405 4136
f 5094 5106 5111
f 3602 3532 3535
f 4023 4011 4350
f 4349 4352 4336
f 3605 3535 3536
f 4469 4472 4471
f 4094 3531 3593
f 4248 4249 4245
f 3519 5521 5518
f 5254 5296 5284
f 4852 4853 4795
f 4265 4371 5629
f 5632 5499 5503
f 3604 3611 3612
f 5549 5501 5502
f 3653 3606 3607
f 4780 4738 4873
f 4988 4989 4979
f 4491 5625 5626
f 4837 4904 4995
f 4615 4612 4765
f 5468 4469 4470
f 3514 3470 3467
f 5491 5680 4409
f 4093 3618 3619
f 4364 4320 5629
f 3488 5510 5509
f 5606 5539 5611
f 4210 4219 4189
f 4600 4603 4602
f 5242 5215 5198
f 5073 5074 5075
f 5651 5657 3940
f 3996 3541 3775
f 5200 5203 5202
f 5525 5531 5527
f 3364 4433 4434
f 3775 3541 3542
f 3941 3833 5485
f 3731 3706 4105
f 4997 5000 4999
f 4508 5598 5608
f 4101 4099 3818
f 3728 4109 4103
f 4591 4593 4592
f 4539 4536 4538
f 4550 4553 4552
f 4541 4566 4567
f 4389 4579 4570
f 4582 4583 4580
f 4976 4979 4978
f 4705 4708 4707
f 4797 4850 4843
f 3713 3729 3730
f 4675 4647 4702
f 4977 4978 4981
f 4810 4818 4817
f 4786 4811 4812
f 4715 4631 4628
f 4978 5016 5021
f 5010 5009 5006
f 3722 3743 4162
f 4558 4557 4560
f 4568 4570 4569
f 4584 4578 4535
f 4641 4631 4715
f 5026 5014 5012
f 4776 4777 4745
f 4714 4628 4712
f 4982 4996 5001
f 4576 4577 4560
f 4564 4567 4566
f 5069 5013 5018
f 5057 5052 5048
f 4810 4812 4811
f 3710 4158 3786
f 4991 4992 4999
f 5011 5009 5010
f 5008 5020 5022
f 5066 5067 5063
f 5047 5037 5024
f 5050 5049 5051
f 5023 5021 5016
f 5045 5044 5059
f 5047 5025 5026
f 3711 3712 3724
f 5048 5035 5037
f 5042 5040 5063
f 5058 5053 5051
f 5036 5038 5046
f 3715 3699 3700
f 5235 5256 5257
f 3732 3729 3704
f 5030 5031 5062
f 5020 5021 5023
f 5263 5262 5261
f 5049 5050 5044
f 5236 5248 5250
f 5031 5030 5027
f 5043 5038 5039
f 5320 5313 5329
f 5049 5048 5052
f 5326 5319 5317
f 3264 3261 3288
f 5264 5265 5263
f 4998 4999 4992
f 5009 5011 5020
f 5036 5032 5039
f 5032 5035 5034
f 4355 4317 3949
f 4269 4266 4374
f 4253 4250 4378
f 4525 4524 4252
f 3960 4112 4111
f 4372 4275 4258
f 5681 5672 5673
f 4378 4379 4272
f 4270 4347 4346
f 3244 5448 5644
f 4899 4703 4648
f 3734 3732 3702
f 4138 3346 3343
f 4192 4193 4361
f 3813 4001 3812
f 3817 3695 3696
f 5668 5683 5682
f 5690 5691 5687
f 5499 5632 5700
f 3999 3819 3820
f 3745 3742 4102
f 5684 3471 3472
f 5702 3859 3860
f 5712 5713 5693
f 3249 3277 4393
f 5695 5683 5715
f 5694 5715 5716
f 5719 3972 5601
f 4918 4919 4950
f 4774 4742 4743
f 5505 4415 4411
f 3583 3584 3585
f 3710 3687 4157
f 5513 5725 4417
f 5704 3563 4146
f 4141 4045 4062
f 5669 5689 5688
f 3898 3895 5653
f 5718 3973 3972
f 5684 5687 5686
f 3917 4131 5717
f 3463 5666 5662
f 5492 5506 5680
f 4931 4930 4950
f 5665 3440 3441
f 3788 3717 3740
f 3501 3502 3529
f 3569 3570 3477
f 5516 5728 5727
f 3564 3567 3566
f 3892 5405 5406
f 3962 4124 5407
f 4126 3908 4123
f 4116 3296 3287
f 3892 3887 5630
f 3824 3432 5413
f 4408 4409 5680
f 3969 3966 3978
f 4408 4413 3449
f 4414 3448 3449
f 3962 3261 3262
f 4425 5724 5616
f 4418 5725 5727
f 5716 5597 5575
f 5719 5720 5717
f 5698 5498 5692
f 3880 5621 4166
f 5652 3212 5520
f 5621 5623 4167
f 5679 4409 4410
f 3210 3209 3355
f 5622 5534 5451
f 5416 5417 5497
f 5729 5732 5731
f 5733 5734 3761
f 5735 5738 5737
f 5750 5752 5751
f 5744 5745 5740
f 5744 3770 3753
f 5753 5754 5730
f 5757 5758 5736
f 5731 5752 5765
f 5774 5777 5776
f 5790 5793 5792
f 5796 5786 5787
f 5817 5814 5819
f 5828 5831 5830
f 3725 4105 3751
f 4874 4734 4873
f 4700 4701 4903
f 4740 4820 4876
f 3199 3202 3201
f 4100 4102 4099
f 3749 3767 4108
f 3695 3817 3712
f 3378 3381 3380
f 5504 4411 4412
f 4405 4402 5518
f 5838 5839 5835
f 4705 4632 4712
f 5832 5831 5828
f 5697 5677 5678
f 3791 4006 4005
f 5848 5791 5794
f 3714 3700 3701
f 3995 4148 4042
f 3329 3326 3224
f 4005 3708 3705
f 4551 4762 4763
f 5855 5798 5808
f 5851 5795 5792
f 5803 5801 5858
f 5844 5843 5840
f 5762 5759 5743
f 5808 5809 5806
f 4012 3413 3426
f 5558 3513 3467
f 4550 4763 4720
f 4950 4951 4953
f 3885 3886 5694
f 5705 5706 4081
f 5508 4417 4415
f 3745 3759 3760
f 5507 4412 5680
f 3592 3536 3588
f 3895 5434 5658
f 5613 5500 5501
f 3834 3830 4393
f 5527 4454 4455
f 5775 5806 5809
f 5766 5767 5813
f 5858 5811 5812
f 5855 5815 5811
f 5863 5820 5819
f 5826 5859 5863
f 5862 5866 5833
f 5870 5871 5837
f 5782 5783 5831
f 5868 5838 5836
f 5778 5779 5843
f 5866 5870 5845
f 5785 5864 5867
f 5790 5788 5789
f 5796 5797 5794
f 5821 5818 5819
f 5657 5651 5620
f 5793 5849 5852
f 5855 5858 5801
f 5853 5847 5786
f 5804 5805 5802
f 5827 5867 5864
f 5767 5768 5821
f 5854 5857 5776
f 5860 5817 5818
f 5782 5832 5825
f 5781 5778 5844
f 5810 5811 5815
f 5867 5827 5830
f 5809 5808 5798
f 5828 5829 5863
f 5865 5841 5838
f 5801 5803 5802
f 4086 5707 3795
f 5779 5780 5842
f 5827 5826 5829
f 5839 5872 5869
f 5814 5815 5855
f 5711 4132 3859
f 4958 4957 4917
f 5861 5818 5821
f 5863 5859 5812
f 5865 5868 5823
f 5873 5836 5837
f 5872 5839 5842
f 4089 3455 3563
f 3812 3787 3785
f 5770 5771 5787
f 5789 5786 5847
f 5793 5789 5846
f 4145 4147 4146
f 5848 5773 5790
f 3953 4008 4009
f 5748 5875 5874
f 4624 4627 4626
f 4665 4764 4752
f 4775 4780 4779
f 4746 4670 4671
f 4637 4600 4601
f 4828 4612 4613
f 4704 4763 4762
f 4843 4845 4727
f 4543 4717 4725
f 4731 4864 4863
f 4723 4594 4558
f 4842 4846 4840
f 4717 4543 4857
f 4865 4868 4867
f 5841 5865 5866
f 4725 4726 4540
f 4798 4799 4816
f 4632 4635 4634
f 4720 4716 4715
f 4642 4645 4644
f 3754 4007 5874
f 4860 4761 4644
f 4674 4723 4722
f 4808 4809 4676
f 4721 4722 4822
f 5876 5878 5877
f 4836 4838 4840
f 4658 4661 4660
f 4826 4799 4800
f 4877 4782 4743
f 4948 4970 4971
f 4875 4739 4876
f 4954 4933 4934
f 5773 5770 5788
f 5825 5832 5833
f 5834 5837 5836
f 5834 5844 5845
f 3359 3362 3361
f 5732 5729 3756
f 3394 3397 3396
f 3766 3769 5741
f 5774 5809 5799
f 5805 5776 5857
f 5813 5821 5820
f 3969 3555 3964
f 5667 5668 5674
f 5729 5747 3792
f 3770 5744 5741
f 4741 4740 4739
f 4689 4737 4660
f 5772 5797 5787
f 5735 5733 3758
f 5850 5772 5773
f 5617 5528 3965
f 5799 5800 5854
f 5875 5748 5764
f 5840 5843 5842
f 5861 5768 5769
f 5807 5804 5853
f 5869 5781 5834
f 3765 3768 5739
f 5882 5884 5761
f 5881 5879 5887
f 5895 5896 5898
f 5907 5905 5906
f 5909 5907 5908
f 4234 4257 4526
f 3912 3927 3389
f 5934 8731 8730
f 8730 8731 5930
f 4920 4923 4922
f 8845 8847 8853
f 4141 4171 3404
f 3733 3705 3706
f 8849 8847 8848
f 4234 4237 4236
f 8863 8858 5919
f 3733 4002 4004
f 5908 5906 8859
f 8865 8866 8871
f 8859 8858 8863
f 5927 5924 5925
f 5911 5903 5904
f 8878 8871 8866
f 5635 5638 5637
f 5745 5744 5746
f 3552 3555 3554
f 8857 8889 8890
f 5924 5927 8860
f 3553 3557 3556
f 5919 5920 8861
f 8869 8865 8870
f 8873 8871 8878
f 8856 8857 8875
f 8862 8861 5889
f 8846 8845 8844
f 8864 8863 8866
f 8729 8730 8883
f 8848 8846 8887
f 8878 8879 5888
f 8896 8854 8855
f 8853 8854 8896
f 8841 8842 5882
f 3489 3492 3491
f 8867 8859 8864
f 5910 5908 8867
f 5914 5910 8898
f 5916 5914 8899
f 5889 8861 8860
f 8876 8878 8893
f 5918 5916 8900
f 4424 5722 5726
f 8904 8903 8900
f 8909 8908 8904
f 8908 8907 8903
f 8869 8909 8905
f 3632 3668 3667
f 3687 3690 3689
f 3636 3682 3681
f 3664 3641 3639
f 4304 4307 4306
f 8909 8869 8891
f 3681 3696 3695
f 3758 3761 3760
f 3684 3701 3700
f 3721 3724 3723
f 3941 3944 3943
f 3738 3741 3740
f 3687 3710 3709
f 3238 3239 3938
f 4249 4303 4288
f 4499 4498 3344
f 4240 4194 4368
f 3453 3451 3951
f 4401 3971 3547
f 3950 3951 3451
f 3702 3704 3701
f 3725 3728 3727
f 3194 3207 3208
f 4034 4035 4461
f 3914 3348 3913
f 3483 3575 3533
f 3191 3958 3957
f 4292 3489 3970
f 3909 3910 3428
f 3959 3960 3866
f 4017 4308 4309
f 4316 4318 4008
f 4448 4451 4450
f 4414 4415 4417
f 3435 3430 3351
f 4413 4411 4415
f 3899 3902 3901
f 3780 3781 3648
f 3474 3471 3886
f 3958 3191 3192
f 3221 3223 3935
f 3905 3908 3907
f 3913 4488 4486
f 4420 4422 4421
f 3881 3884 3883
f 4004 3788 3790
f 4271 4319 4318
f 4259 4297 4296
f 3501 4003 4066
f 5897 5898 5900
f 5901 5902 5904
f 8854 8849 8856
f 3789 3785 3786
f 3651 3648 3781
f 5924 5899 5901
f 8870 8871 8873
f 8876 8877 8874
f 5912 5917 5918
f 3805 3918 3799
f 3369 3370 3395
f 3923 3926 3925
f 3916 3917 3512
f 3641 3664 3801
f 4276 4269 4323
f 4181 4229 4331
f 4428 4430 3377
f 3495 4425 4321
f 4436 4435 3380
f 4430 4428 4437
f 3945 3957 3958
f 4065 3901 4047
f 4495 4497 3408
f 8913 8912 8915
f 8911 8910 8917
f 8889 8922 8923
f 8919 8935 8931
f 8884 8914 8918
f 8922 8921 8931
f 5852 5907 5909
f 5866 5862 5915
f 8926 8918 8914
f 8914 8884 8883
f 8886 8919 8921
f 5846 5847 5894
f 5873 5902 5900
f 8893 5888 5764
f 8894 8893 5754
f 5890 8860 5927
f 5885 8896 5755
f 5871 5904 5902
f 5763 8936 5883
f 5880 5890 8936
f 4175 4176 4398
f 4274 4254 4255
f 8883 8730 5931
f 8868 8905 8898
f 3289 4059 3247
f 3858 3855 5485
f 8850 8848 8886
f 4116 4120 5409
f 3889 5406 4127
f 3678 3679 8938
f 8857 8850 8888
f 3979 3551 3294
f 4126 3352 3431
f 3651 4000 3679
f 3460 3858 5921
f 4084 3309 3310
f 8905 8904 8899
f 3561 3327 5397
f 3213 3965 5528
f 4191 4194 4193
f 5449 5450 5532
f 4142 3975 4031
f 4060 3947 5652
f 4480 4483 4482
f 5519 5520 3212
f 5657 5451 3330
f 4473 4476 4475
f 3514 3515 5668
f 5663 5670 5669
f 8881 5929 5926
f 5734 5733 5749
f 4788 4789 4677
f 3997 3996 3538
f 3551 3486 3310
f 3577 3578 3998
f 4893 4697 4676
f 4753 4751 4671
f 8729 8884 8885
f 3813 3703 9021
f 8938 4001 3813
f 8882 5931 5929
f 4098 5701 3820
f 3399 5405 5416
f 5494 5495 5503
f 5880 5877 5878
f 4986 4673 4861
f 4999 5000 5004
f 4985 5001 4988
f 5816 5769 5766
f 4372 4370 4384
f 5688 5691 5692
f 8903 8902 8901
f 8879 8862 5887
f 8902 8881 8880
f 5919 5893 5895
f 4519 4384 4342
f 8847 8849 8854
f 5925 5901 5903
f 4021 3899 4523
f 5678 5677 5676
f 4424 3843 4085
f 5701 3576 3577
f 5928 5925 5926
f 5000 5005 4980
f 9022 4147 3545
f 9024 9025 5409
f 4008 4011 4010
f 3931 3234 4516
f 3822 3806 3807
f 8851 8852 8844
f 5728 5516 5509
f 9025 9023 4115
f 5209 5200 5201
f 4820 4740 4653
f 3988 5596 5598
f 3370 3911 3357
f 5639 5642 5641
f 5592 4511 4477
f 3378 3944 5572
f 5625 4463 3265
f 5594 5582 5577
f 3302 5649 5645
f 3274 3277 3278
f 5207 5208 5233
f 5071 5070 5072
f 4815 4814 4785
f 4796 4802 4643
f 3243 3244 5643
f 5301 5302 5303
f 5431 3562 5655
f 5251 5249 5244
f 3353 3427 3523
f 4174 3404 3405
f 3546 4114 4113
f 4002 3789 3788
f 4196 4239 4238
f 3232 5646 5647
f 4373 4374 4266
f 4867 5322 5321
f 5648 4054 4058
f 4455 4070 3893
f 5593 3407 4511
f 5275 5265 5252
f 5252 5265 5274
f 4092 3619 3624
f 3723 3742 3743
f 4780 4775 4802
f 4059 3289 3560
f 4317 4355 4347
f 5188 5190 5192
f 5570 5599 5612
f 3385 5429 5633
f 3526 5568 5569
f 3576 5701 3608
f 3581 3542 3594
f 5239 5237 5238
f 5081 5079 5083
f 4369 4526 4528
f 4325 4326 4329
f 3569 3285 3286
f 9022 9026 4112
f 3661 3662 3801
f 5074 5073 5030
f 5064 5062 5063
f 3563 3497 3498
f 3961 5407 4119
f 4854 4853 4870
f 5018 5007 5028
f 5007 5008 5027
f 5040 5042 5039
f 3240 3375 3875
f 5070 5069 5029
f 3504 3481 3866
f 3537 3579 3591
f 5033 5041 5039
f 4710 4638 4635
f 5017 4979 4989
f 5024 5037 5046
f 4991 5006 5019
f 4587 4553 4574
f 4996 4982 4793
f 5066 5061 5059
f 5221 5230 5231
f 5068 5056 5057
f 3675 3676 3643
f 3663 3674 3675
f 4722 4558 4559
f 3579 3576 3590
f 3686 3676 3677
f 4422 4420 3499
f 5142 5141 5138
f 5078 5071 5075
f 3609 3589 3590
f 3288 3961 5411
f 5424 9024 5410
f 5152 5144 5156
f 3960 5704 5709
f 4946 4956 4957
f 3867 3903 5705
f 9026 9022 4113
f 5192 5193 5189
f 5161 5164 5194
f 3637 3698 3682
f 4392 5461 3847
f 3796 4114 4149
f 4104 3716 3727
f 3594 3595 3993
f 3796 3793 4134
f 3687 3688 4156
f 3760 3761 4164
f 4464 3344 3345
f 3485 3528 3868
f 3846 3845 5423
f 3409 4520 4496
f 3767 3768 3765
f 3711 3721 4159
f 3797 4132 4087
f 4072 4069 5562
f 4502 4076 5590
f 5408 5426 9027
f 5683 5695 5714
f 5702 3772 4110
f 5623 4042 4148
f 5428 3874 3525
f 3668 3803 3802
f 4000 4001 8938
f 4221 4222 4179
f 4267 4268 4388
f 3721 3722 4161
f 3903 5659 5706
f 3583 3580 4090
f 3894 5486 3524
f 4635 4638 4636
f 4173 5401 4009
f 4890 4666 5393
f 5290 5291 5293
f 5339 5340 5337
f 5458 5459 4438
f 3251 5419 5430
f 3252 5418 5419
f 3428 5420 5421
f 3571 5426 5418
f 4583 4582 4554
f 4239 4367 4224
f 3322 3898 5450
f 5309 5310 5306
f 4109 3728 3748
f 5707 3865 3794
f 5139 5184 5183
f 5271 5270 5290
f 5280 5283 5282
f 5110 5107 5125
f 5319 4864 4731
f 5334 5343 5339
f 5423 3522 3523
f 5376 5377 5378
f 4721 4681 4646
f 3719 4158 4159
f 4853 4854 4692
f 5373 5372 5330
f 4428 5457 5456
f 5376 5329 5328
f 3337 3367 4434
f 4692 4693 5395
f 5475 4172 4523
f 5478 3900 4068
f 5421 5404 4129
f 5374 5373 5375
f 5283 5299 5306
f 5246 5247 5234
f 5154 5149 5150
f 4458 5562 5561
f 5163 5159 5158
f 5381 5374 5378
f 3397 3394 5484
f 4457 5561 5563
f 5147 5143 5150
f 4474 4475 5544
f 5325 5318 5319
f 5223 5394 5388
f 5517 5700 3521
f 4499 5480 3347
f 5404 5403 4128
f 3476 5507 5506
f 4084 5516 5515
f 3900 5478 5477
f 5536 5564 5547
f 5491 5498 5493
f 5474 5472 4139
f 4063 4521 4522
f 4459 4460 5541
f 5548 5549 3360
f 5444 5445 5550
f 3888 3889 5415
f 5546 5547 3339
f 5536 5539 5538
f 3570 5513 5508
f 4471 4502 5589
f 4280 3848 3359
f 5499 4402 4403
f 5189 5193 5169
f 5543 4477 4478
f 4051 5551 5552
f 3461 5504 5507
f 4629 4630 4870
f 5106 5094 4909
f 5286 5281 5279
f 5462 5463 3364
f 3491 5511 5514
f 5224 5220 5231
f 4478 4459 5540
f 4099 4102 3742
f 4803 4806 4805
f 4130 5423 5422
f 4470 4471 4476
f 4924 4925 4921
f 4920 4921 4927
f 4993 4986 4987
f 4887 4888 4913
f 3894 3893 4070
f 5472 5474 5585
f 3508 4135 4134
f 3603 3600 4096
f 3772 3773 3992
f 5712 5664 5671
f 3739 3718 4162
f 5683 5668 3515
f 5480 4465 4495
f 5698 5699 5493
f 3578 3538 3996
f 3645 3646 4154
f 5660 3904 3466
f 4135 9026 5710
f 5587 5591 4073
f 5687 5689 5693
f 3584 3583 4091
f 5585 5583 5584
f 4128 5414 5415
f 4257 4254 4338
f 4222 4231 4178
f 4366 4365 4191
f 5098 5099 5091
f 5761 5757 5737
f 5760 5737 5738
f 8852 8842 5934
f 8874 8877 8855
f 8895 8897 8855
f 5884 5882 8842
f 4557 4554 4582
f 8890 8923 8917
f 8918 8926 8930
f 8924 8926 8915
f 4182 4181 4330
f 3864 5708 5711
f 3574 3317 3230
f 3342 3954 3415
f 3488 3486 3549
f 4317 4316 3953
f 3672 3659 4152
f 5708 3864 3865
f 9021 3703 3685
f 3621 3618 3616
f 5728 4422 4419
f 4311 4027 4028
f 4131 3917 3543
f 4426 3496 3842
f 4518 3956 4168
f 5457 5465 5464
f 5425 3560 3558
f 5458 4439 4437
f 3416 3414 5465
f 5638 9028 5437
f 3985 3986 5636
f 5646 5635 5636
f 9023 9025 3554
f 5722 5510 5514
f 3256 3933 3934
f 4164 3761 5734
f 8885 8918 8920
f 3282 3932 3929
f 3292 4394 3320
f 3232 3229 3300
f 3303 3236 3271
f 3562 5431 5432
f 3392 3387 3388
f 3854 5922 5350
f 5463 5462 5459
f 5935 3474 3885
f 3879 3415 3954
f 3928 3372 3391
f 4137 5559 4458
f 5454 5455 3850
f 3548 3490 3549
f 4443 4500 5470
f 4452 4505 4506
f 4468 3414 3415
f 4443 4440 3876
f 3234 3235 4515
f 5434 3895 3896
f 5448 5440 5441
f 5447 5446 5443
f 4442 5470 5471
f 5550 4056 3275
f 5578 5573 4520
f 3464 5667 5666
f 4701 4627 4839
f 3259 5398 4041
f 4015 4012 3423
f 3558 3323 3982
f 4856 4894 4823
f 4741 4652 4653
f 3759 3745 4106
f 3560 3289 3290
f 9024 5424 3557
f 5438 3279 3280
f 3321 3283 3290
f 5557 5483 4072
f 5553 3369 3396
f 4045 4141 4174
f 4539 4845 4849
f 3536 3480 3503
f 5478 5573 5574
f 3800 3797 3510
f 4755 4883 4886
f 5561 4454 5527
f 5752 5731 5732
f 5752 5750 5756
f 3518 5492 5493
f 3767 3762 4107
f 3534 3603 4097
f 4395 3572 3826
f 3926 4052 3371
f 4446 4510 5610
f 4050 5444 3980
f 8887 8846 8843
f 5649 5639 5640
f 4643 4644 4761
f 3709 3787 3784
f 4778 4659 4660
f 5649 3302 4054
f 5646 3232 3301
f 3250 3251 3910
f 5884 5886 5757
f 5655 5656 5936
f 4224 4227 4226
f 4043 4044 3412
f 4286 4289 4288
f 4267 4311 4310
f 4493 4079 4080
f 3325 5432 3226
f 3925 3371 3372
f 4312 4315 4314
f 3996 3997 3540
f 8908 8911 8912
f 4023 4026 4025
f 3995 3890 3891
f 5482 5556 5559
f 4486 3420 3921
f 4300 4285 4302
f 5438 5642 5644
f 3233 3932 3282
f 3225 3228 3227
f 5446 4400 5445
f 5554 3396 3397
f 4834 4833 4830
f 4064 3349 3350
f 3596 3599 3598
f 5639 5649 5648
f 5434 5431 5654
f 4895 4896 4830
f 3674 3677 3676
f 3551 3979 3978
f 3835 3836 3305
f 3813 3810 3702
f 3691 3711 4160
f 4109 4100 4101
f 4565 4187 4188
f 3490 3548 3547
f 3672 3646 3647
f 8906 8907 8912
f 3810 3812 3811
f 4051 4052 4397
f 3566 3599 4090
f 5580 5475 5476
f 4456 4457 5537
f 5539 5536 5546
f 8844 5934 8729
f 8872 8873 8874
f 4383 4301 4198
f 4931 4926 4927
f 5529 5530 5397
f 5314 5321 5323
f 5347 5332 5323
f 4711 4709 4599
f 5387 5388 5389
f 5259 5290 5292
f 5195 4806 4803
f 5195 5104 4746
f 4639 4865 4866
f 4821 4818 4681
f 3421 4037 5399
f 4730 4863 4601
f 4807 4651 4811
f 4040 4037 3421
f 4844 4841 4800
f 3936 3933 3929
f 4894 4798 4817
f 5365 5370 5383
f 4657 4656 4661
f 5224 5206 4770
f 5368 5383 5382
f 5336 5349 5352
f 5353 5356 5386
f 4070 4455 4454
f 5396 5397 3327
f 5225 5226 5312
f 5384 5382 5386
f 5391 4694 4695
f 4407 4410 4409
f 4623 4620 4880
f 5356 5353 5352
f 4578 4584 4859
f 3239 3875 3217
f 3937 3218 3333
f 4578 4575 4534
f 5467 5471 4505
f 4836 4828 4826
f 4422 5728 5721
f 3392 3393 5556
f 5564 5531 5565
f 3807 3808 3663
f 5922 3854 4392
f 3680 3695 3692
f 3630 3633 3632
f 4416 4417 5725
f 4033 3305 3836
f 3238 3220 4168
f 3466 3904 3483
f 3678 3677 3650
f 3677 3674 3649
f 3340 3337 4431
f 3562 3561 5656
f 5658 5654 5938
f 3642 3643 3640
f 3306 3303 3334
f 3256 3253 3280
f 8910 8891 8892
f 5868 5900 5898
f 8924 8923 8922
f 8935 8930 8925
f 8882 8906 8913
f 8925 8930 8926
f 5852 5849 5905
f 5136 5128 5124
f 4243 4363 4260
f 5238 5227 5228
f 5642 5639 5643
f 3924 3925 3928
f 5412 3521 5700
f 3750 3752 3751
f 3746 3752 3770
f 3859 3798 3861
f 3972 3973 3493
f 5923 8860 8861
f 4945 4946 4958
f 3296 3293 3286
f 3824 5403 3907
f 3671 3629 4154
f 4137 3343 5481
f 3614 3654 3802
f 3283 3284 3559
f 4936 4935 4934
f 5511 5723 5726
f 4170 4169 3926
f 3572 4393 3830
f 3459 3447 3858
f 3496 4426 4425
f 3457 3950 3436
f 3984 3983 3986
f 3914 3389 3386
f 5512 5724 5723
f 4500 4443 4483
f 4501 4502 4471
f 4503 4506 4505
f 4143 4144 4461
f 3331 3329 3222
f 4016 4015 4018
f 3998 3775 3776
f 4114 3796 5710
f 4405 5678 4406
f 5602 5604 5720
f 4767 4803 4804
f 4929 4933 4954
f 4410 4407 5665
f 3888 5700 5632
f 4048 4049 3977
f 3947 3211 3212
f 5676 5677 3472
f 5782 5785 5784
f 4315 4312 4311
f 5699 5518 5521
f 5864 5785 5825
f 5826 5827 5822
f 5775 5776 5805
f 3236 3233 3270
f 5823 5868 5859
f 4957 4848 4895
f 8868 8864 8865
f 4281 4392 3848
f 4940 4943 4971
f 4013 4014 4029
f 3685 3703 3701
f 4339 4340 4377
f 8891 8870 8872
f 3753 3750 3755
f 4427 4168 3220
f 3809 3806 3779
f 3568 4416 4418
f 3880 3987 3918
f 3543 3843 3842
f 4646 4649 4648
f 4656 4657 4597
f 4781 4876 4820
f 4972 4975 4974
f 5101 5102 5109
f 5095 5096 5115
f 5090 5127 5132
f 5131 5132 5134
f 5134 5132 5127
f 5117 5139 5140
f 3539 3862 3863
f 4006 3791 3792
f 5128 5091 5099
f 5097 5088 5089
f 5274 5266 5271
f 4571 4572 4569
f 4225 4531 4238
f 5156 5155 5170
f 4538 4541 4540
f 4622 4691 4665
f 4981 5011 5004
f 5012 4974 4975
f 5148 5147 5149
f 5157 5142 5133
f 5161 5155 5145
f 4261 4532 4242
f 5294 5295 5291
f 4255 4256 4532
f 5274 5259 5250
f 4246 4529 4207
f 3314 3924 3927
f 4670 4673 4672
f 4995 4904 4673
f 4638 4710 4603
f 4341 4295 4525
f 5163 5166 5165
f 4834 4783 4784
f 4784 4820 4682
f 4844 4843 4687
f 5280 5276 5275
f 4217 4572 4564
f 4554 4557 4556
f 4551 4552 4556
f 4549 4546 4544
f 5141 5142 5173
f 4653 4654 4683
f 4973 4974 4989
f 4984 5005 5015
f 5177 5172 5170
f 5166 5167 5181
f 5141 5184 5139
f 5178 5174 5151
f 5244 5202 5203
f 5252 5244 5245
f 4479 4031 4079
f 4402 4405 4404
f 3500 4418 4419
f 5856 5851 5909
f 4488 3913 3348
f 8851 8853 5885
f 3607 3608 5701
f 3508 3505 3503
f 5847 5858 5896
f 4374 4373 4309
f 3380 4439 4438
f 9025 9024 3553
f 5718 5717 4131
f 3300 3229 3283
f 5551 3275 3276
f 5552 3276 3369
f 5555 3397 5483
f 5859 5898 5896
f 4133 3793 3794
f 3606 3653 3652
f 4900 4852 4766
f 4616 4790 4789
f 3738 4165 4164
f 4774 4771 4642
f 4399 4485 3402
f 5853 5796 5795
f 3936 4518 4427
f 3418 3419 4064
f 5510 3488 3840
f 3270 3282 3279
f 3274 3275 4056
f 4359 4356 4305
f 4135 3508 3504
f 3610 3611 3609
f 3837 3556 3557
f 5940 3971 4401
f 5853 5804 5803
f 5725 5513 5515
f 3246 5410 4117
f 5713 5712 5672
f 4918 4961 4916
f 4148 3995 3771
f 5106 5105 5113
f 4147 9022 5709
f 5152 5172 5177
f 9026 4135 4111
f 5104 5195 5103
f 3531 3528 3485
f 3713 3716 3715
f 3699 3715 3815
f 4467 3345 4459
f 4703 4899 4736
f 5405 3399 3846
f 3555 3552 3963
f 4120 4116 5411
f 4217 4219 4185
f 3279 5438 5441
f 4944 4945 4959
f 4353 4337 4344
f 3815 3715 3716
f 3374 3371 4052
f 4491 4492 4516
f 5865 5824 5833
f 5819 5814 5856
f 5807 5851 5856
f 3933 3256 3281
f 3208 3205 3920
f 8907 8906 8902
f 5288 5308 5295
f 3728 3725 3747
f 3309 4084 4083
f 5119 5116 5101
f 3811 3785 3789
f 3595 3863 3992
f 4106 4102 4100
f 5696 5575 5576
f 3708 3755 3750
f 3744 3760 4165
f 5905 5891 5892
f 3403 4036 4175
f 4133 3997 3506
f 4147 4145 3544
f 3561 3562 3325
f 3237 3240 3239
f 4877 4878 4793
f 3241 3244 3243
f 3597 3624 3625
f 3279 3282 3281
f 3371 3374 3373
f 3599 3566 3567
f 3975 3976 4032
f 3277 3249 3250
f 3774 3564 3565
f 3658 3673 3780
f 4961 4962 4963
f 3600 3615 3616
f 4228 4229 4202
f 4011 4008 4318
f 4307 4304 4262
f 4838 4800 4841
f 4782 4783 4773
f 4914 4956 4946
f 4839 4609 4765
f 4771 4896 4645
f 4962 4965 4964
f 4966 4959 4963
f 3601 3612 3615
f 5878 5875 5879
f 5890 5880 5881
f 3720 3786 4158
f 4755 4756 4689
f 3740 3717 3718
f 5695 5685 5686
f 5740 5743 5742
f 5733 5735 5736
f 5755 5756 5750
f 5745 5763 5762
f 5798 5801 5800
f 4706 4880 4879
f 5651 5652 5619
f 5850 5794 5797
f 5804 5807 5806
f 4087 5708 5707
f 5915 5913 5914
f 5703 3860 4167
f 5893 5894 5896
f 5892 5893 5919
f 5706 5671 5664
f 5786 5789 5788
f 3973 4131 3841
f 4831 4832 4915
f 5906 5892 8858
f 4965 4967 4969
f 4684 4685 4846
f 3589 3609 3611
f 3596 3625 4150
f 5877 5880 5763
f 4121 4124 4123
f 3469 3465 3868
f 3204 3205 3208
f 3716 3713 3726
f 5460 9027 5426
f 3465 3469 3470
f 5738 5735 3764
f 4887 4654 4655
f 4203 4206 4205
f 3959 5705 4082
f 5758 5757 5886
f 5781 5869 5872
f 4675 4762 4723
f 3757 4164 5751
f 3334 3271 3272
f 8880 5926 5903
f 5615 5676 3473
f 5759 5761 5760
f 8845 8846 8848
f 5778 5781 5780
f 8857 8856 8849
f 4132 3797 3798
f 5839 5838 5841
f 560 1899 3187
f 5747 5874 4007
f 5928 5930 8840
f 5766 5769 5768
f 4848 4957 4956
f 4953 4968 4967
f 4832 4897 4910
f 5879 5764 5888
f 3598 3567 3530
f 5747 5729 5730
f 5754 5764 5748
f 5810 5813 5812
f 5758 5755 5749
f 4315 4388 4387
f 5917 5915 5916
f 5913 5909 5910
f 5930 8731 8841
f 4951 4955 4968
f 3209 3210 3201
f 4059 5424 3246
f 8731 5934 8842
f 3776 3582 3585
f 5770 5773 5772
f 5891 5894 5893
f 9028 5638 5641
f 5814 5817 5816
f 5662 5675 5673
f 3522 3525 3524
f 5630 5631 5942
f 5791 5792 5795
f 5746 3753 3754
f 5928 5929 5931
f 5743 5760 5739
f 5876 5874 5875
f 3678 8937 9021
f 4200 4208 4207
f 4114 3546 3916
f 3601 3602 3605
f 3818 3724 3712
f 3315 3318 3317
f 5899 5900 5902
f 8840 8841 5883
f 5562 4458 5559
f 4416 3568 3448
f 3189 3192 3191
f 4751 4890 4747
f 4181 4182 4180
f 3832 3942 5454
f 3362 3527 3526
f 5678 4405 5699
f 3497 3500 3499
f 448 1980 807
f 647 648 122
f 5690 3472 5677
f 4183 4186 4185
f 1833 1848 1780
f 5920 5895 5897
f 510 509 508
f 4401 3967 5944
f 5656 5397 5530
f 3970 3971 5940
f 5653 5658 5939
f 5450 5653 5946
f 3384 5633 5945
f 4403 4404 4299
f 5944 3967 3968
f 3963 5427 5951
f 5614 3473 3474
f 5427 3838 3857
f 3210 1949 1887
f 1887 15 3200
f 15 16 3197
f 16 3188 3195
f 3195 3188 3187
f 3194 3187 1899
f 3207 1899 375
f 387 173 126
f 3189 1791 1760
f 9029 763 757
f 763 9029 2172
f 9035 9034 9032
f 9033 9032 9031
f 9046 9049 9048
f 8751 9053 9054
f 9078 9076 9077
f 9083 9087 9051
f 9088 9089 9047
f 9099 9036 9040
f 9102 9034 9036
f 9105 9031 9032
f 9105 2176 9106
f 1801 1864 9108
f 9103 9032 9034
f 9096 9090 9047
f 1767 1768 9111
f 1597 9115 9113
f 1708 1707 9117
f 9123 9120 9119
f 9118 9119 9125
f 1588 1708 9116
f 2080 9123 9118
f 2082 9118 9124
f 9126 9129 9087
f 9129 9130 9088
f 5512 3492 5943
f 5634 3383 5488
f 5724 5512 5947
f 9134 9099 9097
f 9144 9103 9102
f 9133 9097 9096
f 786 9146 9144
f 9146 9105 9103
f 785 9144 9138
f 497 9138 9134
f 650 9134 9133
f 9148 564 9133
f 8756 9058 9057
f 9154 9151 9130
f 9151 9150 9131
f 9097 9040 9090
f 1799 9109 9111
f 5949 3968 3964
f 9160 9156 8809
f 8813 9162 9160
f 9166 463 564
f 9067 9058 9054
f 9162 9166 9148
f 9087 9088 9048
f 9081 9078 9079
f 9049 9052 9051
f 9082 9168 9167
f 9079 9077 9049
f 9169 9168 9175
f 9167 9115 9112
f 9168 9169 9177
f 9120 9117 9113
f 9120 9177 9169
f 9119 9169 9170
f 9179 9180 9125
f 9180 1576 9124
f 9178 9179 9170
f 1576 2101 2084
f 9179 9178 9183
f 3203 376 1387
f 3190 1387 1791
f 5618 2152 1949
f 317 240 259
f 2000 2176 9105
f 9053 9051 9052
f 9041 9040 9036
f 9029 758 756
f 9037 9036 9034
f 9130 9131 9089
f 3204 375 376
f 1801 9107 9109
f 9181 9187 9180
f 1575 9187 9190
f 9187 1575 1576
f 1776 1795 1796
f 1293 1294 1290
f 1326 14 1327
f 1294 1245 1234
f 878 1244 1330
f 5633 3401 5490
f 5933 3359 3360
f 5613 5634 5948
f 5604 5605 3844
f 3972 3494 5950
f 3494 3495 4322
f 4406 5676 5615
f 3492 3489 4292
f 5631 5503 5495
f 497 373 374
f 122 648 413
f 5624 5489 3398
f 9151 9154 9156
f 9058 8756 8752
f 9160 9162 9150
f 8815 9166 9162
f 9156 9126 8794
f 439 398 399
f 1512 1528 1526
f 1668 1741 1738
f 839 849 1362
f 1362 1357 826
f 3425 3417 3418
f 4905 5207 5243
f 4621 4622 4662
f 5582 5579 5574
f 4754 4757 4756
f 3902 3899 4021
f 9295 740 1896
f 2053 2054 2118
f 9340 9339 2120
f 696 697 9268
f 4922 4938 4939
f 4365 4366 4186
f 5105 5106 4862
f 5228 5227 5226
f 4781 4782 4877
f 5218 5227 5238
f 4990 4993 4992
f 4335 4337 4336
f 4993 4990 4972
f 4794 4793 4792
f 5886 5884 8852
f 5405 3892 5417
f 4669 4752 4764
f 4676 4697 4698
f 1826 1878 639
f 9192 9191 9181
f 5232 5228 5233
f 5418 4121 4122
f 956 885 886
f 5720 3844 3512
f 4728 4731 4730
f 8879 8866 8863
f 1980 806 1922
f 4969 4970 4966
f 33 34 105
f 9028 3253 3254
f 3837 3558 3839
f 4382 4300 4301
f 3908 3905 4122
f 4290 4295 4294
f 4400 3834 4055
f 3219 3222 3221
f 8894 8895 8877
f 4640 4736 4735
f 4389 4366 4216
f 3267 4479 4493
f 3268 3265 4463
f 5097 5111 5098
f 5094 5097 5096
f 5654 5655 5937
f 4089 5704 3960
f 5159 5163 5162
f 5202 5244 5249
f 5412 5415 5414
f 5715 3515 3516
f 5723 4426 4423
f 4263 4264 4323
f 3994 3529 3564
f 1343 1344 9308
f 3470 3514 5667
f 5659 5661 5671
f 3319 3828 4053
f 9359 2127 2128
f 1766 1581 1582
f 14 1326 2163
f 595 98 99
f 5703 3771 3772
f 5206 5224 5229
f 3437 3446 3458
f 5516 4084 3487
f 5122 5086 5087
f 3223 3297 3934
f 3979 9023 5402
f 3828 3319 3320
f 5663 3441 4081
f 4035 4489 4490
f 4426 5723 5724
f 3881 4452 4447
f 5407 5408 4118
f 5691 5688 5689
f 5661 5673 5672
f 5911 5918 8901
f 3902 4022 3871
f 5541 5538 5539
f 4069 4454 5561
f 3248 4394 3292
f 1346 1035 1044
f 748 1888 1425
f 3297 3228 3255
f 5445 4400 4056
f 5783 5784 5830
f 4310 4028 4376
f 5857 5854 5800
f 3882 5467 4452
f 3193 3208 3919
f 3190 3191 3206
f 4266 4269 4268
f 4488 3419 3420
f 3331 3939 3940
f 4282 4285 4284
f 4606 4608 4607
f 4628 4629 4708
f 4659 4732 4733
f 4615 4750 4829
f 4718 4714 4713
f 5722 4424 4421
f 3307 3462 3461
f 4686 4688 4634
f 3966 3548 3550
f 4738 4739 4875
f 3416 4429 3237
f 4527 4528 4208
f 5093 5121 5114
f 5124 5099 5086
f 5117 5118 5138
f 4631 4641 4640
f 5166 5163 5168
f 5185 5188 5187
f 5194 5190 5191
f 3245 4117 4118
f 5214 5215 5203
f 3230 3317 3318
f 5237 5234 5217
f 5250 5259 5258
f 5113 5112 5084
f 5270 5267 5269
f 4906 5125 5107
f 5271 5266 5267
f 5276 5277 5262
f 5153 5151 5174
f 5290 5270 5268
f 5306 5299 5303
f 5147 5148 5146
f 4585 4849 4856
f 3226 5435 5436
f 4473 4503 4504
f 5765 5756 8897
f 4529 4246 4247
f 8923 8924 8916
f 5713 5681 5682
f 3315 3897 3898
f 5564 5536 5537
f 4468 4440 4441
f 3738 3739 4163
f 4577 4859 4559
f 5567 3527 3366
f 3587 3584 4150
f 5471 5468 4504
f 5860 5769 5816
f 3516 3513 5558
f 5436 3985 5637
f 5050 5053 5083
f 5547 5565 3338
f 9023 3979 3295
f 5708 4087 4132
f 4104 3816 3814
f 3718 3719 4161
f 5498 5491 5679
f 3884 4431 4432
f 3955 4512 3877
f 4049 4062 4061
f 8892 8872 8875
f 4572 4217 4218
f 4440 4443 4442
f 4497 4511 3407
f 8906 8882 8881
f 5664 5712 5670
f 3751 4105 3706
f 3511 3735 3736
f 5129 5130 5116
f 5086 5099 5098
f 5135 5127 5128
f 5143 5146 5145
f 5168 5158 5136
f 5297 5241 5246
f 5164 5161 5160
f 5155 5161 5171
f 5137 5179 5167
f 5293 5308 5307
f 5513 3570 4083
f 4053 3828 3825
f 3228 3297 3298
f 3631 3632 3635
f 5689 5669 5670
f 5759 5762 5883
f 3793 4133 3507
f 4906 4908 4891
f 4719 4858 4901
f 3597 3598 4095
f 3352 4126 4125
f 9064 9057 9058
f 9076 9064 9067
f 9083 8766 8794
f 9131 9132 9096
f 9138 9102 9099
f 9154 9129 9126
f 9077 9067 9052
f 9053 8751 8766
f 9191 9190 9187
f 9082 9079 9046
f 9193 9175 9168
f 1284 1290 1288
f 9150 9148 9132
f 3841 3842 3496
f 3570 3569 3336
f 4027 4311 4312
f 4889 4876 4781
f 4041 4045 4044
f 4885 4884 4813
f 5419 4122 3905
f 4367 4368 4227
f 1778 1781 1780
f 1792 1759 1584
f 4308 4017 3869
f 4594 4723 4762
f 4767 4770 4769
f 5461 3365 3366
f 4763 4704 4716
f 4919 4918 4915
f 4300 4382 4334
f 5196 5199 5198
f 5158 5148 5135
f 5431 5434 5433
f 4545 4567 4571
f 4557 4558 4594
f 695 570 571
f 4156 4155 3626
f 4861 4673 4670
f 5681 5675 5674
f 5473 5475 5580
f 3622 3656 4152
f 5647 3573 3574
f 3674 3663 3808
f 4420 4145 3498
f 5675 5662 5666
f 3253 9028 5439
f 5870 5866 5917
f 8887 8920 8919
f 5862 5856 5913
f 3534 3593 3485
f 3313 4486 4484
f 9090 9193 9046
f 4871 4759 4695
f 3778 3777 3822
f 4889 4748 4874
f 4000 3783 3784
f 4897 4898 4911
f 3856 3857 3838
f 4772 4830 4896
f 4015 4016 4376
f 3433 3461 3476
f 4053 4054 3302
f 3367 5567 3363
f 3242 3829 3831
f 3441 3442 4082
f 4735 4736 4855
f 4756 4757 4737
f 3382 3385 3384
f 3698 3699 3697
f 4676 4679 4678
f 4948 4943 4941
f 4890 5394 4805
f 4757 4744 4745
f 4581 4221 4380
f 5716 3516 5932
f 4923 4920 4926
f 5077 5079 5081
f 5078 5082 5058
f 4009 5401 5400
f 5081 5082 5078
f 3930 3931 4513
f 4014 4376 4028
f 4025 4026 4020
f 3618 4093 4096
f 4581 4575 4576
f 4219 4217 4188
f 5440 5442 3335
f 5449 3982 3323
f 4229 4181 4177
f 4590 4213 4214
f 4227 4183 4184
f 4574 4901 4858
f 4565 4566 5453
f 4592 4555 4588
f 4590 4587 4573
f 3517 3518 5521
f 3845 5428 3522
f 4444 3340 3884
f 3982 5449 5533
f 4465 4466 4497
f 4520 4522 4521
f 4076 4073 5591
f 3635 3667 3666
f 3343 3344 4498
f 4022 4019 3870
f 3661 3607 4098
f 5691 5690 5697
f 3768 3766 5742
f 4514 3955 3956
f 3697 3815 3814
f 4394 3248 5460
f 4054 4053 4057
f 3284 3318 3323
f 4052 3926 4169
f 4447 4506 4510
f 4456 4460 3346
f 4483 3876 3877
f 4482 3877 4512
f 4492 4512 4513
f 5642 5438 5439
f 5448 5447 5442
f 5466 4441 3882
f 3340 4444 4445
f 8908 8909 8910
f 4397 4169 3835
f 5413 3520 3521
f 3234 3931 3932
f 5753 5765 8895
f 8896 8897 5756
f 8921 8922 8889
f 8915 8912 8911
f 3933 3936 3935
f 3620 3804 3657
f 3966 3969 3968
f 4905 4789 4769
f 3225 5436 5437
f 5433 3896 3984
f 5714 5686 5693
f 5435 3984 3985
f 3954 3956 3955
f 4713 4712 4632
f 4879 4635 4632
f 3983 3984 3896
f 9027 5460 3248
f 5871 5870 5912
f 5849 5846 5891
f 4702 4703 4640
f 4213 4590 4579
f 3644 3645 3688
f 9193 9090 9040
f 8920 8930 8935
f 5406 3846 4130
f 4140 5400 5401
f 5659 3903 3904
f 4772 4773 4783
f 4244 4247 4246
f 4061 5399 4037
f 3669 3804 3803
f 3459 3460 3209
f 4072 5483 5484
f 4835 4833 4834
f 5660 5662 5661
f 4262 4265 4264
f 3633 3630 3627
f 3685 3643 3676
f 4517 4515 3235
f 4145 4420 4085
f 5455 4438 5459
f 5638 5635 5640
f 3228 3225 3254
f 4044 4174 3411
f 3614 3615 3612
f 3273 3276 3275
f 4952 4962 4961
f 4959 4958 4960
f 4888 4655 4761
f 4254 4257 4256
f 4199 4202 4201
f 4499 4464 4465
f 5479 4495 4496
f 5952 5953 5954
f 5956 5957 5958
f 5959 5958 5960
f 5962 5963 5964
f 5966 5967 5968
f 5967 5970 5971
f 5963 5962 5961
f 5972 5965 5964
f 5974 5975 5976
f 5978 5979 5980
f 5982 5983 5984
f 5986 5987 5985
f 5988 5989 5990
f 5992 5993 5994
f 5996 5997 5998
f 6000 6001 6002
f 6004 6005 6006
f 6008 6009 6010
f 6012 6013 6014
f 6016 6017 6018
f 6020 6021 6022
f 6024 6025 6026
f 6028 6029 6030
f 6032 6033 6034
f 6036 6037 6038
f 6040 6041 6013
f 6042 6043 6044
f 5992 6046 6047
f 6048 6049 6050
f 6052 6053 6054
f 6056 6057 6058
f 6060 6061 5987
f 6062 6063 6064
f 6066 6067 6068
f 6070 6071 6027
f 6072 6073 6057
f 6075 6076 6077
f 6078 6079 6080
f 6082 6083 6054
f 6085 6078 6081
f 6087 6061 5990
f 6061 6087 6089
f 6089 6090 6091
f 6092 6091 6093
f 6095 5978 5981
f 6062 6082 6084
f 6097 6098 6035
f 6056 6049 6099
f 6100 6101 6102
f 6001 6000 6104
f 6107 6108 6109
f 6110 6111 6112
f 6114 6026 6025
f 6116 6117 6118
f 6120 6121 6122
f 6124 6125 6126
f 6128 6129 6101
f 6039 6130 6131
f 6132 6133 6134
f 6136 6137 6138
f 6139 6140 6141
f 6143 6144 6145
f 6148 6149 6150
f 6152 6153 6154
f 6155 6156 6157
f 6159 6160 6161
f 6163 6164 6165
f 6167 6168 6169
f 6171 6172 6173
f 6175 6176 6104
f 6178 6179 6180
f 6023 6182 6183
f 6184 6185 6186
f 6117 6116 6188
f 6190 6191 6192
f 6194 6070 6026
f 6195 6196 6191
f 6197 6198 6199
f 6201 6202 6203
f 6205 6206 6207
f 6209 6210 6201
f 6197 6200 6211
f 6212 6211 6213
f 5979 6215 6214
f 6203 6216 6217
f 6206 6199 6198
f 6218 5961 5962
f 5965 6220 6219
f 5972 3355 3354
f 6070 6194 6222
f 6224 6225 6226
f 6228 6229 6230
f 6232 6233 6234
f 6196 6195 6236
f 6071 6070 6223
f 6239 6240 6241
f 6243 6244 6245
f 6247 6073 6248
f 6250 6251 6252
f 6254 6255 6256
f 6258 6259 6260
f 6229 6262 6263
f 6264 6265 6242
f 6266 6267 6268
f 6270 6271 6272
f 6274 6275 6276
f 6195 6278 6279
f 6280 6278 6281
f 6283 6284 6285
f 6123 6122 6287
f 6289 6290 6291
f 6293 6294 6243
f 6240 6296 6297
f 6298 6299 6267
f 6300 6301 6302
f 6304 6305 6306
f 6251 6250 6308
f 6247 6310 6311
f 6313 6314 6315
f 6314 6313 6317
f 6319 6086 6320
f 6322 6087 6088
f 6216 6324 6258
f 6325 6326 6327
f 6217 6258 6261
f 6330 6071 6238
f 6071 6330 6048
f 6015 6332 6333
f 6079 6334 6335
f 6336 6294 6240
f 6294 6293 6296
f 6337 6338 6339
f 6341 6342 6343
f 6345 6346 6347
f 6266 6264 6349
f 6350 6351 6352
f 6295 6243 6246
f 6303 6355 6356
f 6357 6358 6359
f 6361 6362 6363
f 6365 6350 6353
f 6367 6368 6369
f 6371 6367 6370
f 6372 6373 6374
f 6375 6374 6373
f 6376 6377 6378
f 6379 6380 6381
f 6383 6384 6385
f 6387 6388 6389
f 6391 6392 6393
f 6395 6396 6397
f 6398 6399 6400
f 6399 6401 6402
f 6403 6402 6401
f 6405 6406 6407
f 6409 6410 6411
f 6367 6371 6413
f 6374 6375 6415
f 6417 6418 6384
f 6419 6420 6348
f 6421 6422 6423
f 6425 6426 6400
f 6426 6427 6395
f 6393 6396 6428
f 6429 6430 6394
f 6390 6389 6431
f 6433 6434 6408
f 6435 6436 6437
f 6439 6440 6411
f 6392 6391 6441
f 6397 6392 6442
f 6401 6399 6444
f 6446 6447 6437
f 6448 6449 6450
f 6452 6453 6454
f 6442 6441 6456
f 6443 6442 6457
f 6444 6459 6460
f 6445 6444 6461
f 6463 6464 6462
f 6446 6445 6462
f 6466 6467 6468
f 6448 6451 6470
f 6453 6452 6472
f 6474 6475 6476
f 6478 6479 6480
f 6482 6483 6484
f 6486 6487 6488
f 6490 6491 6492
f 6493 6492 6494
f 6496 6497 6498
f 6500 6501 6502
f 6504 6505 6506
f 6508 6468 6509
f 6511 6512 6513
f 6499 6514 6515
f 6516 6517 6518
f 6520 6521 6522
f 6524 6507 6525
f 6507 6524 6527
f 6504 6527 6528
f 6528 6511 6508
f 6529 6530 6531
f 6342 6533 6534
f 6535 6347 6346
f 6347 6535 6537
f 6434 6538 6539
f 6539 6540 6405
f 6541 6542 6451
f 6543 6544 6470
f 6546 6478 6481
f 6499 6498 6548
f 6549 6550 6514
f 6551 6552 6553
f 6555 6556 6557
f 6403 6436 6423
f 6426 6425 6413
f 6415 6560 6428
f 6430 6429 6561
f 6434 6433 6420
f 6563 6564 6565
f 6404 6401 6445
f 6459 6444 6399
f 6455 6454 6388
f 6405 6450 6449
f 6540 6541 6450
f 6567 6495 6568
f 6570 6464 6463
f 6475 6474 6490
f 6458 6457 6571
f 6573 6571 6574
f 6576 6577 6578
f 6193 6192 6580
f 6582 6583 6584
f 6583 6582 6586
f 6588 6589 6587
f 6590 6069 6068
f 6592 6593 6594
f 6251 6310 6595
f 6304 6596 6597
f 6272 3735 6599
f 3737 3736 6558
f 6600 6161 6160
f 6123 6602 6603
f 6604 6605 6606
f 6608 6205 6208
f 5972 6221 6220
f 6610 6611 6612
f 6613 6614 6615
f 6242 6617 6618
f 6226 6619 6245
f 6620 6621 6622
f 6624 6143 6146
f 6626 6213 6211
f 6627 6628 6629
f 6631 6632 6633
f 6235 6635 6636
f 6637 6638 6639
f 6641 6625 6286
f 6643 6644 6645
f 6647 6648 6649
f 6244 6243 6294
f 6336 6651 6652
f 6194 6196 6237
f 6196 6194 6114
f 6115 6192 6191
f 6653 6654 6655
f 6657 6117 6189
f 6117 6657 6659
f 6130 6157 6156
f 6133 6152 6151
f 6661 6111 6662
f 6663 6613 6616
f 6664 6270 6273
f 6418 6417 6432
f 6290 6325 6328
f 6666 6557 6556
f 6557 6666 3805
f 5971 6667 6668
f 6181 6669 6670
f 6671 6672 6673
f 6676 6673 6672
f 6675 6150 6149
f 6067 6066 5999
f 6677 6678 6679
f 6681 6682 6683
f 6087 6322 6090
f 5983 5982 6685
f 5982 6094 6687
f 6094 6093 6688
f 6211 6200 6137
f 6689 6690 6691
f 6690 6689 3833
f 6001 5983 6686
f 5978 6693 6215
f 6694 6693 5978
f 5974 6694 6095
f 6183 6182 6696
f 6698 5959 5961
f 5959 6698 6699
f 6697 6696 6700
f 6702 6629 6703
f 5968 6668 6705
f 6706 5977 5955
f 6707 6618 6617
f 6024 6051 6709
f 6402 6403 6559
f 3852 6711 6712
f 3856 6594 6593
f 5977 6706 6694
f 6713 5955 5977
f 6714 6715 6716
f 6718 6719 6308
f 6720 6255 6254
f 6722 6723 6724
f 6312 6311 6726
f 6069 6590 6728
f 6319 6594 6730
f 6731 6645 6644
f 6732 6733 6734
f 6046 6053 6320
f 3880 3805 6666
f 6736 6737 6738
f 6531 6740 6741
f 6300 6356 6614
f 6742 6532 6325
f 6743 6742 3891
f 6744 6302 6301
f 6746 6747 6534
f 6536 6576 6579
f 6535 6579 6563
f 6566 6538 6537
f 6538 6566 6409
f 6412 6540 6539
f 6412 6748 6541
f 6748 6749 6542
f 6749 6569 6545
f 6568 6750 6547
f 6751 6752 6548
f 6753 6754 6550
f 6755 6756 6757
f 6759 6760 6761
f 6763 6764 6765
f 6764 6620 6623
f 6766 6767 6768
f 6770 6771 6772
f 6774 6775 6776
f 6021 6774 6777
f 6723 6778 6779
f 6780 6781 6782
f 6784 6785 6786
f 6788 6789 6790
f 6185 6792 6793
f 6794 6722 6725
f 6729 6796 6098
f 6135 6797 6798
f 6799 6062 6065
f 6037 6801 6802
f 6005 6004 6588
f 6005 6803 6804
f 6052 6055 6010
f 6586 6582 6803
f 6092 5985 5987
f 6094 5982 5985
f 6096 6806 6695
f 6082 6062 6799
f 6657 6013 6041
f 6013 6657 6658
f 6795 6725 6807
f 6809 6810 6811
f 6813 6814 6815
f 6817 6818 6819
f 6821 6822 6823
f 6329 6209 6204
f 6202 6825 6826
f 6072 6099 6827
f 6598 6829 6305
f 6301 6300 6613
f 6830 6831 6271
f 6822 6779 6778
f 6326 6741 6832
f 6203 6826 6833
f 6027 6048 6051
f 6360 6834 6835
f 6836 6837 6838
f 6837 6840 6841
f 6362 6365 6366
f 6380 6385 6384
f 6421 6564 6578
f 6566 6565 6410
f 6394 6389 6388
f 6414 6422 6368
f 6371 6374 6416
f 6561 6560 6378
f 6382 6381 6562
f 6381 6384 6418
f 6389 6394 6430
f 6391 6388 6454
f 6441 6454 6453
f 6456 6453 6473
f 6495 6494 6750
f 6843 6575 6485
f 6844 6845 6843
f 6573 6845 6847
f 6849 6491 6487
f 6513 6753 6752
f 6517 6521 6850
f 6521 6520 6851
f 6844 6851 6852
f 6505 6504 6510
f 6753 6513 6512
f 6516 6522 6521
f 6614 6740 6854
f 6742 6262 4003
f 6708 6617 6855
f 6307 6306 6857
f 6307 6664 6665
f 6414 6413 6425
f 6416 6415 6427
f 6562 6418 6431
f 6419 6537 6538
f 6358 6836 6839
f 6059 6058 6859
f 6861 6862 6863
f 6865 6866 6867
f 6115 6025 6869
f 6871 6872 6873
f 6721 6254 6596
f 6876 6610 6556
f 6877 6663 6552
f 6551 6878 6268
f 6879 6855 6265
f 6239 6618 6651
f 6230 6263 6619
f 6171 6670 6669
f 6106 6109 6882
f 6883 6884 6822
f 6759 6184 6187
f 6725 6724 6785
f 6885 6795 6808
f 6886 6887 6888
f 6701 6700 6756
f 6884 6786 6779
f 6715 6714 6309
f 6889 6259 6890
f 6743 3890 4042
f 6270 6664 6893
f 6386 6894 6895
f 6895 6348 6420
f 6897 6432 6417
f 6897 6433 6407
f 6390 6898 6899
f 6900 6899 6406
f 6455 6900 6901
f 6902 6903 6904
f 6482 6903 6905
f 6501 6906 6907
f 6496 6515 6908
f 6532 6531 6326
f 6532 6742 6743
f 6612 6910 6735
f 6611 6911 6910
f 6626 5980 5979
f 6704 6912 6105
f 6913 6590 6591
f 6915 6794 6795
f 6229 6228 4067
f 6263 6290 6289
f 6745 6301 6663
f 6916 6771 6757
f 6885 6918 6165
f 6920 6780 6783
f 6921 6922 6923
f 6925 6921 6924
f 6927 6928 6929
f 6931 6932 6933
f 6935 6936 6937
f 6939 6940 6941
f 6943 6944 6945
f 6947 6948 6949
f 6944 6943 6951
f 6953 6954 6955
f 6957 6958 6959
f 6961 6962 6929
f 6964 6965 6966
f 6968 6969 6970
f 6969 6948 6955
f 6972 6943 6946
f 6974 6975 6976
f 6978 6979 6980
f 6940 6939 6982
f 6984 6985 6986
f 6988 6989 6990
f 6992 6990 6989
f 6994 6995 6996
f 6998 6999 7000
f 7002 7003 7004
f 7006 7007 7008
f 7010 7011 7012
f 7014 7015 7016
f 7018 7019 6999
f 7020 7021 7022
f 7024 7025 7026
f 7028 7029 7030
f 7032 7033 7034
f 7003 7002 7036
f 7038 7039 7040
f 6993 6989 7030
f 7042 7043 7044
f 7046 7047 7007
f 7011 7010 7048
f 7050 7051 7052
f 7054 7015 7014
f 7015 7054 7056
f 6621 6620 7045
f 7049 7048 6775
f 7051 7050 6021
f 7055 6697 6701
f 7054 6701 6755
f 6764 6763 7047
f 7020 7058 7059
f 7060 7061 7062
f 6958 7064 7065
f 6925 7066 7067
f 7068 6931 6934
f 7069 6988 6991
f 7071 6995 7072
f 7074 7075 7076
f 7078 7079 7080
f 7014 7017 7082
f 7084 7085 7086
f 7025 7028 7031
f 7085 7084 7072
f 7089 7084 7087
f 7055 7014 7083
f 7090 7087 6770
f 7092 7093 7094
f 7091 6183 6697
f 6770 7087 7086
f 7095 7094 6767
f 7096 7061 6980
f 7098 6941 6940
f 7058 7020 7023
f 7101 6927 6930
f 6974 7060 7063
f 7103 6968 6971
f 7105 6978 6981
f 7106 7107 7036
f 7109 7048 7010
f 7111 7019 7018
f 7098 7003 7037
f 7048 7109 7112
f 7113 6993 7041
f 6994 7114 7115
f 6965 7116 6923
f 6975 6922 6945
f 7061 7096 7065
f 6954 6953 6933
f 6763 7112 7109
f 7046 7045 6620
f 6947 7117 7067
f 6758 7086 7056
f 7118 7119 7039
f 7038 7069 7070
f 7106 7120 7121
f 7123 7124 7053
f 7123 7052 7083
f 7045 7046 7006
f 7107 7106 7122
f 7091 7083 7052
f 7091 7051 6020
f 6936 7096 7097
f 7125 6957 6960
f 6774 6021 7050
f 7119 6939 6942
f 7019 7002 7005
f 7011 7053 7124
f 7021 7126 7040
f 7114 7029 7016
f 7053 7011 7049
f 7086 7085 7057
f 6993 7113 7127
f 7075 7127 7113
f 4281 4280 6603
f 6012 6333 7129
f 7130 6083 6584
f 6797 7132 7133
f 6074 7134 7135
f 6789 6760 6173
f 6760 6789 6776
f 7136 6802 6801
f 6914 6671 6674
f 7007 7110 7059
f 7099 7004 7003
f 6984 7103 7104
f 7110 7007 7047
f 6333 6583 6587
f 5956 6699 6667
f 5957 5956 5971
f 7137 6715 6308
f 4292 4293 6718
f 6693 6705 6668
f 6215 6668 6667
f 6214 6667 6699
f 6698 6197 6212
f 6219 6207 6198
f 6207 6219 6220
f 6220 6221 6609
f 6262 6229 4066
f 7138 7139 7140
f 4298 7142 7140
f 7143 7144 7145
f 7147 7148 7144
f 7149 7150 7151
f 7150 7152 7153
f 6329 6261 7154
f 6261 6260 7155
f 7156 6829 7157
f 6598 6597 7159
f 6257 6256 7161
f 6256 4322 4321
f 6693 6694 6706
f 5954 5969 6705
f 5953 5966 5969
f 7163 5984 5983
f 7164 7165 6138
f 7167 7168 7169
f 6141 7171 7172
f 7166 7171 7173
f 6141 6140 7174
f 7176 7177 7178
f 7180 7181 7182
f 7184 7185 7186
f 6631 7180 7183
f 6218 6198 6197
f 6625 6641 7189
f 6814 6813 7190
f 6882 7192 7193
f 7195 7196 6109
f 6888 7197 7198
f 7200 7201 7202
f 7176 6627 6630
f 6029 7184 7187
f 7205 7206 7207
f 7209 7210 7211
f 7203 7202 7213
f 6886 7215 6778
f 6031 6030 7215
f 7216 7217 7218
f 7220 7221 6880
f 6076 6075 7220
f 6074 6077 6672
f 6147 6150 6662
f 7223 6662 6111
f 6810 6809 6113
f 6920 7134 6914
f 6077 6660 6675
f 6660 6077 6076
f 7222 7220 6669
f 7224 7222 6181
f 6660 6662 6150
f 7225 7226 6794
f 6783 6782 7225
f 6781 6780 6068
f 7217 7227 7228
f 6031 6888 7199
f 6887 6886 6723
f 6164 7225 6915
f 6780 6920 6591
f 7134 6074 6671
f 7229 7230 6824
f 7187 7186 7230
f 7226 6887 6722
f 7231 7232 6169
f 7201 7231 7233
f 6107 7234 7235
f 7215 7229 6823
f 6030 7187 7229
f 7236 7216 7219
f 7237 7238 6820
f 7237 7208 7207
f 7239 7240 7241
f 6739 7243 7244
f 7245 7239 7242
f 7233 6169 6168
f 7247 7213 7202
f 7195 6108 7203
f 7248 7249 7250
f 7227 7251 7252
f 7253 6067 5998
f 6067 7253 7198
f 6781 7198 7197
f 5984 7163 6683
f 7254 7250 6678
f 6679 7249 7252
f 6887 7226 7197
f 6782 7197 7226
f 7135 6919 6163
f 7221 7220 6075
f 6661 6076 7222
f 7224 6112 6111
f 6180 6810 6112
f 6179 6811 6810
f 6811 6179 6793
f 6650 6792 6622
f 6766 6621 7044
f 7095 7044 7043
f 7092 7043 7121
f 7078 7120 7255
f 7256 7232 7257
f 6768 6772 7259
f 6773 6767 7094
f 7090 7094 7093
f 7089 7093 7080
f 7071 7079 7032
f 7077 7018 6998
f 6995 7071 7260
f 7077 7076 7261
f 7035 7034 7018
f 7108 7019 7111
f 6978 7105 7262
f 7105 7263 7264
f 7263 6944 6952
f 6990 6992 6951
f 6972 7117 7266
f 7117 6947 6950
f 6948 6969 7267
f 6969 6968 6982
f 7103 6984 6987
f 7005 7004 6986
f 6999 7005 7268
f 7269 7270 7271
f 7274 7272 7275
f 7274 7273 7276
f 7278 7279 7280
f 7282 7283 7284
f 7286 7287 7288
f 7290 7291 7292
f 7294 7295 7296
f 7068 7297 7298
f 7300 7301 7302
f 7304 6962 7305
f 7307 7285 7305
f 7309 7284 7283
f 7311 7312 7313
f 7125 7304 7306
f 7285 7307 7280
f 7277 7281 7303
f 6965 6964 7316
f 7318 7312 7316
f 7320 7321 7271
f 7312 7318 7296
f 7270 7269 7298
f 7311 7270 7322
f 6961 6932 7300
f 7323 7324 7325
f 7327 7064 7328
f 7064 6958 7325
f 7287 7330 7292
f 6931 7068 7299
f 7331 7327 7329
f 7332 7333 7334
f 7336 7337 7338
f 7340 7341 7333
f 7342 7341 7343
f 7345 7346 7347
f 7348 7349 7350
f 7352 7353 7354
f 7356 7357 7358
f 7360 7361 7362
f 7365 7366 7367
f 7368 7369 7370
f 7372 7373 7336
f 7373 7375 7337
f 7367 7366 7376
f 7378 7379 7380
f 7382 7383 7384
f 7386 7387 7385
f 7388 7389 7390
f 7392 7334 7333
f 7394 7395 7396
f 7398 7399 7400
f 7402 7403 7404
f 7406 7407 7408
f 7410 7411 7383
f 7412 7413 7414
f 7385 7416 7417
f 7389 7418 7419
f 7373 7420 7421
f 7420 7373 7372
f 7369 7423 7424
f 7399 7398 7397
f 7393 7333 7341
f 7398 7358 7357
f 7358 7398 7401
f 7428 7429 7430
f 7433 7434 7435
f 7363 7362 7436
f 7383 7438 7439
f 7411 7440 7438
f 7441 7442 7443
f 7445 7446 7339
f 7374 7336 7339
f 7444 7365 7364
f 7448 7364 7450
f 7364 7367 7451
f 7451 7367 7377
f 7449 7450 7454
f 7455 7454 7450
f 7456 7455 7451
f 7410 7457 7458
f 7460 7461 7462
f 7423 7369 7462
f 7464 7465 7466
f 7468 7469 7347
f 7376 7366 7471
f 7425 7397 7396
f 7475 7476 7477
f 7478 7479 7480
f 7482 7483 7407
f 7484 7485 7351
f 7487 7405 7488
f 7490 7491 7492
f 7412 7415 7434
f 7494 7495 7434
f 7496 7388 7391
f 7440 7411 7498
f 7401 7400 7488
f 7485 7346 7345
f 7500 7502 7427
f 7395 7394 7469
f 7503 7504 7505
f 7507 7508 7509
f 7511 7512 7513
f 7511 7514 7515
f 7517 7518 7519
f 7521 7522 7523
f 7352 7524 7525
f 7415 7414 7527
f 7528 7529 7530
f 7404 7531 7502
f 7477 7388 7496
f 7512 7478 7481
f 7405 7404 7500
f 7533 7534 7535
f 7378 7507 7510
f 7532 7496 7379
f 7539 7540 7541
f 7524 7352 7355
f 7351 7485 7501
f 7414 7524 7523
f 7522 7543 7527
f 7544 7413 7412
f 7546 7416 7547
f 7526 7549 7353
f 7550 7521 7355
f 7521 7550 7551
f 7552 7546 7548
f 7546 7552 7553
f 7522 7521 7548
f 7418 7556 7520
f 7416 7546 7554
f 7457 7557 7558
f 7557 7559 7560
f 7562 7561 7563
f 7564 7563 7349
f 7351 7350 7565
f 7567 7568 7569
f 7570 7555 7520
f 7419 7418 7555
f 7572 7564 7348
f 7389 7476 7556
f 7573 7490 7493
f 7552 7535 7534
f 7562 7574 7536
f 7572 7575 7576
f 7422 7577 7578
f 7423 7579 7580
f 7579 7423 7463
f 7578 7574 7576
f 7583 7584 7381
f 7586 7579 7581
f 7533 7580 7579
f 7447 7339 7338
f 7588 7502 7531
f 7590 7428 7431
f 7321 7320 7592
f 7275 7581 7463
f 7461 7278 7276
f 7279 7278 7461
f 7453 7454 7593
f 7594 7593 7454
f 7330 7287 7498
f 7459 7458 7294
f 7558 7560 7595
f 7560 7592 7320
f 7275 7321 7585
f 7462 7276 7273
f 7596 7583 7380
f 7597 7598 7406
f 7467 7466 7599
f 7601 7602 7603
f 7605 7365 7444
f 7365 7605 7606
f 7607 7495 7494
f 7513 7481 7473
f 7396 7395 7514
f 7514 7395 7468
f 7470 7609 7515
f 7610 7611 7609
f 7612 7556 7476
f 7613 7530 7529
f 7442 7441 7615
f 7574 7578 7577
f 7619 7400 7399
f 7518 7479 7509
f 7491 7399 7425
f 7549 7620 7621
f 7491 7490 7622
f 7377 7438 7440
f 7379 7496 7497
f 7453 7461 7460
f 7411 7410 7459
f 7623 7624 7391
f 7625 7611 7610
f 7487 7407 7483
f 7619 7622 7408
f 7627 7628 7620
f 7538 7379 7378
f 7389 7388 7477
f 7629 7545 7412
f 7489 7408 7407
f 7628 7627 7598
f 7413 7525 7524
f 7592 7560 7559
f 7584 7631 7632
f 7569 7568 7633
f 7570 7508 7566
f 7631 7567 7566
f 7508 7570 7519
f 7614 7573 7480
f 7346 7610 7470
f 7572 7574 7562
f 7571 7633 7634
f 7346 7485 7484
f 7607 7591 7431
f 7585 7592 7630
f 7624 7596 7497
f 7635 7386 7384
f 7636 7427 7502
f 7323 7309 7310
f 7420 7578 7582
f 7637 7594 7455
f 7287 7286 7499
f 7458 7558 7295
f 7439 7376 7472
f 7599 7601 7604
f 7359 7358 7427
f 7436 7638 7639
f 7490 7573 7640
f 7481 7480 7493
f 7641 7506 7505
f 7642 7643 7627
f 7492 7425 7473
f 7517 7612 7625
f 7625 7484 7486
f 7634 7623 7390
f 7474 7477 7532
f 7448 7368 7441
f 7368 7448 7449
f 7615 7441 7368
f 7638 7603 7602
f 7575 7572 7501
f 7571 7555 7570
f 7400 7619 7489
f 7508 7507 7632
f 7503 7506 7540
f 6957 7125 7315
f 7376 7439 7438
f 7507 7378 7381
f 7499 7456 7452
f 7286 7637 7456
f 7504 7642 7644
f 7645 7598 7627
f 7647 7634 7633
f 7647 7648 7623
f 7649 7624 7623
f 7650 7596 7624
f 7646 7633 7568
f 7651 7568 7567
f 7653 7652 7567
f 7651 7654 7655
f 7656 7657 7658
f 7660 7658 7657
f 7663 7657 7656
f 7664 7665 7663
f 7667 7666 7663
f 7667 7662 7668
f 7663 7665 7661
f 7670 7671 7672
f 7661 7672 7671
f 7659 7668 7662
f 7648 7647 7668
f 7648 7659 7673
f 7659 7658 7674
f 7658 7660 7675
f 7668 7647 7646
f 7660 7671 7676
f 7675 7677 7678
f 7677 7675 7676
f 7677 7680 7681
f 7682 7683 7678
f 7677 7679 7684
f 7673 7674 7678
f 7683 7650 7649
f 7685 7676 7671
f 7667 7655 7686
f 7666 7686 7687
f 7654 7688 7686
f 7689 7687 7686
f 7664 7687 7691
f 7650 7692 7583
f 7693 7653 7631
f 7584 7583 7692
f 7693 7692 7682
f 7694 7682 7681
f 7694 7696 7653
f 7650 7683 7682
f 7696 7697 7652
f 7654 7651 7652
f 7688 7654 7697
f 7699 7698 7697
f 7700 7701 7698
f 7695 7699 7696
f 7699 7695 7702
f 7689 7688 7698
f 7689 7701 7703
f 7705 7706 7707
f 7701 7700 7705
f 7704 7703 7707
f 7685 7670 7691
f 7687 7689 7704
f 7680 7702 7695
f 7684 7706 7702
f 7702 7706 7705
f 7684 7679 7707
f 7676 7685 7707
f 7665 7669 7672
f 7670 7669 7690
f 7665 7664 7690
f 7611 7475 7474
f 7510 7509 7479
f 7511 7538 7537
f 7516 7532 7538
f 7517 7530 7613
f 7537 7510 7478
f 7611 7625 7612
f 7613 7480 7479
f 7556 7612 7517
f 7516 7515 7609
f 7708 7709 7710
f 7712 7713 7714
f 7713 7716 7717
f 7719 7720 7721
f 7722 7723 7597
f 7724 7712 7715
f 7726 7727 7728
f 7731 7640 7573
f 7730 7573 7614
f 7733 7734 7735
f 7721 7712 7724
f 7731 7722 7409
f 7708 7726 7729
f 7737 7724 7709
f 7716 7741 7736
f 7742 7743 7744
f 7740 7736 7735
f 7717 7716 7740
f 7716 7713 7720
f 7748 7749 7711
f 7750 7748 7710
f 7720 7719 7751
f 7734 7723 7728
f 7709 7724 7725
f 7752 7753 7715
f 7739 7709 7708
f 7720 7713 7712
f 7749 7754 7755
f 7745 7744 7756
f 7746 7727 7742
f 7743 7742 7755
f 7727 7746 7735
f 7747 7756 7757
f 7753 7750 7725
f 7751 7621 7620
f 7757 7752 7714
f 7718 7721 7737
f 7747 7740 7746
f 7727 7726 7755
f 7726 7708 7711
f 7759 7757 7756
f 7759 7760 7752
f 7760 7761 7753
f 7761 7762 7750
f 7758 7756 7744
f 7763 7744 7743
f 7754 7765 7764
f 7763 7766 7767
f 7768 7769 7770
f 7772 7768 7771
f 7775 7768 7772
f 7776 7777 7775
f 7779 7778 7775
f 7775 7777 7769
f 7770 7769 7781
f 7782 7774 7772
f 7760 7759 7782
f 7760 7773 7783
f 7773 7771 7784
f 7770 7785 7784
f 7779 7774 7782
f 7782 7759 7758
f 7785 7770 7780
f 7785 7787 7788
f 7787 7785 7786
f 7787 7790 7791
f 7792 7793 7788
f 7787 7789 7794
f 7793 7783 7784
f 7762 7761 7783
f 7796 7786 7780
f 7795 7780 7781
f 7779 7767 7798
f 7799 7776 7778
f 7766 7800 7798
f 7800 7801 7799
f 7802 7776 7799
f 7795 7797 7802
f 7762 7804 7748
f 7805 7765 7754
f 7749 7748 7804
f 7805 7804 7792
f 7806 7792 7791
f 7806 7808 7765
f 7793 7792 7804
f 7808 7809 7764
f 7766 7763 7764
f 7766 7809 7810
f 7811 7810 7809
f 7812 7813 7810
f 7807 7811 7808
f 7811 7807 7814
f 7813 7801 7800
f 7801 7813 7815
f 7817 7818 7819
f 7813 7812 7817
f 7816 7815 7819
f 7796 7795 7803
f 7799 7801 7816
f 7790 7814 7807
f 7794 7818 7814
f 7814 7818 7817
f 7794 7789 7819
f 7786 7796 7819
f 7777 7797 7781
f 7777 7776 7802
f 7528 7719 7718
f 7729 7728 7723
f 7738 7731 7730
f 7732 7737 7739
f 7733 7620 7628
f 7722 7731 7738
f 7621 7751 7719
f 7628 7597 7723
f 7733 7736 7741
f 7732 7614 7529
f 7486 7565 7621
f 7549 7565 7350
f 7353 7350 7349
f 7354 7349 7563
f 7821 7822 7823
f 7824 7825 7826
f 7825 7828 7829
f 7830 7831 7832
f 7834 7824 7827
f 7836 7837 7838
f 7840 7482 7406
f 7841 7406 7598
f 7843 7844 7845
f 7833 7824 7834
f 7848 7820 7836
f 7847 7834 7821
f 7828 7851 7846
f 7853 7854 7855
f 7850 7846 7845
f 7829 7828 7850
f 7828 7825 7832
f 7858 7859 7823
f 7860 7858 7822
f 7831 7861 7851
f 7844 7862 7838
f 7834 7835 7822
f 7863 7864 7827
f 7849 7821 7820
f 7825 7824 7833
f 7859 7865 7866
f 7855 7854 7867
f 7837 7852 7855
f 7865 7853 7852
f 7837 7856 7845
f 7857 7867 7868
f 7864 7860 7835
f 7843 7861 7642
f 7868 7863 7826
f 7830 7833 7847
f 7857 7850 7856
f 7837 7836 7866
f 7836 7820 7823
f 7870 7868 7867
f 7870 7871 7863
f 7871 7872 7864
f 7872 7873 7860
f 7869 7867 7854
f 7874 7854 7853
f 7876 7875 7853
f 7874 7877 7878
f 7879 7880 7881
f 7883 7879 7882
f 7886 7879 7883
f 7887 7888 7886
f 7890 7889 7886
f 7886 7888 7880
f 7891 7881 7880
f 7884 7893 7885
f 7871 7870 7893
f 7871 7884 7894
f 7884 7882 7895
f 7882 7881 7896
f 7890 7885 7893
f 7893 7870 7869
f 7881 7891 7897
f 7898 7899 7895
f 7900 7898 7896
f 7901 7902 7899
f 7904 7899 7902
f 7898 7900 7905
f 7894 7895 7899
f 7904 7873 7872
f 7907 7897 7891
f 7906 7891 7892
f 7890 7878 7909
f 7910 7887 7889
f 7877 7911 7909
f 7912 7910 7909
f 7887 7910 7914
f 7906 7908 7913
f 7873 7915 7858
f 7916 7876 7865
f 7859 7858 7915
f 7916 7915 7903
f 7917 7903 7902
f 7917 7919 7876
f 7873 7904 7903
f 7919 7920 7875
f 7877 7874 7875
f 7911 7877 7920
f 7922 7921 7920
f 7923 7924 7921
f 7918 7922 7919
f 7922 7918 7925
f 7924 7912 7911
f 7912 7924 7926
f 7928 7929 7930
f 7924 7923 7928
f 7927 7926 7930
f 7907 7906 7914
f 7910 7912 7927
f 7901 7925 7918
f 7905 7929 7925
f 7925 7929 7928
f 7905 7900 7930
f 7897 7907 7930
f 7888 7908 7892
f 7888 7887 7913
f 7645 7643 7831
f 7839 7838 7862
f 7841 7849 7848
f 7842 7847 7849
f 7504 7503 7844
f 7839 7931 7840
f 7643 7642 7861
f 7503 7539 7862
f 7846 7851 7861
f 7842 7598 7645
f 7932 7933 7934
f 7936 7937 7938
f 7937 7940 7941
f 7942 7943 7944
f 7947 7948 7949
f 7950 7936 7939
f 7953 7954 7955
f 7956 7957 7958
f 7956 7959 7540
f 7962 7963 7964
f 7936 7950 7965
f 7946 7949 7958
f 7966 7932 7952
f 7965 7950 7933
f 7968 7940 7969
f 7970 7971 7972
f 7974 7968 7964
f 7941 7940 7968
f 7940 7937 7944
f 7976 7977 7935
f 7978 7976 7934
f 7943 7979 7969
f 7947 7954 7963
f 7933 7950 7951
f 7980 7981 7939
f 7967 7933 7932
f 7937 7936 7945
f 7977 7982 7983
f 7973 7972 7984
f 7953 7970 7973
f 7982 7971 7970
f 7974 7963 7954
f 7975 7984 7985
f 7981 7978 7951
f 7961 7979 7544
f 7985 7980 7938
f 7942 7945 7965
f 7975 7968 7974
f 7952 7983 7970
f 7952 7932 7935
f 7987 7985 7984
f 7987 7988 7980
f 7988 7989 7981
f 7989 7990 7978
f 7986 7984 7972
f 7991 7972 7971
f 7993 7992 7971
f 7986 7991 7994
f 7997 7998 7999
f 8000 7996 7999
f 8003 7996 8000
f 8005 8003 8006
f 8007 8006 8003
f 7996 8003 8005
f 7998 7997 8009
f 8010 8002 8000
f 7988 7987 8010
f 7988 8001 8011
f 8011 8001 7999
f 7998 8013 8012
f 8007 8002 8010
f 8010 7987 7986
f 8013 7998 8008
f 8015 8016 8012
f 8017 8015 8013
f 8018 8019 8016
f 8021 8016 8019
f 8015 8017 8022
f 8011 8012 8016
f 8021 7990 7989
f 8023 8024 8014
f 8023 8008 8009
f 8007 7995 8026
f 8026 8027 8004
f 8028 8026 7995
f 8029 8027 8026
f 8030 8004 8027
f 8023 8025 8030
f 7990 8032 7976
f 8033 7993 7982
f 7976 8032 8033
f 8034 8033 8032
f 8035 8034 8020
f 8034 8036 7993
f 7990 8021 8020
f 8036 8037 7992
f 7991 7992 8037
f 7994 8037 8038
f 8039 8038 8037
f 8040 8041 8038
f 8035 8039 8036
f 8039 8035 8042
f 8041 8029 8028
f 8029 8041 8043
f 8045 8046 8047
f 8041 8040 8045
f 8044 8043 8047
f 8024 8023 8031
f 8027 8029 8044
f 8042 8035 8019
f 8022 8046 8042
f 8042 8046 8045
f 8017 8047 8046
f 8014 8024 8047
f 8005 8025 8009
f 8005 8004 8030
f 7506 7641 7943
f 7954 7947 7946
f 7967 7966 7957
f 7960 7965 7967
f 7948 7947 7962
f 7955 7946 7957
f 7641 7544 7979
f 7969 7979 7961
f 7960 7540 7506
f 7362 8049 8050
f 8052 7618 7464
f 8051 7464 7467
f 8054 8055 7600
f 8056 7361 7618
f 7436 8050 8057
f 8049 7362 7361
f 8057 8058 7603
f 8055 8053 7467
f 8058 8054 7604
f 8059 8060 8058
f 8060 8061 8054
f 8061 8062 8055
f 8062 8063 8053
f 8059 8057 8050
f 8064 8050 8049
f 8056 8066 8065
f 8059 8064 8067
f 8069 8070 8071
f 8073 8069 8072
f 8075 8069 8073
f 8077 8078 8075
f 8075 8079 8070
f 8079 8080 8081
f 8082 8071 8070
f 8083 8076 8073
f 8061 8060 8083
f 8061 8074 8084
f 8074 8072 8085
f 8072 8071 8086
f 8077 8076 8083
f 8083 8060 8059
f 8071 8082 8087
f 8088 8089 8085
f 8090 8088 8086
f 8091 8092 8089
f 8094 8089 8092
f 8088 8090 8095
f 8084 8085 8089
f 8094 8063 8062
f 8097 8087 8082
f 8096 8082 8081
f 8077 8068 8098
f 8099 8100 8078
f 8101 8098 8068
f 8102 8099 8098
f 8100 8099 8104
f 8096 8080 8103
f 8075 8078 8100
f 8079 8100 8103
f 8105 8051 8053
f 8066 8056 8052
f 8051 8105 8106
f 8107 8106 8105
f 8108 8107 8093
f 8107 8109 8066
f 8063 8094 8093
f 8109 8110 8065
f 8064 8065 8110
f 8067 8110 8111
f 8112 8111 8110
f 8113 8114 8111
f 8108 8112 8109
f 8112 8108 8115
f 8114 8102 8101
f 8102 8114 8116
f 8118 8119 8120
f 8114 8113 8118
f 8117 8116 8120
f 8097 8096 8104
f 8099 8102 8117
f 8091 8115 8108
f 8095 8119 8115
f 8115 8119 8118
f 8095 8090 8120
f 8087 8097 8120
f 7550 7563 7561
f 7552 7551 7561
f 7931 7862 7539
f 7640 7409 7408
f 7549 7526 7644
f 7525 7413 7544
f 7931 7542 7482
f 7483 7482 7542
f 7626 7402 7405
f 7629 7433 7432
f 7629 8121 7949
f 8122 7958 7949
f 8123 8122 8121
f 8124 8123 7432
f 7434 7495 8125
f 8125 7430 8124
f 8124 7430 7429
f 8123 8124 8126
f 8122 8123 8127
f 7541 7540 7959
f 7404 7403 8129
f 8125 7495 7431
f 7526 7525 7505
f 7626 7483 7541
f 7959 7958 8122
f 7961 7545 8048
f 7629 7948 8048
f 8127 7402 7626
f 7402 8127 8126
f 8129 7403 8126
f 7428 7531 8129
f 7589 7531 7428
f 7334 7392 7426
f 7335 7334 7357
f 7616 7615 7446
f 7392 7397 7398
f 7393 7394 7397
f 7342 7469 7394
f 7344 7347 7469
f 7343 7618 7361
f 7360 7345 7344
f 7363 7575 7345
f 7437 7576 7575
f 7582 7576 7437
f 7421 7582 7639
f 7375 7421 7602
f 7599 7337 7375
f 7465 7464 7618
f 7332 7447 7587
f 7447 7332 7335
f 7445 7335 7356
f 7359 7442 7616
f 7636 7443 7442
f 7588 7605 7443
f 7589 7606 7605
f 7590 7471 7606
f 7471 7590 7591
f 7446 7615 7371
f 7371 7370 7372
f 7422 7372 7370
f 7577 7422 7424
f 7536 7577 7580
f 7591 7607 7635
f 7607 7608 7386
f 7543 7608 7494
f 7547 7387 7543
f 7608 7543 7387
f 7387 7547 7416
f 7457 7410 7382
f 7557 7457 7417
f 7559 7557 7554
f 7630 7559 7553
f 7534 7533 7586
f 7466 7338 7337
f 7465 7587 7338
f 7617 7340 7587
f 7341 7340 7617
f 8130 6091 6090
f 6023 6022 8132
f 6182 6023 8133
f 6623 6622 6792
f 6787 6696 6182
f 8134 6700 6696
f 6917 6757 6756
f 6762 6761 7112
f 6762 6765 6184
f 6765 6623 6185
f 6650 6769 6768
f 6772 6771 6916
f 6777 6776 6789
f 6022 6777 6788
f 6756 6700 8134
f 6758 6757 6771
f 6761 6776 6775
f 6769 6622 6621
f 6772 6768 6767
f 6174 6173 6760
f 6187 6186 6178
f 6811 6649 6648
f 6786 6785 6724
f 6791 6790 6918
f 6186 6793 6179
f 6808 6807 8133
f 6884 6883 8135
f 6174 6187 6670
f 6807 6785 6784
f 6791 6808 8132
f 6786 6884 8134
f 6790 6173 6172
f 6649 6793 6792
f 6316 6315 8136
f 8137 6655 6654
f 8139 8140 6601
f 6656 6655 6580
f 6868 8141 8142
f 6316 6712 6711
f 6864 8143 8144
f 6864 6863 8145
f 6868 6867 6869
f 6656 6867 6866
f 8146 8147 8148
f 8139 8150 8151
f 8152 8153 6866
f 8154 8155 8138
f 6874 6873 8156
f 8158 6318 8159
f 8160 8152 6865
f 8161 6317 6313
f 6161 6600 8162
f 8164 8154 6654
f 8153 8164 6653
f 8165 8166 8167
f 8166 5989 8169
f 5989 5988 8170
f 5988 6017 8171
f 8172 8173 6043
f 8174 8175 6032
f 8174 6035 6098
f 8176 6098 6796
f 8177 6796 8178
f 7132 8178 6728
f 6589 6588 8180
f 8180 6588 6004
f 8181 6004 6007
f 6334 6079 6731
f 6079 6078 6645
f 6078 6085 6646
f 6085 8183 8184
f 6091 8130 8185
f 6086 6730 8183
f 6950 6949 7118
f 6952 6951 6992
f 6983 6982 6968
f 6987 6986 7004
f 7001 7000 6979
f 7001 7262 7074
f 7262 7264 7075
f 7264 6952 7127
f 7265 6951 6943
f 7265 7266 6991
f 7266 6950 7070
f 6949 7267 7119
f 7267 6982 6939
f 6983 6987 7099
f 7268 6986 6985
f 7000 7268 8186
f 6938 6937 6985
f 6946 6945 6922
f 6956 6955 6948
f 6971 6970 6928
f 6970 6955 6954
f 6973 6946 6921
f 6977 6976 7263
f 6981 6980 7061
f 6973 7067 7117
f 7097 6980 6979
f 7104 6971 6927
f 6977 6981 7060
f 6976 6945 6944
f 6956 7067 7066
f 6937 7097 8186
f 6938 7104 7101
f 6924 6923 7116
f 6926 6924 7297
f 6930 6929 6962
f 6934 6933 6953
f 6960 6959 6936
f 6963 6929 6928
f 6967 6966 6975
f 7063 7062 7327
f 6959 7065 7096
f 6926 6934 7066
f 7102 6930 7304
f 6967 7063 7331
f 6966 6923 6922
f 7062 7065 7064
f 6963 6933 6932
f 7102 6960 6935
f 7299 7298 7269
f 7301 7300 6932
f 7306 7305 7285
f 7308 7305 6962
f 7315 7306 7284
f 7317 7316 7312
f 7319 7316 6964
f 7322 7298 7297
f 7317 7322 7116
f 7308 7300 7303
f 7326 7325 6958
f 7329 7328 7291
f 7328 7325 7324
f 7301 7299 8187
f 7319 7329 7290
f 7326 7315 7309
f 7272 7271 7321
f 7272 7274 8187
f 7274 7277 7302
f 7281 7280 7307
f 7283 7282 7593
f 7289 7288 7324
f 7293 7292 7330
f 7293 7296 7318
f 7310 7283 7594
f 7314 7313 7595
f 7282 7280 7279
f 7278 7281 7277
f 7314 7271 7270
f 7313 7296 7295
f 7288 7292 7291
f 7289 7310 7637
f 6003 6002 6626
f 6003 6138 7165
f 6690 8188 8189
f 6686 6685 5981
f 6685 6687 6096
f 6687 6688 6806
f 6002 6686 5980
f 6606 8188 5351
f 7164 7173 8190
f 8192 7175 7174
f 6015 6014 8153
f 6189 6188 8155
f 8157 8156 6284
f 6332 6015 8152
f 6593 6592 6317
f 6658 6189 8154
f 6014 6658 8164
f 6332 8194 7131
f 6805 8159 6321
f 6146 8163 8162
f 6607 7128 8195
f 8196 6126 6125
f 8198 7169 7168
f 8199 7168 6633
f 7177 6632 8201
f 8202 8203 8204
f 7208 7186 7185
f 7237 7230 7186
f 6819 6824 7230
f 6818 6821 6824
f 8206 6883 6821
f 8207 6917 8135
f 6917 8207 8209
f 8209 8210 7259
f 8210 8211 6647
f 6812 6648 8212
f 6809 6812 7258
f 6809 7257 8213
f 6113 8213 8214
f 7235 7223 6110
f 7223 7235 7234
f 6147 7234 8215
f 6148 8215 8216
f 8218 6155 6158
f 8219 6285 6116
f 6284 6188 6116
f 6188 6284 8156
f 8155 8156 6873
f 8138 6873 6872
f 8137 6872 8148
f 6193 8147 6281
f 6190 6281 6278
f 8220 8221 8222
f 8224 8225 7139
f 6223 6222 8226
f 6237 6236 8228
f 6238 6223 8227
f 6249 6248 8231
f 6253 6252 8233
f 6236 6279 8221
f 6331 6238 8230
f 6252 6595 8236
f 6222 6237 8229
f 6828 6827 8237
f 6280 8239 8240
f 8208 8135 6883
f 6648 6647 8211
f 6143 6624 8242
f 6624 7189 8244
f 8245 8246 8247
f 8249 8250 8251
f 7195 8253 8254
f 7214 8255 8253
f 8256 8255 7214
f 7243 7211 8257
f 7210 8258 8257
f 8259 7181 6102
f 8261 6122 6121
f 8178 7132 8263
f 7132 6797 8264
f 6797 6135 8265
f 6135 6134 8266
f 6134 6151 8267
f 6151 6154 8268
f 6154 8269 8270
f 8269 8271 8272
f 7194 7193 8273
f 7193 8250 8275
f 8249 8259 8260
f 8248 8277 8278
f 6129 6128 8279
f 7169 8198 8197
f 8198 8190 8192
f 7171 6141 7175
f 6589 6801 7129
f 6801 6037 6040
f 6037 6036 6041
f 6036 6131 6659
f 6131 6156 6118
f 6156 6155 6119
f 8218 8219 6119
f 8219 8218 6815
f 7191 7189 6641
f 8246 8244 7189
f 8245 8278 8281
f 8280 8279 6288
f 6125 6124 7170
f 6288 6127 6602
f 6126 8196 6604
f 8196 8193 6605
f 7174 6140 6691
f 6691 6140 6139
f 7171 7166 8283
f 7172 8283 8284
f 6139 6142 8284
f 8285 8286 8287
f 8211 8210 8289
f 8290 8291 8292
f 8293 8294 8291
f 8293 8207 8208
f 8296 8297 8298
f 6818 6817 8296
f 8285 7256 7258
f 7243 8299 7212
f 7243 6739 8300
f 8301 8300 6739
f 8302 8256 7213
f 8303 8302 7247
f 8304 8303 6168
f 6738 8298 8297
f 8288 8287 6167
f 8304 8292 8291
f 8305 8291 8294
f 6737 6736 8306
f 6736 7244 8307
f 8243 8242 8308
f 8242 8244 8282
f 8247 8246 7191
f 7196 8254 8251
f 8253 8310 8311
f 8255 8312 8310
f 8313 8312 8255
f 7244 8257 8313
f 8313 8257 8258
f 8312 8258 8314
f 8315 8311 8310
f 8311 8315 8316
f 8282 8281 8317
f 8308 8317 8261
f 8309 8261 8262
f 8248 8247 8275
f 8282 8244 8246
f 8307 8313 8256
f 8306 8307 8302
f 8305 8306 8303
f 8298 6738 6737
f 8287 8292 8304
f 7253 8319 7199
f 8319 8320 6028
f 8320 8321 6029
f 8321 8322 7184
f 8322 8203 7185
f 8203 8202 7205
f 8202 7240 7206
f 7239 7245 7210
f 7251 7227 8319
f 7227 7217 8320
f 7217 7216 8321
f 7216 7236 8322
f 7236 8204 8203
f 6175 8199 8200
f 7165 7164 8191
f 6137 8283 7166
f 6200 6199 8283
f 6199 6206 8284
f 8284 6206 6205
f 6205 6608 6689
f 6689 6608 5485
f 7009 7008 8323
f 7013 7012 7021
f 7017 7016 7029
f 7013 7059 7110
f 7073 7072 7084
f 7081 7080 7093
f 7082 7017 7028
f 7088 7072 6995
f 7088 7115 7057
f 7122 7121 7043
f 7124 7123 7024
f 7082 7025 7024
f 7009 7122 7042
f 7012 7124 7126
f 7115 7016 7015
f 7008 7059 7058
f 7081 7121 7120
f 7073 7080 7079
f 6997 6996 7076
f 7023 7022 6942
f 7027 7026 7069
f 7031 7030 6989
f 7079 7078 7033
f 7037 7036 7107
f 7027 7040 7126
f 7041 7030 7029
f 7026 7031 6988
f 7100 7023 6941
f 7108 7036 7002
f 7100 7037 8323
f 6997 7041 7114
f 7022 7040 7039
f 7111 7034 7033
f 7035 7261 7260
f 7261 7076 6996
f 7108 7255 7120
f 7245 8314 8258
f 7246 8315 8314
f 7181 8259 8316
f 8277 6101 6129
f 8278 6129 8280
f 6287 8317 8281
f 6122 8261 8317
f 5487 6145 6144
f 5489 6159 6162
f 6637 8324 8325
f 8326 8325 8225
f 5494 7139 8225
f 6160 6159 8150
f 5496 8324 8151
f 8163 8327 6162
f 6146 6145 8327
f 8243 8328 6144
f 8328 8243 8309
f 8318 8262 5501
f 8262 6121 5502
f 8329 8330 8331
f 8333 8334 8335
f 8338 8182 6007
f 8329 8334 8339
f 8341 6334 6734
f 6006 8342 8337
f 8342 6006 6804
f 6065 6064 8339
f 5995 5994 8341
f 6918 6172 6166
f 7221 6163 6166
f 6172 6171 6880
f 8344 5952 5955
f 5519 5976 5975
f 6806 8345 8346
f 6646 8184 8347
f 8165 8348 8349
f 6322 8350 8131
f 8345 6806 6688
f 6695 8346 5975
f 5976 5519 5528
f 5529 8130 8131
f 6643 8347 8352
f 8183 5533 5532
f 5534 8185 8130
f 6730 5535 5533
f 8351 6688 6093
f 5535 6730 6594
f 8353 8354 6652
f 8354 8353 8355
f 8357 8358 6825
f 8359 8357 6202
f 6224 8354 8356
f 6275 8361 8362
f 6201 6210 7143
f 7146 8363 8359
f 8357 8359 8363
f 8355 8365 8366
f 8361 8360 8368
f 8356 8355 8367
f 8370 8371 8372
f 8220 8373 7145
f 6275 6274 6228
f 5558 4067 6228
f 8375 8369 8367
f 8362 8368 8376
f 8378 8379 8380
f 8363 7146 8382
f 8384 8378 8381
f 8382 8373 8386
f 8383 8387 8364
f 6226 6225 6231
f 6231 6225 8361
f 6636 8388 8389
f 6635 8390 8388
f 8390 6635 5576
f 8379 8378 6232
f 8378 8384 6233
f 8384 8391 8371
f 8372 8392 8393
f 7138 8240 8239
f 8224 8239 8394
f 8146 6638 8394
f 6638 6637 8326
f 6340 6339 6299
f 6747 6338 6577
f 6344 6343 6346
f 6342 6341 6355
f 6353 6352 6349
f 6337 6351 6369
f 6360 6359 6328
f 6358 6357 6386
f 6364 6363 6293
f 6362 6361 6376
f 6366 6353 6297
f 6350 6365 6372
f 6533 6342 6303
f 6534 6536 6346
f 6744 6746 6533
f 6536 6534 6747
f 6357 6835 6894
f 6341 6834 6832
f 6839 6838 6292
f 6837 6836 6380
f 6838 6841 6354
f 6361 6840 6377
f 6363 6366 6296
f 6365 6362 6373
f 6359 6839 6291
f 6836 6358 6385
f 6481 6480 6902
f 6484 6483 6501
f 6477 6488 6487
f 6849 6467 6492
f 6494 6492 6467
f 6547 6481 6544
f 6750 6751 6546
f 6494 6466 6751
f 6843 6484 6500
f 6845 6573 6575
f 6489 6488 6847
f 6474 6487 6491
f 6483 6905 6906
f 6493 6463 6465
f 6471 6470 6544
f 6472 6482 6485
f 6476 6475 6461
f 6470 6451 6542
f 6570 6567 6569
f 6495 6567 6463
f 6475 6465 6462
f 6572 6848 6477
f 6574 6571 6457
f 6569 6568 6543
f 6575 6574 6473
f 6471 6904 6901
f 6469 6468 6508
f 6498 6497 6479
f 6503 6502 6518
f 6489 6506 6505
f 6467 6849 6509
f 6546 6548 6498
f 6549 6548 6752
f 6752 6751 6466
f 6503 6850 6846
f 6850 6851 6844
f 6507 6506 6852
f 6486 6505 6509
f 6502 6907 6909
f 6858 6893 6664
f 8396 8397 6611
f 6833 8398 6324
f 8399 6826 6825
f 6831 6830 8401
f 6707 6833 6826
f 8398 8403 6890
f 6858 6857 8404
f 8405 8396 6610
f 6830 6893 6553
f 8397 6892 6911
f 8400 6825 8358
f 8358 8357 8364
f 8406 8364 8387
f 8389 8408 8380
f 8389 8388 8409
f 8388 8390 8410
f 5575 5597 8410
f 6665 6273 8411
f 8412 8413 6720
f 8413 5602 5601
f 8411 8414 8413
f 6262 6742 6290
f 5602 8413 8414
f 7141 7140 7142
f 8393 8222 8241
f 8227 8226 7147
f 8229 8228 8374
f 8230 8227 7151
f 8232 8231 8415
f 8234 8233 8417
f 8221 8220 8374
f 8235 8230 7153
f 8233 8236 8420
f 8226 8229 7148
f 8238 8237 8421
f 7141 8393 8240
f 6581 6580 6655
f 6640 6639 8140
f 6710 6709 8141
f 6717 6716 6712
f 6860 6859 8143
f 6870 6869 6867
f 6717 8136 6726
f 6870 6580 6192
f 6860 8145 6050
f 6710 6869 6025
f 6639 8149 6871
f 6640 8151 8324
f 6581 8148 8147
f 5615 5614 6234
f 7144 7148 8374
f 7144 7143 6210
f 7150 7149 6210
f 7152 7150 6209
f 7152 7154 8419
f 7154 7155 8421
f 7158 7157 8415
f 7160 7159 8420
f 7162 7161 8418
f 7161 4321 5616
f 8370 6234 6233
f 8373 8382 7146
f 8392 8391 8386
f 8391 8392 8372
f 5617 8344 6713
f 5973 5618 3355
f 8345 5620 5619
f 3880 6735 6910
f 8351 5622 5620
f 8346 5619 5520
f 5621 6910 6911
f 5622 8351 8185
f 8150 5624 5497
f 8423 8424 8425
f 8427 6516 6519
f 8429 8430 8431
f 6523 8432 8433
f 8434 8435 8436
f 8438 8435 8434
f 8438 8440 6511
f 8441 8442 8424
f 8427 8443 8430
f 8444 8428 8445
f 8447 8425 8424
f 8449 8443 8444
f 8451 8431 8430
f 8453 8437 8454
f 8456 8434 8437
f 8439 8434 8456
f 8448 8424 8442
f 8452 8430 8443
f 8425 8447 8459
f 8460 8461 8462
f 8464 8465 8466
f 8468 8469 8470
f 8472 8473 8474
f 8476 8477 8478
f 8480 8481 8482
f 8484 8485 8486
f 8485 8488 8489
f 8490 8491 8481
f 8492 8493 8494
f 8495 8494 8496
f 8498 8499 8500
f 8502 8501 8500
f 8504 8505 8506
f 8508 8509 8510
f 8513 8508 8511
f 8507 8506 8514
f 8516 8517 8518
f 8520 8517 8516
f 8522 8523 8524
f 8526 8527 8522
f 8528 8529 8530
f 8532 8530 8529
f 8534 8535 8536
f 8538 8539 8534
f 8464 8482 8481
f 8483 8540 8541
f 8542 8485 8484
f 8487 8543 8540
f 8488 8485 8542
f 8545 8546 8486
f 8481 8491 8466
f 8547 8545 8489
f 8548 8494 8493
f 8549 8550 8502
f 8551 8496 8494
f 8497 8541 8552
f 8469 8500 8499
f 8547 8541 8497
f 8469 8468 8503
f 8501 8502 8550
f 8460 8504 8507
f 8552 8553 8506
f 8554 8511 8510
f 8549 8552 8505
f 8554 8555 8512
f 8513 8556 8550
f 8461 8507 8515
f 8557 8556 8513
f 8558 8516 8519
f 8559 8560 8527
f 8521 8516 8558
f 8553 8562 8517
f 8477 8525 8524
f 8520 8523 8557
f 8476 8526 8525
f 8527 8560 8556
f 8563 8529 8528
f 8564 8539 8531
f 8533 8529 8563
f 8562 8567 8530
f 8473 8537 8536
f 8559 8562 8532
f 8472 8538 8537
f 8560 8534 8539
f 8463 8462 8555
f 8544 8542 8467
f 8470 8551 8548
f 8475 8474 8566
f 8479 8478 8561
f 8484 8487 8483
f 8490 8489 8488
f 8503 8493 8492
f 8498 8497 8496
f 8504 8510 8509
f 8515 8514 8513
f 8519 8518 8527
f 8521 8524 8523
f 8528 8531 8539
f 8533 8536 8535
f 8467 8484 8482
f 8487 8486 8546
f 8544 8466 8491
f 8480 8541 8547
f 8493 8503 8468
f 8495 8552 8549
f 8551 8470 8499
f 8501 8545 8547
f 8460 8463 8510
f 8508 8550 8549
f 8555 8462 8515
f 8506 8553 8557
f 8519 8526 8476
f 8517 8562 8559
f 8561 8478 8524
f 8522 8556 8557
f 8475 8528 8538
f 8567 8565 8531
f 8566 8474 8536
f 8560 8559 8535
f 8442 8441 8568
f 6512 8570 8568
f 8570 8440 8571
f 8426 6515 6514
f 8428 8444 8443
f 6522 8429 8432
f 8437 8436 8433
f 6524 8436 8435
f 6528 6527 8435
f 8423 6514 6550
f 8429 6522 6516
f 6515 8426 8445
f 8441 6550 6754
f 8570 8572 8569
f 8440 8570 6512
f 8569 8573 8458
f 8574 8575 8572
f 8572 8575 8573
f 8453 8576 8577
f 8576 8453 8455
f 8452 8579 8580
f 8573 8581 8582
f 8575 8583 8581
f 8584 8583 8575
f 8571 8439 8457
f 8439 8571 8440
f 8585 8586 8587
f 8587 8589 8590
f 8589 8591 8592
f 8591 8593 8594
f 8593 8595 8596
f 8595 8597 8598
f 8599 8600 8586
f 8601 8602 8600
f 8603 8604 8602
f 8605 8606 8598
f 8607 8608 8604
f 8609 8610 8608
f 8611 8612 8610
f 8606 8605 8612
f 8613 8614 8589
f 8614 8615 8591
f 8615 8616 8593
f 8616 8617 8595
f 8617 8618 8597
f 8619 8620 8617
f 8620 8621 8618
f 8620 8622 8623
f 8624 8625 8626
f 8626 8623 8622
f 8620 8619 8628
f 8622 8628 8629
f 8627 8629 8630
f 8632 8633 8634
f 8636 8634 8633
f 8637 8638 8636
f 8639 8633 8632
f 8633 8639 8641
f 8635 8641 8642
f 8642 8643 8644
f 8645 8638 8637
f 8586 8646 8613
f 8600 8647 8646
f 8616 8615 8648
f 8615 8614 8649
f 8613 8650 8649
f 8651 8650 8613
f 8647 8652 8651
f 8652 8653 8654
f 8602 8655 8647
f 8655 8656 8652
f 8656 8657 8653
f 8653 8658 8659
f 8658 8660 8661
f 8644 8662 8663
f 8664 8661 8662
f 8661 8664 8666
f 8666 8667 8654
f 8667 8650 8651
f 8668 8605 8597
f 8669 8668 8618
f 8670 8669 8621
f 8671 8670 8623
f 8671 8626 8625
f 8625 8631 8673
f 8636 8674 8675
f 8638 8676 8674
f 8645 8677 8676
f 8645 8663 8678
f 8679 8680 8660
f 8657 8679 8658
f 8583 8584 8648
f 8650 8581 8583
f 8667 8582 8581
f 8666 8681 8582
f 8664 8682 8681
f 8682 8664 8665
f 8684 8685 8643
f 8684 8642 8641
f 8639 8580 8579
f 8580 8639 8640
f 8629 8577 8576
f 8604 8686 8655
f 8608 8687 8686
f 8610 8688 8687
f 8612 8689 8688
f 8605 8668 8689
f 8690 8689 8668
f 8691 8688 8689
f 8692 8687 8688
f 8693 8686 8687
f 8656 8655 8686
f 8694 8690 8669
f 8695 8691 8690
f 8696 8692 8691
f 8697 8693 8692
f 8657 8656 8693
f 8697 8698 8679
f 8696 8699 8698
f 8696 8695 8700
f 8694 8701 8700
f 8670 8671 8701
f 8702 8701 8671
f 8701 8702 8703
f 8703 8704 8699
f 8699 8704 8705
f 8698 8705 8680
f 8672 8673 8706
f 8675 8674 8707
f 8674 8676 8709
f 8709 8676 8677
f 8677 8678 8711
f 8712 8713 8710
f 8702 8706 8714
f 8713 8712 8714
f 8707 8709 8716
f 8717 8716 8713
f 8710 8713 8716
f 8708 8707 8717
f 8546 8601 8599
f 8546 8545 8603
f 8550 8607 8603
f 8556 8609 8607
f 8560 8611 8609
f 8564 8606 8611
f 8565 8598 8606
f 8565 8567 8596
f 8567 8562 8594
f 8562 8553 8592
f 8553 8552 8590
f 8590 8552 8541
f 8540 8585 8588
f 8543 8599 8585
f 8684 8449 8450
f 8579 8452 8449
f 8682 8447 8448
f 8447 8682 8683
f 8681 8448 8458
f 8584 8718 8619
f 8628 8718 8577
f 8457 8456 8577
f 8574 8457 8718
f 7134 6920 6919
f 6164 6163 6919
f 5485 6608 6609
f 3832 5351 8188
f 5921 6609 6221
f 5922 4281 7128
f 6439 8719 8720
f 8720 8719 6570
f 6570 8719 8721
f 6439 6447 8721
f 6727 6058 6057
f 6312 6057 6073
f 6828 6248 6073
f 6877 6268 6267
f 6745 6267 6299
f 6891 6306 6305
f 6338 6747 6746
f 6438 6411 6410
f 6412 6411 6440
f 6564 6421 6424
f 6842 6578 6577
f 6889 6305 6829
f 6579 6578 6564
f 6435 6410 6565
f 8722 6857 6306
f 8723 6859 6058
f 6269 6268 6878
f 7160 7157 6829
f 8724 8144 8143
f 8238 8231 6248
f 6339 6746 6744
f 8395 6577 6338
f 6879 6878 8404
f 8422 8415 8231
f 8725 8143 6859
f 8416 8415 7157
f 6059 6050 6049
f 6330 6099 6049
f 7156 6260 6259
f 6269 6265 6264
f 6297 6349 6264
f 6340 6352 6351
f 6368 6842 8395
f 6422 6414 6559
f 6436 6403 6404
f 6447 6439 6438
f 6424 6423 6436
f 6331 6827 6099
f 6422 6421 6842
f 8722 8403 6856
f 8141 6863 6862
f 6265 6855 6617
f 6324 6890 6259
f 7158 7155 6260
f 6709 8145 6863
f 8235 8237 6827
f 6298 6349 6352
f 6370 6369 6351
f 6891 6890 8403
f 8419 8421 8237
f 6051 6050 8145
f 8422 8421 7155
f 8721 6447 6446
f 6748 6440 8720
f 8727 6008 6011
f 8158 6009 8144
f 6009 6008 6861
f 6008 8727 6862
f 8142 6862 8727
f 6554 6553 6893
f 6833 6707 6708
f 6708 6856 8403
f 5623 6911 6892
f 8406 8366 8365
f 8407 8375 8366
f 8377 8376 8408
f 8397 8396 6530
f 6651 8399 8400
f 8402 8401 6616
f 6618 6707 8399
f 6554 8404 6878
f 8396 8405 6854
f 8401 6553 6552
f 6892 8397 6529
f 8353 8400 8365
f 8377 8409 6276
f 8409 8410 6277
f 8410 5597 5932
f 8726 8404 6857
f 8726 6856 6855
f 7234 6107 6106
f 8279 6124 6127
f 8354 6224 6227
f 6246 6245 6619
f 8239 6280 6282
f 8162 6283 6286
f 6292 6354 6246
f 6382 6378 6377
f 6392 6397 6396
f 6396 6395 6427
f 6398 6397 6443
f 6459 6443 6458
f 6525 6520 6523
f 6558 6272 6271
f 6429 6428 6560
f 6460 6458 6572
f 6272 6558 3736
f 7128 6603 6602
f 6227 6245 6244
f 7180 6631 6634
f 6642 6286 6285
f 6356 6741 6740
f 6816 6815 8218
f 6820 8300 8301
f 6355 6832 6741
f 6344 6835 6834
f 6364 6841 6840
f 6375 6378 6560
f 6848 6847 6488
f 6853 6852 6506
f 6530 6854 6740
f 8140 6871 6874
f 6555 6271 6831
f 8215 6106 6881
f 6348 6895 6894
f 6383 6895 6896
f 6433 6897 6896
f 6432 6897 6898
f 6406 6899 6898
f 6900 6455 6387
f 6900 6449 6448
f 6472 6904 6903
f 6480 6905 6903
f 6497 6907 6906
f 6908 6519 6518
f 4280 5933 6120
f 6100 7167 7170
f 6632 6631 7188
f 7235 8214 7201
f 7206 7209 7212
f 8213 7257 7232
f 8214 8213 7231
f 6108 6107 7200
f 7238 8299 8300
f 7207 7212 8299
f 8205 7241 7240
f 6170 6169 7232
f 6638 8146 8149
f 6601 6874 8157
f 6600 8157 6283
f 8392 8223 8222
f 6278 6280 8241
f 6816 8272 8274
f 6642 6815 6814
f 6128 7170 6124
f 8195 6602 6127
f 8212 8211 8286
f 8292 8287 8286
f 8290 8289 8210
f 8207 8293 8290
f 8294 8293 8295
f 8206 8296 8295
f 6817 8301 8297
f 8288 6170 7256
f 7209 7206 7240
f 6225 6224 8360
f 8369 8368 8360
f 8375 8376 8368
f 8381 8380 8387
f 8385 8381 8383
f 8385 8386 8391
f 8147 8146 6282
f 6345 6894 6835
f 6327 6832 6834
f 6295 6354 6841
f 6379 6377 6840
f 6853 6847 6845
f 6479 6906 6905
f 6848 6572 6571
f 6452 6901 6904
f 6525 6852 6851
f 6496 6909 6907
f 8402 8405 6876
f 8408 8407 8387
f 6279 8241 8222
f 6872 6871 8149
f 8223 8386 8373
f 6526 8433 8436
f 8446 8445 8426
f 8455 8454 8431
f 8446 8459 8450
f 8454 8433 8432
f 6908 8445 8428
f 8578 8455 8451
f 8632 8631 8625
f 8640 8632 8624
f 8660 8663 8662
f 8662 8644 8643
f 8675 8673 8631
f 8680 8678 8663
f 8683 8665 8643
f 8578 8640 8630
f 8673 8675 8708
f 8678 8680 8705
f 8711 8705 8704
f 8706 8708 8715
f 8703 8714 8712
f 8459 8683 8685
f 8407 8408 8376
f 6615 6854 8405
f 5993 6080 6335
f 6060 6682 6018
f 5993 6047 6081
f 6105 6104 6176
f 6177 6104 6000
f 6309 6311 6310
f 8725 6315 6314
f 8724 6314 6318
f 6321 6320 6053
f 6249 6595 6310
f 6596 6254 6257
f 8188 6606 6605
f 5986 6683 6682
f 6714 6726 6311
f 6047 6320 6086
f 6875 6596 6304
f 6001 6105 6912
f 7162 7159 6597
f 7254 7163 6912
f 6684 6683 7163
f 8723 8136 6315
f 6592 8159 6318
f 8332 8331 8171
f 6607 6606 5350
f 8191 8190 8198
f 8197 8192 8193
f 8159 6592 6319
f 8232 8236 6595
f 8192 8190 7173
f 8189 6605 8193
f 6177 8191 8199
f 6733 8331 8330
f 8340 8341 8330
f 8341 5994 6335
f 8412 6721 6875
f 8414 8411 6273
f 8416 8420 8236
f 6727 6726 8136
f 8417 8420 7159
f 6277 5932 5558
f 5935 5576 6635
f 5991 5990 6061
f 6019 6018 6682
f 5999 6034 6033
f 6045 6044 6677
f 6055 6054 6083
f 5995 6064 6063
f 6084 6054 6053
f 6088 5990 5989
f 6063 6084 6046
f 6066 6097 6034
f 6103 6102 7181
f 6673 6676 6133
f 6149 6148 6153
f 6323 6088 8166
f 6585 6584 6083
f 6630 6629 6702
f 6634 6633 7168
f 6676 6149 6152
f 6703 6629 6628
f 6796 6729 6728
f 6069 6729 6097
f 6132 6798 6674
f 6803 6799 6800
f 6011 6010 6055
f 6799 6803 6582
f 7194 8271 6881
f 7131 6584 6583
f 6798 7133 6913
f 7179 7178 8204
f 7183 7182 7246
f 7188 7183 7242
f 6109 7196 7192
f 7204 6630 6176
f 7219 7218 6628
f 7218 7228 7248
f 7179 7219 6627
f 7250 7254 6704
f 7228 7252 7249
f 6678 7250 7249
f 5997 7252 7251
f 8168 8167 6644
f 8167 8169 6732
f 8169 8170 6733
f 8170 8171 8331
f 8336 8335 8173
f 8182 8338 8175
f 8182 8174 8176
f 8181 8176 8177
f 8180 8177 8179
f 7133 6728 6590
f 7130 7131 8194
f 8200 6633 6632
f 7178 8201 8205
f 8269 6154 6153
f 8254 8311 8252
f 8260 6102 6101
f 8179 8263 6802
f 8263 8264 6038
f 8264 8265 6039
f 8265 8266 6130
f 8266 8267 6157
f 8267 8268 6158
f 8268 8270 8217
f 8270 8272 6816
f 6813 8274 8273
f 8273 8275 8247
f 8276 8260 8277
f 7192 8251 8250
f 8252 8316 8259
f 8276 8275 8250
f 7204 8200 7177
f 7182 8316 8315
f 8343 8339 8334
f 8333 8337 8342
f 8343 8342 6800
f 8340 8339 6064
f 6323 8349 8350
f 8168 8352 8348
f 8349 5937 5936
f 8352 5939 5938
f 6103 6634 7167
f 8271 8269 8216
f 8201 7188 7241
f 8274 8272 8271
f 5991 6018 6017
f 8728 8171 6017
f 5997 5996 6680
f 5996 6033 6045
f 6033 6032 6042
f 6042 6032 8175
f 8172 8175 8338
f 8336 8338 8337
f 6684 6678 6677
f 6681 6677 6044
f 6019 6044 6043
f 6016 6043 8173
f 8728 8173 8335
f 8332 8335 8334
f 8194 6332 8160
f 6805 6010 6009
f 5940 5941 7137
f 8324 5496 5942
f 8325 5942 5495
f 6253 5943 4292
f 7137 5941 5944
f 8348 5938 5937
f 8350 5936 5530
f 5624 8150 6159
f 6718 4293 5940
f 8327 5945 5490
f 8347 5946 5939
f 5933 5502 6121
f 8184 5532 5946
f 7142 4298 5615
f 6145 5487 5945
f 8234 5947 5943
f 8328 5948 5488
f 8318 5500 5948
f 7139 5494 4299
f 8418 5616 5947
f 5604 8414 6599
f 5949 3853 6712
f 5944 5949 6716
f 6720 5601 5950
f 6255 5950 4322
f 5614 5935 6235
f 6711 3852 5951
f 8161 5951 3857
f 5973 5964 2965
f 2965 5964 5963
f 222 5963 5960
f 223 5960 5958
f 5958 5957 3185
f 5957 5970 2977
f 5970 5967 1213
f 5967 5966 1214
f 2532 1214 5966
f 2894 2532 5953
f 2871 2894 5952
f 5510 5722 5721
f 5822 5825 5824
f 3511 3512 3844
f 3887 3892 3889
f 3876 3879 3878
f 3356 3357 3911
f 3372 3373 3390
f 3849 3854 3851
f 3481 3478 3867
f 3873 3874 3385
f 3875 3375 3450
f 3915 3794 3865
f 3657 3670 3671
f 5618 5973 3013
f 1997 1996 1889
f 1237 745 744
f 1535 1534 120
f 1531 1532 201
f 1119 1241 1032
f 946 948 824
f 163 8 5
f 9041 9178 9175
f 1155 1156 1162
f 427 213 327
f 553 1902 796
f 8732 2232 2231
f 8732 3178 2230
f 2237 3183 3180
f 8734 8735 8736
f 8735 8737 8738
f 8737 8739 8740
f 8739 8741 8742
f 8743 8744 8745
f 8746 8745 8747
f 8749 8750 8748
f 8751 8752 8750
f 8754 8755 8756
f 8757 8758 8755
f 8759 8760 8758
f 8761 8762 8760
f 8763 8764 8762
f 8766 8751 8749
f 8765 8749 8747
f 8767 8747 8745
f 8768 8745 8744
f 8744 8770 8771
f 8770 8741 8772
f 8741 8739 8773
f 8739 8737 8774
f 8737 8735 8775
f 8735 8734 8776
f 8776 8734 8777
f 2904 8778 8779
f 8780 8778 2904
f 8781 8780 2902
f 2875 8782 8781
f 8783 8784 2733
f 2825 8785 8786
f 8788 8789 8790
f 8792 8788 8787
f 2724 2723 8785
f 8787 8790 3115
f 8791 8787 3117
f 8794 8766 8765
f 8793 8765 8767
f 8795 8767 8768
f 8796 8768 8769
f 8797 8769 8771
f 8771 8772 8799
f 8772 8773 8800
f 8773 8774 8801
f 8774 8775 8802
f 8775 8776 8803
f 8776 3184 3056
f 8802 8803 2253
f 8801 8802 2252
f 8800 8801 1727
f 8799 8800 2150
f 8804 8798 8799
f 8805 8797 8798
f 8806 8796 8797
f 8807 8795 8796
f 8793 8795 8807
f 8794 8793 8808
f 8810 8811 8809
f 8808 8807 8806
f 8810 8806 8805
f 8813 8811 8810
f 8812 8805 8804
f 8815 8813 8812
f 8814 8804 1941
f 8755 8750 8752
f 8758 8748 8750
f 8760 8746 8748
f 8762 8743 8746
f 8816 8817 8764
f 8818 8819 8820
f 8816 8763 8782
f 8821 8818 8817
f 8789 8821 8783
f 8818 8821 8789
f 8819 8818 8788
f 8822 8820 8819
f 8823 8819 8792
f 8824 8792 8791
f 2712 8791 3119
f 8826 8822 8823
f 8825 8823 8824
f 8827 8824 2712
f 8828 8827 2711
f 8829 8825 8827
f 8830 8826 8825
f 8743 8762 8764
f 8817 8820 8831
f 8770 8744 8743
f 8741 8770 8831
f 8820 8822 8742
f 8740 8742 8822
f 8738 8740 8826
f 8736 8738 8830
f 8833 8828 2400
f 8834 8829 8828
f 8832 8830 8829
f 8835 8833 2402
f 3058 8835 2707
f 3061 8836 8835
f 8836 8834 8833
f 8733 8736 8832
f 8837 8832 8834
f 8777 8734 8733
f 8838 8733 8837
f 8837 8836 3061
f 1961 3057 8838
f 3057 3184 8777
f 8779 8754 8753
f 8778 8757 8754
f 8780 8759 8757
f 8781 8761 8759
f 8782 8763 8761
f 8821 8816 8784
f 8785 8790 8789
f 2723 3115 8790
f 2875 2733 8784
f 2736 2824 8786
f 2947 8779 8839
f 8815 8814 1360
f 1900 1925 1924
f 1736 1717 1718
f 1955 1952 1943
f 1671 1738 1735
f 1696 1750 1698
f 1800 1865 1864
f 2063 2055 2056
f 1737 1734 1717
f 1751 1735 1697
f 943 9337 9351
f 9108 8839 8753
f 1577 1578 1764
f 9369 1598 1599
f 1945 146 82
f 68 6 7
f 147 1542 1543
f 1109 1135 1133
f 1503 1910 1907
f 1499 1501 1909
f 452 1922 735
f 1824 2068 9287
f 1825 2067 2068
f 1463 1462 1022
f 841 1012 1009
f 1568 1547 1955
f 1910 1503 1502
f 1939 1502 422
f 309 280 1940
f 1804 1851 1866
f 269 1482 1954
f 2065 1607 2060
f 9264 1685 1758
f 280 276 552
f 1875 1873 1869
f 1739 1721 1734
f 5923 5897 5899
f 1778 1779 1790
f 310 1920 1915
f 1909 1908 1906
f 1789 1783 1778
f 978 981 980
f 1584 1759 1731
f 425 426 311
f 148 1543 115
f 2044 9349 9346
f 277 1910 1939
f 1943 1946 1945
f 1461 1462 1463
f 2253 8803 3056
f 2981 2254 8927
f 2209 2998 8927
f 2254 2253 3055
f 2998 926 958
f 2826 2817 2721
f 8928 2739 2721
f 2816 8929 8928
f 2334 2297 2296
f 2298 2297 2334
f 2301 2298 2336
f 2311 2301 2338
f 2312 2311 2354
f 2359 2358 2361
f 2335 2296 2359
f 2414 2413 2365
f 2413 2270 2361
f 2355 2352 2540
f 2541 2540 2539
f 2722 2721 2739
f 3114 2722 2738
f 3110 3112 3121
f 3108 3110 3120
f 3122 1754 3127
f 3112 3122 3126
f 3127 1754 1753
f 3139 3133 2529
f 9196 9227 3133
f 8928 2789 2740
f 8929 2790 2789
f 228 229 91
f 245 244 243
f 248 7 247
f 2 297 296
f 145 146 300
f 327 213 210
f 329 332 331
f 239 241 240
f 373 376 375
f 178 177 176
f 1218 1225 1228
f 9314 1231 1295
f 808 809 824
f 9310 9311 1013
f 9265 9262 1411
f 2154 2149 2159
f 9297 9287 1758
f 306 807 1922
f 2157 2153 1976
f 708 709 2031
f 1450 1226 1227
f 1672 1604 1605
f 1813 1814 1821
f 1717 1716 1715
f 176 159 402
f 1710 1705 9368
f 1712 1580 1577
f 1705 1713 1711
f 3435 3476 3475
f 971 978 979
f 822 823 1094
f 2909 2810 2793
f 2810 2769 2795
f 2799 2910 2249
f 9114 9095 2910
f 2769 2768 2801
f 3177 3176 3178
f 3178 8732 3180
f 3181 1394 1393
f 3181 1633 1632
f 3182 1632 2244
f 3183 2244 2243
f 8932 2791 2790
f 2808 8932 8929
f 2239 9018 9016
f 1149 1150 9015
f 1150 2009 9011
f 2202 9013 9010
f 2921 9008 9009
f 9012 9004 2133
f 1777 1579 1759
f 1201 1196 1183
f 9005 8998 2195
f 8997 9020 2770
f 9379 9377 1687
f 1516 152 154
f 8993 9006 2974
f 8994 8992 2779
f 2771 2772 9019
f 3070 2771 8990
f 8991 8988 2775
f 1376 1375 1370
f 2767 8987 9000
f 2195 8998 8987
f 2775 8988 8986
f 8344 5617 8989
f 9256 9254 8983
f 2776 8986 8982
f 2240 9016 8979
f 2920 8979 9121
f 8992 8978 2786
f 1805 1850 1851
f 8978 8976 2787
f 2951 2773 8984
f 2772 2951 8975
f 2973 2224 8974
f 2224 2223 8981
f 1957 1953 320
f 306 305 304
f 2770 9020 8972
f 2913 8972 9018
f 2923 9009 8971
f 308 1940 431
f 207 208 132
f 1879 1876 1881
f 9185 9239 8969
f 2475 3070 9002
f 2476 2475 8968
f 2223 2476 8967
f 8966 8993 2803
f 2037 9007 11
f 1959 1958 450
f 2003 8999 8964
f 9 10 334
f 2009 2008 8962
f 2008 2973 8980
f 9329 672 673
f 8959 8994 2778
f 2935 8958 8957
f 111 1149 9014
f 3238 3342 3341
f 8954 8958 2935
f 683 9328 9337
f 8952 9001 2810
f 736 733 732
f 1795 1804 1803
f 8949 8954 2938
f 8951 8949 2939
f 2950 8956 8948
f 2940 2949 8948
f 9253 9243 8956
f 2868 8953 8946
f 2869 8946 8966
f 1024 1034 1023
f 8944 8947 2948
f 551 1939 442
f 2972 8943 9012
f 2032 8977 8943
f 216 93 1924
f 3532 3534 3482
f 203 202 201
f 3539 3542 3541
f 1828 1848 1847
f 1958 1957 449
f 272 271 178
f 2871 8989 8939
f 9071 9121 9008
f 2801 2768 9095
f 2005 9210 9106
f 960 886 899
f 9109 9107 9064
f 9232 9240 9098
f 3151 9098 9045
f 2193 9056 9075
f 9059 9055 3145
f 9055 9101 2761
f 9044 9059 3144
f 2926 9110 9086
f 9086 9044 3104
f 9207 9206 9198
f 566 567 9210
f 8839 9108 1864
f 1602 1586 2079
f 2868 9110 9063
f 2922 9063 9062
f 2923 9062 9070
f 9122 9065 2918
f 9071 9122 9066
f 2921 9070 9122
f 2920 9066 9038
f 9065 9094 2915
f 2917 2766 9074
f 2916 2917 9093
f 2239 9039 9104
f 2911 9092 9104
f 9095 9092 2911
f 2797 2801 9114
f 2797 9043 9050
f 9074 9080 2763
f 9060 9080 2764
f 2194 9075 9100
f 2221 9100 9101
f 2756 9060 9061
f 2750 9050 9061
f 9121 8979 1817
f 9215 9222 1691
f 2515 9073 9042
f 2548 9042 9045
f 2513 2489 9084
f 2513 9068 9073
f 2509 9085 9072
f 2510 9084 9085
f 2289 9072 9091
f 2283 9091 9069
f 2240 9038 9039
f 9111 9109 9076
f 716 2121 9339
f 727 1999 9213
f 2165 2171 2170
f 9112 9111 9078
f 9195 9033 9030
f 2175 2172 769
f 2100 500 2095
f 9210 567 9209
f 640 9004 9012
f 1653 9020 8997
f 1895 8980 8974
f 746 8974 8981
f 1653 1810 8972
f 9214 1603 1604
f 2093 2075 2073
f 959 996 995
f 962 899 919
f 1400 1401 1398
f 1000 817 1127
f 956 959 884
f 1662 8992 8994
f 2034 9002 8990
f 9378 1689 8983
f 8979 9016 766
f 9016 9018 765
f 334 9014 9015
f 1868 8975 8984
f 1684 1651 1652
f 1682 1683 775
f 1585 1603 9214
f 9215 9214 1672
f 2173 2174 490
f 1658 8988 8991
f 9000 8987 1650
f 1571 9206 2010
f 1587 9116 9123
f 2099 2095 2077
f 787 9213 1999
f 2000 9146 786
f 3155 339 9149
f 9165 3155 9135
f 2180 2179 9137
f 8940 2180 9136
f 1684 9298 9292
f 1760 464 8939
f 2607 9141 9145
f 2581 9128 9141
f 2371 2502 9152
f 2371 9147 9145
f 2587 9128 9127
f 2586 9127 9149
f 2497 9143 9139
f 2502 2503 9139
f 2494 9143 9142
f 9142 9140 2472
f 9140 9153 2468
f 9153 9155 2469
f 726 9360 9344
f 581 9011 8962
f 10 8955 9014
f 1837 8958 8954
f 741 8981 8967
f 1299 8968 9002
f 1851 8951 8948
f 8971 9009 1820
f 580 8962 8980
f 1758 1685 8966
f 1693 9001 8952
f 8948 8956 1867
f 1894 1826 9012
f 2126 1418 9265
f 9358 2126 9293
f 2113 9363 9319
f 2179 9165 9241
f 624 9355 9356
f 2192 9056 9240
f 2177 8985 9239
f 1364 9276 9285
f 9310 9307 1470
f 3135 1753 9227
f 2069 9264 9287
f 1351 9313 9305
f 2108 9334 9353
f 2089 2092 9188
f 9280 9286 1358
f 2001 9201 9235
f 2187 9235 9171
f 2130 9208 9204
f 2004 9204 9201
f 2014 9176 9231
f 2201 9231 9208
f 3167 9172 9211
f 3168 9176 9172
f 3159 9161 9216
f 3160 9216 9217
f 9182 9159 3158
f 3158 9159 9161
f 2200 3069 9182
f 9137 9241 9194
f 9174 9226 2197
f 9242 9188 2092
f 9226 9242 9173
f 3154 9158 9242
f 3155 9165 9158
f 2091 9171 9173
f 2196 3148 9202
f 2193 2196 9228
f 9056 2193 9233
f 2086 2192 9232
f 2087 2086 9230
f 2204 9194 9203
f 2205 9203 9202
f 9361 9338 574
f 2124 2087 9229
f 2208 2124 9212
f 9163 9237 3140
f 9237 9197 3138
f 9197 9196 3139
f 9223 9164 3136
f 9164 9163 3137
f 9227 9219 3131
f 9219 9234 3132
f 1813 9291 9290
f 1293 9306 9308
f 2184 2321 9200
f 2181 2184 9184
f 9217 9220 3079
f 9220 9186 3080
f 709 9325 9327
f 2774 2961 9189
f 9238 9221 2134
f 9261 9260 766
f 2968 9236 9218
f 2969 9211 9236
f 2958 9199 9189
f 2132 9199 9218
f 2321 2185 9223
f 9312 9300 1449
f 9357 9326 582
f 9338 9341 577
f 9299 9278 1818
f 705 9354 9339
f 9268 9364 9359
f 2111 9335 9363
f 9262 9281 1366
f 1812 9291 9274
f 675 9303 9304
f 8940 9157 9303
f 2110 9319 9320
f 2104 9348 9353
f 2109 9320 9351
f 9294 9283 703
f 1680 9263 9298
f 1639 1627 9271
f 623 9356 9358
f 2139 2140 9318
f 1808 1640 9296
f 9272 9273 1819
f 9324 9366 9352
f 1646 9284 9282
f 9341 9342 633
f 2139 9317 9327
f 2156 2155 9323
f 674 9304 9365
f 2117 9269 9264
f 1815 9274 9299
f 9307 9301 1444
f 697 9358 9364
f 866 842 9288
f 9316 9321 2136
f 9037 9183 9178
f 9035 9192 9183
f 9205 9198 9190
f 9192 9035 9033
f 1088 9190 9198
f 9191 9192 9195
f 2791 8932 8933
f 8932 2808 2807
f 2792 8933 8934
f 8933 2807 2806
f 8952 2909 8934
f 8960 8934 2806
f 2948 8947 9243
f 2105 9360 9348
f 8982 9254 9256
f 680 9330 9328
f 1891 1890 9362
f 2905 9251 9253
f 2900 9249 9251
f 2901 9249 9259
f 2734 2878 9258
f 2877 9259 9258
f 2820 9252 9246
f 2818 9248 9244
f 2823 9245 9244
f 2822 9245 9250
f 2819 2735 9252
f 2817 9248 9247
f 2809 9257 9247
f 2808 9257 9255
f 2805 9256 9255
f 1702 9373 9375
f 9374 9372 1797
f 9367 9368 1706
f 9370 9379 1692
f 1657 9350 9332
f 1890 1877 9347
f 9224 9222 1674
f 1689 1690 9224
f 9378 9254 8982
f 8960 8983 1689
f 9369 9375 1703
f 1598 9369 9380
f 9332 9336 1876
f 1691 1690 9377
f 9377 9378 1688
f 9386 9385 9389
f 9386 9390 9391
f 9384 9388 9389
f 9390 9394 9395
f 9389 9388 9392
f 9389 9393 9394
f 9394 9398 9399
f 9393 9392 9396
f 9394 9393 9397
f 9399 9398 9402
f 9396 9400 9401
f 9397 9401 9402
f 9402 9406 9407
f 9401 9400 9404
f 9402 9401 9405
f 9407 9406 9410
f 9405 9404 9408
f 9405 9409 9410
f 9411 9410 9414
f 9409 9408 9412
f 9410 9409 9413
f 9414 9418 9419
f 9412 9416 9417
f 9413 9417 9418
f 9418 9422 9423
f 9417 9416 9420
f 9418 9417 9421
f 9422 9426 9427
f 9420 9424 9425
f 9421 9425 9426
f 9426 9430 9431
f 9425 9424 9428
f 9426 9425 9429
f 9431 9430 9434
f 9428 9432 9433
f 9429 9433 9434
f 9434 9438 9439
f 9433 9432 9436
f 9434 9433 9437
f 9439 9438 9442
f 9436 9440 9441
f 9437 9441 9442
f 9443 9442 9446
f 9441 9440 9444
f 9442 9441 9445
f 9447 9446 9450
f 9444 9448 9449
f 9445 9449 9450
f 9450 9454 9455
f 9449 9448 9452
f 9450 9449 9453
f 9454 9458 9459
f 9452 9456 9457
f 9453 9457 9458
f 9458 9462 9463
f 9457 9456 9460
f 9458 9457 9461
f 9463 9462 9466
f 9460 9464 9465
f 9461 9465 9466
f 9466 9470 9471
f 9465 9464 9468
f 9466 9465 9469
f 9471 9470 9474
f 9468 9472 9473
f 9469 9473 9474
f 9475 9474 9478
f 9473 9472 9476
f 9474 9473 9477
f 9479 9478 9482
f 9476 9480 9481
f 9477 9481 9482
f 9483 9482 9486
f 9481 9480 9484
f 9482 9481 9485
f 9486 9490 9491
f 9484 9488 9489
f 9485 9489 9490
f 9490 9494 9495
f 9489 9488 9492
f 9490 9489 9493
f 9495 9494 9498
f 9492 9496 9497
f 9493 9497 9498
f 9498 9502 9503
f 9497 9496 9500
f 9498 9497 9501
f 9503 9502 9507
f 9500 9505 9506
f 9501 9506 9507
f 9508 9507 9511
f 9505 9509 9510
f 9507 9506 9510
f 9512 9511 9386
f 9510 9509 9384
f 9510 9385 9386
f 9521 9520 9533
f 9518 9531 9532
f 9517 9516 9529
f 9515 9514 9527
f 9523 9536 9537
f 9521 9534 9535
f 9519 9532 9533
f 9518 9517 9530
f 9515 9528 9529
f 9513 9526 9527
f 9524 9537 9538
f 9523 9522 9535
f 9528 9541 9542
f 9526 9539 9540
f 9538 9537 9550
f 9535 9548 9549
f 9534 9533 9546
f 9531 9544 9545
f 9530 9529 9542
f 9528 9527 9540
f 9537 9536 9549
f 9534 9547 9548
f 9532 9545 9546
f 9531 9530 9543
f 9541 9554 9555
f 9540 9539 9552
f 9550 9563 9564
f 9548 9561 9562
f 9547 9546 9559
f 9544 9557 9558
f 9542 9555 9556
f 9541 9540 9553
f 9549 9562 9563
f 9547 9560 9561
f 9546 9545 9558
f 9544 9543 9556
f 9555 9554 9567
f 9552 9565 9566
f 9564 9563 9576
f 9562 9561 9574
f 9559 9572 9573
f 9557 9570 9571
f 9555 9568 9569
f 9553 9566 9567
f 9562 9575 9576
f 9561 9560 9573
f 9559 9558 9571
f 9557 9556 9569
f 9567 9580 9581
f 9566 9565 9578
f 9576 9589 9590
f 9575 9574 9587
f 9572 9585 9586
f 9571 9570 9583
f 9569 9568 9581
f 9566 9579 9580
f 9576 9575 9588
f 9574 9573 9586
f 9571 9584 9585
f 9569 9582 9583
f 9581 9580 9593
f 9578 9591 9592
f 9590 9589 9602
f 9588 9587 9600
f 9585 9598 9599
f 9583 9596 9597
f 9582 9581 9594
f 9579 9592 9593
f 9589 9588 9601
f 9587 9586 9599
f 9584 9597 9598
f 9583 9582 9595
f 9594 9593 9606
f 9592 9591 9604
f 9602 9615 9616
f 9601 9600 9613
f 9598 9611 9612
f 9596 9609 9610
f 9594 9607 9608
f 9592 9605 9606
f 9601 9614 9615
f 9600 9599 9612
f 9598 9597 9610
f 9596 9595 9608
f 9607 9606 9619
f 9605 9604 9617
f 9615 9628 9629
f 9613 9626 9627
f 9611 9624 9625
f 9610 9609 9622
f 9607 9620 9621
f 9605 9618 9619
f 9615 9614 9627
f 9613 9612 9625
f 9611 9610 9623
f 9608 9621 9622
f 9619 9632 9633
f 9617 9630 9631
f 9628 9641 9642
f 9627 9626 9639
f 9625 9624 9637
f 9622 9635 9636
f 9621 9620 9633
f 9619 9618 9631
f 9627 9640 9641
f 9625 9638 9639
f 9623 9636 9637
f 9622 9621 9634
f 9632 9645 9646
f 9630 9643 9644
f 9642 9641 9654
f 9639 9652 9653
f 9638 9637 9650
f 9635 9648 9649
f 9634 9633 9646
f 9632 9631 9644
f 9641 9640 9653
f 9638 9651 9652
f 9636 9649 9650
f 9635 9634 9647
f 9645 9658 9659
f 9644 9643 9656
f 9654 9667 9668
f 9652 9665 9666
f 9651 9650 9663
f 9648 9661 9662
f 9646 9659 9660
f 9645 9644 9657
f 9653 9666 9667
f 9651 9664 9665
f 9650 9649 9662
f 9648 9647 9660
f 9659 9658 9671
f 9656 9669 9670
f 9668 9667 9680
f 9665 9678 9679
f 9663 9676 9677
f 9661 9674 9675
f 9659 9672 9673
f 9657 9670 9671
f 9666 9679 9680
f 9665 9664 9677
f 9663 9662 9675
f 9661 9660 9673
f 9671 9684 9685
f 9670 9669 9682
f 9680 9693 9694
f 9678 9691 9692
f 9677 9676 9689
f 9675 9674 9687
f 9673 9672 9685
f 9670 9683 9684
f 9680 9679 9692
f 9678 9677 9690
f 9675 9688 9689
f 9673 9686 9687
f 9685 9684 9697
f 9682 9695 9696
f 9694 9693 9706
f 9692 9691 9704
f 9689 9702 9703
f 9687 9700 9701
f 9686 9685 9698
f 9683 9696 9697
f 9693 9692 9705
f 9691 9690 9703
f 9688 9701 9702
f 9687 9686 9699
f 9698 9697 9710
f 9696 9695 9708
f 9706 9719 9720
f 9705 9704 9717
f 9702 9715 9716
f 9700 9713 9714
f 9698 9711 9712
f 9696 9709 9710
f 9705 9718 9719
f 9704 9703 9716
f 9702 9701 9714
f 9700 9699 9712
f 9711 9710 9723
f 9709 9708 9721
f 9719 9732 9733
f 9717 9730 9731
f 9715 9728 9729
f 9714 9713 9726
f 9711 9724 9725
f 9709 9722 9723
f 9718 9731 9732
f 9717 9716 9729
f 9715 9714 9727
f 9712 9725 9726
f 9723 9736 9737
f 9721 9734 9735
f 9733 9732 9745
f 9731 9730 9743
f 9729 9728 9741
f 9726 9739 9740
f 9725 9724 9737
f 9723 9722 9735
f 9732 9731 9744
f 9729 9742 9743
f 9727 9740 9741
f 9726 9725 9738
f 9736 9749 9750
f 9734 9747 9748
f 9746 9745 9758
f 9743 9756 9757
f 9742 9741 9754
f 9739 9752 9753
f 9738 9737 9750
f 9736 9735 9748
f 9745 9744 9757
f 9742 9755 9756
f 9740 9753 9754
f 9739 9738 9751
f 9749 9762 9763
f 9748 9747 9760
f 9758 9771 9772
f 9756 9769 9770
f 9755 9754 9767
f 9752 9765 9766
f 9750 9763 9764
f 9749 9748 9761
f 9757 9770 9771
f 9756 9755 9768
f 9754 9753 9766
f 9752 9751 9764
f 9762 9775 9776
f 9760 9773 9774
f 9772 9771 9784
f 9770 9769 9782
f 9768 9767 9780
f 9765 9778 9779
f 9763 9776 9777
f 9762 9761 9774
f 9770 9783 9784
f 9768 9781 9782
f 9767 9766 9779
f 9764 9777 9778
f 9775 9788 9789
f 9774 9773 9786
f 9784 9797 9798
f 9782 9795 9796
f 9781 9780 9793
f 9779 9778 9791
f 9777 9776 9789
f 9774 9787 9788
f 9784 9783 9796
f 9782 9781 9794
f 9779 9792 9793
f 9777 9790 9791
f 9789 9788 9802
f 9786 9800 9801
f 9798 9797 9811
f 9796 9795 9809
f 9793 9807 9808
f 9792 9791 9805
f 9790 9789 9803
f 9787 9801 9802
f 9797 9796 9810
f 9795 9794 9808
f 9792 9806 9807
f 9790 9804 9805
f 9803 9802 9815
f 9801 9800 9813
f 9811 9824 9825
f 9810 9809 9822
f 9807 9820 9821
f 9806 9805 9818
f 9803 9816 9817
f 9801 9814 9815
f 9810 9823 9824
f 9809 9808 9821
f 9807 9806 9819
f 9804 9817 9818
f 9816 9815 9828
f 9814 9813 9826
f 9825 9824 9837
f 9822 9835 9836
f 9820 9833 9834
f 9819 9818 9831
f 9816 9829 9830
f 9814 9827 9828
f 9824 9823 9836
f 9822 9821 9834
f 9820 9819 9832
f 9817 9830 9831
f 9828 9841 9842
f 9826 9839 9840
f 9837 9850 9851
f 9836 9835 9848
f 9834 9833 9846
f 9831 9844 9845
f 9830 9829 9842
f 9828 9827 9840
f 9836 9849 9850
f 9834 9847 9848
f 9832 9845 9846
f 9831 9830 9843
f 9841 9854 9855
f 9839 9852 9853
f 9851 9850 9863
f 9848 9861 9862
f 9847 9846 9859
f 9845 9844 9857
f 9843 9842 9855
f 9841 9840 9853
f 9850 9849 9862
f 9847 9860 9861
f 9845 9858 9859
f 9843 9856 9857
f 9854 9867 9868
f 9853 9852 9865
f 9863 9876 9877
f 9861 9874 9875
f 9860 9859 9872
f 9858 9857 9870
f 9855 9868 9869
f 9854 9853 9866
f 9862 9875 9876
f 9860 9873 9874
f 9859 9858 9871
f 9856 9869 9870
f 9868 9867 9880
f 9865 9878 9879
f 9877 9876 9889
f 9875 9874 9887
f 9873 9872 9885
f 9870 9883 9884
f 9868 9881 9882
f 9867 9866 9879
f 9875 9888 9889
f 9873 9886 9887
f 9872 9871 9884
f 9870 9869 9882
f 9880 9893 9894
f 9878 9891 9892
f 9889 9902 9903
f 9887 9900 9901
f 9886 9885 9898
f 9884 9883 9896
f 9882 9881 9894
f 9879 9892 9893
f 9889 9888 9901
f 9887 9886 9899
f 9884 9897 9898
f 9882 9895 9896
f 9894 9893 9906
f 9891 9904 9905
f 9903 9902 9915
f 9901 9900 9913
f 9898 9911 9912
f 9896 9909 9910
f 9895 9894 9907
f 9892 9905 9906
f 9902 9901 9914
f 9899 9912 9913
f 9897 9910 9911
f 9896 9895 9908
f 9907 9906 9919
f 9905 9904 9917
f 9915 9928 9929
f 9914 9913 9926
f 9911 9924 9925
f 9909 9922 9923
f 9907 9920 9921
f 9905 9918 9919
f 9914 9927 9928
f 9913 9912 9925
f 9911 9910 9923
f 9909 9908 9921
f 9920 9919 9515
f 9918 9917 9513
f 9929 9928 9524
f 9926 9522 9523
f 9924 9520 9521
f 9923 9922 9518
f 9920 9516 9517
f 9918 9514 9515
f 9928 9927 9523
f 9926 9925 9521
f 9924 9923 9519
f 9921 9517 9518
f 9387 9513 9917
f 9917 9904 9508
f 9904 9891 9503
f 9891 9878 9499
f 9499 9878 9865
f 9495 9865 9852
f 9491 9852 9839
f 9839 9826 9483
f 9483 9826 9813
f 9813 9800 9475
f 9800 9786 9471
f 9786 9773 9467
f 9467 9773 9760
f 9463 9760 9747
f 9459 9747 9734
f 9734 9721 9451
f 9451 9721 9708
f 9708 9695 9443
f 9695 9682 9439
f 9682 9669 9435
f 9435 9669 9656
f 9431 9656 9643
f 9427 9643 9630
f 9630 9617 9419
f 9419 9617 9604
f 9604 9591 9411
f 9591 9578 9407
f 9578 9565 9403
f 9403 9565 9552
f 9399 9552 9539
f 9395 9539 9526
f 9526 9513 9387
f 9932 9931 9935
f 9932 9936 9937
f 9931 9930 9934
f 9936 9940 9941
f 9934 9938 9939
f 9935 9939 9940
f 9940 9944 9945
f 9939 9938 9942
f 9940 9939 9943
f 9945 9944 9948
f 9942 9946 9947
f 9943 9947 9948
f 9948 9952 9953
f 9947 9946 9950
f 9948 9947 9951
f 9953 9952 9956
f 9950 9954 9955
f 9951 9955 9956
f 9957 9956 9960
f 9955 9954 9958
f 9956 9955 9959
f 9961 9960 9964
f 9958 9962 9963
f 9959 9963 9964
f 9965 9964 9968
f 9963 9962 9966
f 9964 9963 9967
f 9968 9972 9973
f 9966 9970 9971
f 9967 9971 9972
f 9972 9976 9977
f 9970 9974 9975
f 9972 9971 9975
f 9977 9976 9980
f 9974 9978 9979
f 9975 9979 9980
f 9980 9984 9985
f 9979 9978 9982
f 9980 9979 9983
f 9985 9984 9988
f 9982 9986 9987
f 9983 9987 9988
f 9989 9988 9992
f 9986 9990 9991
f 9988 9987 9991
f 9993 9992 9996
f 9991 9990 9994
f 9991 9995 9996
f 9996 10000 10001
f 9994 9998 9999
f 9996 9995 9999
f 10000 10004 10005
f 9999 9998 10002
f 9999 10003 10004
f 10004 10008 10009
f 10003 10002 10006
f 10004 10003 10007
f 10009 10008 10012
f 10006 10010 10011
f 10007 10011 10012
f 10012 10016 10017
f 10011 10010 10014
f 10012 10011 10015
f 10017 10016 10020
f 10014 10018 10019
f 10015 10019 10020
f 10021 10020 10024
f 10019 10018 10022
f 10020 10019 10023
f 10024 10028 10029
f 10022 10026 10027
f 10023 10027 10028
f 10028 10032 10033
f 10027 10026 10030
f 10028 10027 10031
f 10032 10036 10037
f 10030 10034 10035
f 10031 10035 10036
f 10036 10040 10041
f 10035 10034 10038
f 10036 10035 10039
f 10041 10040 10044
f 10038 10042 10043
f 10039 10043 10044
f 10044 10048 10049
f 10043 10042 10046
f 10044 10043 10047
f 10049 10048 10053
f 10046 10051 10052
f 10047 10052 10053
f 10054 10053 10057
f 10052 10051 10055
f 10053 10052 10056
f 10058 10057 9932
f 10055 9930 9931
f 10056 9931 9932
f 10067 10066 10079
f 10064 10077 10078
f 10063 10062 10075
f 10061 10060 10073
f 10070 10069 10082
f 10067 10080 10081
f 10065 10078 10079
f 10064 10063 10076
f 10061 10074 10075
f 10059 10072 10073
f 10071 10070 10083
f 10069 10068 10081
f 10074 10087 10088
f 10072 10085 10086
f 10084 10083 10096
f 10081 10094 10095
f 10080 10079 10092
f 10078 10077 10090
f 10076 10075 10088
f 10074 10073 10086
f 10083 10082 10095
f 10080 10093 10094
f 10078 10091 10092
f 10076 10089 10090
f 10087 10100 10101
f 10086 10085 10098
f 10096 10109 10110
f 10094 10107 10108
f 10093 10092 10105
f 10091 10090 10103
f 10088 10101 10102
f 10087 10086 10099
f 10095 10108 10109
f 10094 10093 10106
f 10092 10091 10104
f 10089 10102 10103
f 10100 10113 10114
f 10098 10111 10112
f 10110 10109 10122
f 10108 10107 10120
f 10105 10118 10119
f 10103 10116 10117
f 10101 10114 10115
f 10100 10099 10112
f 10108 10121 10122
f 10106 10119 10120
f 10105 10104 10117
f 10103 10102 10115
f 10113 10126 10127
f 10112 10111 10124
f 10122 10135 10136
f 10120 10133 10134
f 10119 10118 10131
f 10117 10116 10129
f 10115 10114 10127
f 10113 10112 10125
f 10122 10121 10134
f 10119 10132 10133
f 10117 10130 10131
f 10115 10128 10129
f 10127 10126 10139
f 10124 10137 10138
f 10136 10135 10148
f 10134 10133 10146
f 10131 10144 10145
f 10130 10129 10142
f 10128 10127 10140
f 10125 10138 10139
f 10135 10134 10147
f 10133 10132 10145
f 10130 10143 10144
f 10128 10141 10142
f 10140 10139 10152
f 10138 10137 10150
f 10148 10161 10162
f 10147 10146 10159
f 10144 10157 10158
f 10143 10142 10155
f 10140 10153 10154
f 10138 10151 10152
f 10147 10160 10161
f 10146 10145 10158
f 10144 10143 10156
f 10141 10154 10155
f 10153 10152 10165
f 10151 10150 10163
f 10162 10161 10174
f 10159 10172 10173
f 10157 10170 10171
f 10156 10155 10168
f 10153 10166 10167
f 10151 10164 10165
f 10161 10160 10173
f 10159 10158 10171
f 10157 10156 10169
f 10154 10167 10168
f 10165 10178 10179
f 10163 10176 10177
f 10175 10174 10187
f 10173 10172 10185
f 10171 10170 10183
f 10168 10181 10182
f 10167 10166 10179
f 10165 10164 10177
f 10173 10186 10187
f 10171 10184 10185
f 10169 10182 10183
f 10168 10167 10180
f 10178 10191 10192
f 10176 10189 10190
f 10188 10187 10200
f 10185 10198 10199
f 10184 10183 10196
f 10182 10181 10194
f 10180 10179 10192
f 10178 10177 10190
f 10187 10186 10199
f 10184 10197 10198
f 10182 10195 10196
f 10180 10193 10194
f 10191 10204 10205
f 10190 10189 10202
f 10200 10213 10214
f 10198 10211 10212
f 10197 10196 10209
f 10195 10194 10207
f 10192 10205 10206
f 10191 10190 10203
f 10199 10212 10213
f 10197 10210 10211
f 10196 10195 10208
f 10193 10206 10207
f 10205 10204 10217
f 10202 10215 10216
f 10214 10213 10226
f 10211 10224 10225
f 10210 10209 10222
f 10207 10220 10221
f 10205 10218 10219
f 10204 10203 10216
f 10212 10225 10226
f 10210 10223 10224
f 10209 10208 10221
f 10207 10206 10219
f 10217 10230 10231
f 10216 10215 10228
f 10226 10239 10240
f 10224 10237 10238
f 10223 10222 10235
f 10221 10220 10233
f 10219 10218 10231
f 10217 10216 10229
f 10226 10225 10238
f 10223 10236 10237
f 10221 10234 10235
f 10219 10232 10233
f 10231 10230 10243
f 10228 10241 10242
f 10240 10239 10252
f 10238 10237 10250
f 10235 10248 10249
f 10234 10233 10246
f 10232 10231 10244
f 10229 10242 10243
f 10239 10238 10251
f 10237 10236 10249
f 10234 10247 10248
f 10232 10245 10246
f 10244 10243 10256
f 10242 10241 10254
f 10252 10265 10266
f 10251 10250 10263
f 10248 10261 10262
f 10247 10246 10259
f 10244 10257 10258
f 10242 10255 10256
f 10251 10264 10265
f 10250 10249 10262
f 10248 10247 10260
f 10245 10258 10259
f 10257 10256 10269
f 10255 10254 10267
f 10266 10265 10278
f 10263 10276 10277
f 10261 10274 10275
f 10260 10259 10272
f 10257 10270 10271
f 10255 10268 10269
f 10265 10264 10277
f 10263 10262 10275
f 10261 10260 10273
f 10258 10271 10272
f 10269 10282 10283
f 10267 10280 10281
f 10278 10291 10292
f 10277 10276 10289
f 10275 10274 10287
f 10272 10285 10286
f 10271 10270 10283
f 10269 10268 10281
f 10277 10290 10291
f 10275 10288 10289
f 10273 10286 10287
f 10272 10271 10284
f 10282 10295 10296
f 10280 10293 10294
f 10292 10291 10304
f 10289 10302 10303
f 10288 10287 10300
f 10286 10285 10298
f 10284 10283 10296
f 10282 10281 10294
f 10291 10290 10303
f 10288 10301 10302
f 10286 10299 10300
f 10284 10297 10298
f 10295 10308 10309
f 10294 10293 10306
f 10304 10317 10318
f 10302 10315 10316
f 10301 10300 10313
f 10299 10298 10311
f 10296 10309 10310
f 10295 10294 10307
f 10303 10316 10317
f 10301 10314 10315
f 10300 10299 10312
f 10297 10310 10311
f 10309 10308 10321
f 10307 10306 10319
f 10318 10317 10330
f 10316 10315 10328
f 10314 10313 10326
f 10311 10324 10325
f 10309 10322 10323
f 10308 10307 10320
f 10316 10329 10330
f 10314 10327 10328
f 10313 10312 10325
f 10311 10310 10323
f 10321 10334 10335
f 10320 10319 10332
f 10330 10343 10344
f 10329 10328 10341
f 10326 10339 10340
f 10325 10324 10337
f 10323 10322 10335
f 10320 10333 10334
f 10330 10329 10342
f 10328 10327 10340
f 10325 10338 10339
f 10323 10336 10337
f 10335 10334 10348
f 10332 10346 10347
f 10344 10343 10357
f 10342 10341 10355
f 10339 10353 10354
f 10337 10351 10352
f 10336 10335 10349
f 10333 10347 10348
f 10343 10342 10356
f 10341 10340 10354
f 10338 10352 10353
f 10337 10336 10350
f 10349 10348 10361
f 10347 10346 10359
f 10357 10370 10371
f 10356 10355 10368
f 10353 10366 10367
f 10351 10364 10365
f 10349 10362 10363
f 10347 10360 10361
f 10356 10369 10370
f 10355 10354 10367
f 10353 10352 10365
f 10351 10350 10363
f 10362 10361 10374
f 10360 10359 10372
f 10371 10370 10383
f 10368 10381 10382
f 10366 10379 10380
f 10365 10364 10377
f 10362 10375 10376
f 10360 10373 10374
f 10370 10369 10382
f 10368 10367 10380
f 10366 10365 10378
f 10363 10376 10377
f 10374 10387 10388
f 10372 10385 10386
f 10383 10396 10397
f 10382 10381 10394
f 10380 10379 10392
f 10377 10390 10391
f 10376 10375 10388
f 10374 10373 10386
f 10382 10395 10396
f 10380 10393 10394
f 10378 10391 10392
f 10377 10376 10389
f 10387 10400 10401
f 10385 10398 10399
f 10397 10396 10409
f 10394 10407 10408
f 10393 10392 10405
f 10390 10403 10404
f 10389 10388 10401
f 10387 10386 10399
f 10396 10395 10408
f 10393 10406 10407
f 10391 10404 10405
f 10390 10389 10402
f 10400 10413 10414
f 10399 10398 10411
f 10409 10422 10423
f 10407 10420 10421
f 10406 10405 10418
f 10403 10416 10417
f 10401 10414 10415
f 10400 10399 10412
f 10408 10421 10422
f 10406 10419 10420
f 10405 10404 10417
f 10403 10402 10415
f 10414 10413 10426
f 10411 10424 10425
f 10423 10422 10435
f 10420 10433 10434
f 10418 10431 10432
f 10416 10429 10430
f 10414 10427 10428
f 10412 10425 10426
f 10421 10434 10435
f 10419 10432 10433
f 10418 10417 10430
f 10416 10415 10428
f 10427 10426 10439
f 10425 10424 10437
f 10435 10448 10449
f 10433 10446 10447
f 10431 10444 10445
f 10430 10429 10442
f 10428 10427 10440
f 10425 10438 10439
f 10435 10434 10447
f 10433 10432 10445
f 10430 10443 10444
f 10428 10441 10442
f 10440 10439 10452
f 10437 10450 10451
f 10449 10448 10461
f 10447 10446 10459
f 10444 10457 10458
f 10443 10442 10455
f 10441 10440 10453
f 10438 10451 10452
f 10448 10447 10460
f 10446 10445 10458
f 10443 10456 10457
f 10441 10454 10455
f 10453 10452 10465
f 10451 10450 10463
f 10461 10474 10475
f 10460 10459 10472
f 10457 10470 10471
f 10456 10455 10468
f 10453 10466 10467
f 10451 10464 10465
f 10460 10473 10474
f 10459 10458 10471
f 10457 10456 10469
f 10454 10467 10468
f 10466 10465 10061
f 10464 10463 10059
f 10474 10070 10071
f 10472 10068 10069
f 10470 10066 10067
f 10469 10468 10064
f 10466 10062 10063
f 10464 10060 10061
f 10473 10069 10070
f 10472 10471 10067
f 10470 10469 10065
f 10467 10063 10064
f 9933 10059 10463
f 10463 10450 10054
f 10450 10437 10049
f 10437 10424 10045
f 10045 10424 10411
f 10041 10411 10398
f 10037 10398 10385
f 10385 10372 10029
f 10029 10372 10359
f 10359 10346 10021
f 10346 10332 10017
f 10332 10319 10013
f 10013 10319 10306
f 10009 10306 10293
f 10005 10293 10280
f 10280 10267 9997
f 9997 10267 10254
f 10254 10241 9989
f 10241 10228 9985
f 10228 10215 9981
f 9981 10215 10202
f 9977 10202 10189
f 9973 10189 10176
f 10176 10163 9965
f 9965 10163 10150
f 10150 10137 9957
f 10137 10124 9953
f 10124 10111 9949
f 9949 10111 10098
f 9945 10098 10085
f 9941 10085 10072
f 10072 10059 9933

